# Harmonic NMDipoleSurface IR, FWHM=10 cm-1
# frequency_cm-1,intensity_normalized
0.000000000000000000e+00,2.484535602575141432e-04
1.000000000000000000e+00,2.505207350021092043e-04
2.000000000000000000e+00,2.526309605315116410e-04
3.000000000000000000e+00,2.547856309952565277e-04
4.000000000000000000e+00,2.569861997666581400e-04
5.000000000000000000e+00,2.592341825250806127e-04
6.000000000000000000e+00,2.615311605277071891e-04
7.000000000000000000e+00,2.638787840842461490e-04
8.000000000000000000e+00,2.662787762491074196e-04
9.000000000000000000e+00,2.687329367467509566e-04
1.000000000000000000e+01,2.712431461472055621e-04
1.100000000000000000e+01,2.738113703101543376e-04
1.200000000000000000e+01,2.764396651175303476e-04
1.300000000000000000e+01,2.791301815162315083e-04
1.400000000000000000e+01,2.818851708944166757e-04
1.500000000000000000e+01,2.847069908168510586e-04
1.600000000000000000e+01,2.875981111469762459e-04
1.700000000000000000e+01,2.905611205858095111e-04
1.800000000000000000e+01,2.935987336604305880e-04
1.900000000000000000e+01,2.967137981977417791e-04
2.000000000000000000e+01,2.999093033224017597e-04
2.100000000000000000e+01,3.031883880213805680e-04
2.200000000000000000e+01,3.065543503214760985e-04
2.300000000000000000e+01,3.100106571304503639e-04
2.400000000000000000e+01,3.135609547971951916e-04
2.500000000000000000e+01,3.172090804515847302e-04
2.600000000000000000e+01,3.209590741904987977e-04
2.700000000000000000e+01,3.248151921829379660e-04
2.800000000000000000e+01,3.287819207742862394e-04
2.900000000000000000e+01,3.328639916777090539e-04
3.000000000000000000e+01,3.370663983494805865e-04
3.100000000000000000e+01,3.413944136548227614e-04
3.200000000000000000e+01,3.458536089417541958e-04
3.300000000000000000e+01,3.504498746526017207e-04
3.400000000000000000e+01,3.551894426164074509e-04
3.500000000000000000e+01,3.600789101806262929e-04
3.600000000000000000e+01,3.651252663574937308e-04
3.700000000000000000e+01,3.703359201794475153e-04
3.800000000000000000e+01,3.757187314793326003e-04
3.900000000000000000e+01,3.812820443350728710e-04
4.000000000000000000e+01,3.870347234454512447e-04
4.100000000000000000e+01,3.929861937339965724e-04
4.200000000000000000e+01,3.991464835122187239e-04
4.300000000000000000e+01,4.055262715721184375e-04
4.400000000000000000e+01,4.121369386216452643e-04
4.500000000000000000e+01,4.189906235263656832e-04
4.600000000000000000e+01,4.261002848768421711e-04
4.700000000000000000e+01,4.334797684651786587e-04
4.800000000000000000e+01,4.411438813269503989e-04
4.900000000000000000e+01,4.491084730877511946e-04
5.000000000000000000e+01,4.573905254483780691e-04
5.100000000000000000e+01,4.660082507511672406e-04
5.200000000000000000e+01,4.749812006943404576e-04
5.300000000000000000e+01,4.843303864040479655e-04
5.400000000000000000e+01,4.940784112381349166e-04
5.500000000000000000e+01,5.042496178851160272e-04
5.600000000000000000e+01,5.148702515407455440e-04
5.700000000000000000e+01,5.259686411979406931e-04
5.800000000000000000e+01,5.375754013797844327e-04
5.900000000000000000e+01,5.497236569870893059e-04
6.000000000000000000e+01,5.624492943302577793e-04
6.100000000000000000e+01,5.757912418803050412e-04
6.200000000000000000e+01,5.897917848184724629e-04
6.300000000000000000e+01,6.044969181029806243e-04
6.400000000000000000e+01,6.199567435234563028e-04
6.500000000000000000e+01,6.362259171006991220e-04
6.600000000000000000e+01,6.533641542387997117e-04
6.700000000000000000e+01,6.714368012813264194e-04
6.800000000000000000e+01,6.905154836039786382e-04
6.900000000000000000e+01,7.106788421427025389e-04
7.000000000000000000e+01,7.320133723704720218e-04
7.100000000000000000e+01,7.546143822741579891e-04
7.200000000000000000e+01,7.785870889401963176e-04
7.300000000000000000e+01,8.040478770526911147e-04
7.400000000000000000e+01,8.311257470888974144e-04
7.500000000000000000e+01,8.599639864517288337e-04
7.600000000000000000e+01,8.907221034435508587e-04
7.700000000000000000e+01,9.235780721600476712e-04
7.800000000000000000e+01,9.587309464501507592e-04
7.900000000000000000e+01,9.964039135379129403e-04
8.000000000000000000e+01,1.036847873365807655e-03
8.100000000000000000e+01,1.080345649012379996e-03
8.200000000000000000e+01,1.127216957721704571e-03
8.300000000000000000e+01,1.177824302545134620e-03
8.400000000000000000e+01,1.232579983161060299e-03
8.500000000000000000e+01,1.291954473516666738e-03
8.600000000000000000e+01,1.356486476732981714e-03
8.700000000000000000e+01,1.426795048519903606e-03
8.800000000000000000e+01,1.503594284935045418e-03
8.900000000000000000e+01,1.587711206511599384e-03
9.000000000000000000e+01,1.680107649242880722e-03
9.100000000000000000e+01,1.781907208288091311e-03
9.200000000000000000e+01,1.894428592792475347e-03
9.300000000000000000e+01,2.019227168053745573e-03
9.400000000000000000e+01,2.158147023858209695e-03
9.500000000000000000e+01,2.313386670765959878e-03
9.600000000000000000e+01,2.487582508339569991e-03
9.700000000000000000e+01,2.683915643337983405e-03
9.800000000000000000e+01,2.906249623047696407e-03
9.900000000000000000e+01,3.159309421091868308e-03
1.000000000000000000e+02,3.448915903782769857e-03
1.010000000000000000e+02,3.782295492407482165e-03
1.020000000000000000e+02,4.168492498857295954e-03
1.030000000000000000e+02,4.618922589192083275e-03
1.040000000000000000e+02,5.148121267301906598e-03
1.050000000000000000e+02,5.774762657504563072e-03
1.060000000000000000e+02,6.523052534632148985e-03
1.070000000000000000e+02,7.424635331605114637e-03
1.080000000000000000e+02,8.521192194929250174e-03
1.090000000000000000e+02,9.867924787466045636e-03
1.100000000000000000e+02,1.153805409667972050e-02
1.110000000000000000e+02,1.362814493994239304e-02
1.120000000000000000e+02,1.626306921016161880e-02
1.130000000000000000e+02,1.959675679589420114e-02
1.140000000000000000e+02,2.379855798437522513e-02
1.150000000000000000e+02,2.900226200501928794e-02
1.160000000000000000e+02,3.517700036480976566e-02
1.170000000000000000e+02,4.188353580976499763e-02
1.180000000000000000e+02,4.799706963804702131e-02
1.190000000000000000e+02,5.178334750616257059e-02
1.200000000000000000e+02,5.178936737404477714e-02
1.210000000000000000e+02,4.801326503927173805e-02
1.220000000000000000e+02,4.190600799098139623e-02
1.230000000000000000e+02,3.520251432358936783e-02
1.240000000000000000e+02,2.902921170645022392e-02
1.250000000000000000e+02,2.382654773222414590e-02
1.260000000000000000e+02,1.962596762150169497e-02
1.270000000000000000e+02,1.629386204595104082e-02
1.280000000000000000e+02,1.366088394809497099e-02
1.290000000000000000e+02,1.157304836574760652e-02
1.300000000000000000e+02,9.905419818467086149e-03
1.310000000000000000e+02,8.561378214587153299e-03
1.320000000000000000e+02,7.467659115622380349e-03
1.330000000000000000e+02,6.569028176760289758e-03
1.340000000000000000e+02,5.823780165521375007e-03
1.350000000000000000e+02,5.200253061597332437e-03
1.360000000000000000e+02,4.674228301968423246e-03
1.370000000000000000e+02,4.227022488447135587e-03
1.380000000000000000e+02,3.844093415636781318e-03
1.390000000000000000e+02,3.514020606831777613e-03
1.400000000000000000e+02,3.227756339265111692e-03
1.410000000000000000e+02,2.978071826295326970e-03
1.420000000000000000e+02,2.759144625253516763e-03
1.430000000000000000e+02,2.566248788404980330e-03
1.440000000000000000e+02,2.395520259821533153e-03
1.450000000000000000e+02,2.243777788792494614e-03
1.460000000000000000e+02,2.108385121816204640e-03
1.470000000000000000e+02,1.987144128804569157e-03
1.480000000000000000e+02,1.878211293310508984e-03
1.490000000000000000e+02,1.780031985151779008e-03
1.500000000000000000e+02,1.691288368830491315e-03
1.510000000000000000e+02,1.610857844073021157e-03
1.520000000000000000e+02,1.537779678279605844e-03
1.530000000000000000e+02,1.471228053631409632e-03
1.540000000000000000e+02,1.410490169708471806e-03
1.550000000000000000e+02,1.354948355196409528e-03
1.560000000000000000e+02,1.304065377781628331e-03
1.570000000000000000e+02,1.257372319905833468e-03
1.580000000000000000e+02,1.214458524324145156e-03
1.590000000000000000e+02,1.174963218061560568e-03
1.600000000000000000e+02,1.138568504217260568e-03
1.610000000000000000e+02,1.104993473903076798e-03
1.620000000000000000e+02,1.073989239713156246e-03
1.630000000000000000e+02,1.045334730714569558e-03
1.640000000000000000e+02,1.018833119435808270e-03
1.650000000000000000e+02,9.943087755368814132e-04
1.660000000000000000e+02,9.716046601593754514e-04
1.670000000000000000e+02,9.505800904397130333e-04
1.680000000000000000e+02,9.311088161407300202e-04
1.690000000000000000e+02,9.130773604475111256e-04
1.700000000000000000e+02,8.963835851739266215e-04
1.710000000000000000e+02,8.809354473201157438e-04
1.720000000000000000e+02,8.666499194092245782e-04
1.730000000000000000e+02,8.534520505515694275e-04
1.740000000000000000e+02,8.412741489244061552e-04
1.750000000000000000e+02,8.300550694657977046e-04
1.760000000000000000e+02,8.197395931821482504e-04
1.770000000000000000e+02,8.102778866580487207e-04
1.780000000000000000e+02,8.016250322133087721e-04
1.790000000000000000e+02,7.937406207404932136e-04
1.800000000000000000e+02,7.865884006311250204e-04
1.810000000000000000e+02,7.801359774058606172e-04
1.820000000000000000e+02,7.743545597431593678e-04
1.830000000000000000e+02,7.692187485877924552e-04
1.840000000000000000e+02,7.647063669478842756e-04
1.850000000000000000e+02,7.607983288890593542e-04
1.860000000000000000e+02,7.574785471392987257e-04
1.870000000000000000e+02,7.547338796634145376e-04
1.880000000000000000e+02,7.525541165912887119e-04
1.890000000000000000e+02,7.509320100359997540e-04
1.900000000000000000e+02,7.498633506738190029e-04
1.910000000000000000e+02,7.493470965495866104e-04
1.920000000000000000e+02,7.493855615104343766e-04
1.930000000000000000e+02,7.499846730784319460e-04
1.940000000000000000e+02,7.511543126078309767e-04
1.950000000000000000e+02,7.529087544480523664e-04
1.960000000000000000e+02,7.552672258371505255e-04
1.970000000000000000e+02,7.582546157740024072e-04
1.980000000000000000e+02,7.619023696989454591e-04
1.990000000000000000e+02,7.662496181964790218e-04
2.000000000000000000e+02,7.713446031571876945e-04
2.010000000000000000e+02,7.772464853551100438e-04
2.020000000000000000e+02,7.840276452676354056e-04
2.030000000000000000e+02,7.917766271107523277e-04
2.040000000000000000e+02,8.006019286596586810e-04
2.050000000000000000e+02,8.106369124670502642e-04
2.060000000000000000e+02,8.220462161989265963e-04
2.070000000000000000e+02,8.350341833705482528e-04
2.080000000000000000e+02,8.498560384928485192e-04
2.090000000000000000e+02,8.668328174977670691e-04
2.100000000000000000e+02,8.863714694850806418e-04
2.110000000000000000e+02,9.089921133840693458e-04
2.120000000000000000e+02,9.353652123611530360e-04
2.130000000000000000e+02,9.663624535795854731e-04
2.140000000000000000e+02,1.003126344694032016e-03
2.150000000000000000e+02,1.047164653821050853e-03
2.160000000000000000e+02,1.100475785372921492e-03
2.170000000000000000e+02,1.165707034700275407e-03
2.180000000000000000e+02,1.246331644781859893e-03
2.190000000000000000e+02,1.346783744082757917e-03
2.200000000000000000e+02,1.472370274842644058e-03
2.210000000000000000e+02,1.628507424795096843e-03
2.220000000000000000e+02,1.818327833306741760e-03
2.230000000000000000e+02,2.037194560415716421e-03
2.240000000000000000e+02,2.263646121088110259e-03
2.250000000000000000e+02,2.452403900484677410e-03
2.260000000000000000e+02,2.545386735899711570e-03
2.270000000000000000e+02,2.508677627348909756e-03
2.280000000000000000e+02,2.361874552239327102e-03
2.290000000000000000e+02,2.160556630104990428e-03
2.300000000000000000e+02,1.956175621028579791e-03
2.310000000000000000e+02,1.776873922556555666e-03
2.320000000000000000e+02,1.631185556997784541e-03
2.330000000000000000e+02,1.517532252608485167e-03
2.340000000000000000e+02,1.430838737452170108e-03
2.350000000000000000e+02,1.365668557731732980e-03
2.360000000000000000e+02,1.317336775218447276e-03
2.370000000000000000e+02,1.282130877578197643e-03
2.380000000000000000e+02,1.257214026849580706e-03
2.390000000000000000e+02,1.240450730232014976e-03
2.400000000000000000e+02,1.230240558308415407e-03
2.410000000000000000e+02,1.225383170291284357e-03
2.420000000000000000e+02,1.224975602752528554e-03
2.430000000000000000e+02,1.228336300370382224e-03
2.440000000000000000e+02,1.234949575919034844e-03
2.450000000000000000e+02,1.244425128043706889e-03
2.460000000000000000e+02,1.256468489377751598e-03
2.470000000000000000e+02,1.270859372236921676e-03
2.480000000000000000e+02,1.287435728732760519e-03
2.490000000000000000e+02,1.306081967009724851e-03
2.500000000000000000e+02,1.326720213585311095e-03
2.510000000000000000e+02,1.349303829968556169e-03
2.520000000000000000e+02,1.373812616997864338e-03
2.530000000000000000e+02,1.400249300177612913e-03
2.540000000000000000e+02,1.428637003357132243e-03
2.550000000000000000e+02,1.459017500196596985e-03
2.560000000000000000e+02,1.491450092647638326e-03
2.570000000000000000e+02,1.526011009881029232e-03
2.580000000000000000e+02,1.562793254454838314e-03
2.590000000000000000e+02,1.601906848397536848e-03
2.600000000000000000e+02,1.643479452714281417e-03
2.610000000000000000e+02,1.687657351419072837e-03
2.620000000000000000e+02,1.734606806952016574e-03
2.630000000000000000e+02,1.784515808912388651e-03
2.640000000000000000e+02,1.837596253451242783e-03
2.650000000000000000e+02,1.894086607423580305e-03
2.660000000000000000e+02,1.954255130571194276e-03
2.670000000000000000e+02,2.018403751833440767e-03
2.680000000000000000e+02,2.086872723888912387e-03
2.690000000000000000e+02,2.160046215171467117e-03
2.700000000000000000e+02,2.238359043460179561e-03
2.710000000000000000e+02,2.322304813190830940e-03
2.720000000000000000e+02,2.412445794627814978e-03
2.730000000000000000e+02,2.509424983538561475e-03
2.740000000000000000e+02,2.613980914194857525e-03
2.750000000000000000e+02,2.726965979284674650e-03
2.760000000000000000e+02,2.849369255926628881e-03
2.770000000000000000e+02,2.982345173472433861e-03
2.780000000000000000e+02,3.127249823406524736e-03
2.790000000000000000e+02,3.285687357774220649e-03
2.800000000000000000e+02,3.459569826484653731e-03
2.810000000000000000e+02,3.651195073671476346e-03
2.820000000000000000e+02,3.863349099292360221e-03
2.830000000000000000e+02,4.099441794592250179e-03
2.840000000000000000e+02,4.363688422946689939e-03
2.850000000000000000e+02,4.661353874497400733e-03
2.860000000000000000e+02,4.999082606034873505e-03
2.870000000000000000e+02,5.385343561428354228e-03
2.880000000000000000e+02,5.831023276146870410e-03
2.890000000000000000e+02,6.350192745320356810e-03
2.900000000000000000e+02,6.961029909374912700e-03
2.910000000000000000e+02,7.686737729397069563e-03
2.920000000000000000e+02,8.555912360324323049e-03
2.930000000000000000e+02,9.600886626068573168e-03
2.940000000000000000e+02,1.085064999693945674e-02
2.950000000000000000e+02,1.231207679924632183e-02
2.960000000000000000e+02,1.393297280573531187e-02
2.970000000000000000e+02,1.555629593576220160e-02
2.980000000000000000e+02,1.692173748153986274e-02
2.990000000000000000e+02,1.779481338285599651e-02
3.000000000000000000e+02,1.816319780417887525e-02
3.010000000000000000e+02,1.826692952269977702e-02
3.020000000000000000e+02,1.842174643977265505e-02
3.030000000000000000e+02,1.886295991789687515e-02
3.040000000000000000e+02,1.972332923906863419e-02
3.050000000000000000e+02,2.107929558269845335e-02
3.060000000000000000e+02,2.299751452453466585e-02
3.070000000000000000e+02,2.556475990354867625e-02
3.080000000000000000e+02,2.890674575688309197e-02
3.090000000000000000e+02,3.320303271816018448e-02
3.100000000000000000e+02,3.870142859383936956e-02
3.110000000000000000e+02,4.573022351938298147e-02
3.120000000000000000e+02,5.469788272406595625e-02
3.130000000000000000e+02,6.605145268015472082e-02
3.140000000000000000e+02,8.012915088387459472e-02
3.150000000000000000e+02,9.679510553973762199e-02
3.160000000000000000e+02,1.147660597336384591e-01
3.170000000000000000e+02,1.308879298008359116e-01
3.180000000000000000e+02,1.404582614088563663e-01
3.190000000000000000e+02,1.397561688214126741e-01
3.200000000000000000e+02,1.290863328929451881e-01
3.210000000000000000e+02,1.125018444813588592e-01
3.220000000000000000e+02,9.459558193136301252e-02
3.230000000000000000e+02,7.825359091263270339e-02
3.240000000000000000e+02,6.455907647254405246e-02
3.250000000000000000e+02,5.355096032761182817e-02
3.260000000000000000e+02,4.485817176439859527e-02
3.270000000000000000e+02,3.802848323458437457e-02
3.280000000000000000e+02,3.265603327114081911e-02
3.290000000000000000e+02,2.841413179853064658e-02
3.300000000000000000e+02,2.505209567775741955e-02
3.310000000000000000e+02,2.238187591780564992e-02
3.320000000000000000e+02,2.026413834362672875e-02
3.330000000000000000e+02,1.859673766092033789e-02
3.340000000000000000e+02,1.730603518297741533e-02
3.350000000000000000e+02,1.634073819913349837e-02
3.360000000000000000e+02,1.566780639543145087e-02
3.370000000000000000e+02,1.527004951669476245e-02
3.380000000000000000e+02,1.514516943982340165e-02
3.390000000000000000e+02,1.530611587396438558e-02
3.400000000000000000e+02,1.578268213080529295e-02
3.410000000000000000e+02,1.662417604309729749e-02
3.420000000000000000e+02,1.790253471783292624e-02
3.430000000000000000e+02,1.971386458643851342e-02
3.440000000000000000e+02,2.217290448396022629e-02
3.450000000000000000e+02,2.538735508226791157e-02
3.460000000000000000e+02,2.938643963355116670e-02
3.470000000000000000e+02,3.397088670004806688e-02
3.480000000000000000e+02,3.849856705718066041e-02
3.490000000000000000e+02,4.180319915381301016e-02
3.500000000000000000e+02,4.263143621471166683e-02
3.510000000000000000e+02,4.054778223008101423e-02
3.520000000000000000e+02,3.632241336259206532e-02
3.530000000000000000e+02,3.126378307286303143e-02
3.540000000000000000e+02,2.638779722010702045e-02
3.550000000000000000e+02,2.217374053793900665e-02
3.560000000000000000e+02,1.872330691692641880e-02
3.570000000000000000e+02,1.596435676327737779e-02
3.580000000000000000e+02,1.377398425241409437e-02
3.590000000000000000e+02,1.203207914865928388e-02
3.600000000000000000e+02,1.063836067444027915e-02
3.610000000000000000e+02,9.514290245307239699e-03
3.620000000000000000e+02,8.600003888592548662e-03
3.630000000000000000e+02,7.850313778005211726e-03
3.640000000000000000e+02,7.231140461863324979e-03
3.650000000000000000e+02,6.716688762454889328e-03
3.660000000000000000e+02,6.287322212098698550e-03
3.670000000000000000e+02,5.927998518394859452e-03
3.680000000000000000e+02,5.627128223231869092e-03
3.690000000000000000e+02,5.375744060677971337e-03
3.700000000000000000e+02,5.166896246813456640e-03
3.710000000000000000e+02,4.995212202629058240e-03
3.720000000000000000e+02,4.856577015048179659e-03
3.730000000000000000e+02,4.747904081199311871e-03
3.740000000000000000e+02,4.666975012686085111e-03
3.750000000000000000e+02,4.612335050984534696e-03
3.760000000000000000e+02,4.583235807735164084e-03
3.770000000000000000e+02,4.579621742297568764e-03
3.780000000000000000e+02,4.602160884088527318e-03
3.790000000000000000e+02,4.652324109574144245e-03
3.800000000000000000e+02,4.732520492027054992e-03
3.810000000000000000e+02,4.846297289442209194e-03
3.820000000000000000e+02,4.998607244828160746e-03
3.830000000000000000e+02,5.196120334621117526e-03
3.840000000000000000e+02,5.447480674053747050e-03
3.850000000000000000e+02,5.763211985902011794e-03
3.860000000000000000e+02,6.154526164574583569e-03
3.870000000000000000e+02,6.629455387682052503e-03
3.880000000000000000e+02,7.183857750064148902e-03
3.890000000000000000e+02,7.786404941693128232e-03
3.900000000000000000e+02,8.366695805967281144e-03
3.910000000000000000e+02,8.833069900016992174e-03
3.920000000000000000e+02,9.134460245727449301e-03
3.930000000000000000e+02,9.311315002589774445e-03
3.940000000000000000e+02,9.468231931975277030e-03
3.950000000000000000e+02,9.707053659088405589e-03
3.960000000000000000e+02,1.009449865926606224e-02
3.970000000000000000e+02,1.066910207007715217e-02
3.980000000000000000e+02,1.145885427955575103e-02
3.990000000000000000e+02,1.249472663363134298e-02
4.000000000000000000e+02,1.381914265938768635e-02
4.010000000000000000e+02,1.549212507411866155e-02
4.020000000000000000e+02,1.759737213582496587e-02
4.030000000000000000e+02,2.024949170541321883e-02
4.040000000000000000e+02,2.360259283237826217e-02
4.050000000000000000e+02,2.785869051955542144e-02
4.060000000000000000e+02,3.327025924085962039e-02
4.070000000000000000e+02,4.012155845204473659e-02
4.080000000000000000e+02,4.865328522033091074e-02
4.090000000000000000e+02,5.886503686413901287e-02
4.100000000000000000e+02,7.012696203441091958e-02
4.110000000000000000e+02,8.069521299973235473e-02
4.120000000000000000e+02,8.771378837218440916e-02
4.130000000000000000e+02,8.854600415179704476e-02
4.140000000000000000e+02,8.282691256471698404e-02
4.150000000000000000e+02,7.279391099831959699e-02
4.160000000000000000e+02,6.143119172621600010e-02
4.170000000000000000e+02,5.080030523830657285e-02
4.180000000000000000e+02,4.176724526023292000e-02
4.190000000000000000e+02,3.444433716768472570e-02
4.200000000000000000e+02,2.862470925487669779e-02
4.210000000000000000e+02,2.402287000442760237e-02
4.220000000000000000e+02,2.037315418551297400e-02
4.230000000000000000e+02,1.745800175841712501e-02
4.240000000000000000e+02,1.510848257752987062e-02
4.250000000000000000e+02,1.319630101380901005e-02
4.260000000000000000e+02,1.162470444352934305e-02
4.270000000000000000e+02,1.032066437773082775e-02
4.280000000000000000e+02,9.228777061396067558e-03
4.290000000000000000e+02,8.306700101021672125e-03
4.300000000000000000e+02,7.521798641217897902e-03
4.310000000000000000e+02,6.848694900967866941e-03
4.320000000000000000e+02,6.267476660562690607e-03
4.330000000000000000e+02,5.762381941686519141e-03
4.340000000000000000e+02,5.320827219234754678e-03
4.350000000000000000e+02,4.932684106152438082e-03
4.360000000000000000e+02,4.589736674519558773e-03
4.370000000000000000e+02,4.285270957282719985e-03
4.380000000000000000e+02,4.013761884460686352e-03
4.390000000000000000e+02,3.770632597817575715e-03
4.400000000000000000e+02,3.552067955355320359e-03
4.410000000000000000e+02,3.354868926701583525e-03
4.420000000000000000e+02,3.176338082758951940e-03
4.430000000000000000e+02,3.014188908249657017e-03
4.440000000000000000e+02,2.866473499467896320e-03
4.450000000000000000e+02,2.731524550699319844e-03
4.460000000000000000e+02,2.607908520828205578e-03
4.470000000000000000e+02,2.494387604847306174e-03
4.480000000000000000e+02,2.389888682920349346e-03
4.490000000000000000e+02,2.293477831975219983e-03
4.500000000000000000e+02,2.204339297181698992e-03
4.510000000000000000e+02,2.121758058868967491e-03
4.520000000000000000e+02,2.045105313227095056e-03
4.530000000000000000e+02,1.973826326260953289e-03
4.540000000000000000e+02,1.907430230063532784e-03
4.550000000000000000e+02,1.845481416074597897e-03
4.560000000000000000e+02,1.787592247211097904e-03
4.570000000000000000e+02,1.733416863821987675e-03
4.580000000000000000e+02,1.682645900525163310e-03
4.590000000000000000e+02,1.635001964555408277e-03
4.600000000000000000e+02,1.590235753145321672e-03
4.610000000000000000e+02,1.548122709102365884e-03
4.620000000000000000e+02,1.508460131236086981e-03
4.630000000000000000e+02,1.471064670485762189e-03
4.640000000000000000e+02,1.435770154167765851e-03
4.650000000000000000e+02,1.402425690226693404e-03
4.660000000000000000e+02,1.370894011147112635e-03
4.670000000000000000e+02,1.341050023589161972e-03
4.680000000000000000e+02,1.312779535110219185e-03
4.690000000000000000e+02,1.285978133732645088e-03
4.700000000000000000e+02,1.260550199779631245e-03
4.710000000000000000e+02,1.236408032460108424e-03
4.720000000000000000e+02,1.213471076246873653e-03
4.730000000000000000e+02,1.191665234246127008e-03
4.740000000000000000e+02,1.170922257572192763e-03
4.750000000000000000e+02,1.151179201275656519e-03
4.760000000000000000e+02,1.132377938673643537e-03
4.770000000000000000e+02,1.114464727035968661e-03
4.780000000000000000e+02,1.097389818522240268e-03
4.790000000000000000e+02,1.081107111068940274e-03
4.800000000000000000e+02,1.065573834613671141e-03
4.810000000000000000e+02,1.050750268634255500e-03
4.820000000000000000e+02,1.036599487488209549e-03
4.830000000000000000e+02,1.023087130475804421e-03
4.840000000000000000e+02,1.010181193927946587e-03
4.850000000000000000e+02,9.978518429473641569e-04
4.860000000000000000e+02,9.860712407153404951e-04
4.870000000000000000e+02,9.748133935228804527e-04
4.880000000000000000e+02,9.640540098999035926e-04
4.890000000000000000e+02,9.537703724033843320e-04
4.900000000000000000e+02,9.439412207890306205e-04
4.910000000000000000e+02,9.345466454344317784e-04
4.920000000000000000e+02,9.255679900072577831e-04
4.930000000000000000e+02,9.169877624825334590e-04
4.940000000000000000e+02,9.087895537101435073e-04
4.950000000000000000e+02,9.009579628193853905e-04
4.960000000000000000e+02,8.934785288229684470e-04
4.970000000000000000e+02,8.863376678497084321e-04
4.980000000000000000e+02,8.795226154943618438e-04
4.990000000000000000e+02,8.730213738255442795e-04
5.000000000000000000e+02,8.668226626392976563e-04
5.010000000000000000e+02,8.609158745873561700e-04
5.020000000000000000e+02,8.552910338461123217e-04
5.030000000000000000e+02,8.499387580252267416e-04
5.040000000000000000e+02,8.448502230442984885e-04
5.050000000000000000e+02,8.400171307323246826e-04
5.060000000000000000e+02,8.354316789283037451e-04
5.070000000000000000e+02,8.310865338824977586e-04
5.080000000000000000e+02,8.269748047768955834e-04
5.090000000000000000e+02,8.230900202005345589e-04
5.100000000000000000e+02,8.194261064307691977e-04
5.110000000000000000e+02,8.159773673854990410e-04
5.120000000000000000e+02,8.127384661239320110e-04
5.130000000000000000e+02,8.097044077848918574e-04
5.140000000000000000e+02,8.068705238619717102e-04
5.150000000000000000e+02,8.042324577242618072e-04
5.160000000000000000e+02,8.017861512999000960e-04
5.170000000000000000e+02,7.995278328475246329e-04
5.180000000000000000e+02,7.974540057478055098e-04
5.190000000000000000e+02,7.955614382538008390e-04
5.200000000000000000e+02,7.938471541448676371e-04
5.210000000000000000e+02,7.923084242344071836e-04
5.220000000000000000e+02,7.909427586868384959e-04
5.230000000000000000e+02,7.897479001039342441e-04
5.240000000000000000e+02,7.887218173451001702e-04
5.250000000000000000e+02,7.878627000502819167e-04
5.260000000000000000e+02,7.871689538380968135e-04
5.270000000000000000e+02,7.866391961554399827e-04
5.280000000000000000e+02,7.862722527583086100e-04
5.290000000000000000e+02,7.860671548069010162e-04
5.300000000000000000e+02,7.860231365612554196e-04
5.310000000000000000e+02,7.861396336667816334e-04
5.320000000000000000e+02,7.864162820220441325e-04
5.330000000000000000e+02,7.868529172241263978e-04
5.340000000000000000e+02,7.874495745898128654e-04
5.350000000000000000e+02,7.882064897537563843e-04
5.360000000000000000e+02,7.891240998477088656e-04
5.370000000000000000e+02,7.902030452678699204e-04
5.380000000000000000e+02,7.914441720404198676e-04
5.390000000000000000e+02,7.928485347984103862e-04
5.400000000000000000e+02,7.944174003864002027e-04
5.410000000000000000e+02,7.961522521125637391e-04
5.420000000000000000e+02,7.980547946715127027e-04
5.430000000000000000e+02,8.001269597647638282e-04
5.440000000000000000e+02,8.023709124497099224e-04
5.450000000000000000e+02,8.047890582521312905e-04
5.460000000000000000e+02,8.073840510817442695e-04
5.470000000000000000e+02,8.101588019951137159e-04
5.480000000000000000e+02,8.131164888554182893e-04
5.490000000000000000e+02,8.162605669441988033e-04
5.500000000000000000e+02,8.195947805863012040e-04
5.510000000000000000e+02,8.231231758558960748e-04
5.520000000000000000e+02,8.268501144387017466e-04
5.530000000000000000e+02,8.307802887335024233e-04
5.540000000000000000e+02,8.349187382847773117e-04
5.550000000000000000e+02,8.392708676478590835e-04
5.560000000000000000e+02,8.438424657986141192e-04
5.570000000000000000e+02,8.486397272113268457e-04
5.580000000000000000e+02,8.536692747413745499e-04
5.590000000000000000e+02,8.589381844635915995e-04
5.600000000000000000e+02,8.644540126331055679e-04
5.610000000000000000e+02,8.702248249530556909e-04
5.620000000000000000e+02,8.762592283532499382e-04
5.630000000000000000e+02,8.825664055056995413e-04
5.640000000000000000e+02,8.891561523273968943e-04
5.650000000000000000e+02,8.960389187480121732e-04
5.660000000000000000e+02,9.032258530507657809e-04
5.670000000000000000e+02,9.107288501289906128e-04
5.680000000000000000e+02,9.185606040394008690e-04
5.690000000000000000e+02,9.267346652763400064e-04
5.700000000000000000e+02,9.352655032400109805e-04
5.710000000000000000e+02,9.441685744266400471e-04
5.720000000000000000e+02,9.534603969305888160e-04
5.730000000000000000e+02,9.631586319186280845e-04
5.740000000000000000e+02,9.732821728161489879e-04
5.750000000000000000e+02,9.838512430353151764e-04
5.760000000000000000e+02,9.948875031778080854e-04
5.770000000000000000e+02,1.006414168761581062e-03
5.780000000000000000e+02,1.018456139654313119e-03
5.790000000000000000e+02,1.031040142548414256e-03
5.800000000000000000e+02,1.044194887986701339e-03
5.810000000000000000e+02,1.057951243647554506e-03
5.820000000000000000e+02,1.072342425827893780e-03
5.830000000000000000e+02,1.087404211326401622e-03
5.840000000000000000e+02,1.103175172234041775e-03
5.850000000000000000e+02,1.119696936490928094e-03
5.860000000000000000e+02,1.137014477476240831e-03
5.870000000000000000e+02,1.155176436370936076e-03
5.880000000000000000e+02,1.174235481583241853e-03
5.890000000000000000e+02,1.194248710168279836e-03
5.900000000000000000e+02,1.215278096922620945e-03
5.910000000000000000e+02,1.237390997712296131e-03
5.920000000000000000e+02,1.260660714623444006e-03
5.930000000000000000e+02,1.285167131737936785e-03
5.940000000000000000e+02,1.310997431768199479e-03
5.950000000000000000e+02,1.338246905479959859e-03
5.960000000000000000e+02,1.367019867842694109e-03
5.970000000000000000e+02,1.397430697241005670e-03
5.980000000000000000e+02,1.429605016937440408e-03
5.990000000000000000e+02,1.463681041398578239e-03
6.000000000000000000e+02,1.499811114206179652e-03
6.010000000000000000e+02,1.538163469228490858e-03
6.020000000000000000e+02,1.578924252717063418e-03
6.030000000000000000e+02,1.622299851264126036e-03
6.040000000000000000e+02,1.668519579410404456e-03
6.050000000000000000e+02,1.717838791519578573e-03
6.060000000000000000e+02,1.770542495824390392e-03
6.070000000000000000e+02,1.826949564927096660e-03
6.080000000000000000e+02,1.887417657306825463e-03
6.090000000000000000e+02,1.952348989583046167e-03
6.100000000000000000e+02,2.022197130747873349e-03
6.110000000000000000e+02,2.097475029054034039e-03
6.120000000000000000e+02,2.178764532012135869e-03
6.130000000000000000e+02,2.266727723013252632e-03
6.140000000000000000e+02,2.362120478424485030e-03
6.150000000000000000e+02,2.465808751896325472e-03
6.160000000000000000e+02,2.578788225156426750e-03
6.170000000000000000e+02,2.702208136293835373e-03
6.180000000000000000e+02,2.837400320412977739e-03
6.190000000000000000e+02,2.985914791241508614e-03
6.200000000000000000e+02,3.149563580115852680e-03
6.210000000000000000e+02,3.330475064374898916e-03
6.220000000000000000e+02,3.531161707419179768e-03
6.230000000000000000e+02,3.754605063249232075e-03
6.240000000000000000e+02,4.004363161935696989e-03
6.250000000000000000e+02,4.284707120922976939e-03
6.260000000000000000e+02,4.600796208428172170e-03
6.270000000000000000e+02,4.958903889240139605e-03
6.280000000000000000e+02,5.366711997888266514e-03
6.290000000000000000e+02,5.833696667258222827e-03
6.300000000000000000e+02,6.371638790764012211e-03
6.310000000000000000e+02,6.995304742403908246e-03
6.320000000000000000e+02,7.723361378007536499e-03
6.330000000000000000e+02,8.579615027304622610e-03
6.340000000000000000e+02,9.594699618509529987e-03
6.350000000000000000e+02,1.080838614074317028e-02
6.360000000000000000e+02,1.227274317414870676e-02
6.370000000000000000e+02,1.405643468767236309e-02
6.380000000000000000e+02,1.625045560573710329e-02
6.390000000000000000e+02,1.897545828790404496e-02
6.400000000000000000e+02,2.239019770544790899e-02
6.410000000000000000e+02,2.669873711214724998e-02
6.420000000000000000e+02,3.214912838593342315e-02
6.430000000000000000e+02,3.900485488290901526e-02
6.440000000000000000e+02,4.744821184983943202e-02
6.450000000000000000e+02,5.734789403438667749e-02
6.460000000000000000e+02,6.784798685604274959e-02
6.470000000000000000e+02,7.697338052424596011e-02
6.480000000000000000e+02,8.194680892016324714e-02
6.490000000000000000e+02,8.079730544166177642e-02
6.500000000000000000e+02,7.401392005019223619e-02
6.510000000000000000e+02,6.410315568972300981e-02
6.520000000000000000e+02,5.367043128303039534e-02
6.530000000000000000e+02,4.426343547449716059e-02
6.540000000000000000e+02,3.641923688007975973e-02
6.550000000000000000e+02,3.011685445521464222e-02
6.560000000000000000e+02,2.512646456138303147e-02
6.570000000000000000e+02,2.118382243316501573e-02
6.580000000000000000e+02,1.805559634730967769e-02
6.590000000000000000e+02,1.555473779410208694e-02
6.600000000000000000e+02,1.353733484373959538e-02
6.610000000000000000e+02,1.189446891506909694e-02
6.620000000000000000e+02,1.054404348091397652e-02
6.630000000000000000e+02,9.424029728229154496e-03
6.640000000000000000e+02,8.487284359584450211e-03
6.650000000000000000e+02,7.697700600572197037e-03
6.660000000000000000e+02,7.027387270342279335e-03
6.670000000000000000e+02,6.454608498716971066e-03
6.680000000000000000e+02,5.962276091491303977e-03
6.690000000000000000e+02,5.536840816314368002e-03
6.700000000000000000e+02,5.167471608163326860e-03
6.710000000000000000e+02,4.845443315305846162e-03
6.720000000000000000e+02,4.563676348383075877e-03
6.730000000000000000e+02,4.316387741460949584e-03
6.740000000000000000e+02,4.098824547291936640e-03
6.750000000000000000e+02,3.907058560919935211e-03
6.760000000000000000e+02,3.737827093985042395e-03
6.770000000000000000e+02,3.588408608316283159e-03
6.780000000000000000e+02,3.456524950725159070e-03
6.790000000000000000e+02,3.340264051351257788e-03
6.800000000000000000e+02,3.238018492121052302e-03
6.810000000000000000e+02,3.148436485157130298e-03
6.820000000000000000e+02,3.070382639351552142e-03
6.830000000000000000e+02,3.002906518748020299e-03
6.840000000000000000e+02,2.945217467151197473e-03
6.850000000000000000e+02,2.896664531279319766e-03
6.860000000000000000e+02,2.856720590014702986e-03
6.870000000000000000e+02,2.824970011969396393e-03
6.880000000000000000e+02,2.801099334024135211e-03
6.890000000000000000e+02,2.784890592043454561e-03
6.900000000000000000e+02,2.776217051139856333e-03
6.910000000000000000e+02,2.775041184273700692e-03
6.920000000000000000e+02,2.781414841039030802e-03
6.930000000000000000e+02,2.795481638950137425e-03
6.940000000000000000e+02,2.817481702996449833e-03
6.950000000000000000e+02,2.847758981574694502e-03
6.960000000000000000e+02,2.886771484865871193e-03
6.970000000000000000e+02,2.935104933472305541e-03
6.980000000000000000e+02,2.993490481065914661e-03
6.990000000000000000e+02,3.062827398602518784e-03
7.000000000000000000e+02,3.144211897744409248e-03
7.010000000000000000e+02,3.238973652714018710e-03
7.020000000000000000e+02,3.348722087818889470e-03
7.030000000000000000e+02,3.475405181264822584e-03
7.040000000000000000e+02,3.621384463672001897e-03
7.050000000000000000e+02,3.789531160102320786e-03
7.060000000000000000e+02,3.983350177746336832e-03
7.070000000000000000e+02,4.207141079180996140e-03
7.080000000000000000e+02,4.466208593056734955e-03
7.090000000000000000e+02,4.767140016300464023e-03
7.100000000000000000e+02,5.118173647710619681e-03
7.110000000000000000e+02,5.529691994108782045e-03
7.120000000000000000e+02,6.014887033917563214e-03
7.130000000000000000e+02,6.590663728001104789e-03
7.140000000000000000e+02,7.278873725502570287e-03
7.150000000000000000e+02,8.108004532105276760e-03
7.160000000000000000e+02,9.115487636545642827e-03
7.170000000000000000e+02,1.035081916829775316e-02
7.180000000000000000e+02,1.187966685161254317e-02
7.190000000000000000e+02,1.378895139431714212e-02
7.200000000000000000e+02,1.619224075459410259e-02
7.210000000000000000e+02,1.923296617440460599e-02
7.220000000000000000e+02,2.307841175346150159e-02
7.230000000000000000e+02,2.788749181345434591e-02
7.240000000000000000e+02,3.371842898191892979e-02
7.250000000000000000e+02,4.033115484656726868e-02
7.260000000000000000e+02,4.689613874221933154e-02
7.270000000000000000e+02,5.185989706808322858e-02
7.280000000000000000e+02,5.349155776699144466e-02
7.290000000000000000e+02,5.110899173666858669e-02
7.300000000000000000e+02,4.568686351055058215e-02
7.310000000000000000e+02,3.900731445803175268e-02
7.320000000000000000e+02,3.249833359008999500e-02
7.330000000000000000e+02,2.685387371727575301e-02
7.340000000000000000e+02,2.223525065858739103e-02
7.350000000000000000e+02,1.855320439197793644e-02
7.360000000000000000e+02,1.564247635482771820e-02
7.370000000000000000e+02,1.333901214293477765e-02
7.380000000000000000e+02,1.150508788779251723e-02
7.390000000000000000e+02,1.003262420748416220e-02
7.400000000000000000e+02,8.839197905421232807e-03
7.410000000000000000e+02,7.862596024249438736e-03
7.420000000000000000e+02,7.055901300323318137e-03
7.430000000000000000e+02,6.383584048006767271e-03
7.440000000000000000e+02,5.818553502717323245e-03
7.450000000000000000e+02,5.339983333552663324e-03
7.460000000000000000e+02,4.931721603586498512e-03
7.470000000000000000e+02,4.581129066567323459e-03
7.480000000000000000e+02,4.278227506399355506e-03
7.490000000000000000e+02,4.015071728492294531e-03
7.500000000000000000e+02,3.785283146184745696e-03
7.510000000000000000e+02,3.583700654472301000e-03
7.520000000000000000e+02,3.406117162350359023e-03
7.530000000000000000e+02,3.249079133490817561e-03
7.540000000000000000e+02,3.109732829765268249e-03
7.550000000000000000e+02,2.985705444165862466e-03
7.560000000000000000e+02,2.875012503422777563e-03
7.570000000000000000e+02,2.775985204152599251e-03
7.580000000000000000e+02,2.687212989730407894e-03
7.590000000000000000e+02,2.607497865993414418e-03
7.600000000000000000e+02,2.535817823152995958e-03
7.610000000000000000e+02,2.471297370415267373e-03
7.620000000000000000e+02,2.413183663133083769e-03
7.630000000000000000e+02,2.360827055356225484e-03
7.640000000000000000e+02,2.313665175822746892e-03
7.650000000000000000e+02,2.271209825974384536e-03
7.660000000000000000e+02,2.233036151246516055e-03
7.670000000000000000e+02,2.198773653858046052e-03
7.680000000000000000e+02,2.168098705516799743e-03
7.690000000000000000e+02,2.140728288420494681e-03
7.700000000000000000e+02,2.116414747532803942e-03
7.710000000000000000e+02,2.094941379973623216e-03
7.720000000000000000e+02,2.076118721203411722e-03
7.730000000000000000e+02,2.059781414558215992e-03
7.740000000000000000e+02,2.045785572166195984e-03
7.750000000000000000e+02,2.034006552542103313e-03
7.760000000000000000e+02,2.024337094132118518e-03
7.770000000000000000e+02,2.016685755479292238e-03
7.780000000000000000e+02,2.010975622055462177e-03
7.790000000000000000e+02,2.007143247595868148e-03
7.800000000000000000e+02,2.005137804325564203e-03
7.810000000000000000e+02,2.004920422061844554e-03
7.820000000000000000e+02,2.006463701043125891e-03
7.830000000000000000e+02,2.009751387663165616e-03
7.840000000000000000e+02,2.014778206244119494e-03
7.850000000000000000e+02,2.021549843708233575e-03
7.860000000000000000e+02,2.030083087640637170e-03
7.870000000000000000e+02,2.040406121905367128e-03
7.880000000000000000e+02,2.052558987816400192e-03
7.890000000000000000e+02,2.066594223017830922e-03
7.900000000000000000e+02,2.082577694851290174e-03
7.910000000000000000e+02,2.100589650269235088e-03
7.920000000000000000e+02,2.120726010510139061e-03
7.930000000000000000e+02,2.143099946055446094e-03
7.940000000000000000e+02,2.167843776173455396e-03
7.950000000000000000e+02,2.195111248044528951e-03
7.960000000000000000e+02,2.225080263593544501e-03
7.970000000000000000e+02,2.257956138421700516e-03
7.980000000000000000e+02,2.293975497528344658e-03
7.990000000000000000e+02,2.333410938015919017e-03
8.000000000000000000e+02,2.376576621217741346e-03
8.010000000000000000e+02,2.423834997715958606e-03
8.020000000000000000e+02,2.475604921237978869e-03
8.030000000000000000e+02,2.532371475067629173e-03
8.040000000000000000e+02,2.594697922282477361e-03
8.050000000000000000e+02,2.663240305483290452e-03
8.060000000000000000e+02,2.738765371804725238e-03
8.070000000000000000e+02,2.822172697392765460e-03
8.080000000000000000e+02,2.914522149523746802e-03
8.090000000000000000e+02,3.017068178273184763e-03
8.100000000000000000e+02,3.131302907024129719e-03
8.110000000000000000e+02,3.259010640036000446e-03
8.120000000000000000e+02,3.402337293864086780e-03
8.130000000000000000e+02,3.563879484924083359e-03
8.140000000000000000e+02,3.746799707550956936e-03
8.150000000000000000e+02,3.954976416315807153e-03
8.160000000000000000e+02,4.193201171786671393e-03
8.170000000000000000e+02,4.467439733024700099e-03
8.180000000000000000e+02,4.785180664922943951e-03
8.190000000000000000e+02,5.155904471755120427e-03
8.200000000000000000e+02,5.591719500273660375e-03
8.210000000000000000e+02,6.108229035384557873e-03
8.220000000000000000e+02,6.725717954068002533e-03
8.230000000000000000e+02,7.470775992546141442e-03
8.240000000000000000e+02,8.378501126202317698e-03
8.250000000000000000e+02,9.495426924464733451e-03
8.260000000000000000e+02,1.088322396306632897e-02
8.270000000000000000e+02,1.262285916732966591e-02
8.280000000000000000e+02,1.481782184292579699e-02
8.290000000000000000e+02,1.759226428382607704e-02
8.300000000000000000e+02,2.107363344162512322e-02
8.310000000000000000e+02,2.533771570497692430e-02
8.320000000000000000e+02,3.028181253192928357e-02
8.330000000000000000e+02,3.541333133403200273e-02
8.340000000000000000e+02,3.968083294786158011e-02
8.350000000000000000e+02,4.171819273786868398e-02
8.360000000000000000e+02,4.070366165389145002e-02
8.370000000000000000e+02,3.706809157317550452e-02
8.380000000000000000e+02,3.210846639562916355e-02
8.390000000000000000e+02,2.704358407824080171e-02
8.400000000000000000e+02,2.254744304367321123e-02
8.410000000000000000e+02,1.882831976276244657e-02
8.420000000000000000e+02,1.585209794892510418e-02
8.430000000000000000e+02,1.349986429201569839e-02
8.440000000000000000e+02,1.164313225773659990e-02
8.450000000000000000e+02,1.017073765518871666e-02
8.460000000000000000e+02,8.994322245132446367e-03
8.470000000000000000e+02,8.046147437078895667e-03
8.480000000000000000e+02,7.275005967783605178e-03
8.490000000000000000e+02,6.642297326992550356e-03
8.500000000000000000e+02,6.118833817498529545e-03
8.510000000000000000e+02,5.682406339146101049e-03
8.520000000000000000e+02,5.315981603628332219e-03
8.530000000000000000e+02,5.006382161737767469e-03
8.540000000000000000e+02,4.743322301025175609e-03
8.550000000000000000e+02,4.518702099118223486e-03
8.560000000000000000e+02,4.326087754788958059e-03
8.570000000000000000e+02,4.160326404585012842e-03
8.580000000000000000e+02,4.017258412685262813e-03
8.590000000000000000e+02,3.893500722399578784e-03
8.600000000000000000e+02,3.786282375809521279e-03
8.610000000000000000e+02,3.693318621278306266e-03
8.620000000000000000e+02,3.612713787345408524e-03
8.630000000000000000e+02,3.542885770488884457e-03
8.640000000000000000e+02,3.482506889493992581e-03
8.650000000000000000e+02,3.430457227842893028e-03
8.660000000000000000e+02,3.385787575524020279e-03
8.670000000000000000e+02,3.347689802866285220e-03
8.680000000000000000e+02,3.315473028230378309e-03
8.690000000000000000e+02,3.288544332563677133e-03
8.700000000000000000e+02,3.266393065033747732e-03
8.710000000000000000e+02,3.248578002269549361e-03
8.720000000000000000e+02,3.234716788527625033e-03
8.730000000000000000e+02,3.224477209314127128e-03
8.740000000000000000e+02,3.217569946749673435e-03
8.750000000000000000e+02,3.213742538649057116e-03
8.760000000000000000e+02,3.212774320329910439e-03
8.770000000000000000e+02,3.214472172578689956e-03
8.780000000000000000e+02,3.218666933977783369e-03
8.790000000000000000e+02,3.225210363172452237e-03
8.800000000000000000e+02,3.233972558317772111e-03
8.810000000000000000e+02,3.244839758171795107e-03
8.820000000000000000e+02,3.257712463066221933e-03
8.830000000000000000e+02,3.272503825036601928e-03
8.840000000000000000e+02,3.289138265305553178e-03
8.850000000000000000e+02,3.307550284530190888e-03
8.860000000000000000e+02,3.327683437095345278e-03
8.870000000000000000e+02,3.349489445528372206e-03
8.880000000000000000e+02,3.372927435042135519e-03
8.890000000000000000e+02,3.397963271448097445e-03
8.900000000000000000e+02,3.424568988354624068e-03
8.910000000000000000e+02,3.452722291782272471e-03
8.920000000000000000e+02,3.482406132172996029e-03
8.930000000000000000e+02,3.513608335311426290e-03
8.940000000000000000e+02,3.546321284968796238e-03
8.950000000000000000e+02,3.580541651167490173e-03
8.960000000000000000e+02,3.616270158882900747e-03
8.970000000000000000e+02,3.653511392778229991e-03
8.980000000000000000e+02,3.692273634231244602e-03
8.990000000000000000e+02,3.732568727479155385e-03
9.000000000000000000e+02,3.774411972195178180e-03
9.010000000000000000e+02,3.817822040231118146e-03
9.020000000000000000e+02,3.862820914625680630e-03
9.030000000000000000e+02,3.909433849297510276e-03
9.040000000000000000e+02,3.957689348122755794e-03
9.050000000000000000e+02,4.007619162345931428e-03
9.060000000000000000e+02,4.059258305495593716e-03
9.070000000000000000e+02,4.112645085177378014e-03
9.080000000000000000e+02,4.167821151300511555e-03
9.090000000000000000e+02,4.224831560463498600e-03
9.100000000000000000e+02,4.283724856383286372e-03
9.110000000000000000e+02,4.344553166402627918e-03
9.120000000000000000e+02,4.407372314255178850e-03
9.130000000000000000e+02,4.472241949408943019e-03
9.140000000000000000e+02,4.539225693448694331e-03
9.150000000000000000e+02,4.608391304098253399e-03
9.160000000000000000e+02,4.679810857626610747e-03
9.170000000000000000e+02,4.753560950528985807e-03
9.180000000000000000e+02,4.829722921527645693e-03
9.190000000000000000e+02,4.908383095098963964e-03
9.200000000000000000e+02,4.989633047905289373e-03
9.210000000000000000e+02,5.073569899694476901e-03
9.220000000000000000e+02,5.160296630429096060e-03
9.230000000000000000e+02,5.249922425623354018e-03
9.240000000000000000e+02,5.342563052102093299e-03
9.250000000000000000e+02,5.438341266655027234e-03
9.260000000000000000e+02,5.537387260344967324e-03
9.270000000000000000e+02,5.639839141544016748e-03
9.280000000000000000e+02,5.745843461121785331e-03
9.290000000000000000e+02,5.855555783598530815e-03
9.300000000000000000e+02,5.969141308510081054e-03
9.310000000000000000e+02,6.086775546716037891e-03
9.320000000000000000e+02,6.208645056925751922e-03
9.330000000000000000e+02,6.334948248325768770e-03
9.340000000000000000e+02,6.465896255877608655e-03
9.350000000000000000e+02,6.601713895626347764e-03
9.360000000000000000e+02,6.742640708231537050e-03
9.370000000000000000e+02,6.888932099916584076e-03
9.380000000000000000e+02,7.040860591147857575e-03
9.390000000000000000e+02,7.198717184620110308e-03
9.400000000000000000e+02,7.362812865562748908e-03
9.410000000000000000e+02,7.533480249018723561e-03
9.420000000000000000e+02,7.711075390615383315e-03
9.430000000000000000e+02,7.895979779480642377e-03
9.440000000000000000e+02,8.088602534400836375e-03
9.450000000000000000e+02,8.289382827118831412e-03
9.460000000000000000e+02,8.498792559891219997e-03
9.470000000000000000e+02,8.717339328131474413e-03
9.480000000000000000e+02,8.945569703244306975e-03
9.490000000000000000e+02,9.184072875703094829e-03
9.500000000000000000e+02,9.433484704153774145e-03
9.510000000000000000e+02,9.694492222983904645e-03
9.520000000000000000e+02,9.967838668541256775e-03
9.530000000000000000e+02,1.025432909322132602e-02
9.540000000000000000e+02,1.055483664720795189e-02
9.550000000000000000e+02,1.087030962003415237e-02
9.560000000000000000e+02,1.120177934868197070e-02
9.570000000000000000e+02,1.155036911608378104e-02
9.580000000000000000e+02,1.191730418414001236e-02
9.590000000000000000e+02,1.230392312935893288e-02
9.600000000000000000e+02,1.271169067772477505e-02
9.610000000000000000e+02,1.314221226935824785e-02
9.620000000000000000e+02,1.359725062411754233e-02
9.630000000000000000e+02,1.407874462794363700e-02
9.640000000000000000e+02,1.458883091827666012e-02
9.650000000000000000e+02,1.512986861749996380e-02
9.660000000000000000e+02,1.570446774890640537e-02
9.670000000000000000e+02,1.631552197364982693e-02
9.680000000000000000e+02,1.696624641398863584e-02
9.690000000000000000e+02,1.766022148348252510e-02
9.700000000000000000e+02,1.840144383584191301e-02
9.710000000000000000e+02,1.919438578003386520e-02
9.720000000000000000e+02,2.004406480181619710e-02
9.730000000000000000e+02,2.095612519635116702e-02
9.740000000000000000e+02,2.193693427274028690e-02
9.750000000000000000e+02,2.299369616507341077e-02
9.760000000000000000e+02,2.413458700983937485e-02
9.770000000000000000e+02,2.536891617111357647e-02
9.780000000000000000e+02,2.670731937234326753e-02
9.790000000000000000e+02,2.816199110632936972e-02
9.800000000000000000e+02,2.974696565010519558e-02
9.810000000000000000e+02,3.147845855357325751e-02
9.820000000000000000e+02,3.337528379714306548e-02
9.830000000000000000e+02,3.545936619459260503e-02
9.840000000000000000e+02,3.775637442625264656e-02
9.850000000000000000e+02,4.029650784329431856e-02
9.860000000000000000e+02,4.311548061257523129e-02
9.870000000000000000e+02,4.625576089610128339e-02
9.880000000000000000e+02,4.976814202957580147e-02
9.890000000000000000e+02,5.371374914718081428e-02
9.900000000000000000e+02,5.816662135318775156e-02
9.910000000000000000e+02,6.321706061295205570e-02
9.920000000000000000e+02,6.897601012603681025e-02
9.930000000000000000e+02,7.558082577522166889e-02
9.940000000000000000e+02,8.320294664670797868e-02
9.950000000000000000e+02,9.205817158923633448e-02
9.960000000000000000e+02,1.024205305850818259e-01
9.970000000000000000e+02,1.146411282995883629e-01
9.980000000000000000e+02,1.291738538313331464e-01
9.990000000000000000e+02,1.466104846219414837e-01
1.000000000000000000e+03,1.677283434570781273e-01
1.001000000000000000e+03,1.935538610903003720e-01
1.002000000000000000e+03,2.254438863807080029e-01
1.003000000000000000e+03,2.651800155669872816e-01
1.004000000000000000e+03,3.150512991780511918e-01
1.005000000000000000e+03,3.778486976965555466e-01
1.006000000000000000e+03,4.565748408133653014e-01
1.007000000000000000e+03,5.534446482828766500e-01
1.008000000000000000e+03,6.674921385311526345e-01
1.009000000000000000e+03,7.904285802612269762e-01
1.010000000000000000e+03,9.029594975875232521e-01
1.011000000000000000e+03,9.786477158579167668e-01
1.012000000000000000e+03,1.000000000000000000e+00
1.013000000000000000e+03,9.725016799247619970e-01
1.014000000000000000e+03,9.165265745344968185e-01
1.015000000000000000e+03,8.472986265366171388e-01
1.016000000000000000e+03,7.677970003594065673e-01
1.017000000000000000e+03,6.777248945680328651e-01
1.018000000000000000e+03,5.824240950710674047e-01
1.019000000000000000e+03,4.910711584057802503e-01
1.020000000000000000e+03,4.105887718328734559e-01
1.021000000000000000e+03,3.434647454547548606e-01
1.022000000000000000e+03,2.890795577931331573e-01
1.023000000000000000e+03,2.455218694276204983e-01
1.024000000000000000e+03,2.106832690709829203e-01
1.025000000000000000e+03,1.827070430435574488e-01
1.026000000000000000e+03,1.600988879087983652e-01
1.027000000000000000e+03,1.417038195582417948e-01
1.028000000000000000e+03,1.266454106669422652e-01
1.029000000000000000e+03,1.142643006799285571e-01
1.030000000000000000e+03,1.040667450576215347e-01
1.031000000000000000e+03,9.568338968904538389e-02
1.032000000000000000e+03,8.883364632824779228e-02
1.033000000000000000e+03,8.328750382557785492e-02
1.034000000000000000e+03,7.881470916072365329e-02
1.035000000000000000e+03,7.512106165775464528e-02
1.036000000000000000e+03,7.181315478825281429e-02
1.037000000000000000e+03,6.848358819646133133e-02
1.038000000000000000e+03,6.492263240732948359e-02
1.039000000000000000e+03,6.123061119415370429e-02
1.040000000000000000e+03,5.767082541724638522e-02
1.041000000000000000e+03,5.445807955201813211e-02
1.042000000000000000e+03,5.168432044068848458e-02
1.043000000000000000e+03,4.935129413737886217e-02
1.044000000000000000e+03,4.742003083503346095e-02
1.045000000000000000e+03,4.584177750910643084e-02
1.046000000000000000e+03,4.457153474362575418e-02
1.047000000000000000e+03,4.357223720310197945e-02
1.048000000000000000e+03,4.281504527548739975e-02
1.049000000000000000e+03,4.227838216444562702e-02
1.050000000000000000e+03,4.194677716492151154e-02
1.051000000000000000e+03,4.180987435858544293e-02
1.052000000000000000e+03,4.186169166917560330e-02
1.053000000000000000e+03,4.210012250613114071e-02
1.054000000000000000e+03,4.252665006598318337e-02
1.055000000000000000e+03,4.314624723398774453e-02
1.056000000000000000e+03,4.396744565979412295e-02
1.057000000000000000e+03,4.500257015910734404e-02
1.058000000000000000e+03,4.626814780101828201e-02
1.059000000000000000e+03,4.778551532434988786e-02
1.060000000000000000e+03,4.958166511415258021e-02
1.061000000000000000e+03,5.169039059579613044e-02
1.062000000000000000e+03,5.415381880451482915e-02
1.063000000000000000e+03,5.702445383772520443e-02
1.064000000000000000e+03,6.036790304282501490e-02
1.065000000000000000e+03,6.426652074705323237e-02
1.066000000000000000e+03,6.882428118953294593e-02
1.067000000000000000e+03,7.417327017614298856e-02
1.068000000000000000e+03,8.048221662375901198e-02
1.069000000000000000e+03,8.796733271879939031e-02
1.070000000000000000e+03,9.690503127379786197e-02
1.071000000000000000e+03,1.076439534832174388e-01
1.072000000000000000e+03,1.206082143889272706e-01
1.073000000000000000e+03,1.362713749785820216e-01
1.074000000000000000e+03,1.550586723646754927e-01
1.075000000000000000e+03,1.771170387554623638e-01
1.076000000000000000e+03,2.019543438908888433e-01
1.077000000000000000e+03,2.282473765576332747e-01
1.078000000000000000e+03,2.545270081582214350e-01
1.079000000000000000e+03,2.808958467643303258e-01
1.080000000000000000e+03,3.101387577119007477e-01
1.081000000000000000e+03,3.468268865006605695e-01
1.082000000000000000e+03,3.957236319758071219e-01
1.083000000000000000e+03,4.610045516645163155e-01
1.084000000000000000e+03,5.458150007016207006e-01
1.085000000000000000e+03,6.507960758218489516e-01
1.086000000000000000e+03,7.704549761115436768e-01
1.087000000000000000e+03,8.878501908758168470e-01
1.088000000000000000e+03,9.729129853876297140e-01
1.089000000000000000e+03,9.941958901710241658e-01
1.090000000000000000e+03,9.418536370207815089e-01
1.091000000000000000e+03,8.363801086008366692e-01
1.092000000000000000e+03,7.109353638613105097e-01
1.093000000000000000e+03,5.907087401440099805e-01
1.094000000000000000e+03,4.873429943795844488e-01
1.095000000000000000e+03,4.031493866964915296e-01
1.096000000000000000e+03,3.362090026852053160e-01
1.097000000000000000e+03,2.834022138845030958e-01
1.098000000000000000e+03,2.417121353696470021e-01
1.099000000000000000e+03,2.086319754451547992e-01
1.100000000000000000e+03,1.822045927035200186e-01
1.101000000000000000e+03,1.609424328462053522e-01
1.102000000000000000e+03,1.437263238212495298e-01
1.103000000000000000e+03,1.297159416927681219e-01
1.104000000000000000e+03,1.182792664261425042e-01
1.105000000000000000e+03,1.089397064192208914e-01
1.106000000000000000e+03,1.013373931948590156e-01
1.107000000000000000e+03,9.520119732890872100e-02
1.108000000000000000e+03,9.032868001167690397e-02
1.109000000000000000e+03,8.657190930310351695e-02
1.110000000000000000e+03,8.382767405194761767e-02
1.111000000000000000e+03,8.203110179224136489e-02
1.112000000000000000e+03,8.115205422202002861e-02
1.113000000000000000e+03,8.119396922943325490e-02
1.114000000000000000e+03,8.219507504179464352e-02
1.115000000000000000e+03,8.423215028801148141e-02
1.116000000000000000e+03,8.742727139459507968e-02
1.117000000000000000e+03,9.195829966974758407e-02
1.118000000000000000e+03,9.807422640071818132e-02
1.119000000000000000e+03,1.061168880496090317e-01
1.120000000000000000e+03,1.165508445165997359e-01
1.121000000000000000e+03,1.300029340793545096e-01
1.122000000000000000e+03,1.473109446849520665e-01
1.123000000000000000e+03,1.695738188519343437e-01
1.124000000000000000e+03,1.981763381278434100e-01
1.125000000000000000e+03,2.347133747785094815e-01
1.126000000000000000e+03,2.806364998082860884e-01
1.127000000000000000e+03,3.362798568574721370e-01
1.128000000000000000e+03,3.988461996913036378e-01
1.129000000000000000e+03,4.596231895235507459e-01
1.130000000000000000e+03,5.031901403650012039e-01
1.131000000000000000e+03,5.136020728717983763e-01
1.132000000000000000e+03,4.861773323268073765e-01
1.133000000000000000e+03,4.317061710908943195e-01
1.134000000000000000e+03,3.672152955024339249e-01
1.135000000000000000e+03,3.055016878115581203e-01
1.136000000000000000e+03,2.524259405502098930e-01
1.137000000000000000e+03,2.091182113075859828e-01
1.138000000000000000e+03,1.745786581707397811e-01
1.139000000000000000e+03,1.472095395107884119e-01
1.140000000000000000e+03,1.254710254963530003e-01
1.141000000000000000e+03,1.080846139655975424e-01
1.142000000000000000e+03,9.405155741598131280e-02
1.143000000000000000e+03,8.261142188596999614e-02
1.144000000000000000e+03,7.319028547377733063e-02
1.145000000000000000e+03,6.535500338489709515e-02
1.146000000000000000e+03,5.877714935854889966e-02
1.147000000000000000e+03,5.320591069548150087e-02
1.148000000000000000e+03,4.844812927135818542e-02
1.149000000000000000e+03,4.435371157108233819e-02
1.150000000000000000e+03,4.080496542106198943e-02
1.151000000000000000e+03,3.770877694016223219e-02
1.152000000000000000e+03,3.499083638143071773e-02
1.153000000000000000e+03,3.259134506141811438e-02
1.154000000000000000e+03,3.046179806772599322e-02
1.155000000000000000e+03,2.856255334021118308e-02
1.156000000000000000e+03,2.686097975561519552e-02
1.157000000000000000e+03,2.533003482098663411e-02
1.158000000000000000e+03,2.394716364439318859e-02
1.159000000000000000e+03,2.269344006474868433e-02
1.160000000000000000e+03,2.155289172591626223e-02
1.161000000000000000e+03,2.051196593592856735e-02
1.162000000000000000e+03,1.955910407227248737e-02
1.163000000000000000e+03,1.868440027204271159e-02
1.164000000000000000e+03,1.787932601664541168e-02
1.165000000000000000e+03,1.713650657241579459e-02
1.166000000000000000e+03,1.644953849713975610e-02
1.167000000000000000e+03,1.581283986456258339e-02
1.168000000000000000e+03,1.522152670723094479e-02
1.169000000000000000e+03,1.467131058605961394e-02
1.170000000000000000e+03,1.415841327452944075e-02
1.171000000000000000e+03,1.367949537815874549e-02
1.172000000000000000e+03,1.323159635607646344e-02
1.173000000000000000e+03,1.281208391582635761e-02
1.174000000000000000e+03,1.241861114827390658e-02
1.175000000000000000e+03,1.204908008169227468e-02
1.176000000000000000e+03,1.170161058166684781e-02
1.177000000000000000e+03,1.137451372073278177e-02
1.178000000000000000e+03,1.106626889960946568e-02
1.179000000000000000e+03,1.077550412893922040e-02
1.180000000000000000e+03,1.050097898307405901e-02
1.181000000000000000e+03,1.024156982072619432e-02
1.182000000000000000e+03,9.996256935137424332e-03
1.183000000000000000e+03,9.764113351908625116e-03
1.184000000000000000e+03,9.544295038187284447e-03
1.185000000000000000e+03,9.336032324454544146e-03
1.186000000000000000e+03,9.138622371203530478e-03
1.187000000000000000e+03,8.951422538570858595e-03
1.188000000000000000e+03,8.773844538442902505e-03
1.189000000000000000e+03,8.605349266487670457e-03
1.190000000000000000e+03,8.445442226590067075e-03
1.191000000000000000e+03,8.293669472802647769e-03
1.192000000000000000e+03,8.149614004578283402e-03
1.193000000000000000e+03,8.012892560063178751e-03
1.194000000000000000e+03,7.883152759873786330e-03
1.195000000000000000e+03,7.760070560285417009e-03
1.196000000000000000e+03,7.643347980310430043e-03
1.197000000000000000e+03,7.532711071893365487e-03
1.198000000000000000e+03,7.427908106526752256e-03
1.199000000000000000e+03,7.328707955100739226e-03
1.200000000000000000e+03,7.234898640830410461e-03
1.201000000000000000e+03,7.146286047730473177e-03
1.202000000000000000e+03,7.062692769390335051e-03
1.203000000000000000e+03,6.983957084795417054e-03
1.204000000000000000e+03,6.909932049687183761e-03
1.205000000000000000e+03,6.840484693492456143e-03
1.206000000000000000e+03,6.775495313214016657e-03
1.207000000000000000e+03,6.714856856886928550e-03
1.208000000000000000e+03,6.658474390291923943e-03
1.209000000000000000e+03,6.606264641599588275e-03
1.210000000000000000e+03,6.558155619514590209e-03
1.211000000000000000e+03,6.514086301314344664e-03
1.212000000000000000e+03,6.474006387945215914e-03
1.213000000000000000e+03,6.437876124065307869e-03
1.214000000000000000e+03,6.405666181617511792e-03
1.215000000000000000e+03,6.377357606192107960e-03
1.216000000000000000e+03,6.352941826105087085e-03
1.217000000000000000e+03,6.332420724788033473e-03
1.218000000000000000e+03,6.315806777768557222e-03
1.219000000000000000e+03,6.303123256228572967e-03
1.220000000000000000e+03,6.294404499872823661e-03
1.221000000000000000e+03,6.289696262635436838e-03
1.222000000000000000e+03,6.289056135611776482e-03
1.223000000000000000e+03,6.292554052542528170e-03
1.224000000000000000e+03,6.300272884214464658e-03
1.225000000000000000e+03,6.312309129298524467e-03
1.226000000000000000e+03,6.328773710443622545e-03
1.227000000000000000e+03,6.349792885911909740e-03
1.228000000000000000e+03,6.375509288709503043e-03
1.229000000000000000e+03,6.406083107073803733e-03
1.230000000000000000e+03,6.441693422368655747e-03
1.231000000000000000e+03,6.482539722964377436e-03
1.232000000000000000e+03,6.528843615604012530e-03
1.233000000000000000e+03,6.580850759154855366e-03
1.234000000000000000e+03,6.638833049605384271e-03
1.235000000000000000e+03,6.703091089801026421e-03
1.236000000000000000e+03,6.773956982848202378e-03
1.237000000000000000e+03,6.851797494514143792e-03
1.238000000000000000e+03,6.937017637503259566e-03
1.239000000000000000e+03,7.030064739435158867e-03
1.240000000000000000e+03,7.131433066973841793e-03
1.241000000000000000e+03,7.241669091217138934e-03
1.242000000000000000e+03,7.361377494588127943e-03
1.243000000000000000e+03,7.491228037617882717e-03
1.244000000000000000e+03,7.631963425845126811e-03
1.245000000000000000e+03,7.784408343422830577e-03
1.246000000000000000e+03,7.949479851966034794e-03
1.247000000000000000e+03,8.128199392021414477e-03
1.248000000000000000e+03,8.321706671955855436e-03
1.249000000000000000e+03,8.531275787165474786e-03
1.250000000000000000e+03,8.758333983992803995e-03
1.251000000000000000e+03,9.004483571058204822e-03
1.252000000000000000e+03,9.271527590295959576e-03
1.253000000000000000e+03,9.561499996566994938e-03
1.254000000000000000e+03,9.876701265740818123e-03
1.255000000000000000e+03,1.021974056631686986e-02
1.256000000000000000e+03,1.059358590174766003e-02
1.257000000000000000e+03,1.100162397647622484e-02
1.258000000000000000e+03,1.144773198067728162e-02
1.259000000000000000e+03,1.193636405667851917e-02
1.260000000000000000e+03,1.247265594420820210e-02
1.261000000000000000e+03,1.306255225631481991e-02
1.262000000000000000e+03,1.371296208703393776e-02
1.263000000000000000e+03,1.443195029707171166e-02
1.264000000000000000e+03,1.522897400490364102e-02
1.265000000000000000e+03,1.611517672221335698e-02
1.266000000000000000e+03,1.710375648650376904e-02
1.267000000000000000e+03,1.821042964292866537e-02
1.268000000000000000e+03,1.945401915443249752e-02
1.269000000000000000e+03,2.085720624719998584e-02
1.270000000000000000e+03,2.244749793411783198e-02
1.271000000000000000e+03,2.425848209289482860e-02
1.272000000000000000e+03,2.633146859563329986e-02
1.273000000000000000e+03,2.871765277635351943e-02
1.274000000000000000e+03,3.148099095425031801e-02
1.275000000000000000e+03,3.470205332561463601e-02
1.276000000000000000e+03,3.848322605031700983e-02
1.277000000000000000e+03,4.295578258706254232e-02
1.278000000000000000e+03,4.828954497112742522e-02
1.279000000000000000e+03,5.470611157633880478e-02
1.280000000000000000e+03,6.249691090729488779e-02
1.281000000000000000e+03,7.204753023923711475e-02
1.282000000000000000e+03,8.386949018348728579e-02
1.283000000000000000e+03,9.863887107222382711e-02
1.284000000000000000e+03,1.172353500465947163e-01
1.285000000000000000e+03,1.407591421540519416e-01
1.286000000000000000e+03,1.704641422397324135e-01
1.287000000000000000e+03,2.074627095973156088e-01
1.288000000000000000e+03,2.519268563198047706e-01
1.289000000000000000e+03,3.014668925330611926e-01
1.290000000000000000e+03,3.489706004174398246e-01
1.291000000000000000e+03,3.822079670176871113e-01
1.292000000000000000e+03,3.890432555110900359e-01
1.293000000000000000e+03,3.665948747377644756e-01
1.294000000000000000e+03,3.238377293296302306e-01
1.295000000000000000e+03,2.740081981198302374e-01
1.296000000000000000e+03,2.267386174830152701e-01
1.297000000000000000e+03,1.863029845882958335e-01
1.298000000000000000e+03,1.534309493626186960e-01
1.299000000000000000e+03,1.272923510089815635e-01
1.300000000000000000e+03,1.066385427197579505e-01
1.301000000000000000e+03,9.028273415368737176e-02
1.302000000000000000e+03,7.724497150450541916e-02
1.303000000000000000e+03,6.676168819770730845e-02
1.304000000000000000e+03,5.825225036578353388e-02
1.305000000000000000e+03,5.127872834100941080e-02
1.306000000000000000e+03,4.551074717021177246e-02
1.307000000000000000e+03,4.069789043049772126e-02
1.308000000000000000e+03,3.664899591820222624e-02
1.309000000000000000e+03,3.321692281804674435e-02
1.310000000000000000e+03,3.028742015226643450e-02
1.311000000000000000e+03,2.777099166096903132e-02
1.312000000000000000e+03,2.559692727297239317e-02
1.313000000000000000e+03,2.370889758874681133e-02
1.314000000000000000e+03,2.206167855721016813e-02
1.315000000000000000e+03,2.061869746582468271e-02
1.316000000000000000e+03,1.935017970794749437e-02
1.317000000000000000e+03,1.823173831191588629e-02
1.318000000000000000e+03,1.724329241286431599e-02
1.319000000000000000e+03,1.636823217121687046e-02
1.320000000000000000e+03,1.559276994889853205e-02
1.321000000000000000e+03,1.490543354256127460e-02
1.322000000000000000e+03,1.429666881973572744e-02
1.323000000000000000e+03,1.375852751600649578e-02
1.324000000000000000e+03,1.328442214289697436e-02
1.325000000000000000e+03,1.286893457034391126e-02
1.326000000000000000e+03,1.250766834179765398e-02
1.327000000000000000e+03,1.219713748424066692e-02
1.328000000000000000e+03,1.193468673362163210e-02
1.329000000000000000e+03,1.171843989507352461e-02
1.330000000000000000e+03,1.154727464798832072e-02
1.331000000000000000e+03,1.142082362122854092e-02
1.332000000000000000e+03,1.133950313253858852e-02
1.333000000000000000e+03,1.130457274886696555e-02
1.334000000000000000e+03,1.131823094910838941e-02
1.335000000000000000e+03,1.138375487507812395e-02
1.336000000000000000e+03,1.150569573497836791e-02
1.337000000000000000e+03,1.169014628698300529e-02
1.338000000000000000e+03,1.194510355919170368e-02
1.339000000000000000e+03,1.228095937701016716e-02
1.340000000000000000e+03,1.271116451789321491e-02
1.341000000000000000e+03,1.325313095313594529e-02
1.342000000000000000e+03,1.392946264024502376e-02
1.343000000000000000e+03,1.476964081633305725e-02
1.344000000000000000e+03,1.581233587938572771e-02
1.345000000000000000e+03,1.710857159500346961e-02
1.346000000000000000e+03,1.872601189793485221e-02
1.347000000000000000e+03,2.075462191534166098e-02
1.348000000000000000e+03,2.331372173613216470e-02
1.349000000000000000e+03,2.655961268974632236e-02
1.350000000000000000e+03,3.069056703346611376e-02
1.351000000000000000e+03,3.593996907746813130e-02
1.352000000000000000e+03,4.253514241656172062e-02
1.353000000000000000e+03,5.057621552281844901e-02
1.354000000000000000e+03,5.977107504365859747e-02
1.355000000000000000e+03,6.902954425819651796e-02
1.356000000000000000e+03,7.623322282800819305e-02
1.357000000000000000e+03,7.890997788598570761e-02
1.358000000000000000e+03,7.593143137492092132e-02
1.359000000000000000e+03,6.851071951432440021e-02
1.360000000000000000e+03,5.913449508332974808e-02
1.361000000000000000e+03,4.988429171295707953e-02
1.362000000000000000e+03,4.181053650086797441e-02
1.363000000000000000e+03,3.518212092440787392e-02
1.364000000000000000e+03,2.988954463322684302e-02
1.365000000000000000e+03,2.570326406480856821e-02
1.366000000000000000e+03,2.239043278105104159e-02
1.367000000000000000e+03,1.975401129293299571e-02
1.368000000000000000e+03,1.763883996220665107e-02
1.369000000000000000e+03,1.592642128561501738e-02
1.370000000000000000e+03,1.452727413423782719e-02
1.371000000000000000e+03,1.337392330518706422e-02
1.372000000000000000e+03,1.241529042759316123e-02
1.373000000000000000e+03,1.161245053256771721e-02
1.374000000000000000e+03,1.093549919620864612e-02
1.375000000000000000e+03,1.036126095668110821e-02
1.376000000000000000e+03,9.871615233052730143e-03
1.377000000000000000e+03,9.452269469460983231e-03
1.378000000000000000e+03,9.091854910657906630e-03
1.379000000000000000e+03,8.781255436813540163e-03
1.380000000000000000e+03,8.513105490327667335e-03
1.381000000000000000e+03,8.281411438013032769e-03
1.382000000000000000e+03,8.081263683331289110e-03
1.383000000000000000e+03,7.908616009826110668e-03
1.384000000000000000e+03,7.760115125134308886e-03
1.385000000000000000e+03,7.632967986248019934e-03
1.386000000000000000e+03,7.524837782294805689e-03
1.387000000000000000e+03,7.433761821622362695e-03
1.388000000000000000e+03,7.358086286974503849e-03
1.389000000000000000e+03,7.296414075177047077e-03
1.390000000000000000e+03,7.247562858291020649e-03
1.391000000000000000e+03,7.210531184617527053e-03
1.392000000000000000e+03,7.184470946002274871e-03
1.393000000000000000e+03,7.168664919380066808e-03
1.394000000000000000e+03,7.162508378942542865e-03
1.395000000000000000e+03,7.165493994886221359e-03
1.396000000000000000e+03,7.177199402961504868e-03
1.397000000000000000e+03,7.197276958836401617e-03
1.398000000000000000e+03,7.225445292061539494e-03
1.399000000000000000e+03,7.261482353179292762e-03
1.400000000000000000e+03,7.305219709483607229e-03
1.401000000000000000e+03,7.356537894031687022e-03
1.402000000000000000e+03,7.415362651700479167e-03
1.403000000000000000e+03,7.481661957628823155e-03
1.404000000000000000e+03,7.555443709023502465e-03
1.405000000000000000e+03,7.636754012375905794e-03
1.406000000000000000e+03,7.725676005684630615e-03
1.407000000000000000e+03,7.822329170138888482e-03
1.408000000000000000e+03,7.926869098556154139e-03
1.409000000000000000e+03,8.039487699234935253e-03
1.410000000000000000e+03,8.160413824244025505e-03
1.411000000000000000e+03,8.289914320930088718e-03
1.412000000000000000e+03,8.428295514959362189e-03
1.413000000000000000e+03,8.575905142876857901e-03
1.414000000000000000e+03,8.733134762334792550e-03
1.415000000000000000e+03,8.900422679208860877e-03
1.416000000000000000e+03,9.078257443233711185e-03
1.417000000000000000e+03,9.267181978078915805e-03
1.418000000000000000e+03,9.467798428598392380e-03
1.419000000000000000e+03,9.680773828129004763e-03
1.420000000000000000e+03,9.906846713217646802e-03
1.421000000000000000e+03,1.014683484335756822e-02
1.422000000000000000e+03,1.040164422096652962e-02
1.423000000000000000e+03,1.067227965426911611e-02
1.424000000000000000e+03,1.095985716606960071e-02
1.425000000000000000e+03,1.126561862883536380e-02
1.426000000000000000e+03,1.159094910679975624e-02
1.427000000000000000e+03,1.193739751683688469e-02
1.428000000000000000e+03,1.230670139260463258e-02
1.429000000000000000e+03,1.270081676617842818e-02
1.430000000000000000e+03,1.312195448959930372e-02
1.431000000000000000e+03,1.357262473586227751e-02
1.432000000000000000e+03,1.405569198819819551e-02
1.433000000000000000e+03,1.457444361000503202e-02
1.434000000000000000e+03,1.513267617424211842e-02
1.435000000000000000e+03,1.573480524755963700e-02
1.436000000000000000e+03,1.638600645141392170e-02
1.437000000000000000e+03,1.709239861205850627e-02
1.438000000000000000e+03,1.786128400334972138e-02
1.439000000000000000e+03,1.870146650469207625e-02
1.440000000000000000e+03,1.962367637703127041e-02
1.441000000000000000e+03,2.064114047718161593e-02
1.442000000000000000e+03,2.177034818341514605e-02
1.443000000000000000e+03,2.303207190073492533e-02
1.444000000000000000e+03,2.445269354564215750e-02
1.445000000000000000e+03,2.606582843769533753e-02
1.446000000000000000e+03,2.791403228798994968e-02
1.447000000000000000e+03,3.004980311139637816e-02
1.448000000000000000e+03,3.253367302735928751e-02
1.449000000000000000e+03,3.542413803217323715e-02
1.450000000000000000e+03,3.874916416710376399e-02
1.451000000000000000e+03,4.244640948110652012e-02
1.452000000000000000e+03,4.627899651160557321e-02
1.453000000000000000e+03,4.980768990835426208e-02
1.454000000000000000e+03,5.257172060020819798e-02
1.455000000000000000e+03,5.444824697915225803e-02
1.456000000000000000e+03,5.579527341262009721e-02
1.457000000000000000e+03,5.718113031902834209e-02
1.458000000000000000e+03,5.906252684806644060e-02
1.459000000000000000e+03,6.169732734899926324e-02
1.460000000000000000e+03,6.521290378778936414e-02
1.461000000000000000e+03,6.969052997490936263e-02
1.462000000000000000e+03,7.521900087412605740e-02
1.463000000000000000e+03,8.192311174751124025e-02
1.464000000000000000e+03,8.998071478686253677e-02
1.465000000000000000e+03,9.963769916301923324e-02
1.466000000000000000e+03,1.112262524087494486e-01
1.467000000000000000e+03,1.251899479081880484e-01
1.468000000000000000e+03,1.421188372911413034e-01
1.469000000000000000e+03,1.627979945924523941e-01
1.470000000000000000e+03,1.882730399586765579e-01
1.471000000000000000e+03,2.199345724072036268e-01
1.472000000000000000e+03,2.596165666322745591e-01
1.473000000000000000e+03,3.096828469479548929e-01
1.474000000000000000e+03,3.730206727580379078e-01
1.475000000000000000e+03,4.527318251122872672e-01
1.476000000000000000e+03,5.510592721093097168e-01
1.477000000000000000e+03,6.667665555306663272e-01
1.478000000000000000e+03,7.904102411415546703e-01
1.479000000000000000e+03,8.995454572954668659e-01
1.480000000000000000e+03,9.617305548434346152e-01
1.481000000000000000e+03,9.527107544220987378e-01
1.482000000000000000e+03,8.765484731294305165e-01
1.483000000000000000e+03,7.619464058311965493e-01
1.484000000000000000e+03,6.399273056358977252e-01
1.485000000000000000e+03,5.294090047254300657e-01
1.486000000000000000e+03,4.372151054230077882e-01
1.487000000000000000e+03,3.633442624526262432e-01
1.488000000000000000e+03,3.051847734829854497e-01
1.489000000000000000e+03,2.596563536227367575e-01
1.490000000000000000e+03,2.240263501070260399e-01
1.491000000000000000e+03,1.961115594843252374e-01
1.492000000000000000e+03,1.742501103235649940e-01
1.493000000000000000e+03,1.572103484554209230e-01
1.494000000000000000e+03,1.440988653621644577e-01
1.495000000000000000e+03,1.342864366859448100e-01
1.496000000000000000e+03,1.273547509878877326e-01
1.497000000000000000e+03,1.230619727455843915e-01
1.498000000000000000e+03,1.213242795290282866e-01
1.499000000000000000e+03,1.222104138972933129e-01
1.500000000000000000e+03,1.259450372182342737e-01
1.501000000000000000e+03,1.329116454926943247e-01
1.502000000000000000e+03,1.436318616206836707e-01
1.503000000000000000e+03,1.586658224923138683e-01
1.504000000000000000e+03,1.783197661699317815e-01
1.505000000000000000e+03,2.019916864356539055e-01
1.506000000000000000e+03,2.271208774683760312e-01
1.507000000000000000e+03,2.484538409311699003e-01
1.508000000000000000e+03,2.594997719472842967e-01
1.509000000000000000e+03,2.568905792322303538e-01
1.510000000000000000e+03,2.435238888799546308e-01
1.511000000000000000e+03,2.262633643939755412e-01
1.512000000000000000e+03,2.113735073598120295e-01
1.513000000000000000e+03,2.024582023636099792e-01
1.514000000000000000e+03,2.007861623029626452e-01
1.515000000000000000e+03,2.059110037158017603e-01
1.516000000000000000e+03,2.155628389172805637e-01
1.517000000000000000e+03,2.251276004026606103e-01
1.518000000000000000e+03,2.282760847533358839e-01
1.519000000000000000e+03,2.202059489721742147e-01
1.520000000000000000e+03,2.012487918628785011e-01
1.521000000000000000e+03,1.762500882736375007e-01
1.522000000000000000e+03,1.505737674295457851e-01
1.523000000000000000e+03,1.274796880014452682e-01
1.524000000000000000e+03,1.080929145792288992e-01
1.525000000000000000e+03,9.233389324031181233e-02
1.526000000000000000e+03,7.966880767817310915e-02
1.527000000000000000e+03,6.949074457471067501e-02
1.528000000000000000e+03,6.126362648353118195e-02
1.529000000000000000e+03,5.455616277596047475e-02
1.530000000000000000e+03,4.903476753288980167e-02
1.531000000000000000e+03,4.444533976085043164e-02
1.532000000000000000e+03,4.059495028177419196e-02
1.533000000000000000e+03,3.733666666991286576e-02
1.534000000000000000e+03,3.455787574261983547e-02
1.535000000000000000e+03,3.217158083897509596e-02
1.536000000000000000e+03,3.010999960881486498e-02
1.537000000000000000e+03,2.831986924672794115e-02
1.538000000000000000e+03,2.675899669235932976e-02
1.539000000000000000e+03,2.539371119698900781e-02
1.540000000000000000e+03,2.419697132394414002e-02
1.541000000000000000e+03,2.314694870252942405e-02
1.542000000000000000e+03,2.222596152454105536e-02
1.543000000000000000e+03,2.141966687071012593e-02
1.544000000000000000e+03,2.071644658511477208e-02
1.545000000000000000e+03,2.010693965398514457e-02
1.546000000000000000e+03,1.958368710526391804e-02
1.547000000000000000e+03,1.914086489189174844e-02
1.548000000000000000e+03,1.877408715545622955e-02
1.549000000000000000e+03,1.848026746418389085e-02
1.550000000000000000e+03,1.825752963566644113e-02
1.551000000000000000e+03,1.810516299776749119e-02
1.552000000000000000e+03,1.802361972344718524e-02
1.553000000000000000e+03,1.801455445375540684e-02
1.554000000000000000e+03,1.808090903076739128e-02
1.555000000000000000e+03,1.822704803531184983e-02
1.556000000000000000e+03,1.845895423176523512e-02
1.557000000000000000e+03,1.878449729815623304e-02
1.558000000000000000e+03,1.921379480652145658e-02
1.559000000000000000e+03,1.975969192404886457e-02
1.560000000000000000e+03,2.043839658548662203e-02
1.561000000000000000e+03,2.127032115860794104e-02
1.562000000000000000e+03,2.228120162369919346e-02
1.563000000000000000e+03,2.350359347866201251e-02
1.564000000000000000e+03,2.497888339740035601e-02
1.565000000000000000e+03,2.676001171609438539e-02
1.566000000000000000e+03,2.891517877825565408e-02
1.567000000000000000e+03,3.153291366001569757e-02
1.568000000000000000e+03,3.472901829705480475e-02
1.569000000000000000e+03,3.865604881056426689e-02
1.570000000000000000e+03,4.351609537054525190e-02
1.571000000000000000e+03,4.957747611817275857e-02
1.572000000000000000e+03,5.719503333626417552e-02
1.573000000000000000e+03,6.683064803180838176e-02
1.574000000000000000e+03,7.906214783336494578e-02
1.575000000000000000e+03,9.454818745611330566e-02
1.576000000000000000e+03,1.138731426388496504e-01
1.577000000000000000e+03,1.371273780371690953e-01
1.578000000000000000e+03,1.630552314850924611e-01
1.579000000000000000e+03,1.879192822639578486e-01
1.580000000000000000e+03,2.052919594335425313e-01
1.581000000000000000e+03,2.087938303063086032e-01
1.582000000000000000e+03,1.969080133417127065e-01
1.583000000000000000e+03,1.743498415860797457e-01
1.584000000000000000e+03,1.480760880731279705e-01
1.585000000000000000e+03,1.231501313611010062e-01
1.586000000000000000e+03,1.018189536196757589e-01
1.587000000000000000e+03,8.446629896285179351e-02
1.588000000000000000e+03,7.065583422735012553e-02
1.589000000000000000e+03,5.973115507795363072e-02
1.590000000000000000e+03,5.106832918869935733e-02
1.591000000000000000e+03,4.415213129373418005e-02
1.592000000000000000e+03,3.858107502051113386e-02
1.593000000000000000e+03,3.404983199835654589e-02
1.594000000000000000e+03,3.032808716354104886e-02
1.595000000000000000e+03,2.724206256242758806e-02
1.596000000000000000e+03,2.466001099428483806e-02
1.597000000000000000e+03,2.248133210639065988e-02
1.598000000000000000e+03,2.062856441946850361e-02
1.599000000000000000e+03,1.904153306944433507e-02
1.600000000000000000e+03,1.767307250148547268e-02
1.601000000000000000e+03,1.648588789528366433e-02
1.602000000000000000e+03,1.545023802661548741e-02
1.603000000000000000e+03,1.454221202323366900e-02
1.604000000000000000e+03,1.374243761373143344e-02
1.605000000000000000e+03,1.303510489784718597e-02
1.606000000000000000e+03,1.240722252027233984e-02
1.607000000000000000e+03,1.184804634912545868e-02
1.608000000000000000e+03,1.134863720916483298e-02
1.609000000000000000e+03,1.090151592542894406e-02
1.610000000000000000e+03,1.050039231181019300e-02
1.611000000000000000e+03,1.013995077627314299e-02
1.612000000000000000e+03,9.815679595084773890e-03
1.613000000000000000e+03,9.523734110116914564e-03
1.614000000000000000e+03,9.260826460395480200e-03
1.615000000000000000e+03,9.024136206997167980e-03
1.616000000000000000e+03,8.811237515846021690e-03
1.617000000000000000e+03,8.620039544779830101e-03
1.618000000000000000e+03,8.448737424724142575e-03
1.619000000000000000e+03,8.295771791546335816e-03
1.620000000000000000e+03,8.159795259985919147e-03
1.621000000000000000e+03,8.039644566793178668e-03
1.622000000000000000e+03,7.934317371053888762e-03
1.623000000000000000e+03,7.842952903587649405e-03
1.624000000000000000e+03,7.764815817691080209e-03
1.625000000000000000e+03,7.699282720431960617e-03
1.626000000000000000e+03,7.645830964809864974e-03
1.627000000000000000e+03,7.604029364185079659e-03
1.628000000000000000e+03,7.573530555887165484e-03
1.629000000000000000e+03,7.554064794277378335e-03
1.630000000000000000e+03,7.545434997422601278e-03
1.631000000000000000e+03,7.547512908032752432e-03
1.632000000000000000e+03,7.560236260074777379e-03
1.633000000000000000e+03,7.583606868831579279e-03
1.634000000000000000e+03,7.617689585204551889e-03
1.635000000000000000e+03,7.662612075661569093e-03
1.636000000000000000e+03,7.718565408172937438e-03
1.637000000000000000e+03,7.785805442429215469e-03
1.638000000000000000e+03,7.864655040210966411e-03
1.639000000000000000e+03,7.955507129568752112e-03
1.640000000000000000e+03,8.058828675057907662e-03
1.641000000000000000e+03,8.175165626270419067e-03
1.642000000000000000e+03,8.305148938983795276e-03
1.643000000000000000e+03,8.449501788159938243e-03
1.644000000000000000e+03,8.609048120653847377e-03
1.645000000000000000e+03,8.784722728877389017e-03
1.646000000000000000e+03,8.977583066073191106e-03
1.647000000000000000e+03,9.188823070840679286e-03
1.648000000000000000e+03,9.419789325048015874e-03
1.649000000000000000e+03,9.671999937672339648e-03
1.650000000000000000e+03,9.947166630478693899e-03
1.651000000000000000e+03,1.024722060363637138e-02
1.652000000000000000e+03,1.057434288531199605e-02
1.653000000000000000e+03,1.093100002530416649e-02
1.654000000000000000e+03,1.131998618707475909e-02
1.655000000000000000e+03,1.174447293570983659e-02
1.656000000000000000e+03,1.220806832528067987e-02
1.657000000000000000e+03,1.271488727599296917e-02
1.658000000000000000e+03,1.326963572347758351e-02
1.659000000000000000e+03,1.387771165157176273e-02
1.660000000000000000e+03,1.454532692872267594e-02
1.661000000000000000e+03,1.527965491423854787e-02
1.662000000000000000e+03,1.608901016189373881e-02
1.663000000000000000e+03,1.698306833099428453e-02
1.664000000000000000e+03,1.797313676452507586e-02
1.665000000000000000e+03,1.907248931151320215e-02
1.666000000000000000e+03,2.029678313585761215e-02
1.667000000000000000e+03,2.166458085799782829e-02
1.668000000000000000e+03,2.319800897043146001e-02
1.669000000000000000e+03,2.492359383520179397e-02
1.670000000000000000e+03,2.687333082605942308e-02
1.671000000000000000e+03,2.908606191745300579e-02
1.672000000000000000e+03,3.160926454271049957e-02
1.673000000000000000e+03,3.450139314726810569e-02
1.674000000000000000e+03,3.783496928569043960e-02
1.675000000000000000e+03,4.170069308110774253e-02
1.676000000000000000e+03,4.621295774078025553e-02
1.677000000000000000e+03,5.151730206872798951e-02
1.678000000000000000e+03,5.780054865425560129e-02
1.679000000000000000e+03,6.530466184791117179e-02
1.680000000000000000e+03,7.434572062567541828e-02
1.681000000000000000e+03,8.533978846596974865e-02
1.682000000000000000e+03,9.883768089802887069e-02
1.683000000000000000e+03,1.155700934677510866e-01
1.684000000000000000e+03,1.365016682806187986e-01
1.685000000000000000e+03,1.628833370703774153e-01
1.686000000000000000e+03,1.962673060358312016e-01
1.687000000000000000e+03,2.383890464871275816e-01
1.688000000000000000e+03,2.906969346743456528e-01
1.689000000000000000e+03,3.531274350314110300e-01
1.690000000000000000e+03,4.217174766305634148e-01
1.691000000000000000e+03,4.856816403536141080e-01
1.692000000000000000e+03,5.275844821604080970e-01
1.693000000000000000e+03,5.316550581666391606e-01
1.694000000000000000e+03,4.961612610911381172e-01
1.695000000000000000e+03,4.349815440569127500e-01
1.696000000000000000e+03,3.661650589642513332e-01
1.697000000000000000e+03,3.020100311670605997e-01
1.698000000000000000e+03,2.476047104985322489e-01
1.699000000000000000e+03,2.035488412535571279e-01
1.700000000000000000e+03,1.685609336385463231e-01
1.701000000000000000e+03,1.409078440735039850e-01
1.702000000000000000e+03,1.189853360788295095e-01
1.703000000000000000e+03,1.014824712188339972e-01
1.704000000000000000e+03,8.738230901508660387e-02
1.705000000000000000e+03,7.591284119367100458e-02
1.706000000000000000e+03,6.649194792793666764e-02
1.707000000000000000e+03,5.868024837236503199e-02
1.708000000000000000e+03,5.214438081634772959e-02
1.709000000000000000e+03,4.662955039458422518e-02
1.710000000000000000e+03,4.193935934121161002e-02
1.711000000000000000e+03,3.792107116221106466e-02
1.712000000000000000e+03,3.445483690881810668e-02
1.713000000000000000e+03,3.144578426638388463e-02
1.714000000000000000e+03,2.881817192486453572e-02
1.715000000000000000e+03,2.651103788008546056e-02
1.716000000000000000e+03,2.447493394939030328e-02
1.717000000000000000e+03,2.266945525400411790e-02
1.718000000000000000e+03,2.106135579800831603e-02
1.719000000000000000e+03,1.962309950177345066e-02
1.720000000000000000e+03,1.833173731731249992e-02
1.721000000000000000e+03,1.716803044192812683e-02
1.722000000000000000e+03,1.611576069980529685e-02
1.723000000000000000e+03,1.516118434391718062e-02
1.724000000000000000e+03,1.429259655720852527e-02
1.725000000000000000e+03,1.349998199827543051e-02
1.726000000000000000e+03,1.277473268043495709e-02
1.727000000000000000e+03,1.210941888435345358e-02
1.728000000000000000e+03,1.149760210160374885e-02
1.729000000000000000e+03,1.093368148809549696e-02
1.730000000000000000e+03,1.041276718662170753e-02
1.731000000000000000e+03,9.930575311783722617e-03
1.732000000000000000e+03,9.483340491129504946e-03
1.733000000000000000e+03,9.067742706155434637e-03
1.734000000000000000e+03,8.680845836874435603e-03
1.735000000000000000e+03,8.320045829224999301e-03
1.736000000000000000e+03,7.983026809513250541e-03
1.737000000000000000e+03,7.667723789765722858e-03
1.738000000000000000e+03,7.372290861544518979e-03
1.739000000000000000e+03,7.095073978051465689e-03
1.740000000000000000e+03,6.834587586397053785e-03
1.741000000000000000e+03,6.589494502320326387e-03
1.742000000000000000e+03,6.358588525053177239e-03
1.743000000000000000e+03,6.140779375578519529e-03
1.744000000000000000e+03,5.935079611256997498e-03
1.745000000000000000e+03,5.740593226842905135e-03
1.746000000000000000e+03,5.556505698758503094e-03
1.747000000000000000e+03,5.382075268110287497e-03
1.748000000000000000e+03,5.216625289870218882e-03
1.749000000000000000e+03,5.059537502153052882e-03
1.750000000000000000e+03,4.910246091593887911e-03
1.751000000000000000e+03,4.768232449268125159e-03
1.752000000000000000e+03,4.633020527045356857e-03
1.753000000000000000e+03,4.504172717252183725e-03
1.754000000000000000e+03,4.381286189461681448e-03
1.755000000000000000e+03,4.263989627475641905e-03
1.756000000000000000e+03,4.151940317403429725e-03
1.757000000000000000e+03,4.044821544400770651e-03
1.758000000000000000e+03,3.942340261304654904e-03
1.759000000000000000e+03,3.844224997244857691e-03
1.760000000000000000e+03,3.750223978459290165e-03
1.761000000000000000e+03,3.660103437098125544e-03
1.762000000000000000e+03,3.573646086861189449e-03
1.763000000000000000e+03,3.490649746949638175e-03
1.764000000000000000e+03,3.410926098090192975e-03
1.765000000000000000e+03,3.334299556360892456e-03
1.766000000000000000e+03,3.260606252256366498e-03
1.767000000000000000e+03,3.189693103915585727e-03
1.768000000000000000e+03,3.121416974727789055e-03
1.769000000000000000e+03,3.055643906659802171e-03
1.770000000000000000e+03,2.992248421633117179e-03
1.771000000000000000e+03,2.931112884141444126e-03
1.772000000000000000e+03,2.872126919055551734e-03
1.773000000000000000e+03,2.815186879226279793e-03
1.774000000000000000e+03,2.760195358080811106e-03
1.775000000000000000e+03,2.707060742922070499e-03
1.776000000000000000e+03,2.655696805095380045e-03
1.777000000000000000e+03,2.606022323588023503e-03
1.778000000000000000e+03,2.557960738982807854e-03
1.779000000000000000e+03,2.511439835001690046e-03
1.780000000000000000e+03,2.466391445155316758e-03
1.781000000000000000e+03,2.422751182262827124e-03
1.782000000000000000e+03,2.380458188827644286e-03
1.783000000000000000e+03,2.339454906452197516e-03
1.784000000000000000e+03,2.299686862650552124e-03
1.785000000000000000e+03,2.261102473575235094e-03
1.786000000000000000e+03,2.223652861315308146e-03
1.787000000000000000e+03,2.187291684548770595e-03
1.788000000000000000e+03,2.151974981445507838e-03
1.789000000000000000e+03,2.117661023818463543e-03
1.790000000000000000e+03,2.084310181612041186e-03
1.791000000000000000e+03,2.051884796898822451e-03
1.792000000000000000e+03,2.020349066629706803e-03
1.793000000000000000e+03,1.989668933449297451e-03
1.794000000000000000e+03,1.959811983948610628e-03
1.795000000000000000e+03,1.930747353781622939e-03
1.796000000000000000e+03,1.902445639121421372e-03
1.797000000000000000e+03,1.874878813976331394e-03
1.798000000000000000e+03,1.848020152926823896e-03
1.799000000000000000e+03,1.821844158880661646e-03
1.800000000000000000e+03,1.796326495477079286e-03
1.801000000000000000e+03,1.771443923801044058e-03
1.802000000000000000e+03,1.747174243096205701e-03
1.803000000000000000e+03,1.723496235190200357e-03
1.804000000000000000e+03,1.700389612368857729e-03
1.805000000000000000e+03,1.677834968456682263e-03
1.806000000000000000e+03,1.655813732880025016e-03
1.807000000000000000e+03,1.634308127506755052e-03
1.808000000000000000e+03,1.613301126072114915e-03
1.809000000000000000e+03,1.592776416015024036e-03
1.810000000000000000e+03,1.572718362562390776e-03
1.811000000000000000e+03,1.553111974911228601e-03
1.812000000000000000e+03,1.533942874369546763e-03
1.813000000000000000e+03,1.515197264327285999e-03
1.814000000000000000e+03,1.496861901938007508e-03
1.815000000000000000e+03,1.478924071400711682e-03
1.816000000000000000e+03,1.461371558739167284e-03
1.817000000000000000e+03,1.444192627983449705e-03
1.818000000000000000e+03,1.427375998665195937e-03
1.819000000000000000e+03,1.410910824544280755e-03
1.820000000000000000e+03,1.394786673490406963e-03
1.821000000000000000e+03,1.378993508448385840e-03
1.822000000000000000e+03,1.363521669420807549e-03
1.823000000000000000e+03,1.348361856406326675e-03
1.824000000000000000e+03,1.333505113235966631e-03
1.825000000000000000e+03,1.318942812253746499e-03
1.826000000000000000e+03,1.304666639791503963e-03
1.827000000000000000e+03,1.290668582391111055e-03
1.828000000000000000e+03,1.276940913730388073e-03
1.829000000000000000e+03,1.263476182211833217e-03
1.830000000000000000e+03,1.250267199175982783e-03
1.831000000000000000e+03,1.237307027703644490e-03
1.832000000000000000e+03,1.224588971973551536e-03
1.833000000000000000e+03,1.212106567144108924e-03
1.834000000000000000e+03,1.199853569729857983e-03
1.835000000000000000e+03,1.187823948445168067e-03
1.836000000000000000e+03,1.176011875489321257e-03
1.837000000000000000e+03,1.164411718248803927e-03
1.838000000000000000e+03,1.153018031394050348e-03
1.839000000000000000e+03,1.141825549349326620e-03
1.840000000000000000e+03,1.130829179115676797e-03
1.841000000000000000e+03,1.120023993428104041e-03
1.842000000000000000e+03,1.109405224229260967e-03
1.843000000000000000e+03,1.098968256442976743e-03
1.844000000000000000e+03,1.088708622031943395e-03
1.845000000000000000e+03,1.078621994324784929e-03
1.846000000000000000e+03,1.068704182598603086e-03
1.847000000000000000e+03,1.058951126903897796e-03
1.848000000000000000e+03,1.049358893119503285e-03
1.849000000000000000e+03,1.039923668225893778e-03
1.850000000000000000e+03,1.030641755785877784e-03
1.851000000000000000e+03,1.021509571622301231e-03
1.852000000000000000e+03,1.012523639682978661e-03
1.853000000000000000e+03,1.003680588083606185e-03
1.854000000000000000e+03,9.949771453199242506e-04
1.855000000000000000e+03,9.864101366408783642e-04
1.856000000000000000e+03,9.779764805749684674e-04
1.857000000000000000e+03,9.696731856024280640e-04
1.858000000000000000e+03,9.614973469662206878e-04
1.859000000000000000e+03,9.534461436152805213e-04
1.860000000000000000e+03,9.455168352737245135e-04
1.861000000000000000e+03,9.377067596301125662e-04
1.862000000000000000e+03,9.300133296411589208e-04
1.863000000000000000e+03,9.224340309445616627e-04
1.864000000000000000e+03,9.149664193759236581e-04
1.865000000000000000e+03,9.076081185849788199e-04
1.866000000000000000e+03,9.003568177465909794e-04
1.867000000000000000e+03,8.932102693622288869e-04
1.868000000000000000e+03,8.861662871478283819e-04
1.869000000000000000e+03,8.792227440041729732e-04
1.870000000000000000e+03,8.723775700661057838e-04
1.871000000000000000e+03,8.656287508270809694e-04
1.872000000000000000e+03,8.589743253357280629e-04
1.873000000000000000e+03,8.524123844612747566e-04
1.874000000000000000e+03,8.459410692248208732e-04
1.875000000000000000e+03,8.395585691936107700e-04
1.876000000000000000e+03,8.332631209355853249e-04
1.877000000000000000e+03,8.270530065316277889e-04
1.878000000000000000e+03,8.209265521430441021e-04
1.879000000000000000e+03,8.148821266319283135e-04
1.880000000000000000e+03,8.089181402321934207e-04
1.881000000000000000e+03,8.030330432691243749e-04
1.882000000000000000e+03,7.972253249254428187e-04
1.883000000000000000e+03,7.914935120519440244e-04
1.884000000000000000e+03,7.858361680208661437e-04
1.885000000000000000e+03,7.802518916202376377e-04
1.886000000000000000e+03,7.747393159875257335e-04
1.887000000000000000e+03,7.692971075809918076e-04
1.888000000000000000e+03,7.639239651872237755e-04
1.889000000000000000e+03,7.586186189633936346e-04
1.890000000000000000e+03,7.533798295128479351e-04
1.891000000000000000e+03,7.482063869927059593e-04
1.892000000000000000e+03,7.430971102521939479e-04
1.893000000000000000e+03,7.380508460005063805e-04
1.894000000000000000e+03,7.330664680030380071e-04
1.895000000000000000e+03,7.281428763048738073e-04
1.896000000000000000e+03,7.232789964804835735e-04
1.897000000000000000e+03,7.184737789086070641e-04
1.898000000000000000e+03,7.137261980713608843e-04
1.899000000000000000e+03,7.090352518766418347e-04
1.900000000000000000e+03,7.043999610029373594e-04
1.901000000000000000e+03,6.998193682656976295e-04
1.902000000000000000e+03,6.952925380044553544e-04
1.903000000000000000e+03,6.908185554899135602e-04
1.904000000000000000e+03,6.863965263502572493e-04
1.905000000000000000e+03,6.820255760159754264e-04
1.906000000000000000e+03,6.777048491825074083e-04
1.907000000000000000e+03,6.734335092900607276e-04
1.908000000000000000e+03,6.692107380199668063e-04
1.909000000000000000e+03,6.650357348069750509e-04
1.910000000000000000e+03,6.609077163669099851e-04
1.911000000000000000e+03,6.568259162391278496e-04
1.912000000000000000e+03,6.527895843432511688e-04
1.913000000000000000e+03,6.487979865496628197e-04
1.914000000000000000e+03,6.448504042632739871e-04
1.915000000000000000e+03,6.409461340200940530e-04
1.916000000000000000e+03,6.370844870961503079e-04
1.917000000000000000e+03,6.332647891283254291e-04
1.918000000000000000e+03,6.294863797466940074e-04
1.919000000000000000e+03,6.257486122179607615e-04
1.920000000000000000e+03,6.220508530996133809e-04
1.921000000000000000e+03,6.183924819044201750e-04
1.922000000000000000e+03,6.147728907749207055e-04
1.923000000000000000e+03,6.111914841675648424e-04
1.924000000000000000e+03,6.076476785461725968e-04
1.925000000000000000e+03,6.041409020843996639e-04
1.926000000000000000e+03,6.006705943769046624e-04
1.927000000000000000e+03,5.972362061589254470e-04
1.928000000000000000e+03,5.938371990339834676e-04
1.929000000000000000e+03,5.904730452094469678e-04
1.930000000000000000e+03,5.871432272396908628e-04
1.931000000000000000e+03,5.838472377766024124e-04
1.932000000000000000e+03,5.805845793271940556e-04
1.933000000000000000e+03,5.773547640180881364e-04
1.934000000000000000e+03,5.741573133666483296e-04
1.935000000000000000e+03,5.709917580585500366e-04
1.936000000000000000e+03,5.678576377315696548e-04
1.937000000000000000e+03,5.647545007654043974e-04
1.938000000000000000e+03,5.616819040773210004e-04
1.939000000000000000e+03,5.586394129234526894e-04
1.940000000000000000e+03,5.556266007055628026e-04
1.941000000000000000e+03,5.526430487831009456e-04
1.942000000000000000e+03,5.496883462903895921e-04
1.943000000000000000e+03,5.467620899587735108e-04
1.944000000000000000e+03,5.438638839435841347e-04
1.945000000000000000e+03,5.409933396557628548e-04
1.946000000000000000e+03,5.381500755980032696e-04
1.947000000000000000e+03,5.353337172052702493e-04
1.948000000000000000e+03,5.325438966895637604e-04
1.949000000000000000e+03,5.297802528887946352e-04
1.950000000000000000e+03,5.270424311196494471e-04
1.951000000000000000e+03,5.243300830343227336e-04
1.952000000000000000e+03,5.216428664809971997e-04
1.953000000000000000e+03,5.189804453679640198e-04
1.954000000000000000e+03,5.163424895312692916e-04
1.955000000000000000e+03,5.137286746057838577e-04
1.956000000000000000e+03,5.111386818995917623e-04
1.957000000000000000e+03,5.085721982716067020e-04
1.958000000000000000e+03,5.060289160123075105e-04
1.959000000000000000e+03,5.035085327275158054e-04
1.960000000000000000e+03,5.010107512251157262e-04
1.961000000000000000e+03,4.985352794046364003e-04
1.962000000000000000e+03,4.960818301496094235e-04
1.963000000000000000e+03,4.936501212226244864e-04
1.964000000000000000e+03,4.912398751630033499e-04
1.965000000000000000e+03,4.888508191870171403e-04
1.966000000000000000e+03,4.864826850905748686e-04
1.967000000000000000e+03,4.841352091543118835e-04
1.968000000000000000e+03,4.818081320510103909e-04
1.969000000000000000e+03,4.795011987552867130e-04
1.970000000000000000e+03,4.772141584554795879e-04
1.971000000000000000e+03,4.749467644676793883e-04
1.972000000000000000e+03,4.726987741518383032e-04
1.973000000000000000e+03,4.704699488299010938e-04
1.974000000000000000e+03,4.682600537059040556e-04
1.975000000000000000e+03,4.660688577879847235e-04
1.976000000000000000e+03,4.638961338122504427e-04
1.977000000000000000e+03,4.617416581684545746e-04
1.978000000000000000e+03,4.596052108274330142e-04
1.979000000000000000e+03,4.574865752702490839e-04
1.980000000000000000e+03,4.553855384190025704e-04
1.981000000000000000e+03,4.533018905692596970e-04
1.982000000000000000e+03,4.512354253240557860e-04
1.983000000000000000e+03,4.491859395294326633e-04
1.984000000000000000e+03,4.471532332114666239e-04
1.985000000000000000e+03,4.451371095147493915e-04
1.986000000000000000e+03,4.431373746422820098e-04
1.987000000000000000e+03,4.411538377967446408e-04
1.988000000000000000e+03,4.391863111231059493e-04
1.989000000000000000e+03,4.372346096525370532e-04
1.990000000000000000e+03,4.352985512475954547e-04
1.991000000000000000e+03,4.333779565486458284e-04
1.992000000000000000e+03,4.314726489214856298e-04
1.993000000000000000e+03,4.295824544061440818e-04
1.994000000000000000e+03,4.277072016668249932e-04
1.995000000000000000e+03,4.258467219429620788e-04
1.996000000000000000e+03,4.240008490013598896e-04
1.997000000000000000e+03,4.221694190893924377e-04
1.998000000000000000e+03,4.203522708892320830e-04
1.999000000000000000e+03,4.185492454730814168e-04
2.000000000000000000e+03,4.167601862593856422e-04
2.001000000000000000e+03,4.149849389699979694e-04
2.002000000000000000e+03,4.132233515882743880e-04
2.003000000000000000e+03,4.114752743180771105e-04
2.004000000000000000e+03,4.097405595436598501e-04
2.005000000000000000e+03,4.080190617904169920e-04
2.006000000000000000e+03,4.063106376864716114e-04
2.007000000000000000e+03,4.046151459250853710e-04
2.008000000000000000e+03,4.029324472278654696e-04
2.009000000000000000e+03,4.012624043087547644e-04
2.010000000000000000e+03,3.996048818387794798e-04
2.011000000000000000e+03,3.979597464115421958e-04
2.012000000000000000e+03,3.963268665094360488e-04
2.013000000000000000e+03,3.947061124705687589e-04
2.014000000000000000e+03,3.930973564563737706e-04
2.015000000000000000e+03,3.915004724198957670e-04
2.016000000000000000e+03,3.899153360747322351e-04
2.017000000000000000e+03,3.883418248646168243e-04
2.018000000000000000e+03,3.867798179336276931e-04
2.019000000000000000e+03,3.852291960970080512e-04
2.020000000000000000e+03,3.836898418125816025e-04
2.021000000000000000e+03,3.821616391527511269e-04
2.022000000000000000e+03,3.806444737770661052e-04
2.023000000000000000e+03,3.791382329053452930e-04
2.024000000000000000e+03,3.776428052913406372e-04
2.025000000000000000e+03,3.761580811969325046e-04
2.026000000000000000e+03,3.746839523668412633e-04
2.027000000000000000e+03,3.732203120038441553e-04
2.028000000000000000e+03,3.717670547444860236e-04
2.029000000000000000e+03,3.703240766352728893e-04
2.030000000000000000e+03,3.688912751093354207e-04
2.031000000000000000e+03,3.674685489635541656e-04
2.032000000000000000e+03,3.660557983361341838e-04
2.033000000000000000e+03,3.646529246846185661e-04
2.034000000000000000e+03,3.632598307643334647e-04
2.035000000000000000e+03,3.618764206072516264e-04
2.036000000000000000e+03,3.605025995012669463e-04
2.037000000000000000e+03,3.591382739698699596e-04
2.038000000000000000e+03,3.577833517522169531e-04
2.039000000000000000e+03,3.564377417835805535e-04
2.040000000000000000e+03,3.551013541761774547e-04
2.041000000000000000e+03,3.537741002003611966e-04
2.042000000000000000e+03,3.524558922661745193e-04
2.043000000000000000e+03,3.511466439052520773e-04
2.044000000000000000e+03,3.498462697530658159e-04
2.045000000000000000e+03,3.485546855315066667e-04
2.046000000000000000e+03,3.472718080317928053e-04
2.047000000000000000e+03,3.459975550977005131e-04
2.048000000000000000e+03,3.447318456091082108e-04
2.049000000000000000e+03,3.434745994658477551e-04
2.050000000000000000e+03,3.422257375718555715e-04
2.051000000000000000e+03,3.409851818196200988e-04
2.052000000000000000e+03,3.397528550749136212e-04
2.053000000000000000e+03,3.385286811618089188e-04
2.054000000000000000e+03,3.373125848479689758e-04
2.055000000000000000e+03,3.361044918302086054e-04
2.056000000000000000e+03,3.349043287203178564e-04
2.057000000000000000e+03,3.337120230311455731e-04
2.058000000000000000e+03,3.325275031629350872e-04
2.059000000000000000e+03,3.313506983899076495e-04
2.060000000000000000e+03,3.301815388470879641e-04
2.061000000000000000e+03,3.290199555173680302e-04
2.062000000000000000e+03,3.278658802188025691e-04
2.063000000000000000e+03,3.267192455921314300e-04
2.064000000000000000e+03,3.255799850885272373e-04
2.065000000000000000e+03,3.244480329575584704e-04
2.066000000000000000e+03,3.233233242353672141e-04
2.067000000000000000e+03,3.222057947330578959e-04
2.068000000000000000e+03,3.210953810252887685e-04
2.069000000000000000e+03,3.199920204390651083e-04
2.070000000000000000e+03,3.188956510427294676e-04
2.071000000000000000e+03,3.178062116351450771e-04
2.072000000000000000e+03,3.167236417350663825e-04
2.073000000000000000e+03,3.156478815706967138e-04
2.074000000000000000e+03,3.145788720694257692e-04
2.075000000000000000e+03,3.135165548477458850e-04
2.076000000000000000e+03,3.124608722013406926e-04
2.077000000000000000e+03,3.114117670953467604e-04
2.078000000000000000e+03,3.103691831547805225e-04
2.079000000000000000e+03,3.093330646551298432e-04
2.080000000000000000e+03,3.083033565131061519e-04
2.081000000000000000e+03,3.072800042775542212e-04
2.082000000000000000e+03,3.062629541205161721e-04
2.083000000000000000e+03,3.052521528284465641e-04
2.084000000000000000e+03,3.042475477935760193e-04
2.085000000000000000e+03,3.032490870054203478e-04
2.086000000000000000e+03,3.022567190424327332e-04
2.087000000000000000e+03,3.012703930637944242e-04
2.088000000000000000e+03,3.002900588013444763e-04
2.089000000000000000e+03,2.993156665516417654e-04
2.090000000000000000e+03,2.983471671681610631e-04
2.091000000000000000e+03,2.973845120536168312e-04
2.092000000000000000e+03,2.964276531524148977e-04
2.093000000000000000e+03,2.954765429432274610e-04
2.094000000000000000e+03,2.945311344316918012e-04
2.095000000000000000e+03,2.935913811432269531e-04
2.096000000000000000e+03,2.926572371159690445e-04
2.097000000000000000e+03,2.917286568938215062e-04
2.098000000000000000e+03,2.908055955196178224e-04
2.099000000000000000e+03,2.898880085283966034e-04
2.100000000000000000e+03,2.889758519407835077e-04
2.101000000000000000e+03,2.880690822564822341e-04
2.102000000000000000e+03,2.871676564478680251e-04
2.103000000000000000e+03,2.862715319536857420e-04
2.104000000000000000e+03,2.853806666728484994e-04
2.105000000000000000e+03,2.844950189583343660e-04
2.106000000000000000e+03,2.836145476111821611e-04
2.107000000000000000e+03,2.827392118745806560e-04
2.108000000000000000e+03,2.818689714280528044e-04
2.109000000000000000e+03,2.810037863817320771e-04
2.110000000000000000e+03,2.801436172707274293e-04
2.111000000000000000e+03,2.792884250495791245e-04
2.112000000000000000e+03,2.784381710868002102e-04
2.113000000000000000e+03,2.775928171595032118e-04
2.114000000000000000e+03,2.767523254481120453e-04
2.115000000000000000e+03,2.759166585311549733e-04
2.116000000000000000e+03,2.750857793801391479e-04
2.117000000000000000e+03,2.742596513545039207e-04
2.118000000000000000e+03,2.734382381966540582e-04
2.119000000000000000e+03,2.726215040270663038e-04
2.120000000000000000e+03,2.718094133394743277e-04
2.121000000000000000e+03,2.710019309961261553e-04
2.122000000000000000e+03,2.701990222231140750e-04
2.123000000000000000e+03,2.694006526057760487e-04
2.124000000000000000e+03,2.686067880841677582e-04
2.125000000000000000e+03,2.678173949486025232e-04
2.126000000000000000e+03,2.670324398352593603e-04
2.127000000000000000e+03,2.662518897218575046e-04
2.128000000000000000e+03,2.654757119233963083e-04
2.129000000000000000e+03,2.647038740879581855e-04
2.130000000000000000e+03,2.639363441925761215e-04
2.131000000000000000e+03,2.631730905391623855e-04
2.132000000000000000e+03,2.624140817504976866e-04
2.133000000000000000e+03,2.616592867662805044e-04
2.134000000000000000e+03,2.609086748392353992e-04
2.135000000000000000e+03,2.601622155312790022e-04
2.136000000000000000e+03,2.594198787097417875e-04
2.137000000000000000e+03,2.586816345436474159e-04
2.138000000000000000e+03,2.579474535000452580e-04
2.139000000000000000e+03,2.572173063403978329e-04
2.140000000000000000e+03,2.564911641170206677e-04
2.141000000000000000e+03,2.557689981695746321e-04
2.142000000000000000e+03,2.550507801216091771e-04
2.143000000000000000e+03,2.543364818771563134e-04
2.144000000000000000e+03,2.536260756173734881e-04
2.145000000000000000e+03,2.529195337972352502e-04
2.146000000000000000e+03,2.522168291422740845e-04
2.147000000000000000e+03,2.515179346453656436e-04
2.148000000000000000e+03,2.508228235635632576e-04
2.149000000000000000e+03,2.501314694149753227e-04
2.150000000000000000e+03,2.494438459756893119e-04
2.151000000000000000e+03,2.487599272767387730e-04
2.152000000000000000e+03,2.480796876011140753e-04
2.153000000000000000e+03,2.474031014808151683e-04
2.154000000000000000e+03,2.467301436939472212e-04
2.155000000000000000e+03,2.460607892618563229e-04
2.156000000000000000e+03,2.453950134463061118e-04
2.157000000000000000e+03,2.447327917466950078e-04
2.158000000000000000e+03,2.440740998973109583e-04
2.159000000000000000e+03,2.434189138646265977e-04
2.160000000000000000e+03,2.427672098446311889e-04
2.161000000000000000e+03,2.421189642602000227e-04
2.162000000000000000e+03,2.414741537585010341e-04
2.163000000000000000e+03,2.408327552084369523e-04
2.164000000000000000e+03,2.401947456981236360e-04
2.165000000000000000e+03,2.395601025324026157e-04
2.166000000000000000e+03,2.389288032303888451e-04
2.167000000000000000e+03,2.383008255230520086e-04
2.168000000000000000e+03,2.376761473508308159e-04
2.169000000000000000e+03,2.370547468612807442e-04
2.170000000000000000e+03,2.364366024067536824e-04
2.171000000000000000e+03,2.358216925421094791e-04
2.172000000000000000e+03,2.352099960224584977e-04
2.173000000000000000e+03,2.346014918009357495e-04
2.174000000000000000e+03,2.339961590265041916e-04
2.175000000000000000e+03,2.333939770417889793e-04
2.176000000000000000e+03,2.327949253809402587e-04
2.177000000000000000e+03,2.321989837675253704e-04
2.178000000000000000e+03,2.316061321124490507e-04
2.179000000000000000e+03,2.310163505119025552e-04
2.180000000000000000e+03,2.304296192453389924e-04
2.181000000000000000e+03,2.298459187734772807e-04
2.182000000000000000e+03,2.292652297363317730e-04
2.183000000000000000e+03,2.286875329512688248e-04
2.184000000000000000e+03,2.281128094110888404e-04
2.185000000000000000e+03,2.275410402821345299e-04
2.186000000000000000e+03,2.269722069024235876e-04
2.187000000000000000e+03,2.264062907798063617e-04
2.188000000000000000e+03,2.258432735901483247e-04
2.189000000000000000e+03,2.252831371755360172e-04
2.190000000000000000e+03,2.247258635425069791e-04
2.191000000000000000e+03,2.241714348603027478e-04
2.192000000000000000e+03,2.236198334591453290e-04
2.193000000000000000e+03,2.230710418285351891e-04
2.194000000000000000e+03,2.225250426155729914e-04
2.195000000000000000e+03,2.219818186233020680e-04
2.196000000000000000e+03,2.214413528090728735e-04
2.197000000000000000e+03,2.209036282829293131e-04
2.198000000000000000e+03,2.203686283060147209e-04
2.199000000000000000e+03,2.198363362890002010e-04
2.200000000000000000e+03,2.193067357905315886e-04
2.201000000000000000e+03,2.187798105156980963e-04
2.202000000000000000e+03,2.182555443145192556e-04
2.203000000000000000e+03,2.177339211804527020e-04
2.204000000000000000e+03,2.172149252489199316e-04
2.205000000000000000e+03,2.166985407958515726e-04
2.206000000000000000e+03,2.161847522362517118e-04
2.207000000000000000e+03,2.156735441227796769e-04
2.208000000000000000e+03,2.151649011443503587e-04
2.209000000000000000e+03,2.146588081247527207e-04
2.210000000000000000e+03,2.141552500212850325e-04
2.211000000000000000e+03,2.136542119234083716e-04
2.212000000000000000e+03,2.131556790514165520e-04
2.213000000000000000e+03,2.126596367551231821e-04
2.214000000000000000e+03,2.121660705125651483e-04
2.215000000000000000e+03,2.116749659287227693e-04
2.216000000000000000e+03,2.111863087342554261e-04
2.217000000000000000e+03,2.107000847842541603e-04
2.218000000000000000e+03,2.102162800570086924e-04
2.219000000000000000e+03,2.097348806527907033e-04
2.220000000000000000e+03,2.092558727926524021e-04
2.221000000000000000e+03,2.087792428172395153e-04
2.222000000000000000e+03,2.083049771856194802e-04
2.223000000000000000e+03,2.078330624741245205e-04
2.224000000000000000e+03,2.073634853752082737e-04
2.225000000000000000e+03,2.068962326963173532e-04
2.226000000000000000e+03,2.064312913587769784e-04
2.227000000000000000e+03,2.059686483966896152e-04
2.228000000000000000e+03,2.055082909558480087e-04
2.229000000000000000e+03,2.050502062926614169e-04
2.230000000000000000e+03,2.045943817730946641e-04
2.231000000000000000e+03,2.041408048716213174e-04
2.232000000000000000e+03,2.036894631701883270e-04
2.233000000000000000e+03,2.032403443571945459e-04
2.234000000000000000e+03,2.027934362264810118e-04
2.235000000000000000e+03,2.023487266763344570e-04
2.236000000000000000e+03,2.019062037085019045e-04
2.237000000000000000e+03,2.014658554272180028e-04
2.238000000000000000e+03,2.010276700382443958e-04
2.239000000000000000e+03,2.005916358479201242e-04
2.240000000000000000e+03,2.001577412622241702e-04
2.241000000000000000e+03,1.997259747858491966e-04
2.242000000000000000e+03,1.992963250212860190e-04
2.243000000000000000e+03,1.988687806679206556e-04
2.244000000000000000e+03,1.984433305211402666e-04
2.245000000000000000e+03,1.980199634714515083e-04
2.246000000000000000e+03,1.975986685036091868e-04
2.247000000000000000e+03,1.971794346957546156e-04
2.248000000000000000e+03,1.967622512185654112e-04
2.249000000000000000e+03,1.963471073344153720e-04
2.250000000000000000e+03,1.959339923965432476e-04
2.251000000000000000e+03,1.955228958482334073e-04
2.252000000000000000e+03,1.951138072220048837e-04
2.253000000000000000e+03,1.947067161388106897e-04
2.254000000000000000e+03,1.943016123072467303e-04
2.255000000000000000e+03,1.938984855227700386e-04
2.256000000000000000e+03,1.934973256669265799e-04
2.257000000000000000e+03,1.930981227065880004e-04
2.258000000000000000e+03,1.927008666931976733e-04
2.259000000000000000e+03,1.923055477620256074e-04
2.260000000000000000e+03,1.919121561314325185e-04
2.261000000000000000e+03,1.915206821021423833e-04
2.262000000000000000e+03,1.911311160565236139e-04
2.263000000000000000e+03,1.907434484578789590e-04
2.264000000000000000e+03,1.903576698497437276e-04
2.265000000000000000e+03,1.899737708551925224e-04
2.266000000000000000e+03,1.895917421761538890e-04
2.267000000000000000e+03,1.892115745927332854e-04
2.268000000000000000e+03,1.888332589625442654e-04
2.269000000000000000e+03,1.884567862200470332e-04
2.270000000000000000e+03,1.880821473758953206e-04
2.271000000000000000e+03,1.877093335162907444e-04
2.272000000000000000e+03,1.873383358023451059e-04
2.273000000000000000e+03,1.869691454694496016e-04
2.274000000000000000e+03,1.866017538266521666e-04
2.275000000000000000e+03,1.862361522560418371e-04
2.276000000000000000e+03,1.858723322121401606e-04
2.277000000000000000e+03,1.855102852213003854e-04
2.278000000000000000e+03,1.851500028811131008e-04
2.279000000000000000e+03,1.847914768598193317e-04
2.280000000000000000e+03,1.844346988957304087e-04
2.281000000000000000e+03,1.840796607966543983e-04
2.282000000000000000e+03,1.837263544393297698e-04
2.283000000000000000e+03,1.833747717688654591e-04
2.284000000000000000e+03,1.830249047981875735e-04
2.285000000000000000e+03,1.826767456074924925e-04
2.286000000000000000e+03,1.823302863437066101e-04
2.287000000000000000e+03,1.819855192199523926e-04
2.288000000000000000e+03,1.816424365150205885e-04
2.289000000000000000e+03,1.813010305728488089e-04
2.290000000000000000e+03,1.809612938020061521e-04
2.291000000000000000e+03,1.806232186751839262e-04
2.292000000000000000e+03,1.802867977286923360e-04
2.293000000000000000e+03,1.799520235619634029e-04
2.294000000000000000e+03,1.796188888370590356e-04
2.295000000000000000e+03,1.792873862781857680e-04
2.296000000000000000e+03,1.789575086712144581e-04
2.297000000000000000e+03,1.786292488632062743e-04
2.298000000000000000e+03,1.783025997619440493e-04
2.299000000000000000e+03,1.779775543354686481e-04
2.300000000000000000e+03,1.776541056116218143e-04
2.301000000000000000e+03,1.773322466775936778e-04
2.302000000000000000e+03,1.770119706794758203e-04
2.303000000000000000e+03,1.766932708218197604e-04
2.304000000000000000e+03,1.763761403672004543e-04
2.305000000000000000e+03,1.760605726357851355e-04
2.306000000000000000e+03,1.757465610049071419e-04
2.307000000000000000e+03,1.754340989086451371e-04
2.308000000000000000e+03,1.751231798374067227e-04
2.309000000000000000e+03,1.748137973375175523e-04
2.310000000000000000e+03,1.745059450108153796e-04
2.311000000000000000e+03,1.741996165142483614e-04
2.312000000000000000e+03,1.738948055594786730e-04
2.313000000000000000e+03,1.735915059124908675e-04
2.314000000000000000e+03,1.732897113932045446e-04
2.315000000000000000e+03,1.729894158750921150e-04
2.316000000000000000e+03,1.726906132848009018e-04
2.317000000000000000e+03,1.723932976017796871e-04
2.318000000000000000e+03,1.720974628579101102e-04
2.319000000000000000e+03,1.718031031371422676e-04
2.320000000000000000e+03,1.715102125751347031e-04
2.321000000000000000e+03,1.712187853588989798e-04
2.322000000000000000e+03,1.709288157264480731e-04
2.323000000000000000e+03,1.706402979664498325e-04
2.324000000000000000e+03,1.703532264178838317e-04
2.325000000000000000e+03,1.700675954697032871e-04
2.326000000000000000e+03,1.697833995604999314e-04
2.327000000000000000e+03,1.695006331781742529e-04
2.328000000000000000e+03,1.692192908596091780e-04
2.329000000000000000e+03,1.689393671903473856e-04
2.330000000000000000e+03,1.686608568042736360e-04
2.331000000000000000e+03,1.683837543833001892e-04
2.332000000000000000e+03,1.681080546570563167e-04
2.333000000000000000e+03,1.678337524025818792e-04
2.334000000000000000e+03,1.675608424440247252e-04
2.335000000000000000e+03,1.672893196523415600e-04
2.336000000000000000e+03,1.670191789450029343e-04
2.337000000000000000e+03,1.667504152857017562e-04
2.338000000000000000e+03,1.664830236840658694e-04
2.339000000000000000e+03,1.662169991953732333e-04
2.340000000000000000e+03,1.659523369202723611e-04
2.341000000000000000e+03,1.656890320045048732e-04
2.342000000000000000e+03,1.654270796386322776e-04
2.343000000000000000e+03,1.651664750577663289e-04
2.344000000000000000e+03,1.649072135413027487e-04
2.345000000000000000e+03,1.646492904126580349e-04
2.346000000000000000e+03,1.643927010390105006e-04
2.347000000000000000e+03,1.641374408310440495e-04
2.348000000000000000e+03,1.638835052426955029e-04
2.349000000000000000e+03,1.636308897709054500e-04
2.350000000000000000e+03,1.633795899553721340e-04
2.351000000000000000e+03,1.631296013783088889e-04
2.352000000000000000e+03,1.628809196642045309e-04
2.353000000000000000e+03,1.626335404795871918e-04
2.354000000000000000e+03,1.623874595327915414e-04
2.355000000000000000e+03,1.621426725737286378e-04
2.356000000000000000e+03,1.618991753936595192e-04
2.357000000000000000e+03,1.616569638249713164e-04
2.358000000000000000e+03,1.614160337409571320e-04
2.359000000000000000e+03,1.611763810555985773e-04
2.360000000000000000e+03,1.609380017233512350e-04
2.361000000000000000e+03,1.607008917389337016e-04
2.362000000000000000e+03,1.604650471371190398e-04
2.363000000000000000e+03,1.602304639925294862e-04
2.364000000000000000e+03,1.599971384194343819e-04
2.365000000000000000e+03,1.597650665715502464e-04
2.366000000000000000e+03,1.595342446418446995e-04
2.367000000000000000e+03,1.593046688623427141e-04
2.368000000000000000e+03,1.590763355039360408e-04
2.369000000000000000e+03,1.588492408761949361e-04
2.370000000000000000e+03,1.586233813271835499e-04
2.371000000000000000e+03,1.583987532432772375e-04
2.372000000000000000e+03,1.581753530489838830e-04
2.373000000000000000e+03,1.579531772067662256e-04
2.374000000000000000e+03,1.577322222168687940e-04
2.375000000000000000e+03,1.575124846171462771e-04
2.376000000000000000e+03,1.572939609828952830e-04
2.377000000000000000e+03,1.570766479266885100e-04
2.378000000000000000e+03,1.568605420982115476e-04
2.379000000000000000e+03,1.566456401841028476e-04
2.380000000000000000e+03,1.564319389077956752e-04
2.381000000000000000e+03,1.562194350293631489e-04
2.382000000000000000e+03,1.560081253453656392e-04
2.383000000000000000e+03,1.557980066887010404e-04
2.384000000000000000e+03,1.555890759284574002e-04
2.385000000000000000e+03,1.553813299697681248e-04
2.386000000000000000e+03,1.551747657536700024e-04
2.387000000000000000e+03,1.549693802569636120e-04
2.388000000000000000e+03,1.547651704920759554e-04
2.389000000000000000e+03,1.545621335069263412e-04
2.390000000000000000e+03,1.543602663847939765e-04
2.391000000000000000e+03,1.541595662441885134e-04
2.392000000000000000e+03,1.539600302387231971e-04
2.393000000000000000e+03,1.537616555569899660e-04
2.394000000000000000e+03,1.535644394224376685e-04
2.395000000000000000e+03,1.533683790932517709e-04
2.396000000000000000e+03,1.531734718622378599e-04
2.397000000000000000e+03,1.529797150567063107e-04
2.398000000000000000e+03,1.527871060383599090e-04
2.399000000000000000e+03,1.525956422031840760e-04
2.400000000000000000e+03,1.524053209813390171e-04
2.401000000000000000e+03,1.522161398370546089e-04
2.402000000000000000e+03,1.520280962685275348e-04
2.403000000000000000e+03,1.518411878078206447e-04
2.404000000000000000e+03,1.516554120207651865e-04
2.405000000000000000e+03,1.514707665068643939e-04
2.406000000000000000e+03,1.512872488992007868e-04
2.407000000000000000e+03,1.511048568643446916e-04
2.408000000000000000e+03,1.509235881022652286e-04
2.409000000000000000e+03,1.507434403462440907e-04
2.410000000000000000e+03,1.505644113627917615e-04
2.411000000000000000e+03,1.503864989515647907e-04
2.412000000000000000e+03,1.502097009452870813e-04
2.413000000000000000e+03,1.500340152096722333e-04
2.414000000000000000e+03,1.498594396433485171e-04
2.415000000000000000e+03,1.496859721777864759e-04
2.416000000000000000e+03,1.495136107772282897e-04
2.417000000000000000e+03,1.493423534386195250e-04
2.418000000000000000e+03,1.491721981915438116e-04
2.419000000000000000e+03,1.490031430981583597e-04
2.420000000000000000e+03,1.488351862531335696e-04
2.421000000000000000e+03,1.486683257835932383e-04
2.422000000000000000e+03,1.485025598490580180e-04
2.423000000000000000e+03,1.483378866413907727e-04
2.424000000000000000e+03,1.481743043847441837e-04
2.425000000000000000e+03,1.480118113355107412e-04
2.426000000000000000e+03,1.478504057822748493e-04
2.427000000000000000e+03,1.476900860457669917e-04
2.428000000000000000e+03,1.475308504788207698e-04
2.429000000000000000e+03,1.473726974663315677e-04
2.430000000000000000e+03,1.472156254252173315e-04
2.431000000000000000e+03,1.470596328043823021e-04
2.432000000000000000e+03,1.469047180846825109e-04
2.433000000000000000e+03,1.467508797788932807e-04
2.434000000000000000e+03,1.465981164316796270e-04
2.435000000000000000e+03,1.464464266195682587e-04
2.436000000000000000e+03,1.462958089509221529e-04
2.437000000000000000e+03,1.461462620659172184e-04
2.438000000000000000e+03,1.459977846365215323e-04
2.439000000000000000e+03,1.458503753664759878e-04
2.440000000000000000e+03,1.457040329912783014e-04
2.441000000000000000e+03,1.455587562781684855e-04
2.442000000000000000e+03,1.454145440261164876e-04
2.443000000000000000e+03,1.452713950658129753e-04
2.444000000000000000e+03,1.451293082596610416e-04
2.445000000000000000e+03,1.449882825017717060e-04
2.446000000000000000e+03,1.448483167179599295e-04
2.447000000000000000e+03,1.447094098657446151e-04
2.448000000000000000e+03,1.445715609343495290e-04
2.449000000000000000e+03,1.444347689447073393e-04
2.450000000000000000e+03,1.442990329494654440e-04
2.451000000000000000e+03,1.441643520329942375e-04
2.452000000000000000e+03,1.440307253113978986e-04
2.453000000000000000e+03,1.438981519325270217e-04
2.454000000000000000e+03,1.437666310759938223e-04
2.455000000000000000e+03,1.436361619531897286e-04
2.456000000000000000e+03,1.435067438073048425e-04
2.457000000000000000e+03,1.433783759133503018e-04
2.458000000000000000e+03,1.432510575781826201e-04
2.459000000000000000e+03,1.431247881405301684e-04
2.460000000000000000e+03,1.429995669710228286e-04
2.461000000000000000e+03,1.428753934722227842e-04
2.462000000000000000e+03,1.427522670786585102e-04
2.463000000000000000e+03,1.426301872568609859e-04
2.464000000000000000e+03,1.425091535054023460e-04
2.465000000000000000e+03,1.423891653549363490e-04
2.466000000000000000e+03,1.422702223682420703e-04
2.467000000000000000e+03,1.421523241402693574e-04
2.468000000000000000e+03,1.420354702981869413e-04
2.469000000000000000e+03,1.419196605014331233e-04
2.470000000000000000e+03,1.418048944417686294e-04
2.471000000000000000e+03,1.416911718433319048e-04
2.472000000000000000e+03,1.415784924626971731e-04
2.473000000000000000e+03,1.414668560889347448e-04
2.474000000000000000e+03,1.413562625436737654e-04
2.475000000000000000e+03,1.412467116811673494e-04
2.476000000000000000e+03,1.411382033883610198e-04
2.477000000000000000e+03,1.410307375849622605e-04
2.478000000000000000e+03,1.409243142235141869e-04
2.479000000000000000e+03,1.408189332894701942e-04
2.480000000000000000e+03,1.407145948012726426e-04
2.481000000000000000e+03,1.406112988104331427e-04
2.482000000000000000e+03,1.405090454016157413e-04
2.483000000000000000e+03,1.404078346927228166e-04
2.484000000000000000e+03,1.403076668349833873e-04
2.485000000000000000e+03,1.402085420130444015e-04
2.486000000000000000e+03,1.401104604450642229e-04
2.487000000000000000e+03,1.400134223828092598e-04
2.488000000000000000e+03,1.399174281117530341e-04
2.489000000000000000e+03,1.398224779511779339e-04
2.490000000000000000e+03,1.397285722542800015e-04
2.491000000000000000e+03,1.396357114082760254e-04
2.492000000000000000e+03,1.395438958345138582e-04
2.493000000000000000e+03,1.394531259885852545e-04
2.494000000000000000e+03,1.393634023604415826e-04
2.495000000000000000e+03,1.392747254745124361e-04
2.496000000000000000e+03,1.391870958898269023e-04
2.497000000000000000e+03,1.391005142001382178e-04
2.498000000000000000e+03,1.390149810340506476e-04
2.499000000000000000e+03,1.389304970551497249e-04
2.500000000000000000e+03,1.388470629621353907e-04
2.501000000000000000e+03,1.387646794889580619e-04
2.502000000000000000e+03,1.386833474049576796e-04
2.503000000000000000e+03,1.386030675150054959e-04
2.504000000000000000e+03,1.385238406596499261e-04
2.505000000000000000e+03,1.384456677152639463e-04
2.506000000000000000e+03,1.383685495941970166e-04
2.507000000000000000e+03,1.382924872449290657e-04
2.508000000000000000e+03,1.382174816522283500e-04
2.509000000000000000e+03,1.381435338373122141e-04
2.510000000000000000e+03,1.380706448580109138e-04
2.511000000000000000e+03,1.379988158089349895e-04
2.512000000000000000e+03,1.379280478216457571e-04
2.513000000000000000e+03,1.378583420648288348e-04
2.514000000000000000e+03,1.377896997444717623e-04
2.515000000000000000e+03,1.377221221040440054e-04
2.516000000000000000e+03,1.376556104246810536e-04
2.517000000000000000e+03,1.375901660253717163e-04
2.518000000000000000e+03,1.375257902631487792e-04
2.519000000000000000e+03,1.374624845332834565e-04
2.520000000000000000e+03,1.374002502694829592e-04
2.521000000000000000e+03,1.373390889440919403e-04
2.522000000000000000e+03,1.372790020682973814e-04
2.523000000000000000e+03,1.372199911923372752e-04
2.524000000000000000e+03,1.371620579057126674e-04
2.525000000000000000e+03,1.371052038374037934e-04
2.526000000000000000e+03,1.370494306560897098e-04
2.527000000000000000e+03,1.369947400703716133e-04
2.528000000000000000e+03,1.369411338290005232e-04
2.529000000000000000e+03,1.368886137211080807e-04
2.530000000000000000e+03,1.368371815764417396e-04
2.531000000000000000e+03,1.367868392656037245e-04
2.532000000000000000e+03,1.367375887002942984e-04
2.533000000000000000e+03,1.366894318335585006e-04
2.534000000000000000e+03,1.366423706600372200e-04
2.535000000000000000e+03,1.365964072162229319e-04
2.536000000000000000e+03,1.365515435807185783e-04
2.537000000000000000e+03,1.365077818745012185e-04
2.538000000000000000e+03,1.364651242611902339e-04
2.539000000000000000e+03,1.364235729473193539e-04
2.540000000000000000e+03,1.363831301826131282e-04
2.541000000000000000e+03,1.363437982602678969e-04
2.542000000000000000e+03,1.363055795172372073e-04
2.543000000000000000e+03,1.362684763345219465e-04
2.544000000000000000e+03,1.362324911374644307e-04
2.545000000000000000e+03,1.361976263960478352e-04
2.546000000000000000e+03,1.361638846251997435e-04
2.547000000000000000e+03,1.361312683851007932e-04
2.548000000000000000e+03,1.360997802814977386e-04
2.549000000000000000e+03,1.360694229660217459e-04
2.550000000000000000e+03,1.360401991365113767e-04
2.551000000000000000e+03,1.360121115373404512e-04
2.552000000000000000e+03,1.359851629597510602e-04
2.553000000000000000e+03,1.359593562421915116e-04
2.554000000000000000e+03,1.359346942706597509e-04
2.555000000000000000e+03,1.359111799790514448e-04
2.556000000000000000e+03,1.358888163495138100e-04
2.557000000000000000e+03,1.358676064128046203e-04
2.558000000000000000e+03,1.358475532486564709e-04
2.559000000000000000e+03,1.358286599861464915e-04
2.560000000000000000e+03,1.358109298040721040e-04
2.561000000000000000e+03,1.357943659313315767e-04
2.562000000000000000e+03,1.357789716473110312e-04
2.563000000000000000e+03,1.357647502822764891e-04
2.564000000000000000e+03,1.357517052177724252e-04
2.565000000000000000e+03,1.357398398870256597e-04
2.566000000000000000e+03,1.357291577753554307e-04
2.567000000000000000e+03,1.357196624205897549e-04
2.568000000000000000e+03,1.357113574134874261e-04
2.569000000000000000e+03,1.357042463981667087e-04
2.570000000000000000e+03,1.356983330725398864e-04
2.571000000000000000e+03,1.356936211887546672e-04
2.572000000000000000e+03,1.356901145536415802e-04
2.573000000000000000e+03,1.356878170291681473e-04
2.574000000000000000e+03,1.356867325328997781e-04
2.575000000000000000e+03,1.356868650384671418e-04
2.576000000000000000e+03,1.356882185760406687e-04
2.577000000000000000e+03,1.356907972328113123e-04
2.578000000000000000e+03,1.356946051534795245e-04
2.579000000000000000e+03,1.356996465407499231e-04
2.580000000000000000e+03,1.357059256558340360e-04
2.581000000000000000e+03,1.357134468189600391e-04
2.582000000000000000e+03,1.357222144098901102e-04
2.583000000000000000e+03,1.357322328684449665e-04
2.584000000000000000e+03,1.357435066950359905e-04
2.585000000000000000e+03,1.357560404512057049e-04
2.586000000000000000e+03,1.357698387601750240e-04
2.587000000000000000e+03,1.357849063073993405e-04
2.588000000000000000e+03,1.358012478411319587e-04
2.589000000000000000e+03,1.358188681729964446e-04
2.590000000000000000e+03,1.358377721785662944e-04
2.591000000000000000e+03,1.358579647979538466e-04
2.592000000000000000e+03,1.358794510364070532e-04
2.593000000000000000e+03,1.359022359649153056e-04
2.594000000000000000e+03,1.359263247208238512e-04
2.595000000000000000e+03,1.359517225084570205e-04
2.596000000000000000e+03,1.359784345997504251e-04
2.597000000000000000e+03,1.360064663348925073e-04
2.598000000000000000e+03,1.360358231229751968e-04
2.599000000000000000e+03,1.360665104426539462e-04
2.600000000000000000e+03,1.360985338428173067e-04
2.601000000000000000e+03,1.361318989432662896e-04
2.602000000000000000e+03,1.361666114354034580e-04
2.603000000000000000e+03,1.362026770829321014e-04
2.604000000000000000e+03,1.362401017225652771e-04
2.605000000000000000e+03,1.362788912647452597e-04
2.606000000000000000e+03,1.363190516943736154e-04
2.607000000000000000e+03,1.363605890715515498e-04
2.608000000000000000e+03,1.364035095323309888e-04
2.609000000000000000e+03,1.364478192894768812e-04
2.610000000000000000e+03,1.364935246332401534e-04
2.611000000000000000e+03,1.365406319321422655e-04
2.612000000000000000e+03,1.365891476337707713e-04
2.613000000000000000e+03,1.366390782655868867e-04
2.614000000000000000e+03,1.366904304357445228e-04
2.615000000000000000e+03,1.367432108339212732e-04
2.616000000000000000e+03,1.367974262321614075e-04
2.617000000000000000e+03,1.368530834857317952e-04
2.618000000000000000e+03,1.369101895339895115e-04
2.619000000000000000e+03,1.369687514012623447e-04
2.620000000000000000e+03,1.370287761977427479e-04
2.621000000000000000e+03,1.370902711203940698e-04
2.622000000000000000e+03,1.371532434538705271e-04
2.623000000000000000e+03,1.372177005714508380e-04
2.624000000000000000e+03,1.372836499359851104e-04
2.625000000000000000e+03,1.373510991008559869e-04
2.626000000000000000e+03,1.374200557109536410e-04
2.627000000000000000e+03,1.374905275036657616e-04
2.628000000000000000e+03,1.375625223098813352e-04
2.629000000000000000e+03,1.376360480550099037e-04
2.630000000000000000e+03,1.377111127600156497e-04
2.631000000000000000e+03,1.377877245424664703e-04
2.632000000000000000e+03,1.378658916175998022e-04
2.633000000000000000e+03,1.379456222994022432e-04
2.634000000000000000e+03,1.380269250017074963e-04
2.635000000000000000e+03,1.381098082393090597e-04
2.636000000000000000e+03,1.381942806290901277e-04
2.637000000000000000e+03,1.382803508911702704e-04
2.638000000000000000e+03,1.383680278500694328e-04
2.639000000000000000e+03,1.384573204358890107e-04
2.640000000000000000e+03,1.385482376855110052e-04
2.641000000000000000e+03,1.386407887438149045e-04
2.642000000000000000e+03,1.387349828649131857e-04
2.643000000000000000e+03,1.388308294134051144e-04
2.644000000000000000e+03,1.389283378656496783e-04
2.645000000000000000e+03,1.390275178110577400e-04
2.646000000000000000e+03,1.391283789534035692e-04
2.647000000000000000e+03,1.392309311121565679e-04
2.648000000000000000e+03,1.393351842238330811e-04
2.649000000000000000e+03,1.394411483433686985e-04
2.650000000000000000e+03,1.395488336455115083e-04
2.651000000000000000e+03,1.396582504262368189e-04
2.652000000000000000e+03,1.397694091041833196e-04
2.653000000000000000e+03,1.398823202221111974e-04
2.654000000000000000e+03,1.399969944483829402e-04
2.655000000000000000e+03,1.401134425784664747e-04
2.656000000000000000e+03,1.402316755364619129e-04
2.657000000000000000e+03,1.403517043766515002e-04
2.658000000000000000e+03,1.404735402850738500e-04
2.659000000000000000e+03,1.405971945811221931e-04
2.660000000000000000e+03,1.407226787191677539e-04
2.661000000000000000e+03,1.408500042902083337e-04
2.662000000000000000e+03,1.409791830235423461e-04
2.663000000000000000e+03,1.411102267884692526e-04
2.664000000000000000e+03,1.412431475960164527e-04
2.665000000000000000e+03,1.413779576006931975e-04
2.666000000000000000e+03,1.415146691022722597e-04
2.667000000000000000e+03,1.416532945475994937e-04
2.668000000000000000e+03,1.417938465324317479e-04
2.669000000000000000e+03,1.419363378033042949e-04
2.670000000000000000e+03,1.420807812594272366e-04
2.671000000000000000e+03,1.422271899546124834e-04
2.672000000000000000e+03,1.423755770992310920e-04
2.673000000000000000e+03,1.425259560622019357e-04
2.674000000000000000e+03,1.426783403730120885e-04
2.675000000000000000e+03,1.428327437237693277e-04
2.676000000000000000e+03,1.429891799712878684e-04
2.677000000000000000e+03,1.431476631392074902e-04
2.678000000000000000e+03,1.433082074201466279e-04
2.679000000000000000e+03,1.434708271778905079e-04
2.680000000000000000e+03,1.436355369496144401e-04
2.681000000000000000e+03,1.438023514481432416e-04
2.682000000000000000e+03,1.439712855642471157e-04
2.683000000000000000e+03,1.441423543689757765e-04
2.684000000000000000e+03,1.443155731160294909e-04
2.685000000000000000e+03,1.444909572441694225e-04
2.686000000000000000e+03,1.446685223796679827e-04
2.687000000000000000e+03,1.448482843387987825e-04
2.688000000000000000e+03,1.450302591303675125e-04
2.689000000000000000e+03,1.452144629582854593e-04
2.690000000000000000e+03,1.454009122241846559e-04
2.691000000000000000e+03,1.455896235300769409e-04
2.692000000000000000e+03,1.457806136810572278e-04
2.693000000000000000e+03,1.459738996880514960e-04
2.694000000000000000e+03,1.461694987706111054e-04
2.695000000000000000e+03,1.463674283597534874e-04
2.696000000000000000e+03,1.465677061008511639e-04
2.697000000000000000e+03,1.467703498565684991e-04
2.698000000000000000e+03,1.469753777098487847e-04
2.699000000000000000e+03,1.471828079669515238e-04
2.700000000000000000e+03,1.473926591605412143e-04
2.701000000000000000e+03,1.476049500528284458e-04
2.702000000000000000e+03,1.478196996387651783e-04
2.703000000000000000e+03,1.480369271492937712e-04
2.704000000000000000e+03,1.482566520546522006e-04
2.705000000000000000e+03,1.484788940677359535e-04
2.706000000000000000e+03,1.487036731475175472e-04
2.707000000000000000e+03,1.489310095025255171e-04
2.708000000000000000e+03,1.491609235943830631e-04
2.709000000000000000e+03,1.493934361414085493e-04
2.710000000000000000e+03,1.496285681222783996e-04
2.711000000000000000e+03,1.498663407797539348e-04
2.712000000000000000e+03,1.501067756244733420e-04
2.713000000000000000e+03,1.503498944388103502e-04
2.714000000000000000e+03,1.505957192808000998e-04
2.715000000000000000e+03,1.508442724881352401e-04
2.716000000000000000e+03,1.510955766822318503e-04
2.717000000000000000e+03,1.513496547723674329e-04
2.718000000000000000e+03,1.516065299598930388e-04
2.719000000000000000e+03,1.518662257425200130e-04
2.720000000000000000e+03,1.521287659186831224e-04
2.721000000000000000e+03,1.523941745919826134e-04
2.722000000000000000e+03,1.526624761757051723e-04
2.723000000000000000e+03,1.529336953974270411e-04
2.724000000000000000e+03,1.532078573037000749e-04
2.725000000000000000e+03,1.534849872648226651e-04
2.726000000000000000e+03,1.537651109796971821e-04
2.727000000000000000e+03,1.540482544807764034e-04
2.728000000000000000e+03,1.543344441390997958e-04
2.729000000000000000e+03,1.546237066694225502e-04
2.730000000000000000e+03,1.549160691354385905e-04
2.731000000000000000e+03,1.552115589550997501e-04
2.732000000000000000e+03,1.555102039060338290e-04
2.733000000000000000e+03,1.558120321310623151e-04
2.734000000000000000e+03,1.561170721438214306e-04
2.735000000000000000e+03,1.564253528344873969e-04
2.736000000000000000e+03,1.567369034756092253e-04
2.737000000000000000e+03,1.570517537280507418e-04
2.738000000000000000e+03,1.573699336470442563e-04
2.739000000000000000e+03,1.576914736883586437e-04
2.740000000000000000e+03,1.580164047145843007e-04
2.741000000000000000e+03,1.583447580015369047e-04
2.742000000000000000e+03,1.586765652447838504e-04
2.743000000000000000e+03,1.590118585662944747e-04
2.744000000000000000e+03,1.593506705212186241e-04
2.745000000000000000e+03,1.596930341047944591e-04
2.746000000000000000e+03,1.600389827593903206e-04
2.747000000000000000e+03,1.603885503816821748e-04
2.748000000000000000e+03,1.607417713299705145e-04
2.749000000000000000e+03,1.610986804316393722e-04
2.750000000000000000e+03,1.614593129907612658e-04
2.751000000000000000e+03,1.618237047958507625e-04
2.752000000000000000e+03,1.621918921277702914e-04
2.753000000000000000e+03,1.625639117677918637e-04
2.754000000000000000e+03,1.629398010058179822e-04
2.755000000000000000e+03,1.633195976487656677e-04
2.756000000000000000e+03,1.637033400291171823e-04
2.757000000000000000e+03,1.640910670136414603e-04
2.758000000000000000e+03,1.644828180122898510e-04
2.759000000000000000e+03,1.648786329872709456e-04
2.760000000000000000e+03,1.652785524623079014e-04
2.761000000000000000e+03,1.656826175320831986e-04
2.762000000000000000e+03,1.660908698718746763e-04
2.763000000000000000e+03,1.665033517473879184e-04
2.764000000000000000e+03,1.669201060247890267e-04
2.765000000000000000e+03,1.673411761809435279e-04
2.766000000000000000e+03,1.677666063138649657e-04
2.767000000000000000e+03,1.681964411533793844e-04
2.768000000000000000e+03,1.686307260720109084e-04
2.769000000000000000e+03,1.690695070960920496e-04
2.770000000000000000e+03,1.695128309171068748e-04
2.771000000000000000e+03,1.699607449032705284e-04
2.772000000000000000e+03,1.704132971113516716e-04
2.773000000000000000e+03,1.708705362987440431e-04
2.774000000000000000e+03,1.713325119357926455e-04
2.775000000000000000e+03,1.717992742183813864e-04
2.776000000000000000e+03,1.722708740807885725e-04
2.777000000000000000e+03,1.727473632088161366e-04
2.778000000000000000e+03,1.732287940532008935e-04
2.779000000000000000e+03,1.737152198433132989e-04
2.780000000000000000e+03,1.742066946011523580e-04
2.781000000000000000e+03,1.747032731556426473e-04
2.782000000000000000e+03,1.752050111572428547e-04
2.783000000000000000e+03,1.757119650928719366e-04
2.784000000000000000e+03,1.762241923011625413e-04
2.785000000000000000e+03,1.767417509880486921e-04
2.786000000000000000e+03,1.772647002426979486e-04
2.787000000000000000e+03,1.777931000537948494e-04
2.788000000000000000e+03,1.783270113261868032e-04
2.789000000000000000e+03,1.788664958979002358e-04
2.790000000000000000e+03,1.794116165575379150e-04
2.791000000000000000e+03,1.799624370620661270e-04
2.792000000000000000e+03,1.805190221550031170e-04
2.793000000000000000e+03,1.810814375850186586e-04
2.794000000000000000e+03,1.816497501249560555e-04
2.795000000000000000e+03,1.822240275912872013e-04
2.796000000000000000e+03,1.828043388640132453e-04
2.797000000000000000e+03,1.833907539070214374e-04
2.798000000000000000e+03,1.839833437889117301e-04
2.799000000000000000e+03,1.845821807043052272e-04
2.800000000000000000e+03,1.851873379956472184e-04
2.801000000000000000e+03,1.857988901755187861e-04
2.802000000000000000e+03,1.864169129494706997e-04
2.803000000000000000e+03,1.870414832393938267e-04
2.804000000000000000e+03,1.876726792074407259e-04
2.805000000000000000e+03,1.883105802805142232e-04
2.806000000000000000e+03,1.889552671753378526e-04
2.807000000000000000e+03,1.896068219241248847e-04
2.808000000000000000e+03,1.902653279008628565e-04
2.809000000000000000e+03,1.909308698482303540e-04
2.810000000000000000e+03,1.916035339051643167e-04
2.811000000000000000e+03,1.922834076350958326e-04
2.812000000000000000e+03,1.929705800548742135e-04
2.813000000000000000e+03,1.936651416643980230e-04
2.814000000000000000e+03,1.943671844769740114e-04
2.815000000000000000e+03,1.950768020504246923e-04
2.816000000000000000e+03,1.957940895189660545e-04
2.817000000000000000e+03,1.965191436258781246e-04
2.818000000000000000e+03,1.972520627569912283e-04
2.819000000000000000e+03,1.979929469750116419e-04
2.820000000000000000e+03,1.987418980547120569e-04
2.821000000000000000e+03,1.994990195190112533e-04
2.822000000000000000e+03,2.002644166759704120e-04
2.823000000000000000e+03,2.010381966567329533e-04
2.824000000000000000e+03,2.018204684544357131e-04
2.825000000000000000e+03,2.026113429641216498e-04
2.826000000000000000e+03,2.034109330236829780e-04
2.827000000000000000e+03,2.042193534558670368e-04
2.828000000000000000e+03,2.050367211113771201e-04
2.829000000000000000e+03,2.058631549131005535e-04
2.830000000000000000e+03,2.066987759015008236e-04
2.831000000000000000e+03,2.075437072812073445e-04
2.832000000000000000e+03,2.083980744688415676e-04
2.833000000000000000e+03,2.092620051421171905e-04
2.834000000000000000e+03,2.101356292902545829e-04
2.835000000000000000e+03,2.110190792657505457e-04
2.836000000000000000e+03,2.119124898375463655e-04
2.837000000000000000e+03,2.128159982456378856e-04
2.838000000000000000e+03,2.137297442571748371e-04
2.839000000000000000e+03,2.146538702240953186e-04
2.840000000000000000e+03,2.155885211423460570e-04
2.841000000000000000e+03,2.165338447127394350e-04
2.842000000000000000e+03,2.174899914034999213e-04
2.843000000000000000e+03,2.184571145145550912e-04
2.844000000000000000e+03,2.194353702436291061e-04
2.845000000000000000e+03,2.204249177541967920e-04
2.846000000000000000e+03,2.214259192453606868e-04
2.847000000000000000e+03,2.224385400237145890e-04
2.848000000000000000e+03,2.234629485772602340e-04
2.849000000000000000e+03,2.244993166514452378e-04
2.850000000000000000e+03,2.255478193273948980e-04
2.851000000000000000e+03,2.266086351024108436e-04
2.852000000000000000e+03,2.276819459728154384e-04
2.853000000000000000e+03,2.287679375192198906e-04
2.854000000000000000e+03,2.298667989943016944e-04
2.855000000000000000e+03,2.309787234131763776e-04
2.856000000000000000e+03,2.321039076464547369e-04
2.857000000000000000e+03,2.332425525160783679e-04
2.858000000000000000e+03,2.343948628940318820e-04
2.859000000000000000e+03,2.355610478040321256e-04
2.860000000000000000e+03,2.367413205263010326e-04
2.861000000000000000e+03,2.379358987055309378e-04
2.862000000000000000e+03,2.391450044621572484e-04
2.863000000000000000e+03,2.403688645070570055e-04
2.864000000000000000e+03,2.416077102597977459e-04
2.865000000000000000e+03,2.428617779705652792e-04
2.866000000000000000e+03,2.441313088459050925e-04
2.867000000000000000e+03,2.454165491784176222e-04
2.868000000000000000e+03,2.467177504805524615e-04
2.869000000000000000e+03,2.480351696226558932e-04
2.870000000000000000e+03,2.493690689754271398e-04
2.871000000000000000e+03,2.507197165569531464e-04
2.872000000000000000e+03,2.520873861844896745e-04
2.873000000000000000e+03,2.534723576311737276e-04
2.874000000000000000e+03,2.548749167878511875e-04
2.875000000000000000e+03,2.562953558302192647e-04
2.876000000000000000e+03,2.577339733914861823e-04
2.877000000000000000e+03,2.591910747407633075e-04
2.878000000000000000e+03,2.606669719674137276e-04
2.879000000000000000e+03,2.621619841715894521e-04
2.880000000000000000e+03,2.636764376612022701e-04
2.881000000000000000e+03,2.652106661555833763e-04
2.882000000000000000e+03,2.667650109960984254e-04
2.883000000000000000e+03,2.683398213639968705e-04
2.884000000000000000e+03,2.699354545057875625e-04
2.885000000000000000e+03,2.715522759664463549e-04
2.886000000000000000e+03,2.731906598307746320e-04
2.887000000000000000e+03,2.748509889732440501e-04
2.888000000000000000e+03,2.765336553166776348e-04
2.889000000000000000e+03,2.782390601001342913e-04
2.890000000000000000e+03,2.799676141563814022e-04
2.891000000000000000e+03,2.817197381993580231e-04
2.892000000000000000e+03,2.834958631220520025e-04
2.893000000000000000e+03,2.852964303052332186e-04
2.894000000000000000e+03,2.871218919375078380e-04
2.895000000000000000e+03,2.889727113471813789e-04
2.896000000000000000e+03,2.908493633464414013e-04
2.897000000000000000e+03,2.927523345883977510e-04
2.898000000000000000e+03,2.946821239375430578e-04
2.899000000000000000e+03,2.966392428542274679e-04
2.900000000000000000e+03,2.986242157937677756e-04
2.901000000000000000e+03,3.006375806208471117e-04
2.902000000000000000e+03,3.026798890398908390e-04
2.903000000000000000e+03,3.047517070421436065e-04
2.904000000000000000e+03,3.068536153702059073e-04
2.905000000000000000e+03,3.089862100008332639e-04
2.906000000000000000e+03,3.111501026468376993e-04
2.907000000000000000e+03,3.133459212789808674e-04
2.908000000000000000e+03,3.155743106687916881e-04
2.909000000000000000e+03,3.178359329532940824e-04
2.910000000000000000e+03,3.201314682226814672e-04
2.911000000000000000e+03,3.224616151320322402e-04
2.912000000000000000e+03,3.248270915382208768e-04
2.913000000000000000e+03,3.272286351632406796e-04
2.914000000000000000e+03,3.296670042852238819e-04
2.915000000000000000e+03,3.321429784585158218e-04
2.916000000000000000e+03,3.346573592642343876e-04
2.917000000000000000e+03,3.372109710928304486e-04
2.918000000000000000e+03,3.398046619602472247e-04
2.919000000000000000e+03,3.424393043593721700e-04
2.920000000000000000e+03,3.451157961485686802e-04
2.921000000000000000e+03,3.478350614791817777e-04
2.922000000000000000e+03,3.505980517640228979e-04
2.923000000000000000e+03,3.534057466889526885e-04
2.924000000000000000e+03,3.562591552698145757e-04
2.925000000000000000e+03,3.591593169570968073e-04
2.926000000000000000e+03,3.621073027908531757e-04
2.927000000000000000e+03,3.651042166085577976e-04
2.928000000000000000e+03,3.681511963087405232e-04
2.929000000000000000e+03,3.712494151734169493e-04
2.930000000000000000e+03,3.744000832525204306e-04
2.931000000000000000e+03,3.776044488137402671e-04
2.932000000000000000e+03,3.808637998613839432e-04
2.933000000000000000e+03,3.841794657281135273e-04
2.934000000000000000e+03,3.875528187436484456e-04
2.935000000000000000e+03,3.909852759847938812e-04
2.936000000000000000e+03,3.944783011114332319e-04
2.937000000000000000e+03,3.980334062934286449e-04
2.938000000000000000e+03,4.016521542336970040e-04
2.939000000000000000e+03,4.053361602930804141e-04
2.940000000000000000e+03,4.090870947230041614e-04
2.941000000000000000e+03,4.129066850123192683e-04
2.942000000000000000e+03,4.167967183551623948e-04
2.943000000000000000e+03,4.207590442471323129e-04
2.944000000000000000e+03,4.247955772175866633e-04
2.945000000000000000e+03,4.289082997064064826e-04
2.946000000000000000e+03,4.330992650941594552e-04
2.947000000000000000e+03,4.373706008952265027e-04
2.948000000000000000e+03,4.417245121241385620e-04
2.949000000000000000e+03,4.461632848461042408e-04
2.950000000000000000e+03,4.506892899235118415e-04
2.951000000000000000e+03,4.553049869710407735e-04
2.952000000000000000e+03,4.600129285329631235e-04
2.953000000000000000e+03,4.648157644972109666e-04
2.954000000000000000e+03,4.697162467618934845e-04
2.955000000000000000e+03,4.747172341711232901e-04
2.956000000000000000e+03,4.798216977383084410e-04
2.957000000000000000e+03,4.850327261764571696e-04
2.958000000000000000e+03,4.903535317565689122e-04
2.959000000000000000e+03,4.957874565168344551e-04
2.960000000000000000e+03,5.013379788471647013e-04
2.961000000000000000e+03,5.070087204755335981e-04
2.962000000000000000e+03,5.128034538847472132e-04
2.963000000000000000e+03,5.187261101905836069e-04
2.964000000000000000e+03,5.247807875147930418e-04
2.965000000000000000e+03,5.309717598892145767e-04
2.966000000000000000e+03,5.373034867303131063e-04
2.967000000000000000e+03,5.437806229267535835e-04
2.968000000000000000e+03,5.504080295862678494e-04
2.969000000000000000e+03,5.571907854920592510e-04
2.970000000000000000e+03,5.641341993233593482e-04
2.971000000000000000e+03,5.712438226995547813e-04
2.972000000000000000e+03,5.785254641125743081e-04
2.973000000000000000e+03,5.859852038180341947e-04
2.974000000000000000e+03,5.936294097620225217e-04
2.975000000000000000e+03,6.014647546274469155e-04
2.976000000000000000e+03,6.094982340916316969e-04
2.977000000000000000e+03,6.177371863954226813e-04
2.978000000000000000e+03,6.261893133335360694e-04
2.979000000000000000e+03,6.348627027863624518e-04
2.980000000000000000e+03,6.437658529250486501e-04
2.981000000000000000e+03,6.529076982345481846e-04
2.982000000000000000e+03,6.622976375136085860e-04
2.983000000000000000e+03,6.719455640265352935e-04
2.984000000000000000e+03,6.818618979992158635e-04
2.985000000000000000e+03,6.920576216715437160e-04
2.986000000000000000e+03,7.025443171402896573e-04
2.987000000000000000e+03,7.133342072509244684e-04
2.988000000000000000e+03,7.244401998242285846e-04
2.989000000000000000e+03,7.358759355341067641e-04
2.990000000000000000e+03,7.476558397872874089e-04
2.991000000000000000e+03,7.597951789940295174e-04
2.992000000000000000e+03,7.723101216621392493e-04
2.993000000000000000e+03,7.852178047951686047e-04
2.994000000000000000e+03,7.985364061303882981e-04
2.995000000000000000e+03,8.122852228138452207e-04
2.996000000000000000e+03,8.264847571795471944e-04
2.997000000000000000e+03,8.411568103787004725e-04
2.998000000000000000e+03,8.563245846943257208e-04
2.999000000000000000e+03,8.720127954780285259e-04
3.000000000000000000e+03,8.882477937610243519e-04
3.001000000000000000e+03,9.050577007228285216e-04
3.002000000000000000e+03,9.224725553507966266e-04
3.003000000000000000e+03,9.405244767947904807e-04
3.004000000000000000e+03,9.592478431171076909e-04
3.005000000000000000e+03,9.786794883623549900e-04
3.006000000000000000e+03,9.988589201299269329e-04
3.007000000000000000e+03,1.019828560128663688e-03
3.008000000000000000e+03,1.041634010535698015e-03
3.009000000000000000e+03,1.064324349377208977e-03
3.010000000000000000e+03,1.087952458607050442e-03
3.011000000000000000e+03,1.112575389091016330e-03
3.012000000000000000e+03,1.138254767323016109e-03
3.013000000000000000e+03,1.165057249420447995e-03
3.014000000000000000e+03,1.193055028788503205e-03
3.015000000000000000e+03,1.222326404829857929e-03
3.016000000000000000e+03,1.252956421234767935e-03
3.017000000000000000e+03,1.285037583750392150e-03
3.018000000000000000e+03,1.318670668937821670e-03
3.019000000000000000e+03,1.353965637330236923e-03
3.020000000000000000e+03,1.391042666666432448e-03
3.021000000000000000e+03,1.430033323564769204e-03
3.022000000000000000e+03,1.471081895214926662e-03
3.023000000000000000e+03,1.514346906511438795e-03
3.024000000000000000e+03,1.560002852673962256e-03
3.025000000000000000e+03,1.608242182968680749e-03
3.026000000000000000e+03,1.659277577880873163e-03
3.027000000000000000e+03,1.713344570263403881e-03
3.028000000000000000e+03,1.770704570943582457e-03
3.029000000000000000e+03,1.831648371446271267e-03
3.030000000000000000e+03,1.896500211436853017e-03
3.031000000000000000e+03,1.965622516908629384e-03
3.032000000000000000e+03,2.039421437939541431e-03
3.033000000000000000e+03,2.118353343187477037e-03
3.034000000000000000e+03,2.202932463690311735e-03
3.035000000000000000e+03,2.293739922949604264e-03
3.036000000000000000e+03,2.391434446275089807e-03
3.037000000000000000e+03,2.496765113332366677e-03
3.038000000000000000e+03,2.610586608243912511e-03
3.039000000000000000e+03,2.733877537402628916e-03
3.040000000000000000e+03,2.867762534348974619e-03
3.041000000000000000e+03,3.013539064396100840e-03
3.042000000000000000e+03,3.172710093756798359e-03
3.043000000000000000e+03,3.347024118660361577e-03
3.044000000000000000e+03,3.538524486741692881e-03
3.045000000000000000e+03,3.749610523750996575e-03
3.046000000000000000e+03,3.983113756193653633e-03
3.047000000000000000e+03,4.242393568957596867e-03
3.048000000000000000e+03,4.531458060918151093e-03
3.049000000000000000e+03,4.855117809495571209e-03
3.050000000000000000e+03,5.219182939346402039e-03
3.051000000000000000e+03,5.630717615108929430e-03
3.052000000000000000e+03,6.098371281015423605e-03
3.053000000000000000e+03,6.632813280464972851e-03
3.054000000000000000e+03,7.247307806885477412e-03
3.055000000000000000e+03,7.958480736588145060e-03
3.056000000000000000e+03,8.787350528515628159e-03
3.057000000000000000e+03,9.760724333511591744e-03
3.058000000000000000e+03,1.091310038000078454e-02
3.059000000000000000e+03,1.228927067563070040e-02
3.060000000000000000e+03,1.394788264885234511e-02
3.061000000000000000e+03,1.596628126871486864e-02
3.062000000000000000e+03,1.844696732147472693e-02
3.063000000000000000e+03,2.152583633426003937e-02
3.064000000000000000e+03,2.538164512066690137e-02
3.065000000000000000e+03,3.024399722480349342e-02
3.066000000000000000e+03,3.639151944180724768e-02
3.067000000000000000e+03,4.411890692547069254e-02
3.068000000000000000e+03,5.362649565028330262e-02
3.069000000000000000e+03,6.475611528097185987e-02
3.070000000000000000e+03,7.652750648609663031e-02
3.071000000000000000e+03,8.670287208697853576e-02
3.072000000000000000e+03,9.216815130020329649e-02
3.073000000000000000e+03,9.075802073977874695e-02
3.074000000000000000e+03,8.307992483417149521e-02
3.075000000000000000e+03,7.196489656667767743e-02
3.076000000000000000e+03,6.031422017932492469e-02
3.077000000000000000e+03,4.983478930946188407e-02
3.078000000000000000e+03,4.111045700804823178e-02
3.079000000000000000e+03,3.410996765202548020e-02
3.080000000000000000e+03,2.857386997970137038e-02
3.081000000000000000e+03,2.420656700541681111e-02
3.082000000000000000e+03,2.074781730337720356e-02
3.083000000000000000e+03,1.798927471806441997e-02
3.084000000000000000e+03,1.577074989763421406e-02
3.085000000000000000e+03,1.397105619625443017e-02
3.086000000000000000e+03,1.249888337921689109e-02
3.087000000000000000e+03,1.128527089817752543e-02
3.088000000000000000e+03,1.027783894143652690e-02
3.089000000000000000e+03,9.436505869818596903e-03
3.090000000000000000e+03,8.730350528730487780e-03
3.091000000000000000e+03,8.135321261206671789e-03
3.092000000000000000e+03,7.632560054540922165e-03
3.093000000000000000e+03,7.207170805574139236e-03
3.094000000000000000e+03,6.847308279592664859e-03
3.095000000000000000e+03,6.543499534634851511e-03
3.096000000000000000e+03,6.288134891756788983e-03
3.097000000000000000e+03,6.075083504824636306e-03
3.098000000000000000e+03,5.899401296583404834e-03
3.099000000000000000e+03,5.757108030341137953e-03
3.100000000000000000e+03,5.645016689696107613e-03
3.101000000000000000e+03,5.560602924249766557e-03
3.102000000000000000e+03,5.501905633244572741e-03
3.103000000000000000e+03,5.467452182607216056e-03
3.104000000000000000e+03,5.456203551118327805e-03
3.105000000000000000e+03,5.467516067535037848e-03
3.106000000000000000e+03,5.501117468691077948e-03
3.107000000000000000e+03,5.557095879727612549e-03
3.108000000000000000e+03,5.635901069633908467e-03
3.109000000000000000e+03,5.738358032590982691e-03
3.110000000000000000e+03,5.865693646419936624e-03
3.111000000000000000e+03,6.019577922290444451e-03
3.112000000000000000e+03,6.202182250212185700e-03
3.113000000000000000e+03,6.416258142628854244e-03
3.114000000000000000e+03,6.665241387570384340e-03
3.115000000000000000e+03,6.953388384125370851e-03
3.116000000000000000e+03,7.285953942387171298e-03
3.117000000000000000e+03,7.669423264470916386e-03
3.118000000000000000e+03,8.111815577970435051e-03
3.119000000000000000e+03,8.623083534893324215e-03
3.120000000000000000e+03,9.215641829043573485e-03
3.121000000000000000e+03,9.905071675824585198e-03
3.122000000000000000e+03,1.071106644740454049e-02
3.123000000000000000e+03,1.165871001471827963e-02
3.124000000000000000e+03,1.278021585688133600e-02
3.125000000000000000e+03,1.411730433692522275e-02
3.126000000000000000e+03,1.572445824701496422e-02
3.127000000000000000e+03,1.767336548991233630e-02
3.128000000000000000e+03,2.005890180315065413e-02
3.129000000000000000e+03,2.300693130821803226e-02
3.130000000000000000e+03,2.668375102477617278e-02
3.131000000000000000e+03,3.130552463036605920e-02
3.132000000000000000e+03,3.714200169155443959e-02
3.133000000000000000e+03,4.449898323053003840e-02
3.134000000000000000e+03,5.364334897006944880e-02
3.135000000000000000e+03,6.460247782245506776e-02
3.136000000000000000e+03,7.676179050726440745e-02
3.137000000000000000e+03,8.834080744313732581e-02
3.138000000000000000e+03,9.633192017292950549e-02
3.139000000000000000e+03,9.782736030148152240e-02
3.140000000000000000e+03,9.224038150209713793e-02
3.141000000000000000e+03,8.183651480382737875e-02
3.142000000000000000e+03,6.983051008694313166e-02
3.143000000000000000e+03,5.851712545629026568e-02
3.144000000000000000e+03,4.889500243802981372e-02
3.145000000000000000e+03,4.112084487220601936e-02
3.146000000000000000e+03,3.498607034416763295e-02
3.147000000000000000e+03,3.018706164538834461e-02
3.148000000000000000e+03,2.643774600550382464e-02
3.149000000000000000e+03,2.350299618212564959e-02
3.150000000000000000e+03,2.120030246815839473e-02
3.151000000000000000e+03,1.939149347033212664e-02
3.152000000000000000e+03,1.797299488090086522e-02
3.153000000000000000e+03,1.686737950959790386e-02
3.154000000000000000e+03,1.601676488562788978e-02
3.155000000000000000e+03,1.537788558119152979e-02
3.156000000000000000e+03,1.491849524696139094e-02
3.157000000000000000e+03,1.461476988093830288e-02
3.158000000000000000e+03,1.444944992875128557e-02
3.159000000000000000e+03,1.441052657364413729e-02
3.160000000000000000e+03,1.449033366726169836e-02
3.161000000000000000e+03,1.468494993051808369e-02
3.162000000000000000e+03,1.499384870296975938e-02
3.163000000000000000e+03,1.541975767430091120e-02
3.164000000000000000e+03,1.596871148836078932e-02
3.165000000000000000e+03,1.665029830229012783e-02
3.166000000000000000e+03,1.747811952311670997e-02
3.167000000000000000e+03,1.847050224783364919e-02
3.168000000000000000e+03,1.965152886729085516e-02
3.169000000000000000e+03,2.105248080895879420e-02
3.170000000000000000e+03,2.271383704961760577e-02
3.171000000000000000e+03,2.468802676008889987e-02
3.172000000000000000e+03,2.704321222579095588e-02
3.173000000000000000e+03,2.986847070549603078e-02
3.174000000000000000e+03,3.328083235930602568e-02
3.175000000000000000e+03,3.743464643774637585e-02
3.176000000000000000e+03,4.253348960191943168e-02
3.177000000000000000e+03,4.884377209837240108e-02
3.178000000000000000e+03,5.670604591239707115e-02
3.179000000000000000e+03,6.653186524843443528e-02
3.180000000000000000e+03,7.875540658477843403e-02
3.181000000000000000e+03,9.367403816851456455e-02
3.182000000000000000e+03,1.110738886713049933e-01
3.183000000000000000e+03,1.295951415541252427e-01
3.184000000000000000e+03,1.462014868506485710e-01
3.185000000000000000e+03,1.568637190427848160e-01
3.186000000000000000e+03,1.591284670870127260e-01
3.187000000000000000e+03,1.543219214890411417e-01
3.188000000000000000e+03,1.464011853008657660e-01
3.189000000000000000e+03,1.389395830608105009e-01
3.190000000000000000e+03,1.335644041250732827e-01
3.191000000000000000e+03,1.304013513581693262e-01
3.192000000000000000e+03,1.293586566553894257e-01
3.193000000000000000e+03,1.310055213705755561e-01
3.194000000000000000e+03,1.364838815226765423e-01
3.195000000000000000e+03,1.470092679907465671e-01
3.196000000000000000e+03,1.635670637090854695e-01
3.197000000000000000e+03,1.866641868785247349e-01
3.198000000000000000e+03,2.156773944483144911e-01
3.199000000000000000e+03,2.475515166496404518e-01
3.200000000000000000e+03,2.754956562938206677e-01
3.201000000000000000e+03,2.900286715635875812e-01
3.202000000000000000e+03,2.843644468784835566e-01
3.203000000000000000e+03,2.600026820782780357e-01
3.204000000000000000e+03,2.252918735352382740e-01
3.205000000000000000e+03,1.889721966181670820e-01
3.206000000000000000e+03,1.562449991739627564e-01
3.207000000000000000e+03,1.289082315964221737e-01
3.208000000000000000e+03,1.068766535402878859e-01
3.209000000000000000e+03,8.936045587716348604e-02
3.210000000000000000e+03,7.545494144525477509e-02
3.211000000000000000e+03,6.436148427302437747e-02
3.212000000000000000e+03,5.543940162477068584e-02
3.213000000000000000e+03,4.819513411197082903e-02
3.214000000000000000e+03,4.225451595806400257e-02
3.215000000000000000e+03,3.733496661163538538e-02
3.216000000000000000e+03,3.322249923291079737e-02
3.217000000000000000e+03,2.975407087587247229e-02
3.218000000000000000e+03,2.680446332137540258e-02
3.219000000000000000e+03,2.427665900066706614e-02
3.220000000000000000e+03,2.209480429054265505e-02
3.221000000000000000e+03,2.019905390667944486e-02
3.222000000000000000e+03,1.854177417072009823e-02
3.223000000000000000e+03,1.708472787125564843e-02
3.224000000000000000e+03,1.579697075012000476e-02
3.225000000000000000e+03,1.465326685235663479e-02
3.226000000000000000e+03,1.363288481856464625e-02
3.227000000000000000e+03,1.271867598306614111e-02
3.228000000000000000e+03,1.189636258575145489e-02
3.229000000000000000e+03,1.115398389227059348e-02
3.230000000000000000e+03,1.048146192585558065e-02
3.231000000000000000e+03,9.870258503491352586e-03
3.232000000000000000e+03,9.313102493115232861e-03
3.233000000000000000e+03,8.803771470227862023e-03
3.234000000000000000e+03,8.336915812844887183e-03
3.235000000000000000e+03,7.907916126992677736e-03
3.236000000000000000e+03,7.512767019046334878e-03
3.237000000000000000e+03,7.147981823710036244e-03
3.238000000000000000e+03,6.810514098663162860e-03
3.239000000000000000e+03,6.497692610596283828e-03
3.240000000000000000e+03,6.207167236308945048e-03
3.241000000000000000e+03,5.936863740579926933e-03
3.242000000000000000e+03,5.684945809213185451e-03
3.243000000000000000e+03,5.449783040268958018e-03
3.244000000000000000e+03,5.229923850789006123e-03
3.245000000000000000e+03,5.024072456629617885e-03
3.246000000000000000e+03,4.831069241617384422e-03
3.247000000000000000e+03,4.649873958457335747e-03
3.248000000000000000e+03,4.479551304752392611e-03
3.249000000000000000e+03,4.319258498580736023e-03
3.250000000000000000e+03,4.168234543518230251e-03
3.251000000000000000e+03,4.025790926035380767e-03
3.252000000000000000e+03,3.891303531371826784e-03
3.253000000000000000e+03,3.764205599274303427e-03
3.254000000000000000e+03,3.643981569931203490e-03
3.255000000000000000e+03,3.530161694275694203e-03
3.256000000000000000e+03,3.422317302532903484e-03
3.257000000000000000e+03,3.320056641230029193e-03
3.258000000000000000e+03,3.223021202490731173e-03
3.259000000000000000e+03,3.130882480794332495e-03
3.260000000000000000e+03,3.043339101896768741e-03
3.261000000000000000e+03,2.960114276608242188e-03
3.262000000000000000e+03,2.880953538865054474e-03
3.263000000000000000e+03,2.805622733234778253e-03
3.264000000000000000e+03,2.733906221829828301e-03
3.265000000000000000e+03,2.665605284718570913e-03
3.266000000000000000e+03,2.600536691433633085e-03
3.267000000000000000e+03,2.538531424181929286e-03
3.268000000000000000e+03,2.479433535941039015e-03
3.269000000000000000e+03,2.423099128849496783e-03
3.270000000000000000e+03,2.369395440220472323e-03
3.271000000000000000e+03,2.318200025176505273e-03
3.272000000000000000e+03,2.269400026357103108e-03
3.273000000000000000e+03,2.222891522424735259e-03
3.274000000000000000e+03,2.178578948216706567e-03
3.275000000000000000e+03,2.136374580385057200e-03
3.276000000000000000e+03,2.096198083255231340e-03
3.277000000000000000e+03,2.057976110435254680e-03
3.278000000000000000e+03,2.021641958436961109e-03
3.279000000000000000e+03,1.987135269244008715e-03
3.280000000000000000e+03,1.954401779391584399e-03
3.281000000000000000e+03,1.923393113722234558e-03
3.282000000000000000e+03,1.894066622563367851e-03
3.283000000000000000e+03,1.866385261646436641e-03
3.284000000000000000e+03,1.840317514667811792e-03
3.285000000000000000e+03,1.815837358989489444e-03
3.286000000000000000e+03,1.792924275607735629e-03
3.287000000000000000e+03,1.771563305194599064e-03
3.288000000000000000e+03,1.751745152758036770e-03
3.289000000000000000e+03,1.733466344290840759e-03
3.290000000000000000e+03,1.716729439709740795e-03
3.291000000000000000e+03,1.701543307451455376e-03
3.292000000000000000e+03,1.687923467325015301e-03
3.293000000000000000e+03,1.675892509659474136e-03
3.294000000000000000e+03,1.665480600482038007e-03
3.295000000000000000e+03,1.656726084473980403e-03
3.296000000000000000e+03,1.649676199855075508e-03
3.297000000000000000e+03,1.644387922234639109e-03
3.298000000000000000e+03,1.640928957954986434e-03
3.299000000000000000e+03,1.639378911687653035e-03
3.300000000000000000e+03,1.639830658209228765e-03
3.301000000000000000e+03,1.642391954617419391e-03
3.302000000000000000e+03,1.647187337049401887e-03
3.303000000000000000e+03,1.654360355619170515e-03
3.304000000000000000e+03,1.664076213295577608e-03
3.305000000000000000e+03,1.676524889442726051e-03
3.306000000000000000e+03,1.691924847579309721e-03
3.307000000000000000e+03,1.710527450684284261e-03
3.308000000000000000e+03,1.732622237533648852e-03
3.309000000000000000e+03,1.758543252020119615e-03
3.310000000000000000e+03,1.788676666748282131e-03
3.311000000000000000e+03,1.823470005852682050e-03
3.312000000000000000e+03,1.863443354600148941e-03
3.313000000000000000e+03,1.909203051222149727e-03
3.314000000000000000e+03,1.961458498211945348e-03
3.315000000000000000e+03,2.021042917903745871e-03
3.316000000000000000e+03,2.088939127009790866e-03
3.317000000000000000e+03,2.166311739932344320e-03
3.318000000000000000e+03,2.254547663416003531e-03
3.319000000000000000e+03,2.355307361171338123e-03
3.320000000000000000e+03,2.470590211506260795e-03
3.321000000000000000e+03,2.602818446722454399e-03
3.322000000000000000e+03,2.754945783544558626e-03
3.323000000000000000e+03,2.930599121148021180e-03
3.324000000000000000e+03,3.134264873313514707e-03
3.325000000000000000e+03,3.371536007785839745e-03
3.326000000000000000e+03,3.649442243108222492e-03
3.327000000000000000e+03,3.976894856160758523e-03
3.328000000000000000e+03,4.365290145839340573e-03
3.329000000000000000e+03,4.829332830035558063e-03
3.330000000000000000e+03,5.388163153515829890e-03
3.331000000000000000e+03,6.066897899511751457e-03
3.332000000000000000e+03,6.898718184365054337e-03
3.333000000000000000e+03,7.927630710399532349e-03
3.334000000000000000e+03,9.211923242485495558e-03
3.335000000000000000e+03,1.082794566107712735e-02
3.336000000000000000e+03,1.287272944779277797e-02
3.337000000000000000e+03,1.546113003206309178e-02
3.338000000000000000e+03,1.870687786002633857e-02
3.339000000000000000e+03,2.266569711432804904e-02
3.340000000000000000e+03,2.720887964325268554e-02
3.341000000000000000e+03,3.182459056389897595e-02
3.342000000000000000e+03,3.549099263839961688e-02
3.343000000000000000e+03,3.697650510703206356e-02
3.344000000000000000e+03,3.566552025870865783e-02
3.345000000000000000e+03,3.209925223611146544e-02
3.346000000000000000e+03,2.749627991290963525e-02
3.347000000000000000e+03,2.291035657118796129e-02
3.348000000000000000e+03,1.888775121403545379e-02
3.349000000000000000e+03,1.557714994792090170e-02
3.350000000000000000e+03,1.293068653447286380e-02
3.351000000000000000e+03,1.083622102303737934e-02
3.352000000000000000e+03,9.178059799337758007e-03
3.353000000000000000e+03,7.857705105503884693e-03
3.354000000000000000e+03,6.797396527278547901e-03
3.355000000000000000e+03,5.937687160651477884e-03
3.356000000000000000e+03,5.233675457150749680e-03
3.357000000000000000e+03,4.651507252649941804e-03
3.358000000000000000e+03,4.165563930641501093e-03
3.359000000000000000e+03,3.756330867557527552e-03
3.360000000000000000e+03,3.408822400293008530e-03
3.361000000000000000e+03,3.111429453999153133e-03
3.362000000000000000e+03,2.855077759833946766e-03
3.363000000000000000e+03,2.632611112649110071e-03
3.364000000000000000e+03,2.438336978983596595e-03
3.365000000000000000e+03,2.267689358877124015e-03
3.366000000000000000e+03,2.116976690515853712e-03
3.367000000000000000e+03,1.983191808930869372e-03
3.368000000000000000e+03,1.863867504971615909e-03
3.369000000000000000e+03,1.756965848889641179e-03
3.370000000000000000e+03,1.660792711106000383e-03
3.371000000000000000e+03,1.573931234863813061e-03
3.372000000000000000e+03,1.495189674456074824e-03
3.373000000000000000e+03,1.423560205551404820e-03
3.374000000000000000e+03,1.358186177750689326e-03
3.375000000000000000e+03,1.298335909260690682e-03
3.376000000000000000e+03,1.243381586138507956e-03
3.377000000000000000e+03,1.192782170794005545e-03
3.378000000000000000e+03,1.146069479453291949e-03
3.379000000000000000e+03,1.102836779644116895e-03
3.380000000000000000e+03,1.062729403334612991e-03
3.381000000000000000e+03,1.025436981303434573e-03
3.382000000000000000e+03,9.906869884705403993e-04
3.383000000000000000e+03,9.582393547248650939e-04
3.384000000000000000e+03,9.278819459930890681e-04
3.385000000000000000e+03,8.994267594155913289e-04
3.386000000000000000e+03,8.727067071486537637e-04
3.387000000000000000e+03,8.475728874578461382e-04
3.388000000000000000e+03,8.238922608856342816e-04
3.389000000000000000e+03,8.015456644886209984e-04
3.390000000000000000e+03,7.804261093022214334e-04
3.391000000000000000e+03,7.604373159592537528e-04
3.392000000000000000e+03,7.414924512698244140e-04
3.393000000000000000e+03,7.235130349549567449e-04
3.394000000000000000e+03,7.064279909209407113e-04
3.395000000000000000e+03,6.901728217041009934e-04
3.396000000000000000e+03,6.746888881943255986e-04
3.397000000000000000e+03,6.599227796084056793e-04
3.398000000000000000e+03,6.458257610484947767e-04
3.399000000000000000e+03,6.323532879403436554e-04
3.400000000000000000e+03,6.194645782751547749e-04
3.401000000000000000e+03,6.071222349379509081e-04
3.402000000000000000e+03,5.952919115425813965e-04
3.403000000000000000e+03,5.839420161479818780e-04
3.404000000000000000e+03,5.730434480337704252e-04
3.405000000000000000e+03,5.625693633915055400e-04
3.406000000000000000e+03,5.524949663620443673e-04
3.407000000000000000e+03,5.427973223367033636e-04
3.408000000000000000e+03,5.334551908545375311e-04
3.409000000000000000e+03,5.244488757817345175e-04
3.410000000000000000e+03,5.157600907615631771e-04
3.411000000000000000e+03,5.073718381825363492e-04
3.412000000000000000e+03,4.992683001351497837e-04
3.413000000000000000e+03,4.914347400193047437e-04
3.414000000000000000e+03,4.838574136299609294e-04
3.415000000000000000e+03,4.765234886916373054e-04
3.416000000000000000e+03,4.694209719363173056e-04
3.417000000000000000e+03,4.625386429269376766e-04
3.418000000000000000e+03,4.558659939222360321e-04
3.419000000000000000e+03,4.493931751603152057e-04
3.420000000000000000e+03,4.431109450094986913e-04
3.421000000000000000e+03,4.370106244973541031e-04
3.422000000000000000e+03,4.310840557833355599e-04
3.423000000000000000e+03,4.253235641884045657e-04
3.424000000000000000e+03,4.197219234371032210e-04
3.425000000000000000e+03,4.142723238046309292e-04
3.426000000000000000e+03,4.089683428941877667e-04
3.427000000000000000e+03,4.038039187987271469e-04
3.428000000000000000e+03,3.987733254268205807e-04
3.429000000000000000e+03,3.938711497949736904e-04
3.430000000000000000e+03,3.890922711088174780e-04
3.431000000000000000e+03,3.844318414734435160e-04
3.432000000000000000e+03,3.798852680890251539e-04
3.433000000000000000e+03,3.754481968020116048e-04
3.434000000000000000e+03,3.711164968947925128e-04
3.435000000000000000e+03,3.668862470080010998e-04
3.436000000000000000e+03,3.627537220996954149e-04
3.437000000000000000e+03,3.587153813546820557e-04
3.438000000000000000e+03,3.547678569653309189e-04
3.439000000000000000e+03,3.509079437124882207e-04
3.440000000000000000e+03,3.471325892816168259e-04
3.441000000000000000e+03,3.434388852551567778e-04
3.442000000000000000e+03,3.398240587273859280e-04
3.443000000000000000e+03,3.362854644928171713e-04
3.444000000000000000e+03,3.328205777634702062e-04
3.445000000000000000e+03,3.294269873742381566e-04
3.446000000000000000e+03,3.261023894390774921e-04
3.447000000000000000e+03,3.228445814239319775e-04
3.448000000000000000e+03,3.196514566051762555e-04
3.449000000000000000e+03,3.165209988849817125e-04
3.450000000000000000e+03,3.134512779373731673e-04
3.451000000000000000e+03,3.104404446609049283e-04
3.452000000000000000e+03,3.074867269158381138e-04
3.453000000000000000e+03,3.045884255254906084e-04
3.454000000000000000e+03,3.017439105230529926e-04
3.455000000000000000e+03,2.989516176266452936e-04
3.456000000000000000e+03,2.962100449267450345e-04
3.457000000000000000e+03,2.935177497713489857e-04
3.458000000000000000e+03,2.908733458353622244e-04
3.459000000000000000e+03,2.882755003617415695e-04
3.460000000000000000e+03,2.857229315628646892e-04
3.461000000000000000e+03,2.832144061714659297e-04
3.462000000000000000e+03,2.807487371312707798e-04
3.463000000000000000e+03,2.783247814181948943e-04
3.464000000000000000e+03,2.759414379836397867e-04
3.465000000000000000e+03,2.735976458120359454e-04
3.466000000000000000e+03,2.712923820853469403e-04
3.467000000000000000e+03,2.690246604477736507e-04
3.468000000000000000e+03,2.667935293643731152e-04
3.469000000000000000e+03,2.645980705677529249e-04
3.470000000000000000e+03,2.624373975874063790e-04
3.471000000000000000e+03,2.603106543566328771e-04
3.472000000000000000e+03,2.582170138923343158e-04
3.473000000000000000e+03,2.561556770432989096e-04
3.474000000000000000e+03,2.541258713028826644e-04
3.475000000000000000e+03,2.521268496822713515e-04
3.476000000000000000e+03,2.501578896407614331e-04
3.477000000000000000e+03,2.482182920697338776e-04
3.478000000000000000e+03,2.463073803272129454e-04
3.479000000000000000e+03,2.444244993201031982e-04
3.480000000000000000e+03,2.425690146313894580e-04
3.481000000000000000e+03,2.407403116897545209e-04
3.482000000000000000e+03,2.389377949792338837e-04
3.483000000000000000e+03,2.371608872866778461e-04
3.484000000000000000e+03,2.354090289849289949e-04
3.485000000000000000e+03,2.336816773497563495e-04
3.486000000000000000e+03,2.319783059087059530e-04
3.487000000000000000e+03,2.302984038201426450e-04
3.488000000000000000e+03,2.286414752808624859e-04
3.489000000000000000e+03,2.270070389607526913e-04
3.490000000000000000e+03,2.253946274630689878e-04
3.491000000000000000e+03,2.238037868089841613e-04
3.492000000000000000e+03,2.222340759451428343e-04
3.493000000000000000e+03,2.206850662730309868e-04
3.494000000000000000e+03,2.191563411990388578e-04
3.495000000000000000e+03,2.176474957041610260e-04
3.496000000000000000e+03,2.161581359323386405e-04
3.497000000000000000e+03,2.146878787965048854e-04
3.498000000000000000e+03,2.132363516014497266e-04
3.499000000000000000e+03,2.118031916826682102e-04
3.500000000000000000e+03,2.103880460604051837e-04
3.501000000000000000e+03,2.089905711081521873e-04
3.502000000000000000e+03,2.076104322348937639e-04
3.503000000000000000e+03,2.062473035804390320e-04
3.504000000000000000e+03,2.049008677232119346e-04
3.505000000000000000e+03,2.035708153999046376e-04
3.506000000000000000e+03,2.022568452364346318e-04
3.507000000000000000e+03,2.009586634896732464e-04
3.508000000000000000e+03,1.996759837994420189e-04
3.509000000000000000e+03,1.984085269503018767e-04
3.510000000000000000e+03,1.971560206426828019e-04
3.511000000000000000e+03,1.959181992729264513e-04
3.512000000000000000e+03,1.946948037218370253e-04
3.513000000000000000e+03,1.934855811513548174e-04
3.514000000000000000e+03,1.922902848089884495e-04
3.515000000000000000e+03,1.911086738396593643e-04
3.516000000000000000e+03,1.899405131046300607e-04
3.517000000000000000e+03,1.887855730072041474e-04
3.518000000000000000e+03,1.876436293249015500e-04
3.519000000000000000e+03,1.865144630478273867e-04
3.520000000000000000e+03,1.853978602229668473e-04
3.521000000000000000e+03,1.842936118041518063e-04
3.522000000000000000e+03,1.832015135074563069e-04
3.523000000000000000e+03,1.821213656717916071e-04
3.524000000000000000e+03,1.810529731244807231e-04
3.525000000000000000e+03,1.799961450516045463e-04
3.526000000000000000e+03,1.789506948729200405e-04
3.527000000000000000e+03,1.779164401211623836e-04
3.528000000000000000e+03,1.768932023255493963e-04
3.529000000000000000e+03,1.758808068993174668e-04
3.530000000000000000e+03,1.748790830311247179e-04
3.531000000000000000e+03,1.738878635801648000e-04
3.532000000000000000e+03,1.729069849748432659e-04
3.533000000000000000e+03,1.719362871148731652e-04
3.534000000000000000e+03,1.709756132766549863e-04
3.535000000000000000e+03,1.700248100218108946e-04
3.536000000000000000e+03,1.690837271087497495e-04
3.537000000000000000e+03,1.681522174071448843e-04
3.538000000000000000e+03,1.672301368152112697e-04
3.539000000000000000e+03,1.663173441796744528e-04
3.540000000000000000e+03,1.654137012183282455e-04
3.541000000000000000e+03,1.645190724450822832e-04
3.542000000000000000e+03,1.636333250974052102e-04
3.543000000000000000e+03,1.627563290660732573e-04
3.544000000000000000e+03,1.618879568271378835e-04
3.545000000000000000e+03,1.610280833760297848e-04
3.546000000000000000e+03,1.601765861637203918e-04
3.547000000000000000e+03,1.593333450348645311e-04
3.548000000000000000e+03,1.584982421678523396e-04
3.549000000000000000e+03,1.576711620167005811e-04
3.550000000000000000e+03,1.568519912547166077e-04
3.551000000000000000e+03,1.560406187198715643e-04
3.552000000000000000e+03,1.552369353618210943e-04
3.553000000000000000e+03,1.544408341905152942e-04
3.554000000000000000e+03,1.536522102263413792e-04
3.555000000000000000e+03,1.528709604517449556e-04
3.556000000000000000e+03,1.520969837642786730e-04
3.557000000000000000e+03,1.513301809310274061e-04
3.558000000000000000e+03,1.505704545443634556e-04
3.559000000000000000e+03,1.498177089789849551e-04
3.560000000000000000e+03,1.490718503501941184e-04
3.561000000000000000e+03,1.483327864733726353e-04
3.562000000000000000e+03,1.476004268246136131e-04
3.563000000000000000e+03,1.468746825024711683e-04
3.564000000000000000e+03,1.461554661907902891e-04
3.565000000000000000e+03,1.454426921225801354e-04
3.566000000000000000e+03,1.447362760448971640e-04
3.567000000000000000e+03,1.440361351847037374e-04
3.568000000000000000e+03,1.433421882156706126e-04
3.569000000000000000e+03,1.426543552258925445e-04
3.570000000000000000e+03,1.419725576864867280e-04
3.571000000000000000e+03,1.412967184210460253e-04
3.572000000000000000e+03,1.406267615759190868e-04
3.573000000000000000e+03,1.399626125912912372e-04
3.574000000000000000e+03,1.393041981730396982e-04
3.575000000000000000e+03,1.386514462653399464e-04
3.576000000000000000e+03,1.380042860239981623e-04
3.577000000000000000e+03,1.373626477904878131e-04
3.578000000000000000e+03,1.367264630666677118e-04
3.579000000000000000e+03,1.360956644901609787e-04
3.580000000000000000e+03,1.354701858103740067e-04
3.581000000000000000e+03,1.348499618651356183e-04
3.582000000000000000e+03,1.342349285579380082e-04
3.583000000000000000e+03,1.336250228357604454e-04
3.584000000000000000e+03,1.330201826674580609e-04
3.585000000000000000e+03,1.324203470226994312e-04
3.586000000000000000e+03,1.318254558514353133e-04
3.587000000000000000e+03,1.312354500638837575e-04
3.588000000000000000e+03,1.306502715110149557e-04
3.589000000000000000e+03,1.300698629655225454e-04
3.590000000000000000e+03,1.294941681032652392e-04
3.591000000000000000e+03,1.289231314851669642e-04
3.592000000000000000e+03,1.283566985395600602e-04
3.593000000000000000e+03,1.277948155449601267e-04
3.594000000000000000e+03,1.272374296132595603e-04
3.595000000000000000e+03,1.266844886733273711e-04
3.596000000000000000e+03,1.261359414550042985e-04
3.597000000000000000e+03,1.255917374734810297e-04
3.598000000000000000e+03,1.250518270140497099e-04
3.599000000000000000e+03,1.245161611172171954e-04
3.600000000000000000e+03,1.239846915641705104e-04
3.601000000000000000e+03,1.234573708625842886e-04
3.602000000000000000e+03,1.229341522327606574e-04
3.603000000000000000e+03,1.224149895940928115e-04
3.604000000000000000e+03,1.218998375518423269e-04
3.605000000000000000e+03,1.213886513842227488e-04
3.606000000000000000e+03,1.208813870297801153e-04
3.607000000000000000e+03,1.203780010750627328e-04
3.608000000000000000e+03,1.198784507425724777e-04
3.609000000000000000e+03,1.193826938789893714e-04
3.610000000000000000e+03,1.188906889436629237e-04
3.611000000000000000e+03,1.184023949973625456e-04
3.612000000000000000e+03,1.179177716912799582e-04
3.613000000000000000e+03,1.174367792562774985e-04
3.614000000000000000e+03,1.169593784923752075e-04
3.615000000000000000e+03,1.164855307584708043e-04
3.616000000000000000e+03,1.160151979622862727e-04
3.617000000000000000e+03,1.155483425505350283e-04
3.618000000000000000e+03,1.150849274993042320e-04
3.619000000000000000e+03,1.146249163046462191e-04
3.620000000000000000e+03,1.141682729733741245e-04
3.621000000000000000e+03,1.137149620140562144e-04
3.622000000000000000e+03,1.132649484282036948e-04
3.623000000000000000e+03,1.128181977016472790e-04
3.624000000000000000e+03,1.123746757960978254e-04
3.625000000000000000e+03,1.119343491408860726e-04
3.626000000000000000e+03,1.114971846248769845e-04
3.627000000000000000e+03,1.110631495885548172e-04
3.628000000000000000e+03,1.106322118162739057e-04
3.629000000000000000e+03,1.102043395286717020e-04
3.630000000000000000e+03,1.097795013752395776e-04
3.631000000000000000e+03,1.093576664270477729e-04
3.632000000000000000e+03,1.089388041696206166e-04
3.633000000000000000e+03,1.085228844959582484e-04
3.634000000000000000e+03,1.081098776997013749e-04
3.635000000000000000e+03,1.076997544684357922e-04
3.636000000000000000e+03,1.072924858771326514e-04
3.637000000000000000e+03,1.068880433817219586e-04
3.638000000000000000e+03,1.064863988127955421e-04
3.639000000000000000e+03,1.060875243694368311e-04
3.640000000000000000e+03,1.056913926131739206e-04
3.641000000000000000e+03,1.052979764620535808e-04
3.642000000000000000e+03,1.049072491848327516e-04
3.643000000000000000e+03,1.045191843952853296e-04
3.644000000000000000e+03,1.041337560466211156e-04
3.645000000000000000e+03,1.037509384260144012e-04
3.646000000000000000e+03,1.033707061492399336e-04
3.647000000000000000e+03,1.029930341554132742e-04
3.648000000000000000e+03,1.026178977018335335e-04
3.649000000000000000e+03,1.022452723589258933e-04
3.650000000000000000e+03,1.018751340052819105e-04
3.651000000000000000e+03,1.015074588227949184e-04
3.652000000000000000e+03,1.011422232918889004e-04
3.653000000000000000e+03,1.007794041868380976e-04
3.654000000000000000e+03,1.004189785711760903e-04
3.655000000000000000e+03,1.000609237931914257e-04
3.656000000000000000e+03,9.970521748150859987e-05
3.657000000000000000e+03,9.935183754075222449e-05
3.658000000000000000e+03,9.900076214729233313e-05
3.659000000000000000e+03,9.865196974506917286e-05
3.660000000000000000e+03,9.830543904149600422e-05
3.661000000000000000e+03,9.796114900343775472e-05
3.662000000000000000e+03,9.761907885326403503e-05
3.663000000000000000e+03,9.727920806497489161e-05
3.664000000000000000e+03,9.694151636039781850e-05
3.665000000000000000e+03,9.660598370545423938e-05
3.666000000000000000e+03,9.627259030649425371e-05
3.667000000000000000e+03,9.594131660669791219e-05
3.668000000000000000e+03,9.561214328254159865e-05
3.669000000000000000e+03,9.528505124032856950e-05
3.670000000000000000e+03,9.496002161278140118e-05
3.671000000000000000e+03,9.463703575569611516e-05
3.672000000000000000e+03,9.431607524465574432e-05
3.673000000000000000e+03,9.399712187180260883e-05
3.674000000000000000e+03,9.368015764266782446e-05
3.675000000000000000e+03,9.336516477305712152e-05
3.676000000000000000e+03,9.305212568599134833e-05
3.677000000000000000e+03,9.274102300870099502e-05
3.678000000000000000e+03,9.243183956967334183e-05
3.679000000000000000e+03,9.212455839575106630e-05
3.680000000000000000e+03,9.181916270928164542e-05
3.681000000000000000e+03,9.151563592531604819e-05
3.682000000000000000e+03,9.121396164885591927e-05
3.683000000000000000e+03,9.091412367214833190e-05
3.684000000000000000e+03,9.061610597202703955e-05
3.685000000000000000e+03,9.031989270729926412e-05
3.686000000000000000e+03,9.002546821617711254e-05
3.687000000000000000e+03,8.973281701375297140e-05
3.688000000000000000e+03,8.944192378951730733e-05
3.689000000000000000e+03,8.915277340491911727e-05
3.690000000000000000e+03,8.886535089096692791e-05
3.691000000000000000e+03,8.857964144587062881e-05
3.692000000000000000e+03,8.829563043272258081e-05
3.693000000000000000e+03,8.801330337721766084e-05
3.694000000000000000e+03,8.773264596541111829e-05
3.695000000000000000e+03,8.745364404151406668e-05
3.696000000000000000e+03,8.717628360572495742e-05
3.697000000000000000e+03,8.690055081209748259e-05
3.698000000000000000e+03,8.662643196644306397e-05
3.699000000000000000e+03,8.635391352426817187e-05
3.700000000000000000e+03,8.608298208874518660e-05
3.701000000000000000e+03,8.581362440871651779e-05
3.702000000000000000e+03,8.554582737673107359e-05
3.703000000000000000e+03,8.527957802711279517e-05
3.704000000000000000e+03,8.501486353406021291e-05
3.705000000000000000e+03,8.475167120977680757e-05
3.706000000000000000e+03,8.448998850263136310e-05
3.707000000000000000e+03,8.422980299534804020e-05
3.708000000000000000e+03,8.397110240322504574e-05
3.709000000000000000e+03,8.371387457238199279e-05
3.710000000000000000e+03,8.345810747803496211e-05
3.711000000000000000e+03,8.320378922279908875e-05
3.712000000000000000e+03,8.295090803501782009e-05
3.713000000000000000e+03,8.269945226711857412e-05
3.714000000000000000e+03,8.244941039399425605e-05
3.715000000000000000e+03,8.220077101141019934e-05
3.716000000000000000e+03,8.195352283443589441e-05
3.717000000000000000e+03,8.170765469590124733e-05
3.718000000000000000e+03,8.146315554487682659e-05
3.719000000000000000e+03,8.122001444517767759e-05
3.720000000000000000e+03,8.097822057389029852e-05
3.721000000000000000e+03,8.073776321992212688e-05
3.722000000000000000e+03,8.049863178257368594e-05
3.723000000000000000e+03,8.026081577013227956e-05
3.724000000000000000e+03,8.002430479848743903e-05
3.725000000000000000e+03,7.978908858976728122e-05
3.726000000000000000e+03,7.955515697099579204e-05
3.727000000000000000e+03,7.932249987277033016e-05
3.728000000000000000e+03,7.909110732795922912e-05
3.729000000000000000e+03,7.886096947041899645e-05
3.730000000000000000e+03,7.863207653373086579e-05
3.731000000000000000e+03,7.840441884995622761e-05
3.732000000000000000e+03,7.817798684841073542e-05
3.733000000000000000e+03,7.795277105445677559e-05
3.734000000000000000e+03,7.772876208831369096e-05
3.735000000000000000e+03,7.750595066388598871e-05
3.736000000000000000e+03,7.728432758760869217e-05
3.737000000000000000e+03,7.706388375730971452e-05
3.738000000000000000e+03,7.684461016108911908e-05
3.739000000000000000e+03,7.662649787621487291e-05
3.740000000000000000e+03,7.640953806803455178e-05
3.741000000000000000e+03,7.619372198890325394e-05
3.742000000000000000e+03,7.597904097712695028e-05
3.743000000000000000e+03,7.576548645592116231e-05
3.744000000000000000e+03,7.555304993238507654e-05
3.745000000000000000e+03,7.534172299648997026e-05
3.746000000000000000e+03,7.513149732008278915e-05
3.747000000000000000e+03,7.492236465590361612e-05
3.748000000000000000e+03,7.471431683661757363e-05
3.749000000000000000e+03,7.450734577386044122e-05
3.750000000000000000e+03,7.430144345729783903e-05
3.751000000000000000e+03,7.409660195369809944e-05
3.752000000000000000e+03,7.389281340601794583e-05
3.753000000000000000e+03,7.369007003250146635e-05
3.754000000000000000e+03,7.348836412579159668e-05
3.755000000000000000e+03,7.328768805205438286e-05
3.756000000000000000e+03,7.308803425011522450e-05
3.757000000000000000e+03,7.288939523060770833e-05
3.758000000000000000e+03,7.269176357513383938e-05
3.759000000000000000e+03,7.249513193543660500e-05
3.760000000000000000e+03,7.229949303258339447e-05
3.761000000000000000e+03,7.210483965616148029e-05
3.762000000000000000e+03,7.191116466348408405e-05
3.763000000000000000e+03,7.171846097880767731e-05
3.764000000000000000e+03,7.152672159256024656e-05
3.765000000000000000e+03,7.133593956057983083e-05
3.766000000000000000e+03,7.114610800336384729e-05
3.767000000000000000e+03,7.095722010532844561e-05
3.768000000000000000e+03,7.076926911407824359e-05
3.769000000000000000e+03,7.058224833968583414e-05
3.770000000000000000e+03,7.039615115398115857e-05
3.771000000000000000e+03,7.021097098985061048e-05
3.772000000000000000e+03,7.002670134054554522e-05
3.773000000000000000e+03,6.984333575900007274e-05
3.774000000000000000e+03,6.966086785715828306e-05
3.775000000000000000e+03,6.947929130531029440e-05
3.776000000000000000e+03,6.929859983143728665e-05
3.777000000000000000e+03,6.911878722056545240e-05
3.778000000000000000e+03,6.893984731412820149e-05
3.779000000000000000e+03,6.876177400933743209e-05
3.780000000000000000e+03,6.858456125856260822e-05
3.781000000000000000e+03,6.840820306871842939e-05
3.782000000000000000e+03,6.823269350066049632e-05
3.783000000000000000e+03,6.805802666858894558e-05
3.784000000000000000e+03,6.788419673945993106e-05
3.785000000000000000e+03,6.771119793240504725e-05
3.786000000000000000e+03,6.753902451815794897e-05
3.787000000000000000e+03,6.736767081848898052e-05
3.788000000000000000e+03,6.719713120564679810e-05
3.789000000000000000e+03,6.702740010180747304e-05
3.790000000000000000e+03,6.685847197853072384e-05
3.791000000000000000e+03,6.669034135622312759e-05
3.792000000000000000e+03,6.652300280360847373e-05
3.793000000000000000e+03,6.635645093720467713e-05
3.794000000000000000e+03,6.619068042080769783e-05
3.795000000000000000e+03,6.602568596498193895e-05
3.796000000000000000e+03,6.586146232655729885e-05
3.797000000000000000e+03,6.569800430813262006e-05
3.798000000000000000e+03,6.553530675758531825e-05
3.799000000000000000e+03,6.537336456758763824e-05
3.800000000000000000e+03,6.521217267512872419e-05
3.801000000000000000e+03,6.505172606104292390e-05
3.802000000000000000e+03,6.489201974954396130e-05
3.803000000000000000e+03,6.473304880776522120e-05
3.804000000000000000e+03,6.457480834530552282e-05
3.805000000000000000e+03,6.441729351378086988e-05
3.806000000000000000e+03,6.426049950638164897e-05
3.807000000000000000e+03,6.410442155743565533e-05
3.808000000000000000e+03,6.394905494197621455e-05
3.809000000000000000e+03,6.379439497531587421e-05
3.810000000000000000e+03,6.364043701262557084e-05
3.811000000000000000e+03,6.348717644851871640e-05
3.812000000000000000e+03,6.333460871664071934e-05
3.813000000000000000e+03,6.318272928926339815e-05
3.814000000000000000e+03,6.303153367688444991e-05
3.815000000000000000e+03,6.288101742783201470e-05
3.816000000000000000e+03,6.273117612787386139e-05
3.817000000000000000e+03,6.258200539983150646e-05
3.818000000000000000e+03,6.243350090319910346e-05
3.819000000000000000e+03,6.228565833376687247e-05
3.820000000000000000e+03,6.213847342324917806e-05
3.821000000000000000e+03,6.199194193891729651e-05
3.822000000000000000e+03,6.184605968323623516e-05
3.823000000000000000e+03,6.170082249350648492e-05
3.824000000000000000e+03,6.155622624150964878e-05
3.825000000000000000e+03,6.141226683315867819e-05
3.826000000000000000e+03,6.126894020815210745e-05
3.827000000000000000e+03,6.112624233963262488e-05
3.828000000000000000e+03,6.098416923384956066e-05
3.829000000000000000e+03,6.084271692982562348e-05
3.830000000000000000e+03,6.070188149902743175e-05
3.831000000000000000e+03,6.056165904504005648e-05
3.832000000000000000e+03,6.042204570324558244e-05
3.833000000000000000e+03,6.028303764050519297e-05
3.834000000000000000e+03,6.014463105484532055e-05
3.835000000000000000e+03,6.000682217514726683e-05
3.836000000000000000e+03,5.986960726084072579e-05
3.837000000000000000e+03,5.973298260160078986e-05
3.838000000000000000e+03,5.959694451704850010e-05
3.839000000000000000e+03,5.946148935645496062e-05
3.840000000000000000e+03,5.932661349844894281e-05
3.841000000000000000e+03,5.919231335072796580e-05
3.842000000000000000e+03,5.905858534977250076e-05
3.843000000000000000e+03,5.892542596056391571e-05
3.844000000000000000e+03,5.879283167630524600e-05
3.845000000000000000e+03,5.866079901814561729e-05
3.846000000000000000e+03,5.852932453490760929e-05
3.847000000000000000e+03,5.839840480281782476e-05
3.848000000000000000e+03,5.826803642524067047e-05
3.849000000000000000e+03,5.813821603241505870e-05
3.850000000000000000e+03,5.800894028119427999e-05
3.851000000000000000e+03,5.788020585478870168e-05
3.852000000000000000e+03,5.775200946251167835e-05
3.853000000000000000e+03,5.762434783952800335e-05
3.854000000000000000e+03,5.749721774660556550e-05
3.855000000000000000e+03,5.737061596986968247e-05
3.856000000000000000e+03,5.724453932056021915e-05
3.857000000000000000e+03,5.711898463479152493e-05
3.858000000000000000e+03,5.699394877331505447e-05
3.859000000000000000e+03,5.686942862128467851e-05
3.860000000000000000e+03,5.674542108802467825e-05
3.861000000000000000e+03,5.662192310680027387e-05
3.862000000000000000e+03,5.649893163459087725e-05
3.863000000000000000e+03,5.637644365186572312e-05
3.864000000000000000e+03,5.625445616236209544e-05
3.865000000000000000e+03,5.613296619286615600e-05
3.866000000000000000e+03,5.601197079299594133e-05
3.867000000000000000e+03,5.589146703498705656e-05
3.868000000000000000e+03,5.577145201348058520e-05
3.869000000000000000e+03,5.565192284531341794e-05
3.870000000000000000e+03,5.553287666931096001e-05
3.871000000000000000e+03,5.541431064608191203e-05
3.872000000000000000e+03,5.529622195781568002e-05
3.873000000000000000e+03,5.517860780808168963e-05
3.874000000000000000e+03,5.506146542163104489e-05
3.875000000000000000e+03,5.494479204420044344e-05
3.876000000000000000e+03,5.482858494231805018e-05
3.877000000000000000e+03,5.471284140311166797e-05
3.878000000000000000e+03,5.459755873411897522e-05
3.879000000000000000e+03,5.448273426309974875e-05
3.880000000000000000e+03,5.436836533785020104e-05
3.881000000000000000e+03,5.425444932601934341e-05
3.882000000000000000e+03,5.414098361492729414e-05
3.883000000000000000e+03,5.402796561138562611e-05
3.884000000000000000e+03,5.391539274151956442e-05
3.885000000000000000e+03,5.380326245059218984e-05
3.886000000000000000e+03,5.369157220283052594e-05
3.887000000000000000e+03,5.358031948125340172e-05
3.888000000000000000e+03,5.346950178750131991e-05
3.889000000000000000e+03,5.335911664166801267e-05
3.890000000000000000e+03,5.324916158213386063e-05
3.891000000000000000e+03,5.313963416540112134e-05
3.892000000000000000e+03,5.303053196593083808e-05
3.893000000000000000e+03,5.292185257598155810e-05
3.894000000000000000e+03,5.281359360544973119e-05
3.895000000000000000e+03,5.270575268171181604e-05
3.896000000000000000e+03,5.259832744946798568e-05
3.897000000000000000e+03,5.249131557058766255e-05
3.898000000000000000e+03,5.238471472395647661e-05
3.899000000000000000e+03,5.227852260532500557e-05
3.900000000000000000e+03,5.217273692715899914e-05
3.901000000000000000e+03,5.206735541849115504e-05
3.902000000000000000e+03,5.196237582477468393e-05
3.903000000000000000e+03,5.185779590773801278e-05
3.904000000000000000e+03,5.175361344524138560e-05
3.905000000000000000e+03,5.164982623113475161e-05
3.906000000000000000e+03,5.154643207511715099e-05
3.907000000000000000e+03,5.144342880259765243e-05
3.908000000000000000e+03,5.134081425455763232e-05
3.909000000000000000e+03,5.123858628741455155e-05
3.910000000000000000e+03,5.113674277288711461e-05
3.911000000000000000e+03,5.103528159786184499e-05
3.912000000000000000e+03,5.093420066426096156e-05
3.913000000000000000e+03,5.083349788891174581e-05
3.914000000000000000e+03,5.073317120341710838e-05
3.915000000000000000e+03,5.063321855402757872e-05
3.916000000000000000e+03,5.053363790151465667e-05
3.917000000000000000e+03,5.043442722104524156e-05
3.918000000000000000e+03,5.033558450205761304e-05
3.919000000000000000e+03,5.023710774813844863e-05
3.920000000000000000e+03,5.013899497690135244e-05
3.921000000000000000e+03,5.004124421986623771e-05
3.922000000000000000e+03,4.994385352234034233e-05
3.923000000000000000e+03,4.984682094330022029e-05
3.924000000000000000e+03,4.975014455527491881e-05
3.925000000000000000e+03,4.965382244423042959e-05
3.926000000000000000e+03,4.955785270945528505e-05
3.927000000000000000e+03,4.946223346344723895e-05
3.928000000000000000e+03,4.936696283180115987e-05
3.929000000000000000e+03,4.927203895309800887e-05
3.930000000000000000e+03,4.917745997879496243e-05
3.931000000000000000e+03,4.908322407311661948e-05
3.932000000000000000e+03,4.898932941294722500e-05
3.933000000000000000e+03,4.889577418772411997e-05
3.934000000000000000e+03,4.880255659933214693e-05
3.935000000000000000e+03,4.870967486199905152e-05
3.936000000000000000e+03,4.861712720219210382e-05
3.937000000000000000e+03,4.852491185851557352e-05
3.938000000000000000e+03,4.843302708160926207e-05
3.939000000000000000e+03,4.834147113404809885e-05
3.940000000000000000e+03,4.825024229024268594e-05
3.941000000000000000e+03,4.815933883634078476e-05
3.942000000000000000e+03,4.806875907012983279e-05
3.943000000000000000e+03,4.797850130094036822e-05
3.944000000000000000e+03,4.788856384955050502e-05
3.945000000000000000e+03,4.779894504809115326e-05
3.946000000000000000e+03,4.770964323995230345e-05
3.947000000000000000e+03,4.762065677969026627e-05
3.948000000000000000e+03,4.753198403293566439e-05
3.949000000000000000e+03,4.744362337630246801e-05
3.950000000000000000e+03,4.735557319729776882e-05
3.951000000000000000e+03,4.726783189423256376e-05
3.952000000000000000e+03,4.718039787613335191e-05
3.953000000000000000e+03,4.709326956265457153e-05
3.954000000000000000e+03,4.700644538399179620e-05
3.955000000000000000e+03,4.691992378079604895e-05
3.956000000000000000e+03,4.683370320408859072e-05
3.957000000000000000e+03,4.674778211517675240e-05
3.958000000000000000e+03,4.666215898557052582e-05
3.959000000000000000e+03,4.657683229689990687e-05
3.960000000000000000e+03,4.649180054083307213e-05
3.961000000000000000e+03,4.640706221899535506e-05
3.962000000000000000e+03,4.632261584288895409e-05
3.963000000000000000e+03,4.623845993381333860e-05
3.964000000000000000e+03,4.615459302278667136e-05
3.965000000000000000e+03,4.607101365046757663e-05
3.966000000000000000e+03,4.598772036707807361e-05
3.967000000000000000e+03,4.590471173232686246e-05
3.968000000000000000e+03,4.582198631533365371e-05
3.969000000000000000e+03,4.573954269455397206e-05
3.970000000000000000e+03,4.565737945770478016e-05
3.971000000000000000e+03,4.557549520169084089e-05
3.972000000000000000e+03,4.549388853253160829e-05
3.973000000000000000e+03,4.541255806528901969e-05
3.974000000000000000e+03,4.533150242399581640e-05
3.975000000000000000e+03,4.525072024158454200e-05
3.976000000000000000e+03,4.517021015981729284e-05
3.977000000000000000e+03,4.508997082921603090e-05
3.978000000000000000e+03,4.501000090899357441e-05
3.979000000000000000e+03,4.493029906698529300e-05
3.980000000000000000e+03,4.485086397958131129e-05
3.981000000000000000e+03,4.477169433165943056e-05
3.982000000000000000e+03,4.469278881651872145e-05
3.983000000000000000e+03,4.461414613581358410e-05
3.984000000000000000e+03,4.453576499948847916e-05
3.985000000000000000e+03,4.445764412571338392e-05
3.986000000000000000e+03,4.437978224081958720e-05
3.987000000000000000e+03,4.430217807923638547e-05
3.988000000000000000e+03,4.422483038342806363e-05
3.989000000000000000e+03,4.414773790383162791e-05
3.990000000000000000e+03,4.407089939879510801e-05
3.991000000000000000e+03,4.399431363451634030e-05
3.992000000000000000e+03,4.391797938498233383e-05
3.993000000000000000e+03,4.384189543190926652e-05
3.994000000000000000e+03,4.376606056468290148e-05
3.995000000000000000e+03,4.369047358029969449e-05
3.996000000000000000e+03,4.361513328330825386e-05
3.997000000000000000e+03,4.354003848575150503e-05
3.998000000000000000e+03,4.346518800710926850e-05
3.999000000000000000e+03,4.339058067424139345e-05
4.000000000000000000e+03,4.331621532133142662e-05
