
Scratch directory: /tmp/
   => Libint2 <=

    Primary   basis highest AM E, G, H:  6, 6, 3
    Auxiliary basis highest AM E, G, H:  7, 7, 4
    Onebody   basis highest AM E, G, H:  -, -, -
    Solid Harmonics ordering:            Gaussian

*** tstart() called on cst14372
*** at Tue Apr 21 10:01:16 2026

   => Loading Basis Set <=

    Name: 6-31G*
    Role: ORBITAL
    Keyword: BASIS
    atoms 1, 4-6 entry C          line   111 file /Users/jmsmith1/anaconda3/envs/jupyterenv/share/psi4/basis/6-31gs.gbs 
    atoms 2-3    entry O          line   145 file /Users/jmsmith1/anaconda3/envs/jupyterenv/share/psi4/basis/6-31gs.gbs 
    atoms 7-12   entry H          line    44 file /Users/jmsmith1/anaconda3/envs/jupyterenv/share/psi4/basis/6-31gs.gbs 

   => WB97X-D: Empirical Dispersion <=

    Chai and Head-Gordon Dispersion Correction
    Chai, J.-D.; Head-Gordon, M. (2010), J. Chem. Phys., 132: 6615-6620

        s6 =       1.000000


         ---------------------------------------------------------
                                   SCF
               by Justin Turney, Rob Parrish, Andy Simmonett
                          and Daniel G. A. Smith
                              RKS Reference
                        4 Threads,   5722 MiB Core
         ---------------------------------------------------------

  ==> Geometry <==

    Molecular point group: c1
    Full point group: Cs

    Geometry (in Angstrom), charge = 0, multiplicity = 1:

       Center              X                  Y                   Z               Mass       
    ------------   -----------------  -----------------  -----------------  -----------------
         C            0.065716817100     0.347867548800     0.000000000000    12.000000000000
         O            1.339680923500     0.303640258600     0.000000000000    15.994914619570
         O            1.976763214300    -0.879292553800     0.000000000000    15.994914619570
         C           -0.712245739600    -0.872352197800     0.000000000000    12.000000000000
         C           -2.050082731400    -0.880178568900     0.000000000000    12.000000000000
         C           -0.508309047300     1.725724149500     0.000000000000    12.000000000000
         H           -0.122316006500    -1.781447880900     0.000000000000     1.007825032230
         H           -2.643062043100     0.030765865400     0.000000000000     1.007825032230
         H           -2.600647644000    -1.815209108700     0.000000000000     1.007825032230
         H            0.298040000600     2.461022688000     0.000000000000     1.007825032230
         H           -1.134878873300     1.883074900400     0.884711575500     1.007825032230
         H           -1.134878873300     1.883074900400    -0.884711575500     1.007825032230

  Running in c1 symmetry.

  Rotational constants: A =      0.18567  B =      0.09973  C =      0.06568 [cm^-1]
  Rotational constants: A =   5566.28365  B =   2989.82069  C =   1968.97777 [MHz]
  Nuclear repulsion =  226.031004634387983

  Charge       = 0
  Multiplicity = 1
  Electrons    = 46
  Nalpha       = 23
  Nbeta        = 23

  ==> Algorithm <==

  SCF Algorithm Type is DF.
  DIIS enabled.
  MOM disabled.
  Fractional occupation disabled.
  Guess Type is SAD.
  Energy threshold   = 1.00e-07
  Density threshold  = 1.00e-07
  Integral threshold = 1.00e-12

  ==> Primary Basis <==

  Basis Set: 6-31G*
    Blend: 6-31G*
    Number of shells: 48
    Number of basis functions: 102
    Number of Cartesian functions: 102
    Spherical Harmonics?: false
    Max angular momentum: 2

  ==> DFT Potential <==

   => LibXC <=

    Version 7.0.0
    S. Lehtola, C. Steigemann, M. J.T. Oliveira, and M. A.L. Marques.,  SoftwareX 7, 1–5 (2018) (10.1016/j.softx.2017.11.002)

   => Composite Functional: WB97X-D <= 

    wB97X-D Hyb-GGA Exchange-Correlation Functional

    J.-D. Chai and M. Head-Gordon.,  Phys. Chem. Chem. Phys. 10, 6615-6620 (2008) (10.1039/B810189B)

    Deriv               =              1
    GGA                 =           TRUE
    Meta                =          FALSE

    Exchange Hybrid     =           TRUE
    MP2 Hybrid          =          FALSE

   => Exchange-Correlation Functionals <=

    1.0000   wB97X-D range-separated functional

   => Exact (HF) Exchange <=

    0.7780            HF,LR [omega = 0.2000]
    0.2220               HF 

   => LibXC Density Thresholds  <==

    XC_HYB_GGA_XC_WB97X_D:  1.00E-14 

   => Molecular Quadrature <=

    Radial Scheme          =       TREUTLER
    Pruning Scheme         =           NONE
    Nuclear Scheme         =       TREUTLER

    Blocking Scheme        =         OCTREE
    BS radius alpha        =              1
    Pruning alpha          =              1
    Radial Points          =             75
    Spherical Points       =            302
    Total Points           =         254274
    Total Blocks           =           1936
    Max Points             =            256
    Max Functions          =            100
    Weights Tolerance      =       1.00E-15

   => Loading Basis Set <=

    Name: (6-31G* AUX)
    Role: JKFIT
    Keyword: DF_BASIS_SCF
    atoms 1, 4-6 entry C          line   121 file /Users/jmsmith1/anaconda3/envs/jupyterenv/share/psi4/basis/cc-pvdz-jkfit.gbs 
    atoms 2-3    entry O          line   221 file /Users/jmsmith1/anaconda3/envs/jupyterenv/share/psi4/basis/cc-pvdz-jkfit.gbs 
    atoms 7-12   entry H          line    51 file /Users/jmsmith1/anaconda3/envs/jupyterenv/share/psi4/basis/cc-pvdz-jkfit.gbs 

  ==> Integral Setup <==

  DFHelper Memory: AOs need 0.151 GiB; user supplied 3.596 GiB. 
  SCF_SUBTYPE=INCORE selected. In-core MEM_DF algorithm will be used.
  Using in-core AOs.

  ==> MemDFJK: Density-Fitted J/K Matrices <==

    J tasked:                   Yes
    K tasked:                   Yes
    wK tasked:                  Yes
    Omega:                2.000E-01
    OpenMP threads:               4
    Memory [MiB]:              3682
    Algorithm:                 Core
    Schwarz Cutoff:           1E-12
    Mask sparsity (%):       1.5186
    Fitting Condition:        1E-10

   => Auxiliary Basis Set <=

  Basis Set: (6-31G* AUX)
    Blend: CC-PVDZ-JKFIT
    Number of shells: 198
    Number of basis functions: 636
    Number of Cartesian functions: 636
    Spherical Harmonics?: false
    Max angular momentum: 3

  Cached 100.0% of DFT collocation blocks in 0.595 [GiB].

  Minimum eigenvalue in the overlap matrix is 2.6963707111E-03.
  Reciprocal condition number of the overlap matrix is 3.8507004376E-04.
    Using symmetric orthogonalization.

  ==> Pre-Iterations <==

  SCF Guess: Superposition of Atomic Densities via on-the-fly atomic UHF (no occupation information).

   -------------------------
    Irrep   Nso     Nmo    
   -------------------------
     A        102     102 
   -------------------------
    Total     102     102
   -------------------------

  ==> Iterations <==

                           Total Energy        Delta E     RMS |[F,P]|

   @DF-RKS iter SAD:  -300.35321325613916   -3.00353e+02   0.00000e+00 
   @DF-RKS iter   1:  -296.71653419625261    3.63668e+00   3.46232e-02 DIIS/ADIIS
   @DF-RKS iter   2:  -274.33026143482357    2.23863e+01   6.52171e-02 DIIS/ADIIS
   @DF-RKS iter   3:  -304.78764758163669   -3.04574e+01   1.69402e-02 DIIS/ADIIS
   @DF-RKS iter   4:  -304.28596630072082    5.01681e-01   1.84698e-02 DIIS/ADIIS
   @DF-RKS iter   5:  -306.11460928453039   -1.82864e+00   4.12639e-03 DIIS/ADIIS
   @DF-RKS iter   6:  -306.19130198442275   -7.66927e-02   1.90337e-03 DIIS/ADIIS
   @DF-RKS iter   7:  -306.20856016217783   -1.72582e-02   4.66273e-04 DIIS/ADIIS
   @DF-RKS iter   8:  -306.20915518330685   -5.95021e-04   3.34314e-04 DIIS/ADIIS
   @DF-RKS iter   9:  -306.20973156204349   -5.76379e-04   5.89333e-05 DIIS
   @DF-RKS iter  10:  -306.20975402783466   -2.24658e-05   2.23612e-05 DIIS
   @DF-RKS iter  11:  -306.20975647103944   -2.44320e-06   1.04632e-05 DIIS
   @DF-RKS iter  12:  -306.20975715080635   -6.79767e-07   3.99331e-06 DIIS
   @DF-RKS iter  13:  -306.20975726953907   -1.18733e-07   6.96994e-07 DIIS
   @DF-RKS iter  14:  -306.20975727380778   -4.26871e-09   2.53979e-07 DIIS
   @DF-RKS iter  15:  -306.20975727420256   -3.94778e-10   5.78234e-08 DIIS
  Energy and wave function converged.


  ==> Post-Iterations <==

   Electrons on quadrature grid:
      Ntotal   =   46.0000265475 ; deviation = 2.655e-05 

    Orbital Energies [Eh]
    ---------------------

    Doubly Occupied:                                                      

       1A    -19.409799     2A    -19.241521     3A    -10.406330  
       4A    -10.336909     5A    -10.328722     6A    -10.328454  
       7A     -1.283503     8A     -0.994289     9A     -0.911842  
      10A     -0.846829    11A     -0.754569    12A     -0.641329  
      13A     -0.618638    14A     -0.591317    15A     -0.584120  
      16A     -0.532794    17A     -0.515293    18A     -0.510122  
      19A     -0.499101    20A     -0.450227    21A     -0.398174  
      22A     -0.302104    23A     -0.290566  

    Virtual:                                                              

      24A     -0.020552    25A      0.124112    26A      0.164357  
      27A      0.179940    28A      0.212173    29A      0.233429  
      30A      0.236505    31A      0.237386    32A      0.267207  
      33A      0.318516    34A      0.357661    35A      0.404409  
      36A      0.433147    37A      0.563077    38A      0.588562  
      39A      0.608673    40A      0.643973    41A      0.675589  
      42A      0.682487    43A      0.697398    44A      0.734680  
      45A      0.756595    46A      0.772371    47A      0.818009  
      48A      0.910111    49A      0.913291    50A      0.931279  
      51A      0.931441    52A      0.956498    53A      0.991053  
      54A      1.009819    55A      1.029308    56A      1.037431  
      57A      1.069516    58A      1.131090    59A      1.149750  
      60A      1.185669    61A      1.223574    62A      1.269688  
      63A      1.383968    64A      1.388876    65A      1.425600  
      66A      1.430337    67A      1.540496    68A      1.573626  
      69A      1.635231    70A      1.706074    71A      1.741446  
      72A      1.826825    73A      1.878329    74A      1.934305  
      75A      1.951419    76A      1.964249    77A      2.024549  
      78A      2.032247    79A      2.078329    80A      2.160928  
      81A      2.169124    82A      2.213609    83A      2.287581  
      84A      2.340377    85A      2.344550    86A      2.443166  
      87A      2.460804    88A      2.555436    89A      2.563601  
      90A      2.602320    91A      2.710251    92A      2.770900  
      93A      2.952045    94A      2.960268    95A      3.184546  
      96A      3.277210    97A      3.633182    98A      4.119674  
      99A      4.180935   100A      4.277126   101A      4.357040  
     102A      4.621834  

    Final Occupation by Irrep:
              A 
    DOCC [    23 ]
    NA   [    23 ]
    NB   [    23 ]

  @DF-RKS Final Energy:  -306.20975727420256

   => Energetics <=

    Nuclear Repulsion Energy =            226.0310046343879833
    One-Electron Energy =                -863.6999984174249221
    Two-Electron Energy =                 359.7634555851115579
    DFT Exchange-Correlation Energy =     -28.2998173230884049
    Empirical Dispersion Energy =          -0.0044017531887587
    VV10 Nonlocal Energy =                  0.0000000000000000
    Total Energy =                       -306.2097572742025591

Computation Completed


Properties will be evaluated at   0.000000,   0.000000,   0.000000 [a0]

Properties computed using the SCF density matrix


 Multipole Moments:

 ------------------------------------------------------------------------------------
     Multipole            Electronic (a.u.)      Nuclear  (a.u.)        Total (a.u.)
 ------------------------------------------------------------------------------------

 L = 1.  Multiply by 2.5417464519 to convert [e a0] to [Debye]
 Dipole X            :         -1.8686020           -0.0674907           -1.9360927
 Dipole Y            :          0.8120545           -0.0332051            0.7788494
 Dipole Z            :          0.0000000            0.0000000            0.0000000
 Magnitude           :                                                    2.0868784

 ------------------------------------------------------------------------------------

*** tstop() called on cst14372 at Tue Apr 21 10:01:29 2026
Module time:
	user time   =      26.02 seconds =       0.43 minutes
	system time =       0.42 seconds =       0.01 minutes
	total time  =         13 seconds =       0.22 minutes
Total time:
	user time   =      26.02 seconds =       0.43 minutes
	system time =       0.42 seconds =       0.01 minutes
	total time  =         13 seconds =       0.22 minutes

Scratch directory: /tmp/
gradient() will perform analytic gradient computation.

*** tstart() called on cst14372
*** at Tue Apr 21 10:01:29 2026


         ------------------------------------------------------------
                                   SCF GRAD                          
                          Rob Parrish, Justin Turney,                
                       Andy Simmonett, and Alex Sokolov              
         ------------------------------------------------------------

  ==> Geometry <==

    Molecular point group: c1
    Full point group: Cs

    Geometry (in Angstrom), charge = 0, multiplicity = 1:

       Center              X                  Y                   Z               Mass       
    ------------   -----------------  -----------------  -----------------  -----------------
         C            0.065716817100     0.347867548800     0.000000000000    12.000000000000
         O            1.339680923500     0.303640258600     0.000000000000    15.994914619570
         O            1.976763214300    -0.879292553800     0.000000000000    15.994914619570
         C           -0.712245739600    -0.872352197800     0.000000000000    12.000000000000
         C           -2.050082731400    -0.880178568900     0.000000000000    12.000000000000
         C           -0.508309047300     1.725724149500     0.000000000000    12.000000000000
         H           -0.122316006500    -1.781447880900     0.000000000000     1.007825032230
         H           -2.643062043100     0.030765865400     0.000000000000     1.007825032230
         H           -2.600647644000    -1.815209108700     0.000000000000     1.007825032230
         H            0.298040000600     2.461022688000     0.000000000000     1.007825032230
         H           -1.134878873300     1.883074900400     0.884711575500     1.007825032230
         H           -1.134878873300     1.883074900400    -0.884711575500     1.007825032230

  Nuclear repulsion =  226.031004634387983

  ==> Basis Set <==

  Basis Set: 6-31G*
    Blend: 6-31G*
    Number of shells: 48
    Number of basis functions: 102
    Number of Cartesian functions: 102
    Spherical Harmonics?: false
    Max angular momentum: 2

  ==> DFJKGrad: Density-Fitted SCF Gradients <==

    Gradient:                    1
    J tasked:                  Yes
    K tasked:                  Yes
    wK tasked:                 Yes
    Omega:               2.000E-01
    OpenMP threads:              4
    Integrals threads:           4
    Memory [MiB]:             4291
    Schwarz Cutoff:          1E-12
    Fitting Condition:       1E-10

   => Auxiliary Basis Set <=

  Basis Set: (6-31G* AUX)
    Blend: CC-PVDZ-JKFIT
    Number of shells: 198
    Number of basis functions: 636
    Number of Cartesian functions: 636
    Spherical Harmonics?: false
    Max angular momentum: 3

  ==> DFT Potential <==

   => LibXC <=

    Version 7.0.0
    S. Lehtola, C. Steigemann, M. J.T. Oliveira, and M. A.L. Marques.,  SoftwareX 7, 1–5 (2018) (10.1016/j.softx.2017.11.002)

   => Composite Functional: WB97X-D <= 

    wB97X-D Hyb-GGA Exchange-Correlation Functional

    J.-D. Chai and M. Head-Gordon.,  Phys. Chem. Chem. Phys. 10, 6615-6620 (2008) (10.1039/B810189B)

    Deriv               =              1
    GGA                 =           TRUE
    Meta                =          FALSE

    Exchange Hybrid     =           TRUE
    MP2 Hybrid          =          FALSE

   => Exchange-Correlation Functionals <=

    1.0000   wB97X-D range-separated functional

   => Exact (HF) Exchange <=

    0.7780            HF,LR [omega = 0.2000]
    0.2220               HF 

   => LibXC Density Thresholds  <==

    XC_HYB_GGA_XC_WB97X_D:  1.00E-14 

   => Molecular Quadrature <=

    Radial Scheme          =       TREUTLER
    Pruning Scheme         =           NONE
    Nuclear Scheme         =       TREUTLER

    Blocking Scheme        =         OCTREE
    BS radius alpha        =              1
    Pruning alpha          =              1
    Radial Points          =             75
    Spherical Points       =            302
    Total Points           =         254274
    Total Blocks           =           1936
    Max Points             =            256
    Max Functions          =            100
    Weights Tolerance      =       1.00E-15


  -Total Gradient:
     Atom            X                  Y                   Z
    ------   -----------------  -----------------  -----------------
       1        0.000015450703     0.000017749980    -0.000000000005
       2        0.000059318552    -0.000180423911    -0.000000000004
       3       -0.000078261319     0.000190811683    -0.000000000002
       4       -0.000031450451    -0.000058069481     0.000000000014
       5        0.000011690514    -0.000025106395     0.000000000005
       6       -0.000020848360     0.000000056281     0.000000000234
       7        0.000014692597     0.000009450535    -0.000000000003
       8        0.000006776661    -0.000051282990    -0.000000000013
       9        0.000007803591    -0.000012228172    -0.000000000001
      10       -0.000022339188    -0.000019992597    -0.000000000108
      11       -0.000012358000    -0.000020038944    -0.000020059594
      12       -0.000012357981    -0.000020038957     0.000020059476


*** tstop() called on cst14372 at Tue Apr 21 10:01:31 2026
Module time:
	user time   =       3.93 seconds =       0.07 minutes
	system time =       0.08 seconds =       0.00 minutes
	total time  =          2 seconds =       0.03 minutes
Total time:
	user time   =      29.97 seconds =       0.50 minutes
	system time =       0.50 seconds =       0.01 minutes
	total time  =         15 seconds =       0.25 minutes

Scratch directory: /tmp/
   => Libint2 <=

    Primary   basis highest AM E, G, H:  6, 6, 3
    Auxiliary basis highest AM E, G, H:  7, 7, 4
    Onebody   basis highest AM E, G, H:  -, -, -
    Solid Harmonics ordering:            Gaussian

*** tstart() called on cst14372
*** at Tue Apr 21 10:01:31 2026

   => Loading Basis Set <=

    Name: 6-31G*
    Role: ORBITAL
    Keyword: BASIS
    atoms 1, 4-6 entry C          line   111 file /Users/jmsmith1/anaconda3/envs/jupyterenv/share/psi4/basis/6-31gs.gbs 
    atoms 2-3    entry O          line   145 file /Users/jmsmith1/anaconda3/envs/jupyterenv/share/psi4/basis/6-31gs.gbs 
    atoms 7-12   entry H          line    44 file /Users/jmsmith1/anaconda3/envs/jupyterenv/share/psi4/basis/6-31gs.gbs 

   => WB97X-D: Empirical Dispersion <=

    Chai and Head-Gordon Dispersion Correction
    Chai, J.-D.; Head-Gordon, M. (2010), J. Chem. Phys., 132: 6615-6620

        s6 =       1.000000


         ---------------------------------------------------------
                                   SCF
               by Justin Turney, Rob Parrish, Andy Simmonett
                          and Daniel G. A. Smith
                              RKS Reference
                        4 Threads,   5722 MiB Core
         ---------------------------------------------------------

  ==> Geometry <==

    Molecular point group: c1
    Full point group: C1

    Geometry (in Angstrom), charge = 0, multiplicity = 1:

       Center              X                  Y                   Z               Mass       
    ------------   -----------------  -----------------  -----------------  -----------------
         C            0.065754604200     0.348400905000     0.002367310800    12.000000000000
         O            1.341593717500     0.304026601700     0.000429277600    15.994914619570
         O            1.978787076700    -0.876929232200    -0.000035336500    15.994914619570
         C           -0.712103422600    -0.872559609500    -0.000169666000    12.000000000000
         C           -2.050625403200    -0.883689609400    -0.003038786200    12.000000000000
         C           -0.510684193700     1.724264789000     0.001607549100    12.000000000000
         H           -0.130552154600    -1.791707867700     0.012419346400     1.007825032230
         H           -2.645931944600     0.032146304900    -0.010314606300     1.007825032230
         H           -2.606023510700    -1.813488030500    -0.008161433400     1.007825032230
         H            0.299901400300     2.457147229100    -0.001402748800     1.007825032230
         H           -1.140705264500     1.898492465700     0.885497282400     1.007825032230
         H           -1.144291893200     1.890393264100    -0.893422749000     1.007825032230

  Running in c1 symmetry.

  Rotational constants: A =      0.18551  B =      0.09952  C =      0.06557 [cm^-1]
  Rotational constants: A =   5561.50905  B =   2983.46015  C =   1965.88722 [MHz]
  Nuclear repulsion =  225.816578866857782

  Charge       = 0
  Multiplicity = 1
  Electrons    = 46
  Nalpha       = 23
  Nbeta        = 23

  ==> Algorithm <==

  SCF Algorithm Type is DF.
  DIIS enabled.
  MOM disabled.
  Fractional occupation disabled.
  Guess Type is SAD.
  Energy threshold   = 1.00e-07
  Density threshold  = 1.00e-07
  Integral threshold = 1.00e-12

  ==> Primary Basis <==

  Basis Set: 6-31G*
    Blend: 6-31G*
    Number of shells: 48
    Number of basis functions: 102
    Number of Cartesian functions: 102
    Spherical Harmonics?: false
    Max angular momentum: 2

  ==> DFT Potential <==

   => LibXC <=

    Version 7.0.0
    S. Lehtola, C. Steigemann, M. J.T. Oliveira, and M. A.L. Marques.,  SoftwareX 7, 1–5 (2018) (10.1016/j.softx.2017.11.002)

   => Composite Functional: WB97X-D <= 

    wB97X-D Hyb-GGA Exchange-Correlation Functional

    J.-D. Chai and M. Head-Gordon.,  Phys. Chem. Chem. Phys. 10, 6615-6620 (2008) (10.1039/B810189B)

    Deriv               =              1
    GGA                 =           TRUE
    Meta                =          FALSE

    Exchange Hybrid     =           TRUE
    MP2 Hybrid          =          FALSE

   => Exchange-Correlation Functionals <=

    1.0000   wB97X-D range-separated functional

   => Exact (HF) Exchange <=

    0.7780            HF,LR [omega = 0.2000]
    0.2220               HF 

   => LibXC Density Thresholds  <==

    XC_HYB_GGA_XC_WB97X_D:  1.00E-14 

   => Molecular Quadrature <=

    Radial Scheme          =       TREUTLER
    Pruning Scheme         =           NONE
    Nuclear Scheme         =       TREUTLER

    Blocking Scheme        =         OCTREE
    BS radius alpha        =              1
    Pruning alpha          =              1
    Radial Points          =             75
    Spherical Points       =            302
    Total Points           =         254270
    Total Blocks           =           1939
    Max Points             =            256
    Max Functions          =            100
    Weights Tolerance      =       1.00E-15

   => Loading Basis Set <=

    Name: (6-31G* AUX)
    Role: JKFIT
    Keyword: DF_BASIS_SCF
    atoms 1, 4-6 entry C          line   121 file /Users/jmsmith1/anaconda3/envs/jupyterenv/share/psi4/basis/cc-pvdz-jkfit.gbs 
    atoms 2-3    entry O          line   221 file /Users/jmsmith1/anaconda3/envs/jupyterenv/share/psi4/basis/cc-pvdz-jkfit.gbs 
    atoms 7-12   entry H          line    51 file /Users/jmsmith1/anaconda3/envs/jupyterenv/share/psi4/basis/cc-pvdz-jkfit.gbs 

  ==> Integral Setup <==

  DFHelper Memory: AOs need 0.151 GiB; user supplied 3.597 GiB. 
  SCF_SUBTYPE=INCORE selected. In-core MEM_DF algorithm will be used.
  Using in-core AOs.

  ==> MemDFJK: Density-Fitted J/K Matrices <==

    J tasked:                   Yes
    K tasked:                   Yes
    wK tasked:                  Yes
    Omega:                2.000E-01
    OpenMP threads:               4
    Memory [MiB]:              3683
    Algorithm:                 Core
    Schwarz Cutoff:           1E-12
    Mask sparsity (%):       1.5186
    Fitting Condition:        1E-10

   => Auxiliary Basis Set <=

  Basis Set: (6-31G* AUX)
    Blend: CC-PVDZ-JKFIT
    Number of shells: 198
    Number of basis functions: 636
    Number of Cartesian functions: 636
    Spherical Harmonics?: false
    Max angular momentum: 3

  Cached 100.0% of DFT collocation blocks in 0.594 [GiB].

  Minimum eigenvalue in the overlap matrix is 2.7226737653E-03.
  Reciprocal condition number of the overlap matrix is 3.8955969079E-04.
    Using symmetric orthogonalization.

  ==> Pre-Iterations <==

  SCF Guess: Superposition of Atomic Densities via on-the-fly atomic UHF (no occupation information).

   -------------------------
    Irrep   Nso     Nmo    
   -------------------------
     A        102     102 
   -------------------------
    Total     102     102
   -------------------------

  ==> Iterations <==

                           Total Energy        Delta E     RMS |[F,P]|

   @DF-RKS iter SAD:  -300.33026089202673   -3.00330e+02   0.00000e+00 
   @DF-RKS iter   1:  -296.68338443041620    3.64688e+00   3.46333e-02 DIIS/ADIIS
   @DF-RKS iter   2:  -274.21636592468934    2.24670e+01   6.52487e-02 DIIS/ADIIS
   @DF-RKS iter   3:  -304.77726961948116   -3.05609e+01   1.69839e-02 DIIS/ADIIS
   @DF-RKS iter   4:  -304.24777300569900    5.29497e-01   1.86750e-02 DIIS/ADIIS
   @DF-RKS iter   5:  -306.11461134665319   -1.86684e+00   4.10871e-03 DIIS/ADIIS
   @DF-RKS iter   6:  -306.19028911357287   -7.56778e-02   1.94590e-03 DIIS/ADIIS
   @DF-RKS iter   7:  -306.20833872882332   -1.80496e-02   4.62106e-04 DIIS/ADIIS
   @DF-RKS iter   8:  -306.20892936060966   -5.90632e-04   3.33225e-04 DIIS/ADIIS
   @DF-RKS iter   9:  -306.20950400998680   -5.74649e-04   5.75334e-05 DIIS
   @DF-RKS iter  10:  -306.20952606436850   -2.20544e-05   2.28591e-05 DIIS
   @DF-RKS iter  11:  -306.20952853582770   -2.47146e-06   1.14007e-05 DIIS
   @DF-RKS iter  12:  -306.20952931572469   -7.79897e-07   4.37986e-06 DIIS
   @DF-RKS iter  13:  -306.20952945431645   -1.38592e-07   6.70985e-07 DIIS
   @DF-RKS iter  14:  -306.20952945847858   -4.16213e-09   2.44596e-07 DIIS
   @DF-RKS iter  15:  -306.20952945886290   -3.84318e-10   6.43486e-08 DIIS
  Energy and wave function converged.


  ==> Post-Iterations <==

   Electrons on quadrature grid:
      Ntotal   =   46.0000207168 ; deviation = 2.072e-05 

    Orbital Energies [Eh]
    ---------------------

    Doubly Occupied:                                                      

       1A    -19.410386     2A    -19.242211     3A    -10.406736  
       4A    -10.337013     5A    -10.330251     6A    -10.329240  
       7A     -1.283935     8A     -0.994524     9A     -0.911215  
      10A     -0.845651    11A     -0.753922    12A     -0.641211  
      13A     -0.618400    14A     -0.591299    15A     -0.583501  
      16A     -0.533195    17A     -0.513564    18A     -0.508402  
      19A     -0.498356    20A     -0.450819    21A     -0.397914  
      22A     -0.302456    23A     -0.290698  

    Virtual:                                                              

      24A     -0.020950    25A      0.123176    26A      0.163317  
      27A      0.178925    28A      0.211883    29A      0.232720  
      30A      0.234801    31A      0.237554    32A      0.266635  
      33A      0.317782    34A      0.356988    35A      0.405533  
      36A      0.434194    37A      0.562513    38A      0.588340  
      39A      0.608953    40A      0.645911    41A      0.675715  
      42A      0.681186    43A      0.698272    44A      0.734073  
      45A      0.755496    46A      0.774442    47A      0.816396  
      48A      0.909413    49A      0.911398    50A      0.925354  
      51A      0.930250    52A      0.955200    53A      0.989031  
      54A      1.006917    55A      1.028694    56A      1.035600  
      57A      1.066385    58A      1.130240    59A      1.148875  
      60A      1.185457    61A      1.221507    62A      1.269595  
      63A      1.382002    64A      1.390421    65A      1.424938  
      66A      1.430415    67A      1.540827    68A      1.574386  
      69A      1.635240    70A      1.705553    71A      1.742162  
      72A      1.825026    73A      1.876686    74A      1.933045  
      75A      1.949897    76A      1.961784    77A      2.023033  
      78A      2.029614    79A      2.077630    80A      2.153701  
      81A      2.167359    82A      2.212290    83A      2.287805  
      84A      2.336062    85A      2.344962    86A      2.440554  
      87A      2.460256    88A      2.554754    89A      2.563827  
      90A      2.601290    91A      2.709825    92A      2.770704  
      93A      2.950638    94A      2.958570    95A      3.183132  
      96A      3.276218    97A      3.631897    98A      4.118283  
      99A      4.179786   100A      4.275050   101A      4.355845  
     102A      4.621576  

    Final Occupation by Irrep:
              A 
    DOCC [    23 ]
    NA   [    23 ]
    NB   [    23 ]

  @DF-RKS Final Energy:  -306.20952945886290

   => Energetics <=

    Nuclear Repulsion Energy =            225.8165788668577818
    One-Electron Energy =                -863.2797042496474660
    Two-Electron Energy =                 359.5493353942705426
    DFT Exchange-Correlation Energy =     -28.2913373605905818
    Empirical Dispersion Energy =          -0.0044021097531417
    VV10 Nonlocal Energy =                  0.0000000000000000
    Total Energy =                       -306.2095294588629031

Computation Completed


Properties will be evaluated at   0.000000,   0.000000,   0.000000 [a0]

Properties computed using the SCF density matrix


 Multipole Moments:

 ------------------------------------------------------------------------------------
     Multipole            Electronic (a.u.)      Nuclear  (a.u.)        Total (a.u.)
 ------------------------------------------------------------------------------------

 L = 1.  Multiply by 2.5417464519 to convert [e a0] to [Debye]
 Dipole X            :         -1.8355091           -0.0954454           -1.9309545
 Dipole Y            :          0.7959764           -0.0221832            0.7737932
 Dipole Z            :          0.0161496           -0.0144279            0.0017216
 Magnitude           :                                                    2.0802269

 ------------------------------------------------------------------------------------

*** tstop() called on cst14372 at Tue Apr 21 10:01:43 2026
Module time:
	user time   =      25.88 seconds =       0.43 minutes
	system time =       0.32 seconds =       0.01 minutes
	total time  =         12 seconds =       0.20 minutes
Total time:
	user time   =      55.87 seconds =       0.93 minutes
	system time =       0.83 seconds =       0.01 minutes
	total time  =         27 seconds =       0.45 minutes

Scratch directory: /tmp/
gradient() will perform analytic gradient computation.

*** tstart() called on cst14372
*** at Tue Apr 21 10:01:43 2026


         ------------------------------------------------------------
                                   SCF GRAD                          
                          Rob Parrish, Justin Turney,                
                       Andy Simmonett, and Alex Sokolov              
         ------------------------------------------------------------

  ==> Geometry <==

    Molecular point group: c1
    Full point group: C1

    Geometry (in Angstrom), charge = 0, multiplicity = 1:

       Center              X                  Y                   Z               Mass       
    ------------   -----------------  -----------------  -----------------  -----------------
         C            0.065754604200     0.348400905000     0.002367310800    12.000000000000
         O            1.341593717500     0.304026601700     0.000429277600    15.994914619570
         O            1.978787076700    -0.876929232200    -0.000035336500    15.994914619570
         C           -0.712103422600    -0.872559609500    -0.000169666000    12.000000000000
         C           -2.050625403200    -0.883689609400    -0.003038786200    12.000000000000
         C           -0.510684193700     1.724264789000     0.001607549100    12.000000000000
         H           -0.130552154600    -1.791707867700     0.012419346400     1.007825032230
         H           -2.645931944600     0.032146304900    -0.010314606300     1.007825032230
         H           -2.606023510700    -1.813488030500    -0.008161433400     1.007825032230
         H            0.299901400300     2.457147229100    -0.001402748800     1.007825032230
         H           -1.140705264500     1.898492465700     0.885497282400     1.007825032230
         H           -1.144291893200     1.890393264100    -0.893422749000     1.007825032230

  Nuclear repulsion =  225.816578866857782

  ==> Basis Set <==

  Basis Set: 6-31G*
    Blend: 6-31G*
    Number of shells: 48
    Number of basis functions: 102
    Number of Cartesian functions: 102
    Spherical Harmonics?: false
    Max angular momentum: 2

  ==> DFJKGrad: Density-Fitted SCF Gradients <==

    Gradient:                    1
    J tasked:                  Yes
    K tasked:                  Yes
    wK tasked:                 Yes
    Omega:               2.000E-01
    OpenMP threads:              4
    Integrals threads:           4
    Memory [MiB]:             4291
    Schwarz Cutoff:          1E-12
    Fitting Condition:       1E-10

   => Auxiliary Basis Set <=

  Basis Set: (6-31G* AUX)
    Blend: CC-PVDZ-JKFIT
    Number of shells: 198
    Number of basis functions: 636
    Number of Cartesian functions: 636
    Spherical Harmonics?: false
    Max angular momentum: 3

  ==> DFT Potential <==

   => LibXC <=

    Version 7.0.0
    S. Lehtola, C. Steigemann, M. J.T. Oliveira, and M. A.L. Marques.,  SoftwareX 7, 1–5 (2018) (10.1016/j.softx.2017.11.002)

   => Composite Functional: WB97X-D <= 

    wB97X-D Hyb-GGA Exchange-Correlation Functional

    J.-D. Chai and M. Head-Gordon.,  Phys. Chem. Chem. Phys. 10, 6615-6620 (2008) (10.1039/B810189B)

    Deriv               =              1
    GGA                 =           TRUE
    Meta                =          FALSE

    Exchange Hybrid     =           TRUE
    MP2 Hybrid          =          FALSE

   => Exchange-Correlation Functionals <=

    1.0000   wB97X-D range-separated functional

   => Exact (HF) Exchange <=

    0.7780            HF,LR [omega = 0.2000]
    0.2220               HF 

   => LibXC Density Thresholds  <==

    XC_HYB_GGA_XC_WB97X_D:  1.00E-14 

   => Molecular Quadrature <=

    Radial Scheme          =       TREUTLER
    Pruning Scheme         =           NONE
    Nuclear Scheme         =       TREUTLER

    Blocking Scheme        =         OCTREE
    BS radius alpha        =              1
    Pruning alpha          =              1
    Radial Points          =             75
    Spherical Points       =            302
    Total Points           =         254270
    Total Blocks           =           1939
    Max Points             =            256
    Max Functions          =            100
    Weights Tolerance      =       1.00E-15


  -Total Gradient:
     Atom            X                  Y                   Z
    ------   -----------------  -----------------  -----------------
       1       -0.000099059966     0.001933642460     0.000175566177
       2        0.002335457414    -0.001424134921    -0.000274611838
       3       -0.000210652708     0.000706364584     0.000075536996
       4        0.000032515549     0.003670272223    -0.001250252166
       5        0.001175565120    -0.005891594314     0.000824961498
       6        0.004304446278    -0.004386806368     0.004977977605
       7        0.000318863171    -0.003206341526     0.000635219830
       8       -0.001940394350     0.002806134154    -0.000087855149
       9       -0.000009134154     0.001547807879    -0.000379397018
      10        0.000778401377     0.000272357830     0.000139653231
      11       -0.001724337541     0.001696840409     0.001679814868
      12       -0.005101432415     0.002000720199    -0.006497962679


*** tstop() called on cst14372 at Tue Apr 21 10:01:45 2026
Module time:
	user time   =       3.97 seconds =       0.07 minutes
	system time =       0.07 seconds =       0.00 minutes
	total time  =          2 seconds =       0.03 minutes
Total time:
	user time   =      59.85 seconds =       1.00 minutes
	system time =       0.90 seconds =       0.01 minutes
	total time  =         29 seconds =       0.48 minutes

Scratch directory: /tmp/
   => Libint2 <=

    Primary   basis highest AM E, G, H:  6, 6, 3
    Auxiliary basis highest AM E, G, H:  7, 7, 4
    Onebody   basis highest AM E, G, H:  -, -, -
    Solid Harmonics ordering:            Gaussian

*** tstart() called on cst14372
*** at Tue Apr 21 10:01:45 2026

   => Loading Basis Set <=

    Name: 6-31G*
    Role: ORBITAL
    Keyword: BASIS
    atoms 1, 4-6 entry C          line   111 file /Users/jmsmith1/anaconda3/envs/jupyterenv/share/psi4/basis/6-31gs.gbs 
    atoms 2-3    entry O          line   145 file /Users/jmsmith1/anaconda3/envs/jupyterenv/share/psi4/basis/6-31gs.gbs 
    atoms 7-12   entry H          line    44 file /Users/jmsmith1/anaconda3/envs/jupyterenv/share/psi4/basis/6-31gs.gbs 

   => WB97X-D: Empirical Dispersion <=

    Chai and Head-Gordon Dispersion Correction
    Chai, J.-D.; Head-Gordon, M. (2010), J. Chem. Phys., 132: 6615-6620

        s6 =       1.000000


         ---------------------------------------------------------
                                   SCF
               by Justin Turney, Rob Parrish, Andy Simmonett
                          and Daniel G. A. Smith
                              RKS Reference
                        4 Threads,   5722 MiB Core
         ---------------------------------------------------------

  ==> Geometry <==

    Molecular point group: c1
    Full point group: C1

    Geometry (in Angstrom), charge = 0, multiplicity = 1:

       Center              X                  Y                   Z               Mass       
    ------------   -----------------  -----------------  -----------------  -----------------
         C            0.065792706000     0.348929063300     0.004735871100    12.000000000000
         O            1.343502859200     0.304416324600     0.000859470200    15.994914619570
         O            1.980812898800    -0.874565690300    -0.000070863200    15.994914619570
         C           -0.711961094000    -0.872777792900    -0.000335841000    12.000000000000
         C           -2.051171878600    -0.887186212300    -0.006082214600    12.000000000000
         C           -0.513073555500     1.722817035800     0.003201890700    12.000000000000
         H           -0.138805407900    -1.801864945000     0.024826015100     1.007825032230
         H           -2.648737089100     0.033431038900    -0.020633840800     1.007825032230
         H           -2.611403053200    -1.811819029200    -0.016315847000     1.007825032230
         H            0.301737349600     2.453259504900    -0.002811352800     1.007825032230
         H           -1.146476541100     1.913862983800     0.886225667700     1.007825032230
         H           -1.153536049000     1.897648093600    -0.901916397800     1.007825032230

  Running in c1 symmetry.

  Rotational constants: A =      0.18535  B =      0.09931  C =      0.06547 [cm^-1]
  Rotational constants: A =   5556.65523  B =   2977.10617  C =   1962.79327 [MHz]
  Nuclear repulsion =  225.603649122500741

  Charge       = 0
  Multiplicity = 1
  Electrons    = 46
  Nalpha       = 23
  Nbeta        = 23

  ==> Algorithm <==

  SCF Algorithm Type is DF.
  DIIS enabled.
  MOM disabled.
  Fractional occupation disabled.
  Guess Type is SAD.
  Energy threshold   = 1.00e-07
  Density threshold  = 1.00e-07
  Integral threshold = 1.00e-12

  ==> Primary Basis <==

  Basis Set: 6-31G*
    Blend: 6-31G*
    Number of shells: 48
    Number of basis functions: 102
    Number of Cartesian functions: 102
    Spherical Harmonics?: false
    Max angular momentum: 2

  ==> DFT Potential <==

   => LibXC <=

    Version 7.0.0
    S. Lehtola, C. Steigemann, M. J.T. Oliveira, and M. A.L. Marques.,  SoftwareX 7, 1–5 (2018) (10.1016/j.softx.2017.11.002)

   => Composite Functional: WB97X-D <= 

    wB97X-D Hyb-GGA Exchange-Correlation Functional

    J.-D. Chai and M. Head-Gordon.,  Phys. Chem. Chem. Phys. 10, 6615-6620 (2008) (10.1039/B810189B)

    Deriv               =              1
    GGA                 =           TRUE
    Meta                =          FALSE

    Exchange Hybrid     =           TRUE
    MP2 Hybrid          =          FALSE

   => Exchange-Correlation Functionals <=

    1.0000   wB97X-D range-separated functional

   => Exact (HF) Exchange <=

    0.7780            HF,LR [omega = 0.2000]
    0.2220               HF 

   => LibXC Density Thresholds  <==

    XC_HYB_GGA_XC_WB97X_D:  1.00E-14 

   => Molecular Quadrature <=

    Radial Scheme          =       TREUTLER
    Pruning Scheme         =           NONE
    Nuclear Scheme         =       TREUTLER

    Blocking Scheme        =         OCTREE
    BS radius alpha        =              1
    Pruning alpha          =              1
    Radial Points          =             75
    Spherical Points       =            302
    Total Points           =         254300
    Total Blocks           =           1925
    Max Points             =            256
    Max Functions          =            100
    Weights Tolerance      =       1.00E-15

   => Loading Basis Set <=

    Name: (6-31G* AUX)
    Role: JKFIT
    Keyword: DF_BASIS_SCF
    atoms 1, 4-6 entry C          line   121 file /Users/jmsmith1/anaconda3/envs/jupyterenv/share/psi4/basis/cc-pvdz-jkfit.gbs 
    atoms 2-3    entry O          line   221 file /Users/jmsmith1/anaconda3/envs/jupyterenv/share/psi4/basis/cc-pvdz-jkfit.gbs 
    atoms 7-12   entry H          line    51 file /Users/jmsmith1/anaconda3/envs/jupyterenv/share/psi4/basis/cc-pvdz-jkfit.gbs 

  ==> Integral Setup <==

  DFHelper Memory: AOs need 0.151 GiB; user supplied 3.597 GiB. 
  SCF_SUBTYPE=INCORE selected. In-core MEM_DF algorithm will be used.
  Using in-core AOs.

  ==> MemDFJK: Density-Fitted J/K Matrices <==

    J tasked:                   Yes
    K tasked:                   Yes
    wK tasked:                  Yes
    Omega:                2.000E-01
    OpenMP threads:               4
    Memory [MiB]:              3683
    Algorithm:                 Core
    Schwarz Cutoff:           1E-12
    Mask sparsity (%):       1.5186
    Fitting Condition:        1E-10

   => Auxiliary Basis Set <=

  Basis Set: (6-31G* AUX)
    Blend: CC-PVDZ-JKFIT
    Number of shells: 198
    Number of basis functions: 636
    Number of Cartesian functions: 636
    Spherical Harmonics?: false
    Max angular momentum: 3

  Cached 100.0% of DFT collocation blocks in 0.594 [GiB].

  Minimum eigenvalue in the overlap matrix is 2.7496301933E-03.
  Reciprocal condition number of the overlap matrix is 3.9414446587E-04.
    Using symmetric orthogonalization.

  ==> Pre-Iterations <==

  SCF Guess: Superposition of Atomic Densities via on-the-fly atomic UHF (no occupation information).

   -------------------------
    Irrep   Nso     Nmo    
   -------------------------
     A        102     102 
   -------------------------
    Total     102     102
   -------------------------

  ==> Iterations <==

                           Total Energy        Delta E     RMS |[F,P]|

   @DF-RKS iter SAD:  -300.30737268865289   -3.00307e+02   0.00000e+00 
   @DF-RKS iter   1:  -296.65000343993557    3.65737e+00   3.46428e-02 DIIS/ADIIS
   @DF-RKS iter   2:  -274.10625154286794    2.25438e+01   6.52837e-02 DIIS/ADIIS
   @DF-RKS iter   3:  -304.76655758126441   -3.06603e+01   1.70251e-02 DIIS/ADIIS
   @DF-RKS iter   4:  -304.19173983134181    5.74818e-01   1.89638e-02 DIIS/ADIIS
   @DF-RKS iter   5:  -306.11419984832838   -1.92246e+00   4.08504e-03 DIIS/ADIIS
   @DF-RKS iter   6:  -306.18859977124549   -7.43999e-02   1.99996e-03 DIIS/ADIIS
   @DF-RKS iter   7:  -306.20769072428197   -1.90910e-02   4.55649e-04 DIIS/ADIIS
   @DF-RKS iter   8:  -306.20827619250690   -5.85468e-04   3.31201e-04 DIIS/ADIIS
   @DF-RKS iter   9:  -306.20884537697049   -5.69184e-04   5.63397e-05 DIIS
   @DF-RKS iter  10:  -306.20886721508140   -2.18381e-05   2.35229e-05 DIIS
   @DF-RKS iter  11:  -306.20886975502236   -2.53994e-06   1.25230e-05 DIIS
   @DF-RKS iter  12:  -306.20887067570425   -9.20682e-07   4.81339e-06 DIIS
   @DF-RKS iter  13:  -306.20887084153298   -1.65829e-07   6.17227e-07 DIIS
   @DF-RKS iter  14:  -306.20887084615197   -4.61898e-09   2.31621e-07 DIIS
   @DF-RKS iter  15:  -306.20887084671597   -5.64000e-10   9.11974e-08 DIIS
  Energy and wave function converged.


  ==> Post-Iterations <==

   Electrons on quadrature grid:
      Ntotal   =   46.0000131979 ; deviation = 1.320e-05 

    Orbital Energies [Eh]
    ---------------------

    Doubly Occupied:                                                      

       1A    -19.410982     2A    -19.242921     3A    -10.407157  
       4A    -10.337131     5A    -10.332027     6A    -10.329786  
       7A     -1.284394     8A     -0.994773     9A     -0.910601  
      10A     -0.844525    11A     -0.753304    12A     -0.641112  
      13A     -0.618139    14A     -0.591311    15A     -0.582933  
      16A     -0.533592    17A     -0.511871    18A     -0.506651  
      19A     -0.497611    20A     -0.451318    21A     -0.397648  
      22A     -0.302825    23A     -0.290841  

    Virtual:                                                              

      24A     -0.021366    25A      0.122169    26A      0.162189  
      27A      0.177927    28A      0.211443    29A      0.231948  
      30A      0.233118    31A      0.237833    32A      0.266022  
      33A      0.317078    34A      0.356318    35A      0.406655  
      36A      0.435200    37A      0.561947    38A      0.588103  
      39A      0.609250    40A      0.647722    41A      0.675622  
      42A      0.680134    43A      0.699135    44A      0.733492  
      45A      0.754460    46A      0.776507    47A      0.814869  
      48A      0.907394    49A      0.910196    50A      0.919942  
      51A      0.929030    52A      0.954045    53A      0.986941  
      54A      1.003965    55A      1.028093    56A      1.034050  
      57A      1.063550    58A      1.129394    59A      1.147926  
      60A      1.185161    61A      1.219518    62A      1.269208  
      63A      1.379979    64A      1.391820    65A      1.423778  
      66A      1.431020    67A      1.540467    68A      1.575841  
      69A      1.635358    70A      1.704772    71A      1.742985  
      72A      1.823166    73A      1.874964    74A      1.931615  
      75A      1.948280    76A      1.959311    77A      2.021112  
      78A      2.026748    79A      2.076916    80A      2.146903  
      81A      2.165426    82A      2.211017    83A      2.287957  
      84A      2.332060    85A      2.345443    86A      2.438058  
      87A      2.459751    88A      2.553984    89A      2.564198  
      90A      2.600185    91A      2.709428    92A      2.770611  
      93A      2.949202    94A      2.956898    95A      3.181632  
      96A      3.275198    97A      3.630585    98A      4.116887  
      99A      4.178626   100A      4.272984   101A      4.354645  
     102A      4.621279  

    Final Occupation by Irrep:
              A 
    DOCC [    23 ]
    NA   [    23 ]
    NB   [    23 ]

  @DF-RKS Final Energy:  -306.20887084671597

   => Energetics <=

    Nuclear Repulsion Energy =            225.6036491225007410
    One-Electron Energy =                -862.8610843650818651
    Two-Electron Energy =                 359.3358735050678092
    DFT Exchange-Correlation Energy =     -28.2829069376121787
    Empirical Dispersion Energy =          -0.0044021715905450
    VV10 Nonlocal Energy =                  0.0000000000000000
    Total Energy =                       -306.2088708467159677

Computation Completed


Properties will be evaluated at   0.000000,   0.000000,   0.000000 [a0]

Properties computed using the SCF density matrix


 Multipole Moments:

 ------------------------------------------------------------------------------------
     Multipole            Electronic (a.u.)      Nuclear  (a.u.)        Total (a.u.)
 ------------------------------------------------------------------------------------

 L = 1.  Multiply by 2.5417464519 to convert [e a0] to [Debye]
 Dipole X            :         -1.8023728           -0.1231679           -1.9255408
 Dipole Y            :          0.7800641           -0.0113095            0.7687547
 Dipole Z            :          0.0322574           -0.0287213            0.0035360
 Magnitude           :                                                    2.0733315

 ------------------------------------------------------------------------------------

*** tstop() called on cst14372 at Tue Apr 21 10:01:58 2026
Module time:
	user time   =      26.04 seconds =       0.43 minutes
	system time =       0.45 seconds =       0.01 minutes
	total time  =         13 seconds =       0.22 minutes
Total time:
	user time   =      85.91 seconds =       1.43 minutes
	system time =       1.35 seconds =       0.02 minutes
	total time  =         42 seconds =       0.70 minutes

Scratch directory: /tmp/
gradient() will perform analytic gradient computation.

*** tstart() called on cst14372
*** at Tue Apr 21 10:01:58 2026


         ------------------------------------------------------------
                                   SCF GRAD                          
                          Rob Parrish, Justin Turney,                
                       Andy Simmonett, and Alex Sokolov              
         ------------------------------------------------------------

  ==> Geometry <==

    Molecular point group: c1
    Full point group: C1

    Geometry (in Angstrom), charge = 0, multiplicity = 1:

       Center              X                  Y                   Z               Mass       
    ------------   -----------------  -----------------  -----------------  -----------------
         C            0.065792706000     0.348929063300     0.004735871100    12.000000000000
         O            1.343502859200     0.304416324600     0.000859470200    15.994914619570
         O            1.980812898800    -0.874565690300    -0.000070863200    15.994914619570
         C           -0.711961094000    -0.872777792900    -0.000335841000    12.000000000000
         C           -2.051171878600    -0.887186212300    -0.006082214600    12.000000000000
         C           -0.513073555500     1.722817035800     0.003201890700    12.000000000000
         H           -0.138805407900    -1.801864945000     0.024826015100     1.007825032230
         H           -2.648737089100     0.033431038900    -0.020633840800     1.007825032230
         H           -2.611403053200    -1.811819029200    -0.016315847000     1.007825032230
         H            0.301737349600     2.453259504900    -0.002811352800     1.007825032230
         H           -1.146476541100     1.913862983800     0.886225667700     1.007825032230
         H           -1.153536049000     1.897648093600    -0.901916397800     1.007825032230

  Nuclear repulsion =  225.603649122500741

  ==> Basis Set <==

  Basis Set: 6-31G*
    Blend: 6-31G*
    Number of shells: 48
    Number of basis functions: 102
    Number of Cartesian functions: 102
    Spherical Harmonics?: false
    Max angular momentum: 2

  ==> DFJKGrad: Density-Fitted SCF Gradients <==

    Gradient:                    1
    J tasked:                  Yes
    K tasked:                  Yes
    wK tasked:                 Yes
    Omega:               2.000E-01
    OpenMP threads:              4
    Integrals threads:           4
    Memory [MiB]:             4291
    Schwarz Cutoff:          1E-12
    Fitting Condition:       1E-10

   => Auxiliary Basis Set <=

  Basis Set: (6-31G* AUX)
    Blend: CC-PVDZ-JKFIT
    Number of shells: 198
    Number of basis functions: 636
    Number of Cartesian functions: 636
    Spherical Harmonics?: false
    Max angular momentum: 3

  ==> DFT Potential <==

   => LibXC <=

    Version 7.0.0
    S. Lehtola, C. Steigemann, M. J.T. Oliveira, and M. A.L. Marques.,  SoftwareX 7, 1–5 (2018) (10.1016/j.softx.2017.11.002)

   => Composite Functional: WB97X-D <= 

    wB97X-D Hyb-GGA Exchange-Correlation Functional

    J.-D. Chai and M. Head-Gordon.,  Phys. Chem. Chem. Phys. 10, 6615-6620 (2008) (10.1039/B810189B)

    Deriv               =              1
    GGA                 =           TRUE
    Meta                =          FALSE

    Exchange Hybrid     =           TRUE
    MP2 Hybrid          =          FALSE

   => Exchange-Correlation Functionals <=

    1.0000   wB97X-D range-separated functional

   => Exact (HF) Exchange <=

    0.7780            HF,LR [omega = 0.2000]
    0.2220               HF 

   => LibXC Density Thresholds  <==

    XC_HYB_GGA_XC_WB97X_D:  1.00E-14 

   => Molecular Quadrature <=

    Radial Scheme          =       TREUTLER
    Pruning Scheme         =           NONE
    Nuclear Scheme         =       TREUTLER

    Blocking Scheme        =         OCTREE
    BS radius alpha        =              1
    Pruning alpha          =              1
    Radial Points          =             75
    Spherical Points       =            302
    Total Points           =         254300
    Total Blocks           =           1925
    Max Points             =            256
    Max Functions          =            100
    Weights Tolerance      =       1.00E-15


  -Total Gradient:
     Atom            X                  Y                   Z
    ------   -----------------  -----------------  -----------------
       1       -0.000206073062     0.003816380727     0.000345092527
       2        0.004580825179    -0.002671228246    -0.000548989107
       3       -0.000323258103     0.001235764606     0.000149000155
       4        0.000156787312     0.007431095555    -0.002546099752
       5        0.002246228127    -0.011547740970     0.001680775350
       6        0.008178294166    -0.008736239386     0.009306410276
       7        0.000611539307    -0.006413696030     0.001302739348
       8       -0.003794425517     0.005516275890    -0.000217507072
       9       -0.000040261386     0.003053668022    -0.000750562658
      10        0.001585851909     0.000551479067     0.000273805196
      11       -0.003449475481     0.003465308241     0.003379343345
      12       -0.009710480424     0.003959543080    -0.012369052922


*** tstop() called on cst14372 at Tue Apr 21 10:02:00 2026
Module time:
	user time   =       4.13 seconds =       0.07 minutes
	system time =       0.09 seconds =       0.00 minutes
	total time  =          2 seconds =       0.03 minutes
Total time:
	user time   =      90.06 seconds =       1.50 minutes
	system time =       1.44 seconds =       0.02 minutes
	total time  =         44 seconds =       0.73 minutes

Scratch directory: /tmp/
   => Libint2 <=

    Primary   basis highest AM E, G, H:  6, 6, 3
    Auxiliary basis highest AM E, G, H:  7, 7, 4
    Onebody   basis highest AM E, G, H:  -, -, -
    Solid Harmonics ordering:            Gaussian

*** tstart() called on cst14372
*** at Tue Apr 21 10:02:00 2026

   => Loading Basis Set <=

    Name: 6-31G*
    Role: ORBITAL
    Keyword: BASIS
    atoms 1, 4-6 entry C          line   111 file /Users/jmsmith1/anaconda3/envs/jupyterenv/share/psi4/basis/6-31gs.gbs 
    atoms 2-3    entry O          line   145 file /Users/jmsmith1/anaconda3/envs/jupyterenv/share/psi4/basis/6-31gs.gbs 
    atoms 7-12   entry H          line    44 file /Users/jmsmith1/anaconda3/envs/jupyterenv/share/psi4/basis/6-31gs.gbs 

   => WB97X-D: Empirical Dispersion <=

    Chai and Head-Gordon Dispersion Correction
    Chai, J.-D.; Head-Gordon, M. (2010), J. Chem. Phys., 132: 6615-6620

        s6 =       1.000000


         ---------------------------------------------------------
                                   SCF
               by Justin Turney, Rob Parrish, Andy Simmonett
                          and Daniel G. A. Smith
                              RKS Reference
                        4 Threads,   5722 MiB Core
         ---------------------------------------------------------

  ==> Geometry <==

    Molecular point group: c1
    Full point group: C1

    Geometry (in Angstrom), charge = 0, multiplicity = 1:

       Center              X                  Y                   Z               Mass       
    ------------   -----------------  -----------------  -----------------  -----------------
         C            0.065831433700     0.349446594500     0.007105287700    12.000000000000
         O            1.345403547100     0.304812154100     0.001291192000    15.994914619570
         O            1.982841009400    -0.872202981500    -0.000106741400    15.994914619570
         C           -0.711819107600    -0.873017645200    -0.000494780300    12.000000000000
         C           -2.051725280200    -0.890652146000    -0.009132888700    12.000000000000
         C           -0.515488447900     1.721393422700     0.004770557600    12.000000000000
         H           -0.147086204900    -1.811808884900     0.037197491400     1.007825032230
         H           -2.651413629900     0.034526623600    -0.030953658100     1.007825032230
         H           -2.616785420300    -1.810253986100    -0.024450772800     1.007825032230
         H            0.303520069500     2.449349726000    -0.004230498300     1.007825032230
         H           -1.152133427700     1.929126083000     0.886838131600     1.007825032230
         H           -1.162452706900     1.904772111900    -0.909990315400     1.007825032230

  Running in c1 symmetry.

  Rotational constants: A =      0.18519  B =      0.09909  C =      0.06537 [cm^-1]
  Rotational constants: A =   5551.77478  B =   2970.78087  C =   1959.70463 [MHz]
  Nuclear repulsion =  225.394247543380658

  Charge       = 0
  Multiplicity = 1
  Electrons    = 46
  Nalpha       = 23
  Nbeta        = 23

  ==> Algorithm <==

  SCF Algorithm Type is DF.
  DIIS enabled.
  MOM disabled.
  Fractional occupation disabled.
  Guess Type is SAD.
  Energy threshold   = 1.00e-07
  Density threshold  = 1.00e-07
  Integral threshold = 1.00e-12

  ==> Primary Basis <==

  Basis Set: 6-31G*
    Blend: 6-31G*
    Number of shells: 48
    Number of basis functions: 102
    Number of Cartesian functions: 102
    Spherical Harmonics?: false
    Max angular momentum: 2

  ==> DFT Potential <==

   => LibXC <=

    Version 7.0.0
    S. Lehtola, C. Steigemann, M. J.T. Oliveira, and M. A.L. Marques.,  SoftwareX 7, 1–5 (2018) (10.1016/j.softx.2017.11.002)

   => Composite Functional: WB97X-D <= 

    wB97X-D Hyb-GGA Exchange-Correlation Functional

    J.-D. Chai and M. Head-Gordon.,  Phys. Chem. Chem. Phys. 10, 6615-6620 (2008) (10.1039/B810189B)

    Deriv               =              1
    GGA                 =           TRUE
    Meta                =          FALSE

    Exchange Hybrid     =           TRUE
    MP2 Hybrid          =          FALSE

   => Exchange-Correlation Functionals <=

    1.0000   wB97X-D range-separated functional

   => Exact (HF) Exchange <=

    0.7780            HF,LR [omega = 0.2000]
    0.2220               HF 

   => LibXC Density Thresholds  <==

    XC_HYB_GGA_XC_WB97X_D:  1.00E-14 

   => Molecular Quadrature <=

    Radial Scheme          =       TREUTLER
    Pruning Scheme         =           NONE
    Nuclear Scheme         =       TREUTLER

    Blocking Scheme        =         OCTREE
    BS radius alpha        =              1
    Pruning alpha          =              1
    Radial Points          =             75
    Spherical Points       =            302
    Total Points           =         254326
    Total Blocks           =           1919
    Max Points             =            256
    Max Functions          =            100
    Weights Tolerance      =       1.00E-15

   => Loading Basis Set <=

    Name: (6-31G* AUX)
    Role: JKFIT
    Keyword: DF_BASIS_SCF
    atoms 1, 4-6 entry C          line   121 file /Users/jmsmith1/anaconda3/envs/jupyterenv/share/psi4/basis/cc-pvdz-jkfit.gbs 
    atoms 2-3    entry O          line   221 file /Users/jmsmith1/anaconda3/envs/jupyterenv/share/psi4/basis/cc-pvdz-jkfit.gbs 
    atoms 7-12   entry H          line    51 file /Users/jmsmith1/anaconda3/envs/jupyterenv/share/psi4/basis/cc-pvdz-jkfit.gbs 

  ==> Integral Setup <==

  DFHelper Memory: AOs need 0.151 GiB; user supplied 3.597 GiB. 
  SCF_SUBTYPE=INCORE selected. In-core MEM_DF algorithm will be used.
  Using in-core AOs.

  ==> MemDFJK: Density-Fitted J/K Matrices <==

    J tasked:                   Yes
    K tasked:                   Yes
    wK tasked:                  Yes
    Omega:                2.000E-01
    OpenMP threads:               4
    Memory [MiB]:              3683
    Algorithm:                 Core
    Schwarz Cutoff:           1E-12
    Mask sparsity (%):       1.5186
    Fitting Condition:        1E-10

   => Auxiliary Basis Set <=

  Basis Set: (6-31G* AUX)
    Blend: CC-PVDZ-JKFIT
    Number of shells: 198
    Number of basis functions: 636
    Number of Cartesian functions: 636
    Spherical Harmonics?: false
    Max angular momentum: 3

  Cached 100.0% of DFT collocation blocks in 0.594 [GiB].

  Minimum eigenvalue in the overlap matrix is 2.7770115093E-03.
  Reciprocal condition number of the overlap matrix is 3.9878460075E-04.
    Using symmetric orthogonalization.

  ==> Pre-Iterations <==

  SCF Guess: Superposition of Atomic Densities via on-the-fly atomic UHF (no occupation information).

   -------------------------
    Irrep   Nso     Nmo    
   -------------------------
     A        102     102 
   -------------------------
    Total     102     102
   -------------------------

  ==> Iterations <==

                           Total Energy        Delta E     RMS |[F,P]|

   @DF-RKS iter SAD:  -300.28498426850473   -3.00285e+02   0.00000e+00 
   @DF-RKS iter   1:  -296.61707034868084    3.66791e+00   3.46514e-02 DIIS/ADIIS
   @DF-RKS iter   2:  -274.00319281100838    2.26139e+01   6.53196e-02 DIIS/ADIIS
   @DF-RKS iter   3:  -304.75628037280774   -3.07531e+01   1.70597e-02 DIIS/ADIIS
   @DF-RKS iter   4:  -304.10501192645603    6.51268e-01   1.93906e-02 DIIS/ADIIS
   @DF-RKS iter   5:  -306.11331438338340   -2.00830e+00   4.05360e-03 DIIS/ADIIS
   @DF-RKS iter   6:  -306.18614742142364   -7.28330e-02   2.07095e-03 DIIS/ADIIS
   @DF-RKS iter   7:  -306.20667104120554   -2.05236e-02   4.44923e-04 DIIS/ADIIS
   @DF-RKS iter   8:  -306.20725125737658   -5.80216e-04   3.27006e-04 DIIS/ADIIS
   @DF-RKS iter   9:  -306.20780658010062   -5.55323e-04   5.61602e-05 DIIS
   @DF-RKS iter  10:  -306.20782881721453   -2.22371e-05   2.44543e-05 DIIS
   @DF-RKS iter  11:  -306.20783151398746   -2.69677e-06   1.39344e-05 DIIS
   @DF-RKS iter  12:  -306.20783265117518   -1.13719e-06   5.30403e-06 DIIS
   @DF-RKS iter  13:  -306.20783285754027   -2.06365e-07   5.66210e-07 DIIS
   @DF-RKS iter  14:  -306.20783286449699   -6.95672e-09   2.45264e-07 DIIS
   @DF-RKS iter  15:  -306.20783286628608   -1.78909e-09   1.21266e-07 DIIS
   @DF-RKS iter  16:  -306.20783286706666   -7.80574e-10   5.46272e-08 DIIS
  Energy and wave function converged.


  ==> Post-Iterations <==

   Electrons on quadrature grid:
      Ntotal   =   46.0000048285 ; deviation = 4.828e-06 

    Orbital Energies [Eh]
    ---------------------

    Doubly Occupied:                                                      

       1A    -19.411584     2A    -19.243643     3A    -10.407590  
       4A    -10.337261     5A    -10.333740     6A    -10.330353  
       7A     -1.284874     8A     -0.995030     9A     -0.910005  
      10A     -0.843470    11A     -0.752719    12A     -0.641044  
      13A     -0.617862    14A     -0.591349    15A     -0.582425  
      16A     -0.533973    17A     -0.510241    18A     -0.504908  
      19A     -0.496893    20A     -0.451721    21A     -0.397377  
      22A     -0.303202    23A     -0.290991  

    Virtual:                                                              

      24A     -0.021794    25A      0.121102    26A      0.161009  
      27A      0.176966    28A      0.210861    29A      0.230975  
      30A      0.231807    31A      0.238090    32A      0.265373  
      33A      0.316410    34A      0.355653    35A      0.407764  
      36A      0.436154    37A      0.561390    38A      0.587854  
      39A      0.609554    40A      0.649379    41A      0.675086  
      42A      0.679555    43A      0.699972    44A      0.732923  
      45A      0.753501    46A      0.778524    47A      0.813483  
      48A      0.904097    49A      0.909571    50A      0.915409  
      51A      0.927807    52A      0.953006    53A      0.984807  
      54A      1.001026    55A      1.027490    56A      1.032791  
      57A      1.061003    58A      1.128554    59A      1.146913  
      60A      1.184778    61A      1.217626    62A      1.268538  
      63A      1.377956    64A      1.393036    65A      1.422541  
      66A      1.431759    67A      1.539477    68A      1.577885  
      69A      1.635588    70A      1.703767    71A      1.743883  
      72A      1.821250    73A      1.873182    74A      1.929996  
      75A      1.946595    76A      1.956880    77A      2.018810  
      78A      2.023644    79A      2.076191    80A      2.140723  
      81A      2.163390    82A      2.209841    83A      2.288048  
      84A      2.328569    85A      2.345863    86A      2.435716  
      87A      2.459277    88A      2.553146    89A      2.564668  
      90A      2.599026    91A      2.709061    92A      2.770608  
      93A      2.947746    94A      2.955274    95A      3.180048  
      96A      3.274141    97A      3.629261    98A      4.115501  
      99A      4.177463   100A      4.270966   101A      4.353451  
     102A      4.620939  

    Final Occupation by Irrep:
              A 
    DOCC [    23 ]
    NA   [    23 ]
    NB   [    23 ]

  @DF-RKS Final Energy:  -306.20783286706666

   => Energetics <=

    Nuclear Repulsion Energy =            225.3942475433806578
    One-Electron Energy =                -862.4481590593501323
    Two-Electron Energy =                 359.1251544643649254
    DFT Exchange-Correlation Energy =     -28.2746739732651768
    Empirical Dispersion Energy =          -0.0044018421968812
    VV10 Nonlocal Energy =                  0.0000000000000000
    Total Energy =                       -306.2078328670666565

Computation Completed


Properties will be evaluated at   0.000000,   0.000000,   0.000000 [a0]

Properties computed using the SCF density matrix


 Multipole Moments:

 ------------------------------------------------------------------------------------
     Multipole            Electronic (a.u.)      Nuclear  (a.u.)        Total (a.u.)
 ------------------------------------------------------------------------------------

 L = 1.  Multiply by 2.5417464519 to convert [e a0] to [Debye]
 Dipole X            :         -1.7695409           -0.1504284           -1.9199693
 Dipole Y            :          0.7645329           -0.0007438            0.7637892
 Dipole Z            :          0.0481543           -0.0427550            0.0053994
 Magnitude           :                                                    2.0663216

 ------------------------------------------------------------------------------------

*** tstop() called on cst14372 at Tue Apr 21 10:02:13 2026
Module time:
	user time   =      27.44 seconds =       0.46 minutes
	system time =       0.37 seconds =       0.01 minutes
	total time  =         13 seconds =       0.22 minutes
Total time:
	user time   =     117.52 seconds =       1.96 minutes
	system time =       1.81 seconds =       0.03 minutes
	total time  =         57 seconds =       0.95 minutes

Scratch directory: /tmp/
gradient() will perform analytic gradient computation.

*** tstart() called on cst14372
*** at Tue Apr 21 10:02:13 2026


         ------------------------------------------------------------
                                   SCF GRAD                          
                          Rob Parrish, Justin Turney,                
                       Andy Simmonett, and Alex Sokolov              
         ------------------------------------------------------------

  ==> Geometry <==

    Molecular point group: c1
    Full point group: C1

    Geometry (in Angstrom), charge = 0, multiplicity = 1:

       Center              X                  Y                   Z               Mass       
    ------------   -----------------  -----------------  -----------------  -----------------
         C            0.065831433700     0.349446594500     0.007105287700    12.000000000000
         O            1.345403547100     0.304812154100     0.001291192000    15.994914619570
         O            1.982841009400    -0.872202981500    -0.000106741400    15.994914619570
         C           -0.711819107600    -0.873017645200    -0.000494780300    12.000000000000
         C           -2.051725280200    -0.890652146000    -0.009132888700    12.000000000000
         C           -0.515488447900     1.721393422700     0.004770557600    12.000000000000
         H           -0.147086204900    -1.811808884900     0.037197491400     1.007825032230
         H           -2.651413629900     0.034526623600    -0.030953658100     1.007825032230
         H           -2.616785420300    -1.810253986100    -0.024450772800     1.007825032230
         H            0.303520069500     2.449349726000    -0.004230498300     1.007825032230
         H           -1.152133427700     1.929126083000     0.886838131600     1.007825032230
         H           -1.162452706900     1.904772111900    -0.909990315400     1.007825032230

  Nuclear repulsion =  225.394247543380658

  ==> Basis Set <==

  Basis Set: 6-31G*
    Blend: 6-31G*
    Number of shells: 48
    Number of basis functions: 102
    Number of Cartesian functions: 102
    Spherical Harmonics?: false
    Max angular momentum: 2

  ==> DFJKGrad: Density-Fitted SCF Gradients <==

    Gradient:                    1
    J tasked:                  Yes
    K tasked:                  Yes
    wK tasked:                 Yes
    Omega:               2.000E-01
    OpenMP threads:              4
    Integrals threads:           4
    Memory [MiB]:             4291
    Schwarz Cutoff:          1E-12
    Fitting Condition:       1E-10

   => Auxiliary Basis Set <=

  Basis Set: (6-31G* AUX)
    Blend: CC-PVDZ-JKFIT
    Number of shells: 198
    Number of basis functions: 636
    Number of Cartesian functions: 636
    Spherical Harmonics?: false
    Max angular momentum: 3

  ==> DFT Potential <==

   => LibXC <=

    Version 7.0.0
    S. Lehtola, C. Steigemann, M. J.T. Oliveira, and M. A.L. Marques.,  SoftwareX 7, 1–5 (2018) (10.1016/j.softx.2017.11.002)

   => Composite Functional: WB97X-D <= 

    wB97X-D Hyb-GGA Exchange-Correlation Functional

    J.-D. Chai and M. Head-Gordon.,  Phys. Chem. Chem. Phys. 10, 6615-6620 (2008) (10.1039/B810189B)

    Deriv               =              1
    GGA                 =           TRUE
    Meta                =          FALSE

    Exchange Hybrid     =           TRUE
    MP2 Hybrid          =          FALSE

   => Exchange-Correlation Functionals <=

    1.0000   wB97X-D range-separated functional

   => Exact (HF) Exchange <=

    0.7780            HF,LR [omega = 0.2000]
    0.2220               HF 

   => LibXC Density Thresholds  <==

    XC_HYB_GGA_XC_WB97X_D:  1.00E-14 

   => Molecular Quadrature <=

    Radial Scheme          =       TREUTLER
    Pruning Scheme         =           NONE
    Nuclear Scheme         =       TREUTLER

    Blocking Scheme        =         OCTREE
    BS radius alpha        =              1
    Pruning alpha          =              1
    Radial Points          =             75
    Spherical Points       =            302
    Total Points           =         254326
    Total Blocks           =           1919
    Max Points             =            256
    Max Functions          =            100
    Weights Tolerance      =       1.00E-15


  -Total Gradient:
     Atom            X                  Y                   Z
    ------   -----------------  -----------------  -----------------
       1       -0.000301369632     0.005655155189     0.000511642934
       2        0.006790961190    -0.003913828147    -0.000826295864
       3       -0.000443644627     0.001771281114     0.000220855689
       4        0.000360309577     0.011143258447    -0.003882308435
       5        0.003202581313    -0.016888735430     0.002561619785
       6        0.011545960604    -0.012982943239     0.012989032025
       7        0.000841553280    -0.009547182540     0.001995523543
       8       -0.005516399678     0.008019303971    -0.000382884610
       9       -0.000105489584     0.004468186235    -0.001113522347
      10        0.002385002247     0.000805631100     0.000399173867
      11       -0.005149361913     0.005272009119     0.005024829728
      12       -0.013802277861     0.005828591304    -0.017542007384


*** tstop() called on cst14372 at Tue Apr 21 10:02:15 2026
Module time:
	user time   =       4.00 seconds =       0.07 minutes
	system time =       0.08 seconds =       0.00 minutes
	total time  =          2 seconds =       0.03 minutes
Total time:
	user time   =     121.54 seconds =       2.03 minutes
	system time =       1.89 seconds =       0.03 minutes
	total time  =         59 seconds =       0.98 minutes

Scratch directory: /tmp/
   => Libint2 <=

    Primary   basis highest AM E, G, H:  6, 6, 3
    Auxiliary basis highest AM E, G, H:  7, 7, 4
    Onebody   basis highest AM E, G, H:  -, -, -
    Solid Harmonics ordering:            Gaussian

*** tstart() called on cst14372
*** at Tue Apr 21 10:02:15 2026

   => Loading Basis Set <=

    Name: 6-31G*
    Role: ORBITAL
    Keyword: BASIS
    atoms 1, 4-6 entry C          line   111 file /Users/jmsmith1/anaconda3/envs/jupyterenv/share/psi4/basis/6-31gs.gbs 
    atoms 2-3    entry O          line   145 file /Users/jmsmith1/anaconda3/envs/jupyterenv/share/psi4/basis/6-31gs.gbs 
    atoms 7-12   entry H          line    44 file /Users/jmsmith1/anaconda3/envs/jupyterenv/share/psi4/basis/6-31gs.gbs 

   => WB97X-D: Empirical Dispersion <=

    Chai and Head-Gordon Dispersion Correction
    Chai, J.-D.; Head-Gordon, M. (2010), J. Chem. Phys., 132: 6615-6620

        s6 =       1.000000


         ---------------------------------------------------------
                                   SCF
               by Justin Turney, Rob Parrish, Andy Simmonett
                          and Daniel G. A. Smith
                              RKS Reference
                        4 Threads,   5722 MiB Core
         ---------------------------------------------------------

  ==> Geometry <==

    Molecular point group: c1
    Full point group: C1

    Geometry (in Angstrom), charge = 0, multiplicity = 1:

       Center              X                  Y                   Z               Mass       
    ------------   -----------------  -----------------  -----------------  -----------------
         C            0.065871066300     0.349948206000     0.009475243600    12.000000000000
         O            1.347291105400     0.305216821600     0.001725076400    15.994914619570
         O            1.984871812200    -0.869842106000    -0.000143129800    15.994914619570
         C           -0.711678042500    -0.873289940100    -0.000642623400    12.000000000000
         C           -2.052288418800    -0.894072173400    -0.012193573800    12.000000000000
         C           -0.517938801900     1.720006156700     0.006302983200    12.000000000000
         H           -0.155403070400    -1.821432181200     0.049510720600     1.007825032230
         H           -2.653902285700     0.035346693400    -0.041269071900     1.007825032230
         H           -2.622168738300    -1.808841640400    -0.032554245800     1.007825032230
         H            0.305222090900     2.445408842300    -0.005664614100     1.007825032230
         H           -1.157617622400     1.944220449700     0.887277897200     1.007825032230
         H           -1.170901160200     1.911701273600    -0.917466390900     1.007825032230

  Running in c1 symmetry.

  Rotational constants: A =      0.18503  B =      0.09889  C =      0.06527 [cm^-1]
  Rotational constants: A =   5546.91883  B =   2964.50481  C =   1956.62977 [MHz]
  Nuclear repulsion =  225.190172691512259

  Charge       = 0
  Multiplicity = 1
  Electrons    = 46
  Nalpha       = 23
  Nbeta        = 23

  ==> Algorithm <==

  SCF Algorithm Type is DF.
  DIIS enabled.
  MOM disabled.
  Fractional occupation disabled.
  Guess Type is SAD.
  Energy threshold   = 1.00e-07
  Density threshold  = 1.00e-07
  Integral threshold = 1.00e-12

  ==> Primary Basis <==

  Basis Set: 6-31G*
    Blend: 6-31G*
    Number of shells: 48
    Number of basis functions: 102
    Number of Cartesian functions: 102
    Spherical Harmonics?: false
    Max angular momentum: 2

  ==> DFT Potential <==

   => LibXC <=

    Version 7.0.0
    S. Lehtola, C. Steigemann, M. J.T. Oliveira, and M. A.L. Marques.,  SoftwareX 7, 1–5 (2018) (10.1016/j.softx.2017.11.002)

   => Composite Functional: WB97X-D <= 

    wB97X-D Hyb-GGA Exchange-Correlation Functional

    J.-D. Chai and M. Head-Gordon.,  Phys. Chem. Chem. Phys. 10, 6615-6620 (2008) (10.1039/B810189B)

    Deriv               =              1
    GGA                 =           TRUE
    Meta                =          FALSE

    Exchange Hybrid     =           TRUE
    MP2 Hybrid          =          FALSE

   => Exchange-Correlation Functionals <=

    1.0000   wB97X-D range-separated functional

   => Exact (HF) Exchange <=

    0.7780            HF,LR [omega = 0.2000]
    0.2220               HF 

   => LibXC Density Thresholds  <==

    XC_HYB_GGA_XC_WB97X_D:  1.00E-14 

   => Molecular Quadrature <=

    Radial Scheme          =       TREUTLER
    Pruning Scheme         =           NONE
    Nuclear Scheme         =       TREUTLER

    Blocking Scheme        =         OCTREE
    BS radius alpha        =              1
    Pruning alpha          =              1
    Radial Points          =             75
    Spherical Points       =            302
    Total Points           =         254361
    Total Blocks           =           1926
    Max Points             =            256
    Max Functions          =            100
    Weights Tolerance      =       1.00E-15

   => Loading Basis Set <=

    Name: (6-31G* AUX)
    Role: JKFIT
    Keyword: DF_BASIS_SCF
    atoms 1, 4-6 entry C          line   121 file /Users/jmsmith1/anaconda3/envs/jupyterenv/share/psi4/basis/cc-pvdz-jkfit.gbs 
    atoms 2-3    entry O          line   221 file /Users/jmsmith1/anaconda3/envs/jupyterenv/share/psi4/basis/cc-pvdz-jkfit.gbs 
    atoms 7-12   entry H          line    51 file /Users/jmsmith1/anaconda3/envs/jupyterenv/share/psi4/basis/cc-pvdz-jkfit.gbs 

  ==> Integral Setup <==

  DFHelper Memory: AOs need 0.151 GiB; user supplied 3.598 GiB. 
  SCF_SUBTYPE=INCORE selected. In-core MEM_DF algorithm will be used.
  Using in-core AOs.

  ==> MemDFJK: Density-Fitted J/K Matrices <==

    J tasked:                   Yes
    K tasked:                   Yes
    wK tasked:                  Yes
    Omega:                2.000E-01
    OpenMP threads:               4
    Memory [MiB]:              3683
    Algorithm:                 Core
    Schwarz Cutoff:           1E-12
    Mask sparsity (%):       1.5379
    Fitting Condition:        1E-10

   => Auxiliary Basis Set <=

  Basis Set: (6-31G* AUX)
    Blend: CC-PVDZ-JKFIT
    Number of shells: 198
    Number of basis functions: 636
    Number of Cartesian functions: 636
    Spherical Harmonics?: false
    Max angular momentum: 3

  Cached 100.0% of DFT collocation blocks in 0.593 [GiB].

  Minimum eigenvalue in the overlap matrix is 2.8045821983E-03.
  Reciprocal condition number of the overlap matrix is 4.0343989876E-04.
    Using symmetric orthogonalization.

  ==> Pre-Iterations <==

  SCF Guess: Superposition of Atomic Densities via on-the-fly atomic UHF (no occupation information).

   -------------------------
    Irrep   Nso     Nmo    
   -------------------------
     A        102     102 
   -------------------------
    Total     102     102
   -------------------------

  ==> Iterations <==

                           Total Energy        Delta E     RMS |[F,P]|

   @DF-RKS iter SAD:  -300.26349752797972   -3.00263e+02   0.00000e+00 
   @DF-RKS iter   1:  -296.58522886259527    3.67827e+00   3.46588e-02 DIIS/ADIIS
   @DF-RKS iter   2:  -273.91150387039414    2.26737e+01   6.53540e-02 DIIS/ADIIS
   @DF-RKS iter   3:  -304.74766014298706   -3.08362e+01   1.70811e-02 DIIS/ADIIS
   @DF-RKS iter   4:  -303.96890463950211    7.78756e-01   2.00187e-02 DIIS/ADIIS
   @DF-RKS iter   5:  -306.11170854084315   -2.14280e+00   4.01583e-03 DIIS/ADIIS
   @DF-RKS iter   6:  -306.18287578116076   -7.11672e-02   2.16213e-03 DIIS/ADIIS
   @DF-RKS iter   7:  -306.20535153813313   -2.24758e-02   4.27931e-04 DIIS/ADIIS
   @DF-RKS iter   8:  -306.20593089187508   -5.79354e-04   3.18464e-04 DIIS/ADIIS
   @DF-RKS iter   9:  -306.20645610490612   -5.25213e-04   5.90060e-05 DIIS
   @DF-RKS iter  10:  -306.20648031848106   -2.42136e-05   2.57401e-05 DIIS
   @DF-RKS iter  11:  -306.20648334019745   -3.02172e-06   1.56905e-05 DIIS
   @DF-RKS iter  12:  -306.20648481402424   -1.47383e-06   5.81464e-06 DIIS
   @DF-RKS iter  13:  -306.20648507759228   -2.63568e-07   6.26501e-07 DIIS
   @DF-RKS iter  14:  -306.20648509015990   -1.25676e-08   3.54110e-07 DIIS
   @DF-RKS iter  15:  -306.20648509464371   -4.48381e-09   1.96729e-07 DIIS
   @DF-RKS iter  16:  -306.20648509702841   -2.38470e-09   7.38297e-08 DIIS
  Energy and wave function converged.


  ==> Post-Iterations <==

   Electrons on quadrature grid:
      Ntotal   =   45.9999964463 ; deviation = -3.554e-06 

    Orbital Energies [Eh]
    ---------------------

    Doubly Occupied:                                                      

       1A    -19.412186     2A    -19.244368     3A    -10.408028  
       4A    -10.337396     5A    -10.335364     6A    -10.330929  
       7A     -1.285371     8A     -0.995289     9A     -0.909429  
      10A     -0.842501    11A     -0.752170    12A     -0.641017  
      13A     -0.617577    14A     -0.591411    15A     -0.581980  
      16A     -0.534325    17A     -0.508695    18A     -0.503208  
      19A     -0.496224    20A     -0.452026    21A     -0.397105  
      22A     -0.303584    23A     -0.291146  

    Virtual:                                                              

      24A     -0.022229    25A      0.119991    26A      0.159819  
      27A      0.176058    28A      0.210159    29A      0.229727  
      30A      0.231011    31A      0.238316    32A      0.264695  
      33A      0.315785    34A      0.354996    35A      0.408848  
      36A      0.437053    37A      0.560851    38A      0.587597  
      39A      0.609854    40A      0.650864    41A      0.674063  
      42A      0.679493    43A      0.700769    44A      0.732356  
      45A      0.752631    46A      0.780452    47A      0.812292  
      48A      0.900179    49A      0.908999    50A      0.911860  
      51A      0.926608    52A      0.952064    53A      0.982651  
      54A      0.998154    55A      1.026879    56A      1.031811  
      57A      1.058725    58A      1.127717    59A      1.145851  
      60A      1.184303    61A      1.215843    62A      1.267596  
      63A      1.375972    64A      1.394044    65A      1.421393  
      66A      1.432497    67A      1.537977    68A      1.580358  
      69A      1.635934    70A      1.702576    71A      1.744827  
      72A      1.819287    73A      1.871360    74A      1.928174  
      75A      1.944874    76A      1.954527    77A      2.016055  
      78A      2.020427    79A      2.075471    80A      2.135308  
      81A      2.161324    82A      2.208807    83A      2.288096  
      84A      2.325624    85A      2.346212    86A      2.433547  
      87A      2.458832    88A      2.552255    89A      2.565195  
      90A      2.597830    91A      2.708729    92A      2.770678  
      93A      2.946278    94A      2.953711    95A      3.178381  
      96A      3.273040    97A      3.627937    98A      4.114145  
      99A      4.176305   100A      4.269027   101A      4.352272  
     102A      4.620554  

    Final Occupation by Irrep:
              A 
    DOCC [    23 ]
    NA   [    23 ]
    NB   [    23 ]

  @DF-RKS Final Energy:  -306.20648509702841

   => Energetics <=

    Nuclear Repulsion Energy =            225.1901726915122595
    One-Electron Energy =                -862.0444816481535781
    Two-Electron Energy =                 358.9189913892902837
    DFT Exchange-Correlation Energy =     -28.2667664981076143
    Empirical Dispersion Energy =          -0.0044010315698018
    VV10 Nonlocal Energy =                  0.0000000000000000
    Total Energy =                       -306.2064850970284056

Computation Completed


Properties will be evaluated at   0.000000,   0.000000,   0.000000 [a0]

Properties computed using the SCF density matrix


 Multipole Moments:

 ------------------------------------------------------------------------------------
     Multipole            Electronic (a.u.)      Nuclear  (a.u.)        Total (a.u.)
 ------------------------------------------------------------------------------------

 L = 1.  Multiply by 2.5417464519 to convert [e a0] to [Debye]
 Dipole X            :         -1.7373033           -0.1770156           -1.9143189
 Dipole Y            :          0.7495976            0.0093629            0.7589605
 Dipole Z            :          0.0636906           -0.0564234            0.0072673
 Magnitude           :                                                    2.0592937

 ------------------------------------------------------------------------------------

*** tstop() called on cst14372 at Tue Apr 21 10:02:28 2026
Module time:
	user time   =      27.29 seconds =       0.45 minutes
	system time =       0.40 seconds =       0.01 minutes
	total time  =         13 seconds =       0.22 minutes
Total time:
	user time   =     148.85 seconds =       2.48 minutes
	system time =       2.30 seconds =       0.04 minutes
	total time  =         72 seconds =       1.20 minutes

Scratch directory: /tmp/
gradient() will perform analytic gradient computation.

*** tstart() called on cst14372
*** at Tue Apr 21 10:02:28 2026


         ------------------------------------------------------------
                                   SCF GRAD                          
                          Rob Parrish, Justin Turney,                
                       Andy Simmonett, and Alex Sokolov              
         ------------------------------------------------------------

  ==> Geometry <==

    Molecular point group: c1
    Full point group: C1

    Geometry (in Angstrom), charge = 0, multiplicity = 1:

       Center              X                  Y                   Z               Mass       
    ------------   -----------------  -----------------  -----------------  -----------------
         C            0.065871066300     0.349948206000     0.009475243600    12.000000000000
         O            1.347291105400     0.305216821600     0.001725076400    15.994914619570
         O            1.984871812200    -0.869842106000    -0.000143129800    15.994914619570
         C           -0.711678042500    -0.873289940100    -0.000642623400    12.000000000000
         C           -2.052288418800    -0.894072173400    -0.012193573800    12.000000000000
         C           -0.517938801900     1.720006156700     0.006302983200    12.000000000000
         H           -0.155403070400    -1.821432181200     0.049510720600     1.007825032230
         H           -2.653902285700     0.035346693400    -0.041269071900     1.007825032230
         H           -2.622168738300    -1.808841640400    -0.032554245800     1.007825032230
         H            0.305222090900     2.445408842300    -0.005664614100     1.007825032230
         H           -1.157617622400     1.944220449700     0.887277897200     1.007825032230
         H           -1.170901160200     1.911701273600    -0.917466390900     1.007825032230

  Nuclear repulsion =  225.190172691512259

  ==> Basis Set <==

  Basis Set: 6-31G*
    Blend: 6-31G*
    Number of shells: 48
    Number of basis functions: 102
    Number of Cartesian functions: 102
    Spherical Harmonics?: false
    Max angular momentum: 2

  ==> DFJKGrad: Density-Fitted SCF Gradients <==

    Gradient:                    1
    J tasked:                  Yes
    K tasked:                  Yes
    wK tasked:                 Yes
    Omega:               2.000E-01
    OpenMP threads:              4
    Integrals threads:           4
    Memory [MiB]:             4291
    Schwarz Cutoff:          1E-12
    Fitting Condition:       1E-10

   => Auxiliary Basis Set <=

  Basis Set: (6-31G* AUX)
    Blend: CC-PVDZ-JKFIT
    Number of shells: 198
    Number of basis functions: 636
    Number of Cartesian functions: 636
    Spherical Harmonics?: false
    Max angular momentum: 3

  ==> DFT Potential <==

   => LibXC <=

    Version 7.0.0
    S. Lehtola, C. Steigemann, M. J.T. Oliveira, and M. A.L. Marques.,  SoftwareX 7, 1–5 (2018) (10.1016/j.softx.2017.11.002)

   => Composite Functional: WB97X-D <= 

    wB97X-D Hyb-GGA Exchange-Correlation Functional

    J.-D. Chai and M. Head-Gordon.,  Phys. Chem. Chem. Phys. 10, 6615-6620 (2008) (10.1039/B810189B)

    Deriv               =              1
    GGA                 =           TRUE
    Meta                =          FALSE

    Exchange Hybrid     =           TRUE
    MP2 Hybrid          =          FALSE

   => Exchange-Correlation Functionals <=

    1.0000   wB97X-D range-separated functional

   => Exact (HF) Exchange <=

    0.7780            HF,LR [omega = 0.2000]
    0.2220               HF 

   => LibXC Density Thresholds  <==

    XC_HYB_GGA_XC_WB97X_D:  1.00E-14 

   => Molecular Quadrature <=

    Radial Scheme          =       TREUTLER
    Pruning Scheme         =           NONE
    Nuclear Scheme         =       TREUTLER

    Blocking Scheme        =         OCTREE
    BS radius alpha        =              1
    Pruning alpha          =              1
    Radial Points          =             75
    Spherical Points       =            302
    Total Points           =         254361
    Total Blocks           =           1926
    Max Points             =            256
    Max Functions          =            100
    Weights Tolerance      =       1.00E-15


  -Total Gradient:
     Atom            X                  Y                   Z
    ------   -----------------  -----------------  -----------------
       1       -0.000384081600     0.007440885196     0.000673518185
       2        0.008965860732    -0.005149332088    -0.001101732328
       3       -0.000561696674     0.002318786874     0.000288614012
       4        0.000670953621     0.014734226025    -0.005249837222
       5        0.004033255271    -0.021826925992     0.003460911677
       6        0.014381954508    -0.017068178494     0.016064186767
       7        0.000985850588    -0.012542662821     0.002707890373
       8       -0.007074910552     0.010267315766    -0.000577487821
       9       -0.000224475172     0.005756479284    -0.001468249732
      10        0.003160596556     0.001023307388     0.000512999054
      11       -0.006786813159     0.007099210247     0.006566678366
      12       -0.017367058774     0.007588040979    -0.022003884254


*** tstop() called on cst14372 at Tue Apr 21 10:02:30 2026
Module time:
	user time   =       4.07 seconds =       0.07 minutes
	system time =       0.08 seconds =       0.00 minutes
	total time  =          2 seconds =       0.03 minutes
Total time:
	user time   =     152.94 seconds =       2.55 minutes
	system time =       2.38 seconds =       0.04 minutes
	total time  =         74 seconds =       1.23 minutes

Scratch directory: /tmp/
   => Libint2 <=

    Primary   basis highest AM E, G, H:  6, 6, 3
    Auxiliary basis highest AM E, G, H:  7, 7, 4
    Onebody   basis highest AM E, G, H:  -, -, -
    Solid Harmonics ordering:            Gaussian

*** tstart() called on cst14372
*** at Tue Apr 21 10:02:30 2026

   => Loading Basis Set <=

    Name: 6-31G*
    Role: ORBITAL
    Keyword: BASIS
    atoms 1, 4-6 entry C          line   111 file /Users/jmsmith1/anaconda3/envs/jupyterenv/share/psi4/basis/6-31gs.gbs 
    atoms 2-3    entry O          line   145 file /Users/jmsmith1/anaconda3/envs/jupyterenv/share/psi4/basis/6-31gs.gbs 
    atoms 7-12   entry H          line    44 file /Users/jmsmith1/anaconda3/envs/jupyterenv/share/psi4/basis/6-31gs.gbs 

   => WB97X-D: Empirical Dispersion <=

    Chai and Head-Gordon Dispersion Correction
    Chai, J.-D.; Head-Gordon, M. (2010), J. Chem. Phys., 132: 6615-6620

        s6 =       1.000000


         ---------------------------------------------------------
                                   SCF
               by Justin Turney, Rob Parrish, Andy Simmonett
                          and Daniel G. A. Smith
                              RKS Reference
                        4 Threads,   5722 MiB Core
         ---------------------------------------------------------

  ==> Geometry <==

    Molecular point group: c1
    Full point group: C1

    Geometry (in Angstrom), charge = 0, multiplicity = 1:

       Center              X                  Y                   Z               Mass       
    ------------   -----------------  -----------------  -----------------  -----------------
         C            0.065911847800     0.350428765100     0.011845497900    12.000000000000
         O            1.349160979300     0.305633057300     0.002161765200    15.994914619570
         O            1.986905760500    -0.867484028600    -0.000180179600    15.994914619570
         C           -0.711538785000    -0.873605122300    -0.000775417700    12.000000000000
         C           -2.052863760400    -0.897432293800    -0.015267174100    12.000000000000
         C           -0.520433089100     1.718666957200     0.007790384900    12.000000000000
         H           -0.163761808500    -1.830632199400     0.061742271500     1.007825032230
         H           -2.656149397000     0.035813579900    -0.051574357800     1.007825032230
         H           -2.627549421900    -1.807626407400    -0.040614784900     1.007825032230
         H            0.306816766100     2.441428943900    -0.007117775100     1.007825032230
         H           -1.162873044700     1.959084386400     0.887491696600     1.007825032230
         H           -1.178758902800     1.918375411200    -0.924190981200     1.007825032230

  Running in c1 symmetry.

  Rotational constants: A =      0.18487  B =      0.09868  C =      0.06516 [cm^-1]
  Rotational constants: A =   5542.13613  B =   2958.29686  C =   1953.57682 [MHz]
  Nuclear repulsion =  224.992992761345278

  Charge       = 0
  Multiplicity = 1
  Electrons    = 46
  Nalpha       = 23
  Nbeta        = 23

  ==> Algorithm <==

  SCF Algorithm Type is DF.
  DIIS enabled.
  MOM disabled.
  Fractional occupation disabled.
  Guess Type is SAD.
  Energy threshold   = 1.00e-07
  Density threshold  = 1.00e-07
  Integral threshold = 1.00e-12

  ==> Primary Basis <==

  Basis Set: 6-31G*
    Blend: 6-31G*
    Number of shells: 48
    Number of basis functions: 102
    Number of Cartesian functions: 102
    Spherical Harmonics?: false
    Max angular momentum: 2

  ==> DFT Potential <==

   => LibXC <=

    Version 7.0.0
    S. Lehtola, C. Steigemann, M. J.T. Oliveira, and M. A.L. Marques.,  SoftwareX 7, 1–5 (2018) (10.1016/j.softx.2017.11.002)

   => Composite Functional: WB97X-D <= 

    wB97X-D Hyb-GGA Exchange-Correlation Functional

    J.-D. Chai and M. Head-Gordon.,  Phys. Chem. Chem. Phys. 10, 6615-6620 (2008) (10.1039/B810189B)

    Deriv               =              1
    GGA                 =           TRUE
    Meta                =          FALSE

    Exchange Hybrid     =           TRUE
    MP2 Hybrid          =          FALSE

   => Exchange-Correlation Functionals <=

    1.0000   wB97X-D range-separated functional

   => Exact (HF) Exchange <=

    0.7780            HF,LR [omega = 0.2000]
    0.2220               HF 

   => LibXC Density Thresholds  <==

    XC_HYB_GGA_XC_WB97X_D:  1.00E-14 

   => Molecular Quadrature <=

    Radial Scheme          =       TREUTLER
    Pruning Scheme         =           NONE
    Nuclear Scheme         =       TREUTLER

    Blocking Scheme        =         OCTREE
    BS radius alpha        =              1
    Pruning alpha          =              1
    Radial Points          =             75
    Spherical Points       =            302
    Total Points           =         254366
    Total Blocks           =           1929
    Max Points             =            256
    Max Functions          =            100
    Weights Tolerance      =       1.00E-15

   => Loading Basis Set <=

    Name: (6-31G* AUX)
    Role: JKFIT
    Keyword: DF_BASIS_SCF
    atoms 1, 4-6 entry C          line   121 file /Users/jmsmith1/anaconda3/envs/jupyterenv/share/psi4/basis/cc-pvdz-jkfit.gbs 
    atoms 2-3    entry O          line   221 file /Users/jmsmith1/anaconda3/envs/jupyterenv/share/psi4/basis/cc-pvdz-jkfit.gbs 
    atoms 7-12   entry H          line    51 file /Users/jmsmith1/anaconda3/envs/jupyterenv/share/psi4/basis/cc-pvdz-jkfit.gbs 

  ==> Integral Setup <==

  DFHelper Memory: AOs need 0.151 GiB; user supplied 3.598 GiB. 
  SCF_SUBTYPE=INCORE selected. In-core MEM_DF algorithm will be used.
  Using in-core AOs.

  ==> MemDFJK: Density-Fitted J/K Matrices <==

    J tasked:                   Yes
    K tasked:                   Yes
    wK tasked:                  Yes
    Omega:                2.000E-01
    OpenMP threads:               4
    Memory [MiB]:              3684
    Algorithm:                 Core
    Schwarz Cutoff:           1E-12
    Mask sparsity (%):       1.5379
    Fitting Condition:        1E-10

   => Auxiliary Basis Set <=

  Basis Set: (6-31G* AUX)
    Blend: CC-PVDZ-JKFIT
    Number of shells: 198
    Number of basis functions: 636
    Number of Cartesian functions: 636
    Spherical Harmonics?: false
    Max angular momentum: 3

  Cached 100.0% of DFT collocation blocks in 0.593 [GiB].

  Minimum eigenvalue in the overlap matrix is 2.8321008207E-03.
  Reciprocal condition number of the overlap matrix is 4.0806989300E-04.
    Using symmetric orthogonalization.

  ==> Pre-Iterations <==

  SCF Guess: Superposition of Atomic Densities via on-the-fly atomic UHF (no occupation information).

   -------------------------
    Irrep   Nso     Nmo    
   -------------------------
     A        102     102 
   -------------------------
    Total     102     102
   -------------------------

  ==> Iterations <==

                           Total Energy        Delta E     RMS |[F,P]|

   @DF-RKS iter SAD:  -300.24327448848379   -3.00243e+02   0.00000e+00 
   @DF-RKS iter   1:  -296.55506841380219    3.68821e+00   3.46648e-02 DIIS/ADIIS
   @DF-RKS iter   2:  -273.83750005588837    2.27176e+01   6.53837e-02 DIIS/ADIIS
   @DF-RKS iter   3:  -304.74263675656800   -3.09051e+01   1.70781e-02 DIIS/ADIIS
   @DF-RKS iter   4:  -303.78541943791663    9.57217e-01   2.07926e-02 DIIS/ADIIS
   @DF-RKS iter   5:  -306.10915852964894   -2.32374e+00   3.98122e-03 DIIS/ADIIS
   @DF-RKS iter   6:  -306.17910655020222   -6.99480e-02   2.25911e-03 DIIS/ADIIS
   @DF-RKS iter   7:  -306.20380685646194   -2.47003e-02   4.06060e-04 DIIS/ADIIS
   @DF-RKS iter   8:  -306.20439932526875   -5.92469e-04   3.03025e-04 DIIS/ADIIS
   @DF-RKS iter   9:  -306.20487182044781   -4.72495e-04   6.69575e-05 DIIS
   @DF-RKS iter  10:  -306.20490061289030   -2.87924e-05   2.72082e-05 DIIS
   @DF-RKS iter  11:  -306.20490413917133   -3.52628e-06   1.75394e-05 DIIS
   @DF-RKS iter  12:  -306.20490603773464   -1.89856e-06   6.22764e-06 DIIS
   @DF-RKS iter  13:  -306.20490635810023   -3.20366e-07   8.20895e-07 DIIS
   @DF-RKS iter  14:  -306.20490637784758   -1.97473e-08   4.98193e-07 DIIS
   @DF-RKS iter  15:  -306.20490638543123   -7.58365e-09   2.89439e-07 DIIS
   @DF-RKS iter  16:  -306.20490639136955   -5.93832e-09   8.74408e-08 DIIS
  Energy and wave function converged.


  ==> Post-Iterations <==

   Electrons on quadrature grid:
      Ntotal   =   45.9999887614 ; deviation = -1.124e-05 

    Orbital Energies [Eh]
    ---------------------

    Doubly Occupied:                                                      

       1A    -19.412786     2A    -19.245099     3A    -10.408472  
       4A    -10.337528     5A    -10.336865     6A    -10.331496  
       7A     -1.285881     8A     -0.995549     9A     -0.908875  
      10A     -0.841627    11A     -0.751657    12A     -0.641035  
      13A     -0.617289    14A     -0.591496    15A     -0.581597  
      16A     -0.534639    17A     -0.507251    18A     -0.501582  
      19A     -0.495620    20A     -0.452233    21A     -0.396830  
      22A     -0.303976    23A     -0.291305  

    Virtual:                                                              

      24A     -0.022666    25A      0.118855    26A      0.158665  
      27A      0.175211    28A      0.209378    29A      0.228533  
      30A      0.230437    31A      0.238511    32A      0.263999  
      33A      0.315206    34A      0.354350    35A      0.409900  
      36A      0.437900    37A      0.560337    38A      0.587336  
      39A      0.610145    40A      0.652170    41A      0.672743  
      42A      0.679755    43A      0.701513    44A      0.731782  
      45A      0.751857    46A      0.782250    47A      0.811346  
      48A      0.896117    49A      0.908066    50A      0.909423  
      51A      0.925458    52A      0.951203    53A      0.980502  
      54A      0.995402    55A      1.026270    56A      1.031074  
      57A      1.056694    58A      1.126880    59A      1.144757  
      60A      1.183731    61A      1.214178    62A      1.266396  
      63A      1.374055    64A      1.394827    65A      1.420395  
      66A      1.433202    67A      1.536095    68A      1.583096  
      69A      1.636400    70A      1.701241    71A      1.745793  
      72A      1.817286    73A      1.869523    74A      1.926148  
      75A      1.943145    76A      1.952278    77A      2.012658  
      78A      2.017399    79A      2.074779    80A      2.130736  
      81A      2.159302    82A      2.207951    83A      2.288124  
      84A      2.323212    85A      2.346494    86A      2.431558  
      87A      2.458411    88A      2.551316    89A      2.565752  
      90A      2.596618    91A      2.708429    92A      2.770805  
      93A      2.944807    94A      2.952212    95A      3.176632  
      96A      3.271891    97A      3.626618    98A      4.112833  
      99A      4.175162   100A      4.267191   101A      4.351115  
     102A      4.620123  

    Final Occupation by Irrep:
              A 
    DOCC [    23 ]
    NA   [    23 ]
    NB   [    23 ]

  @DF-RKS Final Energy:  -306.20490639136955

   => Energetics <=

    Nuclear Repulsion Energy =            224.9929927613452776
    One-Electron Energy =                -861.6532571338783555
    Two-Electron Energy =                 358.7190565545985805
    DFT Exchange-Correlation Energy =     -28.2592989146693796
    Empirical Dispersion Energy =          -0.0043996587656298
    VV10 Nonlocal Energy =                  0.0000000000000000
    Total Energy =                       -306.2049063913695477

Computation Completed


Properties will be evaluated at   0.000000,   0.000000,   0.000000 [a0]

Properties computed using the SCF density matrix


 Multipole Moments:

 ------------------------------------------------------------------------------------
     Multipole            Electronic (a.u.)      Nuclear  (a.u.)        Total (a.u.)
 ------------------------------------------------------------------------------------

 L = 1.  Multiply by 2.5417464519 to convert [e a0] to [Debye]
 Dipole X            :         -1.7059297           -0.2027385           -1.9086682
 Dipole Y            :          0.7354862            0.0188704            0.7543566
 Dipole Z            :          0.0787369           -0.0696392            0.0090977
 Magnitude           :                                                    2.0523526

 ------------------------------------------------------------------------------------

*** tstop() called on cst14372 at Tue Apr 21 10:02:43 2026
Module time:
	user time   =      27.40 seconds =       0.46 minutes
	system time =       0.45 seconds =       0.01 minutes
	total time  =         13 seconds =       0.22 minutes
Total time:
	user time   =     180.36 seconds =       3.01 minutes
	system time =       2.84 seconds =       0.05 minutes
	total time  =         87 seconds =       1.45 minutes

Scratch directory: /tmp/
gradient() will perform analytic gradient computation.

*** tstart() called on cst14372
*** at Tue Apr 21 10:02:43 2026


         ------------------------------------------------------------
                                   SCF GRAD                          
                          Rob Parrish, Justin Turney,                
                       Andy Simmonett, and Alex Sokolov              
         ------------------------------------------------------------

  ==> Geometry <==

    Molecular point group: c1
    Full point group: C1

    Geometry (in Angstrom), charge = 0, multiplicity = 1:

       Center              X                  Y                   Z               Mass       
    ------------   -----------------  -----------------  -----------------  -----------------
         C            0.065911847800     0.350428765100     0.011845497900    12.000000000000
         O            1.349160979300     0.305633057300     0.002161765200    15.994914619570
         O            1.986905760500    -0.867484028600    -0.000180179600    15.994914619570
         C           -0.711538785000    -0.873605122300    -0.000775417700    12.000000000000
         C           -2.052863760400    -0.897432293800    -0.015267174100    12.000000000000
         C           -0.520433089100     1.718666957200     0.007790384900    12.000000000000
         H           -0.163761808500    -1.830632199400     0.061742271500     1.007825032230
         H           -2.656149397000     0.035813579900    -0.051574357800     1.007825032230
         H           -2.627549421900    -1.807626407400    -0.040614784900     1.007825032230
         H            0.306816766100     2.441428943900    -0.007117775100     1.007825032230
         H           -1.162873044700     1.959084386400     0.887491696600     1.007825032230
         H           -1.178758902800     1.918375411200    -0.924190981200     1.007825032230

  Nuclear repulsion =  224.992992761345278

  ==> Basis Set <==

  Basis Set: 6-31G*
    Blend: 6-31G*
    Number of shells: 48
    Number of basis functions: 102
    Number of Cartesian functions: 102
    Spherical Harmonics?: false
    Max angular momentum: 2

  ==> DFJKGrad: Density-Fitted SCF Gradients <==

    Gradient:                    1
    J tasked:                  Yes
    K tasked:                  Yes
    wK tasked:                 Yes
    Omega:               2.000E-01
    OpenMP threads:              4
    Integrals threads:           4
    Memory [MiB]:             4291
    Schwarz Cutoff:          1E-12
    Fitting Condition:       1E-10

   => Auxiliary Basis Set <=

  Basis Set: (6-31G* AUX)
    Blend: CC-PVDZ-JKFIT
    Number of shells: 198
    Number of basis functions: 636
    Number of Cartesian functions: 636
    Spherical Harmonics?: false
    Max angular momentum: 3

  ==> DFT Potential <==

   => LibXC <=

    Version 7.0.0
    S. Lehtola, C. Steigemann, M. J.T. Oliveira, and M. A.L. Marques.,  SoftwareX 7, 1–5 (2018) (10.1016/j.softx.2017.11.002)

   => Composite Functional: WB97X-D <= 

    wB97X-D Hyb-GGA Exchange-Correlation Functional

    J.-D. Chai and M. Head-Gordon.,  Phys. Chem. Chem. Phys. 10, 6615-6620 (2008) (10.1039/B810189B)

    Deriv               =              1
    GGA                 =           TRUE
    Meta                =          FALSE

    Exchange Hybrid     =           TRUE
    MP2 Hybrid          =          FALSE

   => Exchange-Correlation Functionals <=

    1.0000   wB97X-D range-separated functional

   => Exact (HF) Exchange <=

    0.7780            HF,LR [omega = 0.2000]
    0.2220               HF 

   => LibXC Density Thresholds  <==

    XC_HYB_GGA_XC_WB97X_D:  1.00E-14 

   => Molecular Quadrature <=

    Radial Scheme          =       TREUTLER
    Pruning Scheme         =           NONE
    Nuclear Scheme         =       TREUTLER

    Blocking Scheme        =         OCTREE
    BS radius alpha        =              1
    Pruning alpha          =              1
    Radial Points          =             75
    Spherical Points       =            302
    Total Points           =         254366
    Total Blocks           =           1929
    Max Points             =            256
    Max Functions          =            100
    Weights Tolerance      =       1.00E-15


  -Total Gradient:
     Atom            X                  Y                   Z
    ------   -----------------  -----------------  -----------------
       1       -0.000451074784     0.009166064175     0.000832711172
       2        0.011102999583    -0.006378641844    -0.001377164808
       3       -0.000638787145     0.002889531376     0.000355716951
       4        0.001123408259     0.018139348407    -0.006632440613
       5        0.004733579034    -0.026292497317     0.004372192279
       6        0.016681845118    -0.020942482102     0.018590488738
       7        0.001042530122    -0.015338197539     0.003437926555
       8       -0.008445618082     0.012223653909    -0.000793734421
       9       -0.000415537402     0.006887534822    -0.001815822522
      10        0.003898156986     0.001194253497     0.000613038896
      11       -0.008328447392     0.008926306353     0.007962197654
      12       -0.020414763059     0.009225242505    -0.025768779238


*** tstop() called on cst14372 at Tue Apr 21 10:02:45 2026
Module time:
	user time   =       4.02 seconds =       0.07 minutes
	system time =       0.10 seconds =       0.00 minutes
	total time  =          2 seconds =       0.03 minutes
Total time:
	user time   =     184.40 seconds =       3.07 minutes
	system time =       2.94 seconds =       0.05 minutes
	total time  =         89 seconds =       1.48 minutes

Scratch directory: /tmp/
   => Libint2 <=

    Primary   basis highest AM E, G, H:  6, 6, 3
    Auxiliary basis highest AM E, G, H:  7, 7, 4
    Onebody   basis highest AM E, G, H:  -, -, -
    Solid Harmonics ordering:            Gaussian

*** tstart() called on cst14372
*** at Tue Apr 21 10:02:45 2026

   => Loading Basis Set <=

    Name: 6-31G*
    Role: ORBITAL
    Keyword: BASIS
    atoms 1, 4-6 entry C          line   111 file /Users/jmsmith1/anaconda3/envs/jupyterenv/share/psi4/basis/6-31gs.gbs 
    atoms 2-3    entry O          line   145 file /Users/jmsmith1/anaconda3/envs/jupyterenv/share/psi4/basis/6-31gs.gbs 
    atoms 7-12   entry H          line    44 file /Users/jmsmith1/anaconda3/envs/jupyterenv/share/psi4/basis/6-31gs.gbs 

   => WB97X-D: Empirical Dispersion <=

    Chai and Head-Gordon Dispersion Correction
    Chai, J.-D.; Head-Gordon, M. (2010), J. Chem. Phys., 132: 6615-6620

        s6 =       1.000000


         ---------------------------------------------------------
                                   SCF
               by Justin Turney, Rob Parrish, Andy Simmonett
                          and Daniel G. A. Smith
                              RKS Reference
                        4 Threads,   5722 MiB Core
         ---------------------------------------------------------

  ==> Geometry <==

    Molecular point group: c1
    Full point group: C1

    Geometry (in Angstrom), charge = 0, multiplicity = 1:

       Center              X                  Y                   Z               Mass       
    ------------   -----------------  -----------------  -----------------  -----------------
         C            0.065953977900     0.350883316600     0.014215875100    12.000000000000
         O            1.351008733300     0.306063593100     0.002601912000    15.994914619570
         O            1.988943269200    -0.865129708400    -0.000218041700    15.994914619570
         C           -0.711402629000    -0.873973125400    -0.000889163700    12.000000000000
         C           -2.053453412700    -0.900719929600    -0.018356708500    12.000000000000
         C           -0.522978308100     1.717386921600     0.009225586100    12.000000000000
         H           -0.172165419300    -1.839313237400     0.073868361700     1.007825032230
         H           -2.658107732600     0.035859535100    -0.061863287900     1.007825032230
         H           -2.632921527500    -1.806647335100    -0.048621332000     1.007825032230
         H            0.308278749600     2.437403619900    -0.008593624000     1.007825032230
         H           -1.167846945000     1.973656454000     0.887431214800     1.007825032230
         H           -1.185921208200     1.924738623900    -0.930034335600     1.007825032230

  Running in c1 symmetry.

  Rotational constants: A =      0.18471  B =      0.09847  C =      0.06506 [cm^-1]
  Rotational constants: A =   5537.47213  B =   2952.17410  C =   1950.55344 [MHz]
  Nuclear repulsion =  224.804057676704787

  Charge       = 0
  Multiplicity = 1
  Electrons    = 46
  Nalpha       = 23
  Nbeta        = 23

  ==> Algorithm <==

  SCF Algorithm Type is DF.
  DIIS enabled.
  MOM disabled.
  Fractional occupation disabled.
  Guess Type is SAD.
  Energy threshold   = 1.00e-07
  Density threshold  = 1.00e-07
  Integral threshold = 1.00e-12

  ==> Primary Basis <==

  Basis Set: 6-31G*
    Blend: 6-31G*
    Number of shells: 48
    Number of basis functions: 102
    Number of Cartesian functions: 102
    Spherical Harmonics?: false
    Max angular momentum: 2

  ==> DFT Potential <==

   => LibXC <=

    Version 7.0.0
    S. Lehtola, C. Steigemann, M. J.T. Oliveira, and M. A.L. Marques.,  SoftwareX 7, 1–5 (2018) (10.1016/j.softx.2017.11.002)

   => Composite Functional: WB97X-D <= 

    wB97X-D Hyb-GGA Exchange-Correlation Functional

    J.-D. Chai and M. Head-Gordon.,  Phys. Chem. Chem. Phys. 10, 6615-6620 (2008) (10.1039/B810189B)

    Deriv               =              1
    GGA                 =           TRUE
    Meta                =          FALSE

    Exchange Hybrid     =           TRUE
    MP2 Hybrid          =          FALSE

   => Exchange-Correlation Functionals <=

    1.0000   wB97X-D range-separated functional

   => Exact (HF) Exchange <=

    0.7780            HF,LR [omega = 0.2000]
    0.2220               HF 

   => LibXC Density Thresholds  <==

    XC_HYB_GGA_XC_WB97X_D:  1.00E-14 

   => Molecular Quadrature <=

    Radial Scheme          =       TREUTLER
    Pruning Scheme         =           NONE
    Nuclear Scheme         =       TREUTLER

    Blocking Scheme        =         OCTREE
    BS radius alpha        =              1
    Pruning alpha          =              1
    Radial Points          =             75
    Spherical Points       =            302
    Total Points           =         254387
    Total Blocks           =           1936
    Max Points             =            256
    Max Functions          =            100
    Weights Tolerance      =       1.00E-15

   => Loading Basis Set <=

    Name: (6-31G* AUX)
    Role: JKFIT
    Keyword: DF_BASIS_SCF
    atoms 1, 4-6 entry C          line   121 file /Users/jmsmith1/anaconda3/envs/jupyterenv/share/psi4/basis/cc-pvdz-jkfit.gbs 
    atoms 2-3    entry O          line   221 file /Users/jmsmith1/anaconda3/envs/jupyterenv/share/psi4/basis/cc-pvdz-jkfit.gbs 
    atoms 7-12   entry H          line    51 file /Users/jmsmith1/anaconda3/envs/jupyterenv/share/psi4/basis/cc-pvdz-jkfit.gbs 

  ==> Integral Setup <==

  DFHelper Memory: AOs need 0.151 GiB; user supplied 3.598 GiB. 
  SCF_SUBTYPE=INCORE selected. In-core MEM_DF algorithm will be used.
  Using in-core AOs.

  ==> MemDFJK: Density-Fitted J/K Matrices <==

    J tasked:                   Yes
    K tasked:                   Yes
    wK tasked:                  Yes
    Omega:                2.000E-01
    OpenMP threads:               4
    Memory [MiB]:              3684
    Algorithm:                 Core
    Schwarz Cutoff:           1E-12
    Mask sparsity (%):       1.5571
    Fitting Condition:        1E-10

   => Auxiliary Basis Set <=

  Basis Set: (6-31G* AUX)
    Blend: CC-PVDZ-JKFIT
    Number of shells: 198
    Number of basis functions: 636
    Number of Cartesian functions: 636
    Spherical Harmonics?: false
    Max angular momentum: 3

  Cached 100.0% of DFT collocation blocks in 0.593 [GiB].

  Minimum eigenvalue in the overlap matrix is 2.8593210587E-03.
  Reciprocal condition number of the overlap matrix is 4.1263396493E-04.
    Using symmetric orthogonalization.

  ==> Pre-Iterations <==

  SCF Guess: Superposition of Atomic Densities via on-the-fly atomic UHF (no occupation information).

   -------------------------
    Irrep   Nso     Nmo    
   -------------------------
     A        102     102 
   -------------------------
    Total     102     102
   -------------------------

  ==> Iterations <==

                           Total Energy        Delta E     RMS |[F,P]|

   @DF-RKS iter SAD:  -300.22463399956644   -3.00225e+02   0.00000e+00 
   @DF-RKS iter   1:  -296.52711074387639    3.69752e+00   3.46692e-02 DIIS/ADIIS
   @DF-RKS iter   2:  -273.79130912583827    2.27358e+01   6.54038e-02 DIIS/ADIIS
   @DF-RKS iter   3:  -304.74416758322423   -3.09529e+01   1.70342e-02 DIIS/ADIIS
   @DF-RKS iter   4:  -303.64165492707940    1.10251e+00   2.13472e-02 DIIS/ADIIS
   @DF-RKS iter   5:  -306.10634206661371   -2.46469e+00   3.96237e-03 DIIS/ADIIS
   @DF-RKS iter   6:  -306.17581950095126   -6.94774e-02   2.32352e-03 DIIS/ADIIS
   @DF-RKS iter   7:  -306.20211626989106   -2.62968e-02   3.85206e-04 DIIS/ADIIS
   @DF-RKS iter   8:  -306.20272993743680   -6.13668e-04   2.82783e-04 DIIS/ADIIS
   @DF-RKS iter   9:  -306.20313948633310   -4.09549e-04   7.64952e-05 DIIS
   @DF-RKS iter  10:  -306.20317360039604   -3.41141e-05   2.80700e-05 DIIS
   @DF-RKS iter  11:  -306.20317749735131   -3.89696e-06   1.86963e-05 DIIS
   @DF-RKS iter  12:  -306.20317966855464   -2.17120e-06   6.46233e-06 DIIS
   @DF-RKS iter  13:  -306.20318001389802   -3.45343e-07   9.61386e-07 DIIS
   @DF-RKS iter  14:  -306.20318003677897   -2.28810e-08   5.66968e-07 DIIS
   @DF-RKS iter  15:  -306.20318004602706   -9.24808e-09   3.27828e-07 DIIS
   @DF-RKS iter  16:  -306.20318005397564   -7.94859e-09   9.45663e-08 DIIS
  Energy and wave function converged.


  ==> Post-Iterations <==

   Electrons on quadrature grid:
      Ntotal   =   45.9999822725 ; deviation = -1.773e-05 

    Orbital Energies [Eh]
    ---------------------

    Doubly Occupied:                                                      

       1A    -19.413378     2A    -19.245818     3A    -10.408914  
       4A    -10.338218     5A    -10.337655     6A    -10.332049  
       7A     -1.286395     8A     -0.995800     9A     -0.908346  
      10A     -0.840855    11A     -0.751182    12A     -0.641101  
      13A     -0.617010    14A     -0.591604    15A     -0.581272  
      16A     -0.534909    17A     -0.505921    18A     -0.500060  
      19A     -0.495096    20A     -0.452353    21A     -0.396556  
      22A     -0.304363    23A     -0.291462  

    Virtual:                                                              

      24A     -0.023098    25A      0.117716    26A      0.157590  
      27A      0.174432    28A      0.208570    29A      0.227508  
      30A      0.229983    31A      0.238680    32A      0.263295  
      33A      0.314672    34A      0.353716    35A      0.410905  
      36A      0.438683    37A      0.559859    38A      0.587075  
      39A      0.610413    40A      0.653294    41A      0.671294  
      42A      0.680176    43A      0.702192    44A      0.731185  
      45A      0.751181    46A      0.783885    47A      0.810690  
      48A      0.892278    49A      0.906106    50A      0.908532  
      51A      0.924378    52A      0.950411    53A      0.978383  
      54A      0.992815    55A      1.025685    56A      1.030535  
      57A      1.054891    58A      1.126041    59A      1.143649  
      60A      1.183071    61A      1.212633    62A      1.264970  
      63A      1.372230    64A      1.395376    65A      1.419575  
      66A      1.433873    67A      1.533947    68A      1.585963  
      69A      1.636991    70A      1.699808    71A      1.746757  
      72A      1.815250    73A      1.867694    74A      1.923931  
      75A      1.941436    76A      1.950149    77A      2.008573  
      78A      2.014765    79A      2.074134    80A      2.127018  
      81A      2.157404    82A      2.207292    83A      2.288158  
      84A      2.321302    85A      2.346719    86A      2.429757  
      87A      2.458013    88A      2.550336    89A      2.566317  
      90A      2.595407    91A      2.708165    92A      2.770968  
      93A      2.943347    94A      2.950778    95A      3.174812  
      96A      3.270692    97A      3.625319    98A      4.111581  
      99A      4.174038   100A      4.265477   101A      4.349984  
     102A      4.619642  

    Final Occupation by Irrep:
              A 
    DOCC [    23 ]
    NA   [    23 ]
    NB   [    23 ]

  @DF-RKS Final Energy:  -306.20318005397564

   => Energetics <=

    Nuclear Repulsion Energy =            224.8040576767047867
    One-Electron Energy =                -861.2773248610557175
    Two-Electron Energy =                 358.5268560210026294
    DFT Exchange-Correlation Energy =     -28.2523712360368613
    Empirical Dispersion Energy =          -0.0043976545904982
    VV10 Nonlocal Energy =                  0.0000000000000000
    Total Energy =                       -306.2031800539756432

Computation Completed


Properties will be evaluated at   0.000000,   0.000000,   0.000000 [a0]

Properties computed using the SCF density matrix


 Multipole Moments:

 ------------------------------------------------------------------------------------
     Multipole            Electronic (a.u.)      Nuclear  (a.u.)        Total (a.u.)
 ------------------------------------------------------------------------------------

 L = 1.  Multiply by 2.5417464519 to convert [e a0] to [Debye]
 Dipole X            :         -1.6757088           -0.2274291           -1.9031379
 Dipole Y            :          0.7223346            0.0276502            0.7499848
 Dipole Z            :          0.0931821           -0.0823325            0.0108496
 Magnitude           :                                                    2.0456121

 ------------------------------------------------------------------------------------

*** tstop() called on cst14372 at Tue Apr 21 10:02:58 2026
Module time:
	user time   =      27.43 seconds =       0.46 minutes
	system time =       0.44 seconds =       0.01 minutes
	total time  =         13 seconds =       0.22 minutes
Total time:
	user time   =     211.85 seconds =       3.53 minutes
	system time =       3.39 seconds =       0.06 minutes
	total time  =        102 seconds =       1.70 minutes

Scratch directory: /tmp/
gradient() will perform analytic gradient computation.

*** tstart() called on cst14372
*** at Tue Apr 21 10:02:58 2026


         ------------------------------------------------------------
                                   SCF GRAD                          
                          Rob Parrish, Justin Turney,                
                       Andy Simmonett, and Alex Sokolov              
         ------------------------------------------------------------

  ==> Geometry <==

    Molecular point group: c1
    Full point group: C1

    Geometry (in Angstrom), charge = 0, multiplicity = 1:

       Center              X                  Y                   Z               Mass       
    ------------   -----------------  -----------------  -----------------  -----------------
         C            0.065953977900     0.350883316600     0.014215875100    12.000000000000
         O            1.351008733300     0.306063593100     0.002601912000    15.994914619570
         O            1.988943269200    -0.865129708400    -0.000218041700    15.994914619570
         C           -0.711402629000    -0.873973125400    -0.000889163700    12.000000000000
         C           -2.053453412700    -0.900719929600    -0.018356708500    12.000000000000
         C           -0.522978308100     1.717386921600     0.009225586100    12.000000000000
         H           -0.172165419300    -1.839313237400     0.073868361700     1.007825032230
         H           -2.658107732600     0.035859535100    -0.061863287900     1.007825032230
         H           -2.632921527500    -1.806647335100    -0.048621332000     1.007825032230
         H            0.308278749600     2.437403619900    -0.008593624000     1.007825032230
         H           -1.167846945000     1.973656454000     0.887431214800     1.007825032230
         H           -1.185921208200     1.924738623900    -0.930034335600     1.007825032230

  Nuclear repulsion =  224.804057676704787

  ==> Basis Set <==

  Basis Set: 6-31G*
    Blend: 6-31G*
    Number of shells: 48
    Number of basis functions: 102
    Number of Cartesian functions: 102
    Spherical Harmonics?: false
    Max angular momentum: 2

  ==> DFJKGrad: Density-Fitted SCF Gradients <==

    Gradient:                    1
    J tasked:                  Yes
    K tasked:                  Yes
    wK tasked:                 Yes
    Omega:               2.000E-01
    OpenMP threads:              4
    Integrals threads:           4
    Memory [MiB]:             4291
    Schwarz Cutoff:          1E-12
    Fitting Condition:       1E-10

   => Auxiliary Basis Set <=

  Basis Set: (6-31G* AUX)
    Blend: CC-PVDZ-JKFIT
    Number of shells: 198
    Number of basis functions: 636
    Number of Cartesian functions: 636
    Spherical Harmonics?: false
    Max angular momentum: 3

  ==> DFT Potential <==

   => LibXC <=

    Version 7.0.0
    S. Lehtola, C. Steigemann, M. J.T. Oliveira, and M. A.L. Marques.,  SoftwareX 7, 1–5 (2018) (10.1016/j.softx.2017.11.002)

   => Composite Functional: WB97X-D <= 

    wB97X-D Hyb-GGA Exchange-Correlation Functional

    J.-D. Chai and M. Head-Gordon.,  Phys. Chem. Chem. Phys. 10, 6615-6620 (2008) (10.1039/B810189B)

    Deriv               =              1
    GGA                 =           TRUE
    Meta                =          FALSE

    Exchange Hybrid     =           TRUE
    MP2 Hybrid          =          FALSE

   => Exchange-Correlation Functionals <=

    1.0000   wB97X-D range-separated functional

   => Exact (HF) Exchange <=

    0.7780            HF,LR [omega = 0.2000]
    0.2220               HF 

   => LibXC Density Thresholds  <==

    XC_HYB_GGA_XC_WB97X_D:  1.00E-14 

   => Molecular Quadrature <=

    Radial Scheme          =       TREUTLER
    Pruning Scheme         =           NONE
    Nuclear Scheme         =       TREUTLER

    Blocking Scheme        =         OCTREE
    BS radius alpha        =              1
    Pruning alpha          =              1
    Radial Points          =             75
    Spherical Points       =            302
    Total Points           =         254387
    Total Blocks           =           1936
    Max Points             =            256
    Max Functions          =            100
    Weights Tolerance      =       1.00E-15


  -Total Gradient:
     Atom            X                  Y                   Z
    ------   -----------------  -----------------  -----------------
       1       -0.000499528280     0.010821295509     0.000990249983
       2        0.013201282409    -0.007590597990    -0.001653263742
       3       -0.000729211636     0.003462730122     0.000428648941
       4        0.001693136394     0.021297575544    -0.008013988229
       5        0.005304328418    -0.030225464959     0.005288880010
       6        0.018455251905    -0.024562945278     0.020636073234
       7        0.000969020614    -0.017896006464     0.004182174253
       8       -0.009612050380     0.013861738529    -0.001023734535
       9       -0.000694591414     0.007835168651    -0.002157709118
      10        0.004583779849     0.001309151443     0.000697683713
      11       -0.009744732624     0.010729566593     0.009175343376
      12       -0.022966362385     0.010732345933    -0.028865981569


*** tstop() called on cst14372 at Tue Apr 21 10:03:00 2026
Module time:
	user time   =       4.05 seconds =       0.07 minutes
	system time =       0.08 seconds =       0.00 minutes
	total time  =          2 seconds =       0.03 minutes
Total time:
	user time   =     215.92 seconds =       3.60 minutes
	system time =       3.47 seconds =       0.06 minutes
	total time  =        104 seconds =       1.73 minutes

Scratch directory: /tmp/
   => Libint2 <=

    Primary   basis highest AM E, G, H:  6, 6, 3
    Auxiliary basis highest AM E, G, H:  7, 7, 4
    Onebody   basis highest AM E, G, H:  -, -, -
    Solid Harmonics ordering:            Gaussian

*** tstart() called on cst14372
*** at Tue Apr 21 10:03:00 2026

   => Loading Basis Set <=

    Name: 6-31G*
    Role: ORBITAL
    Keyword: BASIS
    atoms 1, 4-6 entry C          line   111 file /Users/jmsmith1/anaconda3/envs/jupyterenv/share/psi4/basis/6-31gs.gbs 
    atoms 2-3    entry O          line   145 file /Users/jmsmith1/anaconda3/envs/jupyterenv/share/psi4/basis/6-31gs.gbs 
    atoms 7-12   entry H          line    44 file /Users/jmsmith1/anaconda3/envs/jupyterenv/share/psi4/basis/6-31gs.gbs 

   => WB97X-D: Empirical Dispersion <=

    Chai and Head-Gordon Dispersion Correction
    Chai, J.-D.; Head-Gordon, M. (2010), J. Chem. Phys., 132: 6615-6620

        s6 =       1.000000


         ---------------------------------------------------------
                                   SCF
               by Justin Turney, Rob Parrish, Andy Simmonett
                          and Daniel G. A. Smith
                              RKS Reference
                        4 Threads,   5722 MiB Core
         ---------------------------------------------------------

  ==> Geometry <==

    Molecular point group: c1
    Full point group: C1

    Geometry (in Angstrom), charge = 0, multiplicity = 1:

       Center              X                  Y                   Z               Mass       
    ------------   -----------------  -----------------  -----------------  -----------------
         C            0.065997604400     0.351307105700     0.016586254600    12.000000000000
         O            1.352830045400     0.306511138900     0.003046182700    15.994914619570
         O            1.990984827000    -0.862780062200    -0.000256880700    15.994914619570
         C           -0.711271207600    -0.874403200000    -0.000979858200    12.000000000000
         C           -2.054059126900    -0.903924082600    -0.021465284300    12.000000000000
         C           -0.525580008000     1.716176412500     0.010602811400    12.000000000000
         H           -0.180612607400    -1.847387740000     0.085864924100     1.007825032230
         H           -2.659737023100     0.035427606300    -0.072129367700     1.007825032230
         H           -2.638276183300    -1.805937227400    -0.056563169400     1.007825032230
         H            0.309584457400     2.433328288000    -0.010095313900     1.007825032230
         H           -1.172490873400     1.987876204900     0.887054302700     1.007825032230
         H           -1.192300320100     1.930739493600    -0.934889487500     1.007825032230

  Running in c1 symmetry.

  Rotational constants: A =      0.18456  B =      0.09827  C =      0.06496 [cm^-1]
  Rotational constants: A =   5532.96846  B =   2946.15161  C =   1947.56681 [MHz]
  Nuclear repulsion =  224.624514419611131

  Charge       = 0
  Multiplicity = 1
  Electrons    = 46
  Nalpha       = 23
  Nbeta        = 23

  ==> Algorithm <==

  SCF Algorithm Type is DF.
  DIIS enabled.
  MOM disabled.
  Fractional occupation disabled.
  Guess Type is SAD.
  Energy threshold   = 1.00e-07
  Density threshold  = 1.00e-07
  Integral threshold = 1.00e-12

  ==> Primary Basis <==

  Basis Set: 6-31G*
    Blend: 6-31G*
    Number of shells: 48
    Number of basis functions: 102
    Number of Cartesian functions: 102
    Spherical Harmonics?: false
    Max angular momentum: 2

  ==> DFT Potential <==

   => LibXC <=

    Version 7.0.0
    S. Lehtola, C. Steigemann, M. J.T. Oliveira, and M. A.L. Marques.,  SoftwareX 7, 1–5 (2018) (10.1016/j.softx.2017.11.002)

   => Composite Functional: WB97X-D <= 

    wB97X-D Hyb-GGA Exchange-Correlation Functional

    J.-D. Chai and M. Head-Gordon.,  Phys. Chem. Chem. Phys. 10, 6615-6620 (2008) (10.1039/B810189B)

    Deriv               =              1
    GGA                 =           TRUE
    Meta                =          FALSE

    Exchange Hybrid     =           TRUE
    MP2 Hybrid          =          FALSE

   => Exchange-Correlation Functionals <=

    1.0000   wB97X-D range-separated functional

   => Exact (HF) Exchange <=

    0.7780            HF,LR [omega = 0.2000]
    0.2220               HF 

   => LibXC Density Thresholds  <==

    XC_HYB_GGA_XC_WB97X_D:  1.00E-14 

   => Molecular Quadrature <=

    Radial Scheme          =       TREUTLER
    Pruning Scheme         =           NONE
    Nuclear Scheme         =       TREUTLER

    Blocking Scheme        =         OCTREE
    BS radius alpha        =              1
    Pruning alpha          =              1
    Radial Points          =             75
    Spherical Points       =            302
    Total Points           =         254418
    Total Blocks           =           1938
    Max Points             =            256
    Max Functions          =            100
    Weights Tolerance      =       1.00E-15

   => Loading Basis Set <=

    Name: (6-31G* AUX)
    Role: JKFIT
    Keyword: DF_BASIS_SCF
    atoms 1, 4-6 entry C          line   121 file /Users/jmsmith1/anaconda3/envs/jupyterenv/share/psi4/basis/cc-pvdz-jkfit.gbs 
    atoms 2-3    entry O          line   221 file /Users/jmsmith1/anaconda3/envs/jupyterenv/share/psi4/basis/cc-pvdz-jkfit.gbs 
    atoms 7-12   entry H          line    51 file /Users/jmsmith1/anaconda3/envs/jupyterenv/share/psi4/basis/cc-pvdz-jkfit.gbs 

  ==> Integral Setup <==

  DFHelper Memory: AOs need 0.151 GiB; user supplied 3.599 GiB. 
  SCF_SUBTYPE=INCORE selected. In-core MEM_DF algorithm will be used.
  Using in-core AOs.

  ==> MemDFJK: Density-Fitted J/K Matrices <==

    J tasked:                   Yes
    K tasked:                   Yes
    wK tasked:                  Yes
    Omega:                2.000E-01
    OpenMP threads:               4
    Memory [MiB]:              3684
    Algorithm:                 Core
    Schwarz Cutoff:           1E-12
    Mask sparsity (%):       1.5571
    Fitting Condition:        1E-10

   => Auxiliary Basis Set <=

  Basis Set: (6-31G* AUX)
    Blend: CC-PVDZ-JKFIT
    Number of shells: 198
    Number of basis functions: 636
    Number of Cartesian functions: 636
    Spherical Harmonics?: false
    Max angular momentum: 3

  Cached 100.0% of DFT collocation blocks in 0.592 [GiB].

  Minimum eigenvalue in the overlap matrix is 2.8859908937E-03.
  Reciprocal condition number of the overlap matrix is 4.1709117461E-04.
    Using symmetric orthogonalization.

  ==> Pre-Iterations <==

  SCF Guess: Superposition of Atomic Densities via on-the-fly atomic UHF (no occupation information).

   -------------------------
    Irrep   Nso     Nmo    
   -------------------------
     A        102     102 
   -------------------------
    Total     102     102
   -------------------------

  ==> Iterations <==

                           Total Energy        Delta E     RMS |[F,P]|

   @DF-RKS iter SAD:  -300.20785047096547   -3.00208e+02   0.00000e+00 
   @DF-RKS iter   1:  -296.50180105372021    3.70605e+00   3.46721e-02 DIIS/ADIIS
   @DF-RKS iter   2:  -273.78929406632835    2.27125e+01   6.54027e-02 DIIS/ADIIS
   @DF-RKS iter   3:  -304.75610448476311   -3.09668e+01   1.69283e-02 DIIS/ADIIS
   @DF-RKS iter   4:  -303.68709597248983    1.06901e+00   2.11972e-02 DIIS/ADIIS
   @DF-RKS iter   5:  -306.10523861234196   -2.41814e+00   3.95018e-03 DIIS/ADIIS
   @DF-RKS iter   6:  -306.17399931735702   -6.87607e-02   2.32273e-03 DIIS/ADIIS
   @DF-RKS iter   7:  -306.20038551572173   -2.63862e-02   3.65426e-04 DIIS/ADIIS
   @DF-RKS iter   8:  -306.20099085671046   -6.05341e-04   2.64154e-04 DIIS/ADIIS
   @DF-RKS iter   9:  -306.20134866483227   -3.57808e-04   7.95567e-05 DIIS
   @DF-RKS iter  10:  -306.20138370110851   -3.50363e-05   2.69228e-05 DIIS
   @DF-RKS iter  11:  -306.20138731274449   -3.61164e-06   1.79656e-05 DIIS
   @DF-RKS iter  12:  -306.20138926515045   -1.95241e-06   6.51287e-06 DIIS
   @DF-RKS iter  13:  -306.20138959591742   -3.30767e-07   9.26318e-07 DIIS
   @DF-RKS iter  14:  -306.20138961465597   -1.87385e-08   5.24512e-07 DIIS
   @DF-RKS iter  15:  -306.20138962168829   -7.03233e-09   2.95984e-07 DIIS
   @DF-RKS iter  16:  -306.20138962817492   -6.48663e-09   9.10139e-08 DIIS
  Energy and wave function converged.


  ==> Post-Iterations <==

   Electrons on quadrature grid:
      Ntotal   =   45.9999772355 ; deviation = -2.276e-05 

    Orbital Energies [Eh]
    ---------------------

    Doubly Occupied:                                                      

       1A    -19.413958     2A    -19.246516     3A    -10.409351  
       4A    -10.339404     5A    -10.337772     6A    -10.332579  
       7A     -1.286907     8A     -0.996036     9A     -0.907844  
      10A     -0.840187    11A     -0.750745    12A     -0.641217  
      13A     -0.616751    14A     -0.591735    15A     -0.580999  
      16A     -0.535133    17A     -0.504717    18A     -0.498662  
      19A     -0.494663    20A     -0.452396    21A     -0.396283  
      22A     -0.304739    23A     -0.291614  

    Virtual:                                                              

      24A     -0.023517    25A      0.116595    26A      0.156634  
      27A      0.173725    28A      0.207787    29A      0.226673  
      30A      0.229628    31A      0.238829    32A      0.262596  
      33A      0.314177    34A      0.353098    35A      0.411855  
      36A      0.439393    37A      0.559421    38A      0.586814  
      39A      0.610649    40A      0.654236    41A      0.669803  
      42A      0.680670    43A      0.702795    44A      0.730556  
      45A      0.750605    46A      0.785338    47A      0.810355  
      48A      0.888872    49A      0.904097    50A      0.908097  
      51A      0.923388    52A      0.949677    53A      0.976315  
      54A      0.990435    55A      1.025142    56A      1.030145  
      57A      1.053295    58A      1.125198    59A      1.142545  
      60A      1.182328    61A      1.211207    62A      1.263350  
      63A      1.370510    64A      1.395691    65A      1.418937  
      66A      1.434524    67A      1.531627    68A      1.588846  
      69A      1.637709    70A      1.698319    71A      1.747701  
      72A      1.813184    73A      1.865900    74A      1.921552  
      75A      1.939761    76A      1.948146    77A      2.004042  
      78A      2.012474    79A      2.073550    80A      2.124103  
      81A      2.155710    82A      2.206840    83A      2.288226  
      84A      2.319859    85A      2.346898    86A      2.428140  
      87A      2.457638    88A      2.549315    89A      2.566878  
      90A      2.594211    91A      2.707935    92A      2.771145  
      93A      2.941908    94A      2.949405    95A      3.172929  
      96A      3.269444    97A      3.624051    98A      4.110400  
      99A      4.172935   100A      4.263896   101A      4.348883  
     102A      4.619110  

    Final Occupation by Irrep:
              A 
    DOCC [    23 ]
    NA   [    23 ]
    NB   [    23 ]

  @DF-RKS Final Energy:  -306.20138962817492

   => Energetics <=

    Nuclear Repulsion Energy =            224.6245144196111312
    One-Electron Energy =                -860.9190964346634019
    Two-Electron Energy =                 358.3436562378908548
    DFT Exchange-Correlation Energy =     -28.2460688874953405
    Empirical Dispersion Energy =          -0.0043949635182076
    VV10 Nonlocal Energy =                  0.0000000000000000
    Total Energy =                       -306.2013896281749226

Computation Completed


Properties will be evaluated at   0.000000,   0.000000,   0.000000 [a0]

Properties computed using the SCF density matrix


 Multipole Moments:

 ------------------------------------------------------------------------------------
     Multipole            Electronic (a.u.)      Nuclear  (a.u.)        Total (a.u.)
 ------------------------------------------------------------------------------------

 L = 1.  Multiply by 2.5417464519 to convert [e a0] to [Debye]
 Dipole X            :         -1.6468978           -0.2509367           -1.8978345
 Dipole Y            :          0.7103086            0.0355886            0.7458971
 Dipole Z            :          0.1069174           -0.0944488            0.0124686
 Magnitude           :                                                    2.0391895

 ------------------------------------------------------------------------------------

*** tstop() called on cst14372 at Tue Apr 21 10:03:13 2026
Module time:
	user time   =      27.39 seconds =       0.46 minutes
	system time =       0.45 seconds =       0.01 minutes
	total time  =         13 seconds =       0.22 minutes
Total time:
	user time   =     243.33 seconds =       4.06 minutes
	system time =       3.93 seconds =       0.07 minutes
	total time  =        117 seconds =       1.95 minutes

Scratch directory: /tmp/
gradient() will perform analytic gradient computation.

*** tstart() called on cst14372
*** at Tue Apr 21 10:03:13 2026


         ------------------------------------------------------------
                                   SCF GRAD                          
                          Rob Parrish, Justin Turney,                
                       Andy Simmonett, and Alex Sokolov              
         ------------------------------------------------------------

  ==> Geometry <==

    Molecular point group: c1
    Full point group: C1

    Geometry (in Angstrom), charge = 0, multiplicity = 1:

       Center              X                  Y                   Z               Mass       
    ------------   -----------------  -----------------  -----------------  -----------------
         C            0.065997604400     0.351307105700     0.016586254600    12.000000000000
         O            1.352830045400     0.306511138900     0.003046182700    15.994914619570
         O            1.990984827000    -0.862780062200    -0.000256880700    15.994914619570
         C           -0.711271207600    -0.874403200000    -0.000979858200    12.000000000000
         C           -2.054059126900    -0.903924082600    -0.021465284300    12.000000000000
         C           -0.525580008000     1.716176412500     0.010602811400    12.000000000000
         H           -0.180612607400    -1.847387740000     0.085864924100     1.007825032230
         H           -2.659737023100     0.035427606300    -0.072129367700     1.007825032230
         H           -2.638276183300    -1.805937227400    -0.056563169400     1.007825032230
         H            0.309584457400     2.433328288000    -0.010095313900     1.007825032230
         H           -1.172490873400     1.987876204900     0.887054302700     1.007825032230
         H           -1.192300320100     1.930739493600    -0.934889487500     1.007825032230

  Nuclear repulsion =  224.624514419611131

  ==> Basis Set <==

  Basis Set: 6-31G*
    Blend: 6-31G*
    Number of shells: 48
    Number of basis functions: 102
    Number of Cartesian functions: 102
    Spherical Harmonics?: false
    Max angular momentum: 2

  ==> DFJKGrad: Density-Fitted SCF Gradients <==

    Gradient:                    1
    J tasked:                  Yes
    K tasked:                  Yes
    wK tasked:                 Yes
    Omega:               2.000E-01
    OpenMP threads:              4
    Integrals threads:           4
    Memory [MiB]:             4291
    Schwarz Cutoff:          1E-12
    Fitting Condition:       1E-10

   => Auxiliary Basis Set <=

  Basis Set: (6-31G* AUX)
    Blend: CC-PVDZ-JKFIT
    Number of shells: 198
    Number of basis functions: 636
    Number of Cartesian functions: 636
    Spherical Harmonics?: false
    Max angular momentum: 3

  ==> DFT Potential <==

   => LibXC <=

    Version 7.0.0
    S. Lehtola, C. Steigemann, M. J.T. Oliveira, and M. A.L. Marques.,  SoftwareX 7, 1–5 (2018) (10.1016/j.softx.2017.11.002)

   => Composite Functional: WB97X-D <= 

    wB97X-D Hyb-GGA Exchange-Correlation Functional

    J.-D. Chai and M. Head-Gordon.,  Phys. Chem. Chem. Phys. 10, 6615-6620 (2008) (10.1039/B810189B)

    Deriv               =              1
    GGA                 =           TRUE
    Meta                =          FALSE

    Exchange Hybrid     =           TRUE
    MP2 Hybrid          =          FALSE

   => Exchange-Correlation Functionals <=

    1.0000   wB97X-D range-separated functional

   => Exact (HF) Exchange <=

    0.7780            HF,LR [omega = 0.2000]
    0.2220               HF 

   => LibXC Density Thresholds  <==

    XC_HYB_GGA_XC_WB97X_D:  1.00E-14 

   => Molecular Quadrature <=

    Radial Scheme          =       TREUTLER
    Pruning Scheme         =           NONE
    Nuclear Scheme         =       TREUTLER

    Blocking Scheme        =         OCTREE
    BS radius alpha        =              1
    Pruning alpha          =              1
    Radial Points          =             75
    Spherical Points       =            302
    Total Points           =         254418
    Total Blocks           =           1938
    Max Points             =            256
    Max Functions          =            100
    Weights Tolerance      =       1.00E-15


  -Total Gradient:
     Atom            X                  Y                   Z
    ------   -----------------  -----------------  -----------------
       1       -0.000525856407     0.012398890348     0.001146814866
       2        0.015259435502    -0.008778941968    -0.001928990952
       3       -0.000844351106     0.004033443694     0.000500924705
       4        0.002375912079     0.024157461176    -0.009382241818
       5        0.005749090869    -0.033582857978     0.006204686101
       6        0.019719404619    -0.027893659965     0.022269761000
       7        0.000740607877    -0.020178279781     0.004930578355
       8       -0.010562359991     0.015163274722    -0.001259164803
       9       -0.001074332147     0.008579477571    -0.002495839879
      10        0.005204751726     0.001360073483     0.000765936573
      11       -0.011011169724     0.012484022929     0.010177337326
      12       -0.025048437883     0.012105455183    -0.031332232978


*** tstop() called on cst14372 at Tue Apr 21 10:03:15 2026
Module time:
	user time   =       4.06 seconds =       0.07 minutes
	system time =       0.08 seconds =       0.00 minutes
	total time  =          2 seconds =       0.03 minutes
Total time:
	user time   =     247.40 seconds =       4.12 minutes
	system time =       4.01 seconds =       0.07 minutes
	total time  =        119 seconds =       1.98 minutes

Scratch directory: /tmp/
   => Libint2 <=

    Primary   basis highest AM E, G, H:  6, 6, 3
    Auxiliary basis highest AM E, G, H:  7, 7, 4
    Onebody   basis highest AM E, G, H:  -, -, -
    Solid Harmonics ordering:            Gaussian

*** tstart() called on cst14372
*** at Tue Apr 21 10:03:15 2026

   => Loading Basis Set <=

    Name: 6-31G*
    Role: ORBITAL
    Keyword: BASIS
    atoms 1, 4-6 entry C          line   111 file /Users/jmsmith1/anaconda3/envs/jupyterenv/share/psi4/basis/6-31gs.gbs 
    atoms 2-3    entry O          line   145 file /Users/jmsmith1/anaconda3/envs/jupyterenv/share/psi4/basis/6-31gs.gbs 
    atoms 7-12   entry H          line    44 file /Users/jmsmith1/anaconda3/envs/jupyterenv/share/psi4/basis/6-31gs.gbs 

   => WB97X-D: Empirical Dispersion <=

    Chai and Head-Gordon Dispersion Correction
    Chai, J.-D.; Head-Gordon, M. (2010), J. Chem. Phys., 132: 6615-6620

        s6 =       1.000000


         ---------------------------------------------------------
                                   SCF
               by Justin Turney, Rob Parrish, Andy Simmonett
                          and Daniel G. A. Smith
                              RKS Reference
                        4 Threads,   5722 MiB Core
         ---------------------------------------------------------

  ==> Geometry <==

    Molecular point group: c1
    Full point group: C1

    Geometry (in Angstrom), charge = 0, multiplicity = 1:

       Center              X                  Y                   Z               Mass       
    ------------   -----------------  -----------------  -----------------  -----------------
         C            0.066042812400     0.351695594600     0.018956559000    12.000000000000
         O            1.354620698800     0.306978369400     0.003495252000    15.994914619570
         O            1.993031012800    -0.860435963400    -0.000296861200    15.994914619570
         C           -0.711146481900    -0.874903770500    -0.001043526300    12.000000000000
         C           -2.054682306700    -0.907035437700    -0.024596069100    12.000000000000
         C           -0.528242332500     1.715044966000     0.011917476600    12.000000000000
         H           -0.189096892300    -1.854777509200     0.097707887900     1.007825032230
         H           -2.661004334100     0.034472229900    -0.082366077700     1.007825032230
         H           -2.643601121600    -1.805521983600    -0.064429813500     1.007825032230
         H            0.310712483000     2.429200481500    -0.011625469500     1.007825032230
         H           -1.176761472000     2.001684943400     0.886325942200     1.007825032230
         H           -1.197824446600     1.936331157300    -0.938670892300     1.007825032230

  Running in c1 symmetry.

  Rotational constants: A =      0.18442  B =      0.09808  C =      0.06487 [cm^-1]
  Rotational constants: A =   5528.66240  B =   2940.24246  C =   1944.62347 [MHz]
  Nuclear repulsion =  224.455324080299988

  Charge       = 0
  Multiplicity = 1
  Electrons    = 46
  Nalpha       = 23
  Nbeta        = 23

  ==> Algorithm <==

  SCF Algorithm Type is DF.
  DIIS enabled.
  MOM disabled.
  Fractional occupation disabled.
  Guess Type is SAD.
  Energy threshold   = 1.00e-07
  Density threshold  = 1.00e-07
  Integral threshold = 1.00e-12

  ==> Primary Basis <==

  Basis Set: 6-31G*
    Blend: 6-31G*
    Number of shells: 48
    Number of basis functions: 102
    Number of Cartesian functions: 102
    Spherical Harmonics?: false
    Max angular momentum: 2

  ==> DFT Potential <==

   => LibXC <=

    Version 7.0.0
    S. Lehtola, C. Steigemann, M. J.T. Oliveira, and M. A.L. Marques.,  SoftwareX 7, 1–5 (2018) (10.1016/j.softx.2017.11.002)

   => Composite Functional: WB97X-D <= 

    wB97X-D Hyb-GGA Exchange-Correlation Functional

    J.-D. Chai and M. Head-Gordon.,  Phys. Chem. Chem. Phys. 10, 6615-6620 (2008) (10.1039/B810189B)

    Deriv               =              1
    GGA                 =           TRUE
    Meta                =          FALSE

    Exchange Hybrid     =           TRUE
    MP2 Hybrid          =          FALSE

   => Exchange-Correlation Functionals <=

    1.0000   wB97X-D range-separated functional

   => Exact (HF) Exchange <=

    0.7780            HF,LR [omega = 0.2000]
    0.2220               HF 

   => LibXC Density Thresholds  <==

    XC_HYB_GGA_XC_WB97X_D:  1.00E-14 

   => Molecular Quadrature <=

    Radial Scheme          =       TREUTLER
    Pruning Scheme         =           NONE
    Nuclear Scheme         =       TREUTLER

    Blocking Scheme        =         OCTREE
    BS radius alpha        =              1
    Pruning alpha          =              1
    Radial Points          =             75
    Spherical Points       =            302
    Total Points           =         254441
    Total Blocks           =           1924
    Max Points             =            256
    Max Functions          =            100
    Weights Tolerance      =       1.00E-15

   => Loading Basis Set <=

    Name: (6-31G* AUX)
    Role: JKFIT
    Keyword: DF_BASIS_SCF
    atoms 1, 4-6 entry C          line   121 file /Users/jmsmith1/anaconda3/envs/jupyterenv/share/psi4/basis/cc-pvdz-jkfit.gbs 
    atoms 2-3    entry O          line   221 file /Users/jmsmith1/anaconda3/envs/jupyterenv/share/psi4/basis/cc-pvdz-jkfit.gbs 
    atoms 7-12   entry H          line    51 file /Users/jmsmith1/anaconda3/envs/jupyterenv/share/psi4/basis/cc-pvdz-jkfit.gbs 

  ==> Integral Setup <==

  DFHelper Memory: AOs need 0.151 GiB; user supplied 3.599 GiB. 
  SCF_SUBTYPE=INCORE selected. In-core MEM_DF algorithm will be used.
  Using in-core AOs.

  ==> MemDFJK: Density-Fitted J/K Matrices <==

    J tasked:                   Yes
    K tasked:                   Yes
    wK tasked:                  Yes
    Omega:                2.000E-01
    OpenMP threads:               4
    Memory [MiB]:              3685
    Algorithm:                 Core
    Schwarz Cutoff:           1E-12
    Mask sparsity (%):       1.5571
    Fitting Condition:        1E-10

   => Auxiliary Basis Set <=

  Basis Set: (6-31G* AUX)
    Blend: CC-PVDZ-JKFIT
    Number of shells: 198
    Number of basis functions: 636
    Number of Cartesian functions: 636
    Spherical Harmonics?: false
    Max angular momentum: 3

  Cached 100.0% of DFT collocation blocks in 0.592 [GiB].

  Minimum eigenvalue in the overlap matrix is 2.9118552970E-03.
  Reciprocal condition number of the overlap matrix is 4.2140059322E-04.
    Using symmetric orthogonalization.

  ==> Pre-Iterations <==

  SCF Guess: Superposition of Atomic Densities via on-the-fly atomic UHF (no occupation information).

   -------------------------
    Irrep   Nso     Nmo    
   -------------------------
     A        102     102 
   -------------------------
    Total     102     102
   -------------------------

  ==> Iterations <==

                           Total Energy        Delta E     RMS |[F,P]|

   @DF-RKS iter SAD:  -300.19315439616059   -3.00193e+02   0.00000e+00 
   @DF-RKS iter   1:  -296.47950389449051    3.71365e+00   3.46733e-02 DIIS/ADIIS
   @DF-RKS iter   2:  -273.85271475731327    2.26268e+01   6.53512e-02 DIIS/ADIIS
   @DF-RKS iter   3:  -304.78158095002760   -3.09289e+01   1.67466e-02 DIIS/ADIIS
   @DF-RKS iter   4:  -303.94349843388022    8.38083e-01   2.01982e-02 DIIS/ADIIS
   @DF-RKS iter   5:  -306.10517269741246   -2.16167e+00   3.96563e-03 DIIS/ADIIS
   @DF-RKS iter   6:  -306.17415878866291   -6.89861e-02   2.23520e-03 DIIS/ADIIS
   @DF-RKS iter   7:  -306.19871130431227   -2.45525e-02   3.40228e-04 DIIS/ADIIS
   @DF-RKS iter   8:  -306.19927601158230   -5.64707e-04   2.41663e-04 DIIS/ADIIS
   @DF-RKS iter   9:  -306.19957602995572   -3.00018e-04   7.73108e-05 DIIS
   @DF-RKS iter  10:  -306.19960767400130   -3.16440e-05   2.36010e-05 DIIS
   @DF-RKS iter  11:  -306.19961042990667   -2.75591e-06   1.48620e-05 DIIS
   @DF-RKS iter  12:  -306.19961170656234   -1.27666e-06   6.09529e-06 DIIS
   @DF-RKS iter  13:  -306.19961197522264   -2.68660e-07   7.60842e-07 DIIS
   @DF-RKS iter  14:  -306.19961198591022   -1.06876e-08   3.77083e-07 DIIS
   @DF-RKS iter  15:  -306.19961198890587   -2.99565e-09   2.00288e-07 DIIS
   @DF-RKS iter  16:  -306.19961199160838   -2.70251e-09   7.37741e-08 DIIS
  Energy and wave function converged.


  ==> Post-Iterations <==

   Electrons on quadrature grid:
      Ntotal   =   45.9999736812 ; deviation = -2.632e-05 

    Orbital Energies [Eh]
    ---------------------

    Doubly Occupied:                                                      

       1A    -19.414522     2A    -19.247196     3A    -10.409781  
       4A    -10.340405     5A    -10.337873     6A    -10.333075  
       7A     -1.287413     8A     -0.996255     9A     -0.907370  
      10A     -0.839629    11A     -0.750344    12A     -0.641384  
      13A     -0.616519    14A     -0.591892    15A     -0.580771  
      16A     -0.535309    17A     -0.503651    18A     -0.497403  
      19A     -0.494323    20A     -0.452380    21A     -0.396014  
      22A     -0.305107    23A     -0.291761  

    Virtual:                                                              

      24A     -0.023920    25A      0.115513    26A      0.155829  
      27A      0.173094    28A      0.207082    29A      0.226029  
      30A      0.229364    31A      0.238962    32A      0.261915  
      33A      0.313713    34A      0.352496    35A      0.412744  
      36A      0.440033    37A      0.559031    38A      0.586554  
      39A      0.610847    40A      0.655002    41A      0.668314  
      42A      0.681191    43A      0.703313    44A      0.729887  
      45A      0.750120    46A      0.786608    47A      0.810347  
      48A      0.885990    49A      0.902331    50A      0.907803  
      51A      0.922503    52A      0.948993    53A      0.974316  
      54A      0.988304    55A      1.024643    56A      1.029868  
      57A      1.051894    58A      1.124343    59A      1.141466  
      60A      1.181508    61A      1.209897    62A      1.261561  
      63A      1.368897    64A      1.395782    65A      1.418471  
      66A      1.435172    67A      1.529213    68A      1.591655  
      69A      1.638551    70A      1.696813    71A      1.748612  
      72A      1.811092    73A      1.864165    74A      1.919043  
      75A      1.938120    76A      1.946274    77A      1.999354  
      78A      2.010439    79A      2.073037    80A      2.121905  
      81A      2.154303    82A      2.206591    83A      2.288353  
      84A      2.318851    85A      2.347044    86A      2.426696  
      87A      2.457285    88A      2.548255    89A      2.567426  
      90A      2.593046    91A      2.707740    92A      2.771320  
      93A      2.940493    94A      2.948087    95A      3.170987  
      96A      3.268147    97A      3.622812    98A      4.109302  
      99A      4.171857   100A      4.262458   101A      4.347815  
     102A      4.618528  

    Final Occupation by Irrep:
              A 
    DOCC [    23 ]
    NA   [    23 ]
    NB   [    23 ]

  @DF-RKS Final Energy:  -306.19961199160838

   => Energetics <=

    Nuclear Repulsion Energy =            224.4553240802999881
    One-Electron Energy =                -860.5805817250407017
    Two-Electron Energy =                 358.1704963848677608
    DFT Exchange-Correlation Energy =     -28.2404591862486463
    Empirical Dispersion Energy =          -0.0043915454868091
    VV10 Nonlocal Energy =                  0.0000000000000000
    Total Energy =                       -306.1996119916083785

Computation Completed


Properties will be evaluated at   0.000000,   0.000000,   0.000000 [a0]

Properties computed using the SCF density matrix


 Multipole Moments:

 ------------------------------------------------------------------------------------
     Multipole            Electronic (a.u.)      Nuclear  (a.u.)        Total (a.u.)
 ------------------------------------------------------------------------------------

 L = 1.  Multiply by 2.5417464519 to convert [e a0] to [Debye]
 Dipole X            :         -1.6197098           -0.2731258           -1.8928356
 Dipole Y            :          0.6995969            0.0425882            0.7421851
 Dipole Z            :          0.1198552           -0.1059468            0.0139084
 Magnitude           :                                                    2.0331893

 ------------------------------------------------------------------------------------

*** tstop() called on cst14372 at Tue Apr 21 10:03:29 2026
Module time:
	user time   =      27.48 seconds =       0.46 minutes
	system time =       0.40 seconds =       0.01 minutes
	total time  =         14 seconds =       0.23 minutes
Total time:
	user time   =     274.90 seconds =       4.58 minutes
	system time =       4.41 seconds =       0.07 minutes
	total time  =        133 seconds =       2.22 minutes

Scratch directory: /tmp/
gradient() will perform analytic gradient computation.

*** tstart() called on cst14372
*** at Tue Apr 21 10:03:29 2026


         ------------------------------------------------------------
                                   SCF GRAD                          
                          Rob Parrish, Justin Turney,                
                       Andy Simmonett, and Alex Sokolov              
         ------------------------------------------------------------

  ==> Geometry <==

    Molecular point group: c1
    Full point group: C1

    Geometry (in Angstrom), charge = 0, multiplicity = 1:

       Center              X                  Y                   Z               Mass       
    ------------   -----------------  -----------------  -----------------  -----------------
         C            0.066042812400     0.351695594600     0.018956559000    12.000000000000
         O            1.354620698800     0.306978369400     0.003495252000    15.994914619570
         O            1.993031012800    -0.860435963400    -0.000296861200    15.994914619570
         C           -0.711146481900    -0.874903770500    -0.001043526300    12.000000000000
         C           -2.054682306700    -0.907035437700    -0.024596069100    12.000000000000
         C           -0.528242332500     1.715044966000     0.011917476600    12.000000000000
         H           -0.189096892300    -1.854777509200     0.097707887900     1.007825032230
         H           -2.661004334100     0.034472229900    -0.082366077700     1.007825032230
         H           -2.643601121600    -1.805521983600    -0.064429813500     1.007825032230
         H            0.310712483000     2.429200481500    -0.011625469500     1.007825032230
         H           -1.176761472000     2.001684943400     0.886325942200     1.007825032230
         H           -1.197824446600     1.936331157300    -0.938670892300     1.007825032230

  Nuclear repulsion =  224.455324080299988

  ==> Basis Set <==

  Basis Set: 6-31G*
    Blend: 6-31G*
    Number of shells: 48
    Number of basis functions: 102
    Number of Cartesian functions: 102
    Spherical Harmonics?: false
    Max angular momentum: 2

  ==> DFJKGrad: Density-Fitted SCF Gradients <==

    Gradient:                    1
    J tasked:                  Yes
    K tasked:                  Yes
    wK tasked:                 Yes
    Omega:               2.000E-01
    OpenMP threads:              4
    Integrals threads:           4
    Memory [MiB]:             4291
    Schwarz Cutoff:          1E-12
    Fitting Condition:       1E-10

   => Auxiliary Basis Set <=

  Basis Set: (6-31G* AUX)
    Blend: CC-PVDZ-JKFIT
    Number of shells: 198
    Number of basis functions: 636
    Number of Cartesian functions: 636
    Spherical Harmonics?: false
    Max angular momentum: 3

  ==> DFT Potential <==

   => LibXC <=

    Version 7.0.0
    S. Lehtola, C. Steigemann, M. J.T. Oliveira, and M. A.L. Marques.,  SoftwareX 7, 1–5 (2018) (10.1016/j.softx.2017.11.002)

   => Composite Functional: WB97X-D <= 

    wB97X-D Hyb-GGA Exchange-Correlation Functional

    J.-D. Chai and M. Head-Gordon.,  Phys. Chem. Chem. Phys. 10, 6615-6620 (2008) (10.1039/B810189B)

    Deriv               =              1
    GGA                 =           TRUE
    Meta                =          FALSE

    Exchange Hybrid     =           TRUE
    MP2 Hybrid          =          FALSE

   => Exchange-Correlation Functionals <=

    1.0000   wB97X-D range-separated functional

   => Exact (HF) Exchange <=

    0.7780            HF,LR [omega = 0.2000]
    0.2220               HF 

   => LibXC Density Thresholds  <==

    XC_HYB_GGA_XC_WB97X_D:  1.00E-14 

   => Molecular Quadrature <=

    Radial Scheme          =       TREUTLER
    Pruning Scheme         =           NONE
    Nuclear Scheme         =       TREUTLER

    Blocking Scheme        =         OCTREE
    BS radius alpha        =              1
    Pruning alpha          =              1
    Radial Points          =             75
    Spherical Points       =            302
    Total Points           =         254441
    Total Blocks           =           1924
    Max Points             =            256
    Max Functions          =            100
    Weights Tolerance      =       1.00E-15


  -Total Gradient:
     Atom            X                  Y                   Z
    ------   -----------------  -----------------  -----------------
       1       -0.000528051916     0.013892782347     0.001303252528
       2        0.017277694846    -0.009945310594    -0.002203392873
       3       -0.000944813136     0.004612358333     0.000565398618
       4        0.003192826158     0.026676609878    -0.010721700715
       5        0.006072660601    -0.036338564019     0.007113735230
       6        0.020494368603    -0.030904011941     0.023554608300
       7        0.000361247853    -0.022143359844     0.005674366481
       8       -0.011287938395     0.016116450994    -0.001491861105
       9       -0.001563447869     0.009107583763    -0.002832290803
      10        0.005749685664     0.001340405730     0.000817388544
      11       -0.012108300203     0.014164746316     0.010946009420
      12       -0.026688594834     0.013343103473    -0.033205396119


*** tstop() called on cst14372 at Tue Apr 21 10:03:31 2026
Module time:
	user time   =       4.08 seconds =       0.07 minutes
	system time =       0.09 seconds =       0.00 minutes
	total time  =          2 seconds =       0.03 minutes
Total time:
	user time   =     279.00 seconds =       4.65 minutes
	system time =       4.50 seconds =       0.07 minutes
	total time  =        135 seconds =       2.25 minutes

Scratch directory: /tmp/
   => Libint2 <=

    Primary   basis highest AM E, G, H:  6, 6, 3
    Auxiliary basis highest AM E, G, H:  7, 7, 4
    Onebody   basis highest AM E, G, H:  -, -, -
    Solid Harmonics ordering:            Gaussian

*** tstart() called on cst14372
*** at Tue Apr 21 10:03:31 2026

   => Loading Basis Set <=

    Name: 6-31G*
    Role: ORBITAL
    Keyword: BASIS
    atoms 1, 4-6 entry C          line   111 file /Users/jmsmith1/anaconda3/envs/jupyterenv/share/psi4/basis/6-31gs.gbs 
    atoms 2-3    entry O          line   145 file /Users/jmsmith1/anaconda3/envs/jupyterenv/share/psi4/basis/6-31gs.gbs 
    atoms 7-12   entry H          line    44 file /Users/jmsmith1/anaconda3/envs/jupyterenv/share/psi4/basis/6-31gs.gbs 

   => WB97X-D: Empirical Dispersion <=

    Chai and Head-Gordon Dispersion Correction
    Chai, J.-D.; Head-Gordon, M. (2010), J. Chem. Phys., 132: 6615-6620

        s6 =       1.000000


         ---------------------------------------------------------
                                   SCF
               by Justin Turney, Rob Parrish, Andy Simmonett
                          and Daniel G. A. Smith
                              RKS Reference
                        4 Threads,   5722 MiB Core
         ---------------------------------------------------------

  ==> Geometry <==

    Molecular point group: c1
    Full point group: C1

    Geometry (in Angstrom), charge = 0, multiplicity = 1:

       Center              X                  Y                   Z               Mass       
    ------------   -----------------  -----------------  -----------------  -----------------
         C            0.066089618100     0.352044474800     0.021326739900    12.000000000000
         O            1.356376569400     0.307467926800     0.003949799700    15.994914619570
         O            1.995082400600    -0.858098277800    -0.000338131600    15.994914619570
         C           -0.711030804400    -0.875482315200    -0.001076263000    12.000000000000
         C           -2.055324020400    -0.910046415300    -0.027752260200    12.000000000000
         C           -0.530968066600     1.714001216300     0.013165996700    12.000000000000
         H           -0.197606692900    -1.861415044300     0.109373400100     1.007825032230
         H           -2.661884334300     0.032959611700    -0.092567096500     1.007825032230
         H           -2.648880340400    -1.805420173200    -0.072210894400     1.007825032230
         H            0.311643968300     2.425020098400    -0.013186167600     1.007825032230
         H           -1.180621092100     2.015026467400     0.885218990700     1.007825032230
         H           -1.202436726600     1.941471294000    -0.941313038200     1.007825032230

  Running in c1 symmetry.

  Rotational constants: A =      0.18428  B =      0.09788  C =      0.06477 [cm^-1]
  Rotational constants: A =   5524.58615  B =   2934.45770  C =   1941.72934 [MHz]
  Nuclear repulsion =  224.297278560735350

  Charge       = 0
  Multiplicity = 1
  Electrons    = 46
  Nalpha       = 23
  Nbeta        = 23

  ==> Algorithm <==

  SCF Algorithm Type is DF.
  DIIS enabled.
  MOM disabled.
  Fractional occupation disabled.
  Guess Type is SAD.
  Energy threshold   = 1.00e-07
  Density threshold  = 1.00e-07
  Integral threshold = 1.00e-12

  ==> Primary Basis <==

  Basis Set: 6-31G*
    Blend: 6-31G*
    Number of shells: 48
    Number of basis functions: 102
    Number of Cartesian functions: 102
    Spherical Harmonics?: false
    Max angular momentum: 2

  ==> DFT Potential <==

   => LibXC <=

    Version 7.0.0
    S. Lehtola, C. Steigemann, M. J.T. Oliveira, and M. A.L. Marques.,  SoftwareX 7, 1–5 (2018) (10.1016/j.softx.2017.11.002)

   => Composite Functional: WB97X-D <= 

    wB97X-D Hyb-GGA Exchange-Correlation Functional

    J.-D. Chai and M. Head-Gordon.,  Phys. Chem. Chem. Phys. 10, 6615-6620 (2008) (10.1039/B810189B)

    Deriv               =              1
    GGA                 =           TRUE
    Meta                =          FALSE

    Exchange Hybrid     =           TRUE
    MP2 Hybrid          =          FALSE

   => Exchange-Correlation Functionals <=

    1.0000   wB97X-D range-separated functional

   => Exact (HF) Exchange <=

    0.7780            HF,LR [omega = 0.2000]
    0.2220               HF 

   => LibXC Density Thresholds  <==

    XC_HYB_GGA_XC_WB97X_D:  1.00E-14 

   => Molecular Quadrature <=

    Radial Scheme          =       TREUTLER
    Pruning Scheme         =           NONE
    Nuclear Scheme         =       TREUTLER

    Blocking Scheme        =         OCTREE
    BS radius alpha        =              1
    Pruning alpha          =              1
    Radial Points          =             75
    Spherical Points       =            302
    Total Points           =         254458
    Total Blocks           =           1920
    Max Points             =            256
    Max Functions          =            100
    Weights Tolerance      =       1.00E-15

   => Loading Basis Set <=

    Name: (6-31G* AUX)
    Role: JKFIT
    Keyword: DF_BASIS_SCF
    atoms 1, 4-6 entry C          line   121 file /Users/jmsmith1/anaconda3/envs/jupyterenv/share/psi4/basis/cc-pvdz-jkfit.gbs 
    atoms 2-3    entry O          line   221 file /Users/jmsmith1/anaconda3/envs/jupyterenv/share/psi4/basis/cc-pvdz-jkfit.gbs 
    atoms 7-12   entry H          line    51 file /Users/jmsmith1/anaconda3/envs/jupyterenv/share/psi4/basis/cc-pvdz-jkfit.gbs 

  ==> Integral Setup <==

  DFHelper Memory: AOs need 0.151 GiB; user supplied 3.599 GiB. 
  SCF_SUBTYPE=INCORE selected. In-core MEM_DF algorithm will be used.
  Using in-core AOs.

  ==> MemDFJK: Density-Fitted J/K Matrices <==

    J tasked:                   Yes
    K tasked:                   Yes
    wK tasked:                  Yes
    Omega:                2.000E-01
    OpenMP threads:               4
    Memory [MiB]:              3685
    Algorithm:                 Core
    Schwarz Cutoff:           1E-12
    Mask sparsity (%):       1.5571
    Fitting Condition:        1E-10

   => Auxiliary Basis Set <=

  Basis Set: (6-31G* AUX)
    Blend: CC-PVDZ-JKFIT
    Number of shells: 198
    Number of basis functions: 636
    Number of Cartesian functions: 636
    Spherical Harmonics?: false
    Max angular momentum: 3

  Cached 100.0% of DFT collocation blocks in 0.592 [GiB].

  Minimum eigenvalue in the overlap matrix is 2.9366674576E-03.
  Reciprocal condition number of the overlap matrix is 4.2552287953E-04.
    Using symmetric orthogonalization.

  ==> Pre-Iterations <==

  SCF Guess: Superposition of Atomic Densities via on-the-fly atomic UHF (no occupation information).

   -------------------------
    Irrep   Nso     Nmo    
   -------------------------
     A        102     102 
   -------------------------
    Total     102     102
   -------------------------

  ==> Iterations <==

                           Total Energy        Delta E     RMS |[F,P]|

   @DF-RKS iter SAD:  -300.18073356091833   -3.00181e+02   0.00000e+00 
   @DF-RKS iter   1:  -296.46050239063345    3.72023e+00   3.46729e-02 DIIS/ADIIS
   @DF-RKS iter   2:  -273.98822044670925    2.24723e+01   6.52006e-02 DIIS/ADIIS
   @DF-RKS iter   3:  -304.81916419156227   -3.08309e+01   1.65047e-02 DIIS/ADIIS
   @DF-RKS iter   4:  -304.23447714521222    5.84687e-01   1.89034e-02 DIIS/ADIIS
   @DF-RKS iter   5:  -306.10322932813386   -1.86875e+00   4.03501e-03 DIIS/ADIIS
   @DF-RKS iter   6:  -306.17547420573572   -7.22449e-02   2.08922e-03 DIIS/ADIIS
   @DF-RKS iter   7:  -306.19713967450815   -2.16655e-02   3.06170e-04 DIIS/ADIIS
   @DF-RKS iter   8:  -306.19770362849749   -5.63954e-04   1.85163e-04 DIIS/ADIIS
   @DF-RKS iter   9:  -306.19788087525382   -1.77247e-04   8.32376e-05 DIIS
   @DF-RKS iter  10:  -306.19791189353128   -3.10183e-05   2.11962e-05 DIIS
   @DF-RKS iter  11:  -306.19791413396410   -2.24043e-06   1.06109e-05 DIIS
   @DF-RKS iter  12:  -306.19791478406762   -6.50104e-07   4.74137e-06 DIIS
   @DF-RKS iter  13:  -306.19791494473753   -1.60670e-07   6.69407e-07 DIIS
   @DF-RKS iter  14:  -306.19791495053573   -5.79820e-09   1.64452e-07 DIIS
   @DF-RKS iter  15:  -306.19791495132370   -7.87963e-10   9.03488e-08 DIIS
  Energy and wave function converged.


  ==> Post-Iterations <==

   Electrons on quadrature grid:
      Ntotal   =   45.9999714659 ; deviation = -2.853e-05 

    Orbital Energies [Eh]
    ---------------------

    Doubly Occupied:                                                      

       1A    -19.415066     2A    -19.247848     3A    -10.410203  
       4A    -10.341205     5A    -10.337953     6A    -10.333527  
       7A     -1.287906     8A     -0.996451     9A     -0.906925  
      10A     -0.839180    11A     -0.749980    12A     -0.641600  
      13A     -0.616323    14A     -0.592074    15A     -0.580583  
      16A     -0.535436    17A     -0.502732    18A     -0.496290  
      19A     -0.494076    20A     -0.452322    21A     -0.395751  
      22A     -0.305460    23A     -0.291901  

    Virtual:                                                              

      24A     -0.024300    25A      0.114491    26A      0.155206  
      27A      0.172540    28A      0.206498    29A      0.225577  
      30A      0.229186    31A      0.239087    32A      0.261268  
      33A      0.313271    34A      0.351912    35A      0.413563  
      36A      0.440598    37A      0.558691    38A      0.586294  
      39A      0.610997    40A      0.655595    41A      0.666853  
      42A      0.681713    43A      0.703742    44A      0.729172  
      45A      0.749719    46A      0.787709    47A      0.810653  
      48A      0.883667    49A      0.900837    50A      0.907629  
      51A      0.921736    52A      0.948355    53A      0.972403  
      54A      0.986459    55A      1.024193    56A      1.029676  
      57A      1.050683    58A      1.123474    59A      1.140432  
      60A      1.180621    61A      1.208696    62A      1.259634  
      63A      1.367396    64A      1.395671    65A      1.418158  
      66A      1.435834    67A      1.526769    68A      1.594327  
      69A      1.639512    70A      1.695334    71A      1.749478  
      72A      1.808975    73A      1.862516    74A      1.916444  
      75A      1.936510    76A      1.944537    77A      1.994742  
      78A      2.008620    79A      2.072596    80A      2.120322  
      81A      2.153261    82A      2.206534    83A      2.288566  
      84A      2.318257    85A      2.347173    86A      2.425415  
      87A      2.456954    88A      2.547156    89A      2.567959  
      90A      2.591925    91A      2.707580    92A      2.771475  
      93A      2.939112    94A      2.946819    95A      3.168996  
      96A      3.266805    97A      3.621611    98A      4.108294  
      99A      4.170809   100A      4.261168   101A      4.346788  
     102A      4.617897  

    Final Occupation by Irrep:
              A 
    DOCC [    23 ]
    NA   [    23 ]
    NB   [    23 ]

  @DF-RKS Final Energy:  -306.19791495132370

   => Energetics <=

    Nuclear Repulsion Energy =            224.2972785607353501
    One-Electron Energy =                -860.2634971158025792
    Two-Electron Energy =                 358.0082923837845215
    DFT Exchange-Correlation Energy =     -28.2356014024202793
    Empirical Dispersion Energy =          -0.0043873776206759
    VV10 Nonlocal Energy =                  0.0000000000000000
    Total Energy =                       -306.1979149513236962

Computation Completed


Properties will be evaluated at   0.000000,   0.000000,   0.000000 [a0]

Properties computed using the SCF density matrix


 Multipole Moments:

 ------------------------------------------------------------------------------------
     Multipole            Electronic (a.u.)      Nuclear  (a.u.)        Total (a.u.)
 ------------------------------------------------------------------------------------

 L = 1.  Multiply by 2.5417464519 to convert [e a0] to [Debye]
 Dipole X            :         -1.5943495           -0.2938772           -1.8882266
 Dipole Y            :          0.6903057            0.0485682            0.7388740
 Dipole Z            :          0.1319343           -0.1167968            0.0151376
 Magnitude           :                                                    2.0276991

 ------------------------------------------------------------------------------------

*** tstop() called on cst14372 at Tue Apr 21 10:03:43 2026
Module time:
	user time   =      25.97 seconds =       0.43 minutes
	system time =       0.51 seconds =       0.01 minutes
	total time  =         12 seconds =       0.20 minutes
Total time:
	user time   =     304.99 seconds =       5.08 minutes
	system time =       5.02 seconds =       0.08 minutes
	total time  =        147 seconds =       2.45 minutes

Scratch directory: /tmp/
gradient() will perform analytic gradient computation.

*** tstart() called on cst14372
*** at Tue Apr 21 10:03:43 2026


         ------------------------------------------------------------
                                   SCF GRAD                          
                          Rob Parrish, Justin Turney,                
                       Andy Simmonett, and Alex Sokolov              
         ------------------------------------------------------------

  ==> Geometry <==

    Molecular point group: c1
    Full point group: C1

    Geometry (in Angstrom), charge = 0, multiplicity = 1:

       Center              X                  Y                   Z               Mass       
    ------------   -----------------  -----------------  -----------------  -----------------
         C            0.066089618100     0.352044474800     0.021326739900    12.000000000000
         O            1.356376569400     0.307467926800     0.003949799700    15.994914619570
         O            1.995082400600    -0.858098277800    -0.000338131600    15.994914619570
         C           -0.711030804400    -0.875482315200    -0.001076263000    12.000000000000
         C           -2.055324020400    -0.910046415300    -0.027752260200    12.000000000000
         C           -0.530968066600     1.714001216300     0.013165996700    12.000000000000
         H           -0.197606692900    -1.861415044300     0.109373400100     1.007825032230
         H           -2.661884334300     0.032959611700    -0.092567096500     1.007825032230
         H           -2.648880340400    -1.805420173200    -0.072210894400     1.007825032230
         H            0.311643968300     2.425020098400    -0.013186167600     1.007825032230
         H           -1.180621092100     2.015026467400     0.885218990700     1.007825032230
         H           -1.202436726600     1.941471294000    -0.941313038200     1.007825032230

  Nuclear repulsion =  224.297278560735350

  ==> Basis Set <==

  Basis Set: 6-31G*
    Blend: 6-31G*
    Number of shells: 48
    Number of basis functions: 102
    Number of Cartesian functions: 102
    Spherical Harmonics?: false
    Max angular momentum: 2

  ==> DFJKGrad: Density-Fitted SCF Gradients <==

    Gradient:                    1
    J tasked:                  Yes
    K tasked:                  Yes
    wK tasked:                 Yes
    Omega:               2.000E-01
    OpenMP threads:              4
    Integrals threads:           4
    Memory [MiB]:             4291
    Schwarz Cutoff:          1E-12
    Fitting Condition:       1E-10

   => Auxiliary Basis Set <=

  Basis Set: (6-31G* AUX)
    Blend: CC-PVDZ-JKFIT
    Number of shells: 198
    Number of basis functions: 636
    Number of Cartesian functions: 636
    Spherical Harmonics?: false
    Max angular momentum: 3

  ==> DFT Potential <==

   => LibXC <=

    Version 7.0.0
    S. Lehtola, C. Steigemann, M. J.T. Oliveira, and M. A.L. Marques.,  SoftwareX 7, 1–5 (2018) (10.1016/j.softx.2017.11.002)

   => Composite Functional: WB97X-D <= 

    wB97X-D Hyb-GGA Exchange-Correlation Functional

    J.-D. Chai and M. Head-Gordon.,  Phys. Chem. Chem. Phys. 10, 6615-6620 (2008) (10.1039/B810189B)

    Deriv               =              1
    GGA                 =           TRUE
    Meta                =          FALSE

    Exchange Hybrid     =           TRUE
    MP2 Hybrid          =          FALSE

   => Exchange-Correlation Functionals <=

    1.0000   wB97X-D range-separated functional

   => Exact (HF) Exchange <=

    0.7780            HF,LR [omega = 0.2000]
    0.2220               HF 

   => LibXC Density Thresholds  <==

    XC_HYB_GGA_XC_WB97X_D:  1.00E-14 

   => Molecular Quadrature <=

    Radial Scheme          =       TREUTLER
    Pruning Scheme         =           NONE
    Nuclear Scheme         =       TREUTLER

    Blocking Scheme        =         OCTREE
    BS radius alpha        =              1
    Pruning alpha          =              1
    Radial Points          =             75
    Spherical Points       =            302
    Total Points           =         254458
    Total Blocks           =           1920
    Max Points             =            256
    Max Functions          =            100
    Weights Tolerance      =       1.00E-15


  -Total Gradient:
     Atom            X                  Y                   Z
    ------   -----------------  -----------------  -----------------
       1       -0.000503741627     0.015296673971     0.001459949304
       2        0.019255054152    -0.011083668901    -0.002475528558
       3       -0.001046202265     0.005190306921     0.000624299659
       4        0.004129544520     0.028820629282    -0.012016612647
       5        0.006278071209    -0.038476389939     0.008010023228
       6        0.020800231567    -0.033567547574     0.024543928638
       7       -0.000180072873    -0.023764248785     0.006405310649
       8       -0.011784144659     0.016714582991    -0.001714049214
       9       -0.002165974828     0.009413782393    -0.003168977903
      10        0.006208827310     0.001245339379     0.000852157710
      11       -0.013021489117     0.015748031495     0.011464993860
      12       -0.027912240063     0.014444804856    -0.034520027070


*** tstop() called on cst14372 at Tue Apr 21 10:03:45 2026
Module time:
	user time   =       3.99 seconds =       0.07 minutes
	system time =       0.09 seconds =       0.00 minutes
	total time  =          2 seconds =       0.03 minutes
Total time:
	user time   =     309.00 seconds =       5.15 minutes
	system time =       5.11 seconds =       0.09 minutes
	total time  =        149 seconds =       2.48 minutes

Scratch directory: /tmp/
   => Libint2 <=

    Primary   basis highest AM E, G, H:  6, 6, 3
    Auxiliary basis highest AM E, G, H:  7, 7, 4
    Onebody   basis highest AM E, G, H:  -, -, -
    Solid Harmonics ordering:            Gaussian

*** tstart() called on cst14372
*** at Tue Apr 21 10:03:45 2026

   => Loading Basis Set <=

    Name: 6-31G*
    Role: ORBITAL
    Keyword: BASIS
    atoms 1, 4-6 entry C          line   111 file /Users/jmsmith1/anaconda3/envs/jupyterenv/share/psi4/basis/6-31gs.gbs 
    atoms 2-3    entry O          line   145 file /Users/jmsmith1/anaconda3/envs/jupyterenv/share/psi4/basis/6-31gs.gbs 
    atoms 7-12   entry H          line    44 file /Users/jmsmith1/anaconda3/envs/jupyterenv/share/psi4/basis/6-31gs.gbs 

   => WB97X-D: Empirical Dispersion <=

    Chai and Head-Gordon Dispersion Correction
    Chai, J.-D.; Head-Gordon, M. (2010), J. Chem. Phys., 132: 6615-6620

        s6 =       1.000000


         ---------------------------------------------------------
                                   SCF
               by Justin Turney, Rob Parrish, Andy Simmonett
                          and Daniel G. A. Smith
                              RKS Reference
                        4 Threads,   5722 MiB Core
         ---------------------------------------------------------

  ==> Geometry <==

    Molecular point group: c1
    Full point group: C1

    Geometry (in Angstrom), charge = 0, multiplicity = 1:

       Center              X                  Y                   Z               Mass       
    ------------   -----------------  -----------------  -----------------  -----------------
         C            0.066137962200     0.352349679900     0.023696760300    12.000000000000
         O            1.358093613000     0.307982407200     0.004410506000    15.994914619570
         O            1.997139580100    -0.855767860700    -0.000380829300    15.994914619570
         C           -0.710926880700    -0.876145268200    -0.001074276100    12.000000000000
         C           -2.055985005400    -0.912951194200    -0.030937048000    12.000000000000
         C           -0.533758678100     1.713052831700     0.014345620300    12.000000000000
         H           -0.206124878500    -1.867244388000     0.120838015400     1.007825032230
         H           -2.662359435200     0.030867950900    -0.102726497500     1.007825032230
         H           -2.654093914100    -1.805642848400    -0.079896029900     1.007825032230
         H            0.312362922800     2.420789596500    -0.014778931500     1.007825032230
         H           -1.184038250000     2.027847759500     0.883714738700     1.007825032230
         H           -1.206094286900     1.946122077800    -0.942769197700     1.007825032230

  Running in c1 symmetry.

  Rotational constants: A =      0.18415  B =      0.09769  C =      0.06467 [cm^-1]
  Rotational constants: A =   5520.76649  B =   2928.80648  C =   1938.88967 [MHz]
  Nuclear repulsion =  224.151014552943366

  Charge       = 0
  Multiplicity = 1
  Electrons    = 46
  Nalpha       = 23
  Nbeta        = 23

  ==> Algorithm <==

  SCF Algorithm Type is DF.
  DIIS enabled.
  MOM disabled.
  Fractional occupation disabled.
  Guess Type is SAD.
  Energy threshold   = 1.00e-07
  Density threshold  = 1.00e-07
  Integral threshold = 1.00e-12

  ==> Primary Basis <==

  Basis Set: 6-31G*
    Blend: 6-31G*
    Number of shells: 48
    Number of basis functions: 102
    Number of Cartesian functions: 102
    Spherical Harmonics?: false
    Max angular momentum: 2

  ==> DFT Potential <==

   => LibXC <=

    Version 7.0.0
    S. Lehtola, C. Steigemann, M. J.T. Oliveira, and M. A.L. Marques.,  SoftwareX 7, 1–5 (2018) (10.1016/j.softx.2017.11.002)

   => Composite Functional: WB97X-D <= 

    wB97X-D Hyb-GGA Exchange-Correlation Functional

    J.-D. Chai and M. Head-Gordon.,  Phys. Chem. Chem. Phys. 10, 6615-6620 (2008) (10.1039/B810189B)

    Deriv               =              1
    GGA                 =           TRUE
    Meta                =          FALSE

    Exchange Hybrid     =           TRUE
    MP2 Hybrid          =          FALSE

   => Exchange-Correlation Functionals <=

    1.0000   wB97X-D range-separated functional

   => Exact (HF) Exchange <=

    0.7780            HF,LR [omega = 0.2000]
    0.2220               HF 

   => LibXC Density Thresholds  <==

    XC_HYB_GGA_XC_WB97X_D:  1.00E-14 

   => Molecular Quadrature <=

    Radial Scheme          =       TREUTLER
    Pruning Scheme         =           NONE
    Nuclear Scheme         =       TREUTLER

    Blocking Scheme        =         OCTREE
    BS radius alpha        =              1
    Pruning alpha          =              1
    Radial Points          =             75
    Spherical Points       =            302
    Total Points           =         254485
    Total Blocks           =           1930
    Max Points             =            256
    Max Functions          =            100
    Weights Tolerance      =       1.00E-15

   => Loading Basis Set <=

    Name: (6-31G* AUX)
    Role: JKFIT
    Keyword: DF_BASIS_SCF
    atoms 1, 4-6 entry C          line   121 file /Users/jmsmith1/anaconda3/envs/jupyterenv/share/psi4/basis/cc-pvdz-jkfit.gbs 
    atoms 2-3    entry O          line   221 file /Users/jmsmith1/anaconda3/envs/jupyterenv/share/psi4/basis/cc-pvdz-jkfit.gbs 
    atoms 7-12   entry H          line    51 file /Users/jmsmith1/anaconda3/envs/jupyterenv/share/psi4/basis/cc-pvdz-jkfit.gbs 

  ==> Integral Setup <==

  DFHelper Memory: AOs need 0.151 GiB; user supplied 3.599 GiB. 
  SCF_SUBTYPE=INCORE selected. In-core MEM_DF algorithm will be used.
  Using in-core AOs.

  ==> MemDFJK: Density-Fitted J/K Matrices <==

    J tasked:                   Yes
    K tasked:                   Yes
    wK tasked:                  Yes
    Omega:                2.000E-01
    OpenMP threads:               4
    Memory [MiB]:              3685
    Algorithm:                 Core
    Schwarz Cutoff:           1E-12
    Mask sparsity (%):       1.5571
    Fitting Condition:        1E-10

   => Auxiliary Basis Set <=

  Basis Set: (6-31G* AUX)
    Blend: CC-PVDZ-JKFIT
    Number of shells: 198
    Number of basis functions: 636
    Number of Cartesian functions: 636
    Spherical Harmonics?: false
    Max angular momentum: 3

  Cached 100.0% of DFT collocation blocks in 0.592 [GiB].

  Minimum eigenvalue in the overlap matrix is 2.9602124996E-03.
  Reciprocal condition number of the overlap matrix is 4.2942368559E-04.
    Using symmetric orthogonalization.

  ==> Pre-Iterations <==

  SCF Guess: Superposition of Atomic Densities via on-the-fly atomic UHF (no occupation information).

   -------------------------
    Irrep   Nso     Nmo    
   -------------------------
     A        102     102 
   -------------------------
    Total     102     102
   -------------------------

  ==> Iterations <==

                           Total Energy        Delta E     RMS |[F,P]|

   @DF-RKS iter SAD:  -300.17073454707338   -3.00171e+02   0.00000e+00 
   @DF-RKS iter   1:  -296.44500104856411    3.72573e+00   3.46710e-02 DIIS/ADIIS
   @DF-RKS iter   2:  -274.15290270974072    2.22921e+01   6.49470e-02 DIIS/ADIIS
   @DF-RKS iter   3:  -304.85852371561737   -3.07056e+01   1.62626e-02 DIIS/ADIIS
   @DF-RKS iter   4:  -304.44181608414755    4.16708e-01   1.79138e-02 DIIS/ADIIS
   @DF-RKS iter   5:  -306.09945699431751   -1.65764e+00   4.12518e-03 DIIS/ADIIS
   @DF-RKS iter   6:  -306.17621350420507   -7.67565e-02   1.97076e-03 DIIS/ADIIS
   @DF-RKS iter   7:  -306.19566676241220   -1.94533e-02   2.79516e-04 DIIS/ADIIS
   @DF-RKS iter   8:  -306.19624311398121   -5.76352e-04   1.30820e-04 DIIS/ADIIS
   @DF-RKS iter   9:  -306.19633986886862   -9.67549e-05   5.11176e-05 DIIS
   @DF-RKS iter  10:  -306.19635564956178   -1.57807e-05   8.14424e-06 DIIS
   @DF-RKS iter  11:  -306.19635616330606   -5.13744e-07   5.10124e-06 DIIS
   @DF-RKS iter  12:  -306.19635625903425   -9.57282e-08   3.70666e-06 DIIS
   @DF-RKS iter  13:  -306.19635633603576   -7.70015e-08   6.80571e-07 DIIS
   @DF-RKS iter  14:  -306.19635634038247   -4.34670e-09   2.61381e-07 DIIS
   @DF-RKS iter  15:  -306.19635634098148   -5.99016e-10   6.33834e-08 DIIS
  Energy and wave function converged.


  ==> Post-Iterations <==

   Electrons on quadrature grid:
      Ntotal   =   45.9999703345 ; deviation = -2.967e-05 

    Orbital Energies [Eh]
    ---------------------

    Doubly Occupied:                                                      

       1A    -19.415587     2A    -19.248463     3A    -10.410611  
       4A    -10.341798     5A    -10.338008     6A    -10.333933  
       7A     -1.288381     8A     -0.996619     9A     -0.906510  
      10A     -0.838841    11A     -0.749653    12A     -0.641867  
      13A     -0.616169    14A     -0.592285    15A     -0.580427  
      16A     -0.535519    17A     -0.501969    18A     -0.495329  
      19A     -0.493922    20A     -0.452242    21A     -0.395494  
      22A     -0.305791    23A     -0.292031  

    Virtual:                                                              

      24A     -0.024652    25A      0.113545    26A      0.154787  
      27A      0.172065    28A      0.206066    29A      0.225318  
      30A      0.229094    31A      0.239208    32A      0.260667  
      33A      0.312846    34A      0.351347    35A      0.414307  
      36A      0.441082    37A      0.558406    38A      0.586034  
      39A      0.611094    40A      0.656019    41A      0.665444  
      42A      0.682219    43A      0.704078    44A      0.728405  
      45A      0.749395    46A      0.788672    47A      0.811245  
      48A      0.881907    49A      0.899625    50A      0.907583  
      51A      0.921102    52A      0.947763    53A      0.970593  
      54A      0.984935    55A      1.023788    56A      1.029551  
      57A      1.049661    58A      1.122587    59A      1.139460  
      60A      1.179680    61A      1.207598    62A      1.257602  
      63A      1.366003    64A      1.395385    65A      1.417974  
      66A      1.436525    67A      1.524347    68A      1.596814  
      69A      1.640577    70A      1.693923    71A      1.750295  
      72A      1.806832    73A      1.860971    74A      1.913791  
      75A      1.934927    76A      1.942944    77A      1.990378  
      78A      2.006998    79A      2.072218    80A      2.119254  
      81A      2.152659    82A      2.206649    83A      2.288888  
      84A      2.318067    85A      2.347301    86A      2.424283  
      87A      2.456648    88A      2.546021    89A      2.568478  
      90A      2.590861    91A      2.707455    92A      2.771597  
      93A      2.937771    94A      2.945592    95A      3.166967  
      96A      3.265422    97A      3.620456    98A      4.107385  
      99A      4.169791   100A      4.260030   101A      4.345805  
     102A      4.617219  

    Final Occupation by Irrep:
              A 
    DOCC [    23 ]
    NA   [    23 ]
    NB   [    23 ]

  @DF-RKS Final Energy:  -306.19635634098148

   => Energetics <=

    Nuclear Repulsion Energy =            224.1510145529433657
    One-Electron Energy =                -859.9692646272684442
    Two-Electron Energy =                 357.8578255308563598
    DFT Exchange-Correlation Energy =     -28.2315493421776864
    Empirical Dispersion Energy =          -0.0043824553350822
    VV10 Nonlocal Energy =                  0.0000000000000000
    Total Energy =                       -306.1963563409814810

Computation Completed


Properties will be evaluated at   0.000000,   0.000000,   0.000000 [a0]

Properties computed using the SCF density matrix


 Multipole Moments:

 ------------------------------------------------------------------------------------
     Multipole            Electronic (a.u.)      Nuclear  (a.u.)        Total (a.u.)
 ------------------------------------------------------------------------------------

 L = 1.  Multiply by 2.5417464519 to convert [e a0] to [Debye]
 Dipole X            :         -1.5710054           -0.3130859           -1.8840913
 Dipole Y            :          0.6825205            0.0534657            0.7359861
 Dipole Z            :          0.1431027           -0.1269785            0.0161242
 Magnitude           :                                                    2.0228039

 ------------------------------------------------------------------------------------

*** tstop() called on cst14372 at Tue Apr 21 10:03:58 2026
Module time:
	user time   =      25.74 seconds =       0.43 minutes
	system time =       0.44 seconds =       0.01 minutes
	total time  =         13 seconds =       0.22 minutes
Total time:
	user time   =     334.76 seconds =       5.58 minutes
	system time =       5.56 seconds =       0.09 minutes
	total time  =        162 seconds =       2.70 minutes

Scratch directory: /tmp/
gradient() will perform analytic gradient computation.

*** tstart() called on cst14372
*** at Tue Apr 21 10:03:58 2026


         ------------------------------------------------------------
                                   SCF GRAD                          
                          Rob Parrish, Justin Turney,                
                       Andy Simmonett, and Alex Sokolov              
         ------------------------------------------------------------

  ==> Geometry <==

    Molecular point group: c1
    Full point group: C1

    Geometry (in Angstrom), charge = 0, multiplicity = 1:

       Center              X                  Y                   Z               Mass       
    ------------   -----------------  -----------------  -----------------  -----------------
         C            0.066137962200     0.352349679900     0.023696760300    12.000000000000
         O            1.358093613000     0.307982407200     0.004410506000    15.994914619570
         O            1.997139580100    -0.855767860700    -0.000380829300    15.994914619570
         C           -0.710926880700    -0.876145268200    -0.001074276100    12.000000000000
         C           -2.055985005400    -0.912951194200    -0.030937048000    12.000000000000
         C           -0.533758678100     1.713052831700     0.014345620300    12.000000000000
         H           -0.206124878500    -1.867244388000     0.120838015400     1.007825032230
         H           -2.662359435200     0.030867950900    -0.102726497500     1.007825032230
         H           -2.654093914100    -1.805642848400    -0.079896029900     1.007825032230
         H            0.312362922800     2.420789596500    -0.014778931500     1.007825032230
         H           -1.184038250000     2.027847759500     0.883714738700     1.007825032230
         H           -1.206094286900     1.946122077800    -0.942769197700     1.007825032230

  Nuclear repulsion =  224.151014552943366

  ==> Basis Set <==

  Basis Set: 6-31G*
    Blend: 6-31G*
    Number of shells: 48
    Number of basis functions: 102
    Number of Cartesian functions: 102
    Spherical Harmonics?: false
    Max angular momentum: 2

  ==> DFJKGrad: Density-Fitted SCF Gradients <==

    Gradient:                    1
    J tasked:                  Yes
    K tasked:                  Yes
    wK tasked:                 Yes
    Omega:               2.000E-01
    OpenMP threads:              4
    Integrals threads:           4
    Memory [MiB]:             4291
    Schwarz Cutoff:          1E-12
    Fitting Condition:       1E-10

   => Auxiliary Basis Set <=

  Basis Set: (6-31G* AUX)
    Blend: CC-PVDZ-JKFIT
    Number of shells: 198
    Number of basis functions: 636
    Number of Cartesian functions: 636
    Spherical Harmonics?: false
    Max angular momentum: 3

  ==> DFT Potential <==

   => LibXC <=

    Version 7.0.0
    S. Lehtola, C. Steigemann, M. J.T. Oliveira, and M. A.L. Marques.,  SoftwareX 7, 1–5 (2018) (10.1016/j.softx.2017.11.002)

   => Composite Functional: WB97X-D <= 

    wB97X-D Hyb-GGA Exchange-Correlation Functional

    J.-D. Chai and M. Head-Gordon.,  Phys. Chem. Chem. Phys. 10, 6615-6620 (2008) (10.1039/B810189B)

    Deriv               =              1
    GGA                 =           TRUE
    Meta                =          FALSE

    Exchange Hybrid     =           TRUE
    MP2 Hybrid          =          FALSE

   => Exchange-Correlation Functionals <=

    1.0000   wB97X-D range-separated functional

   => Exact (HF) Exchange <=

    0.7780            HF,LR [omega = 0.2000]
    0.2220               HF 

   => LibXC Density Thresholds  <==

    XC_HYB_GGA_XC_WB97X_D:  1.00E-14 

   => Molecular Quadrature <=

    Radial Scheme          =       TREUTLER
    Pruning Scheme         =           NONE
    Nuclear Scheme         =       TREUTLER

    Blocking Scheme        =         OCTREE
    BS radius alpha        =              1
    Pruning alpha          =              1
    Radial Points          =             75
    Spherical Points       =            302
    Total Points           =         254485
    Total Blocks           =           1930
    Max Points             =            256
    Max Functions          =            100
    Weights Tolerance      =       1.00E-15


  -Total Gradient:
     Atom            X                  Y                   Z
    ------   -----------------  -----------------  -----------------
       1       -0.000451404909     0.016606648824     0.001620353349
       2        0.021190628931    -0.012186968748    -0.002749737280
       3       -0.001166626849     0.005758925052     0.000682282363
       4        0.005166330843     0.030561166940    -0.013254050118
       5        0.006366963379    -0.039992026040     0.008887508152
       6        0.020654441718    -0.035860053098     0.025279291020
       7       -0.000890519488    -0.025019892484     0.007111335216
       8       -0.012049102354     0.016955245867    -0.001917693593
       9       -0.002880838973     0.009500124236    -0.003508067977
      10        0.006573896820     0.001071413555     0.000870727320
      11       -0.013740357540     0.017212422707     0.011722711497
      12       -0.028740532476     0.015409965405    -0.035304581255


*** tstop() called on cst14372 at Tue Apr 21 10:04:00 2026
Module time:
	user time   =       4.05 seconds =       0.07 minutes
	system time =       0.08 seconds =       0.00 minutes
	total time  =          2 seconds =       0.03 minutes
Total time:
	user time   =     338.83 seconds =       5.65 minutes
	system time =       5.64 seconds =       0.09 minutes
	total time  =        164 seconds =       2.73 minutes

Scratch directory: /tmp/
   => Libint2 <=

    Primary   basis highest AM E, G, H:  6, 6, 3
    Auxiliary basis highest AM E, G, H:  7, 7, 4
    Onebody   basis highest AM E, G, H:  -, -, -
    Solid Harmonics ordering:            Gaussian

*** tstart() called on cst14372
*** at Tue Apr 21 10:04:00 2026

   => Loading Basis Set <=

    Name: 6-31G*
    Role: ORBITAL
    Keyword: BASIS
    atoms 1, 4-6 entry C          line   111 file /Users/jmsmith1/anaconda3/envs/jupyterenv/share/psi4/basis/6-31gs.gbs 
    atoms 2-3    entry O          line   145 file /Users/jmsmith1/anaconda3/envs/jupyterenv/share/psi4/basis/6-31gs.gbs 
    atoms 7-12   entry H          line    44 file /Users/jmsmith1/anaconda3/envs/jupyterenv/share/psi4/basis/6-31gs.gbs 

   => WB97X-D: Empirical Dispersion <=

    Chai and Head-Gordon Dispersion Correction
    Chai, J.-D.; Head-Gordon, M. (2010), J. Chem. Phys., 132: 6615-6620

        s6 =       1.000000


         ---------------------------------------------------------
                                   SCF
               by Justin Turney, Rob Parrish, Andy Simmonett
                          and Daniel G. A. Smith
                              RKS Reference
                        4 Threads,   5722 MiB Core
         ---------------------------------------------------------

  ==> Geometry <==

    Molecular point group: c1
    Full point group: C1

    Geometry (in Angstrom), charge = 0, multiplicity = 1:

       Center              X                  Y                   Z               Mass       
    ------------   -----------------  -----------------  -----------------  -----------------
         C            0.066187704100     0.352607392500     0.026066566800    12.000000000000
         O            1.359767851200     0.308524342200     0.004878057800    15.994914619570
         O            1.999203180100    -0.853445556600    -0.000425090300    15.994914619570
         C           -0.710837715000    -0.876897934700    -0.001033920600    12.000000000000
         C           -2.056665668400    -0.915745699600    -0.034153576500    12.000000000000
         C           -0.536614346000     1.712206455100     0.015454299100    12.000000000000
         H           -0.214628437700    -1.872221787100     0.132079008700     1.007825032230
         H           -2.662419850900     0.028187540500    -0.112838944000     1.007825032230
         H           -2.659217972500    -1.806193610500    -0.087474684400     1.007825032230
         H            0.312856496600     2.416514150500    -0.016404735600     1.007825032230
         H           -1.186987946900     2.040099598100     0.881803320700     1.007825032230
         H           -1.208767472900     1.950250144500    -0.943010426200     1.007825032230

  Running in c1 symmetry.

  Rotational constants: A =      0.18403  B =      0.09751  C =      0.06458 [cm^-1]
  Rotational constants: A =   5517.22439  B =   2923.29597  C =   1936.10898 [MHz]
  Nuclear repulsion =  224.017024135193140

  Charge       = 0
  Multiplicity = 1
  Electrons    = 46
  Nalpha       = 23
  Nbeta        = 23

  ==> Algorithm <==

  SCF Algorithm Type is DF.
  DIIS enabled.
  MOM disabled.
  Fractional occupation disabled.
  Guess Type is SAD.
  Energy threshold   = 1.00e-07
  Density threshold  = 1.00e-07
  Integral threshold = 1.00e-12

  ==> Primary Basis <==

  Basis Set: 6-31G*
    Blend: 6-31G*
    Number of shells: 48
    Number of basis functions: 102
    Number of Cartesian functions: 102
    Spherical Harmonics?: false
    Max angular momentum: 2

  ==> DFT Potential <==

   => LibXC <=

    Version 7.0.0
    S. Lehtola, C. Steigemann, M. J.T. Oliveira, and M. A.L. Marques.,  SoftwareX 7, 1–5 (2018) (10.1016/j.softx.2017.11.002)

   => Composite Functional: WB97X-D <= 

    wB97X-D Hyb-GGA Exchange-Correlation Functional

    J.-D. Chai and M. Head-Gordon.,  Phys. Chem. Chem. Phys. 10, 6615-6620 (2008) (10.1039/B810189B)

    Deriv               =              1
    GGA                 =           TRUE
    Meta                =          FALSE

    Exchange Hybrid     =           TRUE
    MP2 Hybrid          =          FALSE

   => Exchange-Correlation Functionals <=

    1.0000   wB97X-D range-separated functional

   => Exact (HF) Exchange <=

    0.7780            HF,LR [omega = 0.2000]
    0.2220               HF 

   => LibXC Density Thresholds  <==

    XC_HYB_GGA_XC_WB97X_D:  1.00E-14 

   => Molecular Quadrature <=

    Radial Scheme          =       TREUTLER
    Pruning Scheme         =           NONE
    Nuclear Scheme         =       TREUTLER

    Blocking Scheme        =         OCTREE
    BS radius alpha        =              1
    Pruning alpha          =              1
    Radial Points          =             75
    Spherical Points       =            302
    Total Points           =         254509
    Total Blocks           =           1934
    Max Points             =            256
    Max Functions          =            100
    Weights Tolerance      =       1.00E-15

   => Loading Basis Set <=

    Name: (6-31G* AUX)
    Role: JKFIT
    Keyword: DF_BASIS_SCF
    atoms 1, 4-6 entry C          line   121 file /Users/jmsmith1/anaconda3/envs/jupyterenv/share/psi4/basis/cc-pvdz-jkfit.gbs 
    atoms 2-3    entry O          line   221 file /Users/jmsmith1/anaconda3/envs/jupyterenv/share/psi4/basis/cc-pvdz-jkfit.gbs 
    atoms 7-12   entry H          line    51 file /Users/jmsmith1/anaconda3/envs/jupyterenv/share/psi4/basis/cc-pvdz-jkfit.gbs 

  ==> Integral Setup <==

  DFHelper Memory: AOs need 0.151 GiB; user supplied 3.599 GiB. 
  SCF_SUBTYPE=INCORE selected. In-core MEM_DF algorithm will be used.
  Using in-core AOs.

  ==> MemDFJK: Density-Fitted J/K Matrices <==

    J tasked:                   Yes
    K tasked:                   Yes
    wK tasked:                  Yes
    Omega:                2.000E-01
    OpenMP threads:               4
    Memory [MiB]:              3685
    Algorithm:                 Core
    Schwarz Cutoff:           1E-12
    Mask sparsity (%):       1.5571
    Fitting Condition:        1E-10

   => Auxiliary Basis Set <=

  Basis Set: (6-31G* AUX)
    Blend: CC-PVDZ-JKFIT
    Number of shells: 198
    Number of basis functions: 636
    Number of Cartesian functions: 636
    Spherical Harmonics?: false
    Max angular momentum: 3

  Cached 100.0% of DFT collocation blocks in 0.592 [GiB].

  Minimum eigenvalue in the overlap matrix is 2.9823475822E-03.
  Reciprocal condition number of the overlap matrix is 4.3307947333E-04.
    Using symmetric orthogonalization.

  ==> Pre-Iterations <==

  SCF Guess: Superposition of Atomic Densities via on-the-fly atomic UHF (no occupation information).

   -------------------------
    Irrep   Nso     Nmo    
   -------------------------
     A        102     102 
   -------------------------
    Total     102     102
   -------------------------

  ==> Iterations <==

                           Total Energy        Delta E     RMS |[F,P]|

   @DF-RKS iter SAD:  -300.16326390338668   -3.00163e+02   0.00000e+00 
   @DF-RKS iter   1:  -296.43313055155267    3.73013e+00   3.46676e-02 DIIS/ADIIS
   @DF-RKS iter   2:  -274.27750569940753    2.21556e+01   6.46988e-02 DIIS/ADIIS
   @DF-RKS iter   3:  -304.88566058797875   -3.06082e+01   1.60946e-02 DIIS/ADIIS
   @DF-RKS iter   4:  -304.56251433861252    3.23146e-01   1.73361e-02 DIIS/ADIIS
   @DF-RKS iter   5:  -306.09559237385156   -1.53308e+00   4.20012e-03 DIIS/ADIIS
   @DF-RKS iter   6:  -306.17606581147072   -8.04734e-02   1.90597e-03 DIIS/ADIIS
   @DF-RKS iter   7:  -306.19430463905752   -1.82388e-02   2.79149e-04 DIIS/ADIIS
   @DF-RKS iter   8:  -306.19481713117329   -5.12492e-04   1.85534e-04 DIIS/ADIIS
   @DF-RKS iter   9:  -306.19493027741225   -1.13146e-04   9.67040e-05 DIIS
   @DF-RKS iter  10:  -306.19497776578953   -4.74884e-05   2.60225e-05 DIIS
   @DF-RKS iter  11:  -306.19498102860410   -3.26281e-06   4.75160e-06 DIIS
   @DF-RKS iter  12:  -306.19498122626862   -1.97665e-07   2.17812e-06 DIIS
   @DF-RKS iter  13:  -306.19498126735073   -4.10821e-08   6.81891e-07 DIIS
   @DF-RKS iter  14:  -306.19498127147489   -4.12416e-09   2.63241e-07 DIIS
   @DF-RKS iter  15:  -306.19498127212159   -6.46708e-10   4.79311e-08 DIIS
  Energy and wave function converged.


  ==> Post-Iterations <==

   Electrons on quadrature grid:
      Ntotal   =   45.9999699837 ; deviation = -3.002e-05 

    Orbital Energies [Eh]
    ---------------------

    Doubly Occupied:                                                      

       1A    -19.416083     2A    -19.249042     3A    -10.411006  
       4A    -10.342171     5A    -10.338034     6A    -10.334284  
       7A     -1.288834     8A     -0.996758     9A     -0.906125  
      10A     -0.838613    11A     -0.749362    12A     -0.642185  
      13A     -0.616060    14A     -0.592526    15A     -0.580298  
      16A     -0.535560    17A     -0.501368    18A     -0.494530  
      19A     -0.493844    20A     -0.452156    21A     -0.395247  
      22A     -0.306102    23A     -0.292150  

    Virtual:                                                              

      24A     -0.024973    25A      0.112684    26A      0.154589  
      27A      0.171672    28A      0.205808    29A      0.225253  
      30A      0.229090    31A      0.239332    32A      0.260127  
      33A      0.312430    34A      0.350803    35A      0.414973  
      36A      0.441489    37A      0.558178    38A      0.585770  
      39A      0.611136    40A      0.656276    41A      0.664102  
      42A      0.682699    43A      0.704318    44A      0.727586  
      45A      0.749135    46A      0.789535    47A      0.812083  
      48A      0.880702    49A      0.898706    50A      0.907674  
      51A      0.920613    52A      0.947218    53A      0.968900  
      54A      0.983765    55A      1.023422    56A      1.029483  
      57A      1.048838    58A      1.121680    59A      1.138566  
      60A      1.178694    61A      1.206596    62A      1.255491  
      63A      1.364712    64A      1.394953    65A      1.417888  
      66A      1.437259    67A      1.521989    68A      1.599085  
      69A      1.641720    70A      1.692618    71A      1.751055  
      72A      1.804664    73A      1.859551    74A      1.911114  
      75A      1.933369    76A      1.941498    77A      1.986384  
      78A      2.005569    79A      2.071893    80A      2.118616  
      81A      2.152561    82A      2.206910    83A      2.289335  
      84A      2.318282    85A      2.347446    86A      2.423285  
      87A      2.456368    88A      2.544853    89A      2.568985  
      90A      2.589863    91A      2.707364    92A      2.771677  
      93A      2.936476    94A      2.944401    95A      3.164907  
      96A      3.264002    97A      3.619348    98A      4.106582  
      99A      4.168805   100A      4.259048   101A      4.344876  
     102A      4.616498  

    Final Occupation by Irrep:
              A 
    DOCC [    23 ]
    NA   [    23 ]
    NB   [    23 ]

  @DF-RKS Final Energy:  -306.19498127212159

   => Energetics <=

    Nuclear Repulsion Energy =            224.0170241351931395
    One-Electron Energy =                -859.6989098130163711
    Two-Electron Energy =                 357.7196227411014888
    DFT Exchange-Correlation Energy =     -28.2283415423150714
    Empirical Dispersion Energy =          -0.0043767930848156
    VV10 Nonlocal Energy =                  0.0000000000000000
    Total Energy =                       -306.1949812721215949

Computation Completed


Properties will be evaluated at   0.000000,   0.000000,   0.000000 [a0]

Properties computed using the SCF density matrix


 Multipole Moments:

 ------------------------------------------------------------------------------------
     Multipole            Electronic (a.u.)      Nuclear  (a.u.)        Total (a.u.)
 ------------------------------------------------------------------------------------

 L = 1.  Multiply by 2.5417464519 to convert [e a0] to [Debye]
 Dipole X            :         -1.5498111           -0.3306588           -1.8804699
 Dipole Y            :          0.6763225            0.0572353            0.7335577
 Dipole Z            :          0.1533271           -0.1364808            0.0168463
 Magnitude           :                                                    2.0185534

 ------------------------------------------------------------------------------------

*** tstop() called on cst14372 at Tue Apr 21 10:04:12 2026
Module time:
	user time   =      25.79 seconds =       0.43 minutes
	system time =       0.43 seconds =       0.01 minutes
	total time  =         12 seconds =       0.20 minutes
Total time:
	user time   =     364.64 seconds =       6.08 minutes
	system time =       6.07 seconds =       0.10 minutes
	total time  =        176 seconds =       2.93 minutes

Scratch directory: /tmp/
gradient() will perform analytic gradient computation.

*** tstart() called on cst14372
*** at Tue Apr 21 10:04:12 2026


         ------------------------------------------------------------
                                   SCF GRAD                          
                          Rob Parrish, Justin Turney,                
                       Andy Simmonett, and Alex Sokolov              
         ------------------------------------------------------------

  ==> Geometry <==

    Molecular point group: c1
    Full point group: C1

    Geometry (in Angstrom), charge = 0, multiplicity = 1:

       Center              X                  Y                   Z               Mass       
    ------------   -----------------  -----------------  -----------------  -----------------
         C            0.066187704100     0.352607392500     0.026066566800    12.000000000000
         O            1.359767851200     0.308524342200     0.004878057800    15.994914619570
         O            1.999203180100    -0.853445556600    -0.000425090300    15.994914619570
         C           -0.710837715000    -0.876897934700    -0.001033920600    12.000000000000
         C           -2.056665668400    -0.915745699600    -0.034153576500    12.000000000000
         C           -0.536614346000     1.712206455100     0.015454299100    12.000000000000
         H           -0.214628437700    -1.872221787100     0.132079008700     1.007825032230
         H           -2.662419850900     0.028187540500    -0.112838944000     1.007825032230
         H           -2.659217972500    -1.806193610500    -0.087474684400     1.007825032230
         H            0.312856496600     2.416514150500    -0.016404735600     1.007825032230
         H           -1.186987946900     2.040099598100     0.881803320700     1.007825032230
         H           -1.208767472900     1.950250144500    -0.943010426200     1.007825032230

  Nuclear repulsion =  224.017024135193140

  ==> Basis Set <==

  Basis Set: 6-31G*
    Blend: 6-31G*
    Number of shells: 48
    Number of basis functions: 102
    Number of Cartesian functions: 102
    Spherical Harmonics?: false
    Max angular momentum: 2

  ==> DFJKGrad: Density-Fitted SCF Gradients <==

    Gradient:                    1
    J tasked:                  Yes
    K tasked:                  Yes
    wK tasked:                 Yes
    Omega:               2.000E-01
    OpenMP threads:              4
    Integrals threads:           4
    Memory [MiB]:             4291
    Schwarz Cutoff:          1E-12
    Fitting Condition:       1E-10

   => Auxiliary Basis Set <=

  Basis Set: (6-31G* AUX)
    Blend: CC-PVDZ-JKFIT
    Number of shells: 198
    Number of basis functions: 636
    Number of Cartesian functions: 636
    Spherical Harmonics?: false
    Max angular momentum: 3

  ==> DFT Potential <==

   => LibXC <=

    Version 7.0.0
    S. Lehtola, C. Steigemann, M. J.T. Oliveira, and M. A.L. Marques.,  SoftwareX 7, 1–5 (2018) (10.1016/j.softx.2017.11.002)

   => Composite Functional: WB97X-D <= 

    wB97X-D Hyb-GGA Exchange-Correlation Functional

    J.-D. Chai and M. Head-Gordon.,  Phys. Chem. Chem. Phys. 10, 6615-6620 (2008) (10.1039/B810189B)

    Deriv               =              1
    GGA                 =           TRUE
    Meta                =          FALSE

    Exchange Hybrid     =           TRUE
    MP2 Hybrid          =          FALSE

   => Exchange-Correlation Functionals <=

    1.0000   wB97X-D range-separated functional

   => Exact (HF) Exchange <=

    0.7780            HF,LR [omega = 0.2000]
    0.2220               HF 

   => LibXC Density Thresholds  <==

    XC_HYB_GGA_XC_WB97X_D:  1.00E-14 

   => Molecular Quadrature <=

    Radial Scheme          =       TREUTLER
    Pruning Scheme         =           NONE
    Nuclear Scheme         =       TREUTLER

    Blocking Scheme        =         OCTREE
    BS radius alpha        =              1
    Pruning alpha          =              1
    Radial Points          =             75
    Spherical Points       =            302
    Total Points           =         254509
    Total Blocks           =           1934
    Max Points             =            256
    Max Functions          =            100
    Weights Tolerance      =       1.00E-15


  -Total Gradient:
     Atom            X                  Y                   Z
    ------   -----------------  -----------------  -----------------
       1       -0.000368100113     0.017818371329     0.001783976389
       2        0.023081586151    -0.013251267883    -0.003023089227
       3       -0.001290605726     0.006320808487     0.000739110782
       4        0.006303072158     0.031879058973    -0.014423295326
       5        0.006336542284    -0.040893273084     0.009739573433
       6        0.020069231839    -0.037760831215     0.025788806883
       7       -0.001758892733    -0.025890562786     0.007778535035
       8       -0.012081861561     0.016838490027    -0.002095501704
       9       -0.003701721136     0.009375967524    -0.003850705575
      10        0.006838653545     0.000817140429     0.000873989289
      11       -0.014258091905     0.018539684906     0.011711529001
      12       -0.029189068804     0.016237682776    -0.035579417556


*** tstop() called on cst14372 at Tue Apr 21 10:04:14 2026
Module time:
	user time   =       3.74 seconds =       0.06 minutes
	system time =       0.07 seconds =       0.00 minutes
	total time  =          2 seconds =       0.03 minutes
Total time:
	user time   =     368.40 seconds =       6.14 minutes
	system time =       6.14 seconds =       0.10 minutes
	total time  =        178 seconds =       2.97 minutes

Scratch directory: /tmp/
   => Libint2 <=

    Primary   basis highest AM E, G, H:  6, 6, 3
    Auxiliary basis highest AM E, G, H:  7, 7, 4
    Onebody   basis highest AM E, G, H:  -, -, -
    Solid Harmonics ordering:            Gaussian

*** tstart() called on cst14372
*** at Tue Apr 21 10:04:14 2026

   => Loading Basis Set <=

    Name: 6-31G*
    Role: ORBITAL
    Keyword: BASIS
    atoms 1, 4-6 entry C          line   111 file /Users/jmsmith1/anaconda3/envs/jupyterenv/share/psi4/basis/6-31gs.gbs 
    atoms 2-3    entry O          line   145 file /Users/jmsmith1/anaconda3/envs/jupyterenv/share/psi4/basis/6-31gs.gbs 
    atoms 7-12   entry H          line    44 file /Users/jmsmith1/anaconda3/envs/jupyterenv/share/psi4/basis/6-31gs.gbs 

   => WB97X-D: Empirical Dispersion <=

    Chai and Head-Gordon Dispersion Correction
    Chai, J.-D.; Head-Gordon, M. (2010), J. Chem. Phys., 132: 6615-6620

        s6 =       1.000000


         ---------------------------------------------------------
                                   SCF
               by Justin Turney, Rob Parrish, Andy Simmonett
                          and Daniel G. A. Smith
                              RKS Reference
                        4 Threads,   5722 MiB Core
         ---------------------------------------------------------

  ==> Geometry <==

    Molecular point group: c1
    Full point group: C1

    Geometry (in Angstrom), charge = 0, multiplicity = 1:

       Center              X                  Y                   Z               Mass       
    ------------   -----------------  -----------------  -----------------  -----------------
         C            0.066238613700     0.352814052900     0.028436070400    12.000000000000
         O            1.361395362300     0.309096186900     0.005353138600    15.994914619570
         O            2.001273818200    -0.851132225100    -0.000471048300    15.994914619570
         C           -0.710766612600    -0.877744428900    -0.000951729700    12.000000000000
         C           -2.057366070800    -0.918427559700    -0.037404897400    12.000000000000
         C           -0.539533968400     1.711467652600     0.016490598800    12.000000000000
         H           -0.223088770500    -1.876316339400     0.143074752300     1.007825032230
         H           -2.662063644300     0.024920812400    -0.122899853700     1.007825032230
         H           -2.664224856700    -1.807068912700    -0.094936061200     1.007825032230
         H            0.313115193500     2.412201748000    -0.018064021900     1.007825032230
         H           -1.189451882500     2.051737070400     0.879484009400     1.007825032230
         H           -1.210439308200     1.953826584100    -0.942024889400     1.007825032230

  Running in c1 symmetry.

  Rotational constants: A =      0.18393  B =      0.09733  C =      0.06449 [cm^-1]
  Rotational constants: A =   5513.97463  B =   2917.93151  C =   1933.39105 [MHz]
  Nuclear repulsion =  223.895661572417936

  Charge       = 0
  Multiplicity = 1
  Electrons    = 46
  Nalpha       = 23
  Nbeta        = 23

  ==> Algorithm <==

  SCF Algorithm Type is DF.
  DIIS enabled.
  MOM disabled.
  Fractional occupation disabled.
  Guess Type is SAD.
  Energy threshold   = 1.00e-07
  Density threshold  = 1.00e-07
  Integral threshold = 1.00e-12

  ==> Primary Basis <==

  Basis Set: 6-31G*
    Blend: 6-31G*
    Number of shells: 48
    Number of basis functions: 102
    Number of Cartesian functions: 102
    Spherical Harmonics?: false
    Max angular momentum: 2

  ==> DFT Potential <==

   => LibXC <=

    Version 7.0.0
    S. Lehtola, C. Steigemann, M. J.T. Oliveira, and M. A.L. Marques.,  SoftwareX 7, 1–5 (2018) (10.1016/j.softx.2017.11.002)

   => Composite Functional: WB97X-D <= 

    wB97X-D Hyb-GGA Exchange-Correlation Functional

    J.-D. Chai and M. Head-Gordon.,  Phys. Chem. Chem. Phys. 10, 6615-6620 (2008) (10.1039/B810189B)

    Deriv               =              1
    GGA                 =           TRUE
    Meta                =          FALSE

    Exchange Hybrid     =           TRUE
    MP2 Hybrid          =          FALSE

   => Exchange-Correlation Functionals <=

    1.0000   wB97X-D range-separated functional

   => Exact (HF) Exchange <=

    0.7780            HF,LR [omega = 0.2000]
    0.2220               HF 

   => LibXC Density Thresholds  <==

    XC_HYB_GGA_XC_WB97X_D:  1.00E-14 

   => Molecular Quadrature <=

    Radial Scheme          =       TREUTLER
    Pruning Scheme         =           NONE
    Nuclear Scheme         =       TREUTLER

    Blocking Scheme        =         OCTREE
    BS radius alpha        =              1
    Pruning alpha          =              1
    Radial Points          =             75
    Spherical Points       =            302
    Total Points           =         254519
    Total Blocks           =           1951
    Max Points             =            256
    Max Functions          =            100
    Weights Tolerance      =       1.00E-15

   => Loading Basis Set <=

    Name: (6-31G* AUX)
    Role: JKFIT
    Keyword: DF_BASIS_SCF
    atoms 1, 4-6 entry C          line   121 file /Users/jmsmith1/anaconda3/envs/jupyterenv/share/psi4/basis/cc-pvdz-jkfit.gbs 
    atoms 2-3    entry O          line   221 file /Users/jmsmith1/anaconda3/envs/jupyterenv/share/psi4/basis/cc-pvdz-jkfit.gbs 
    atoms 7-12   entry H          line    51 file /Users/jmsmith1/anaconda3/envs/jupyterenv/share/psi4/basis/cc-pvdz-jkfit.gbs 

  ==> Integral Setup <==

  DFHelper Memory: AOs need 0.151 GiB; user supplied 3.600 GiB. 
  SCF_SUBTYPE=INCORE selected. In-core MEM_DF algorithm will be used.
  Using in-core AOs.

  ==> MemDFJK: Density-Fitted J/K Matrices <==

    J tasked:                   Yes
    K tasked:                   Yes
    wK tasked:                  Yes
    Omega:                2.000E-01
    OpenMP threads:               4
    Memory [MiB]:              3685
    Algorithm:                 Core
    Schwarz Cutoff:           1E-12
    Mask sparsity (%):       1.5955
    Fitting Condition:        1E-10

   => Auxiliary Basis Set <=

  Basis Set: (6-31G* AUX)
    Blend: CC-PVDZ-JKFIT
    Number of shells: 198
    Number of basis functions: 636
    Number of Cartesian functions: 636
    Spherical Harmonics?: false
    Max angular momentum: 3

  Cached 100.0% of DFT collocation blocks in 0.591 [GiB].

  Minimum eigenvalue in the overlap matrix is 3.0030505282E-03.
  Reciprocal condition number of the overlap matrix is 4.3648461309E-04.
    Using symmetric orthogonalization.

  ==> Pre-Iterations <==

  SCF Guess: Superposition of Atomic Densities via on-the-fly atomic UHF (no occupation information).

   -------------------------
    Irrep   Nso     Nmo    
   -------------------------
     A        102     102 
   -------------------------
    Total     102     102
   -------------------------

  ==> Iterations <==

                           Total Energy        Delta E     RMS |[F,P]|

   @DF-RKS iter SAD:  -300.15838898277218   -3.00158e+02   0.00000e+00 
   @DF-RKS iter   1:  -296.42495457006942    3.73343e+00   3.46627e-02 DIIS/ADIIS
   @DF-RKS iter   2:  -274.33246709524167    2.20925e+01   6.45644e-02 DIIS/ADIIS
   @DF-RKS iter   3:  -304.89480725651890   -3.05623e+01   1.60304e-02 DIIS/ADIIS
   @DF-RKS iter   4:  -304.60769567943277    2.87112e-01   1.71261e-02 DIIS/ADIIS
   @DF-RKS iter   5:  -306.09306668953820   -1.48537e+00   4.23531e-03 DIIS/ADIIS
   @DF-RKS iter   6:  -306.17515692440486   -8.20902e-02   1.89335e-03 DIIS/ADIIS
   @DF-RKS iter   7:  -306.19313187521379   -1.79750e-02   2.85866e-04 DIIS/ADIIS
   @DF-RKS iter   8:  -306.19361001830021   -4.78143e-04   2.16908e-04 DIIS/ADIIS
   @DF-RKS iter   9:  -306.19376425523660   -1.54237e-04   9.98470e-05 DIIS
   @DF-RKS iter  10:  -306.19381631056223   -5.20553e-05   2.65837e-05 DIIS
   @DF-RKS iter  11:  -306.19381988173575   -3.57117e-06   4.69845e-06 DIIS
   @DF-RKS iter  12:  -306.19382006965543   -1.87920e-07   1.88809e-06 DIIS
   @DF-RKS iter  13:  -306.19382010235046   -3.26950e-08   6.61154e-07 DIIS
   @DF-RKS iter  14:  -306.19382010629886   -3.94840e-09   2.51882e-07 DIIS
   @DF-RKS iter  15:  -306.19382010694619   -6.47333e-10   4.35295e-08 DIIS
  Energy and wave function converged.


  ==> Post-Iterations <==

   Electrons on quadrature grid:
      Ntotal   =   45.9999701144 ; deviation = -2.989e-05 

    Orbital Energies [Eh]
    ---------------------

    Doubly Occupied:                                                      

       1A    -19.416551     2A    -19.249582     3A    -10.411388  
       4A    -10.342320     5A    -10.338027     6A    -10.334572  
       7A     -1.289261     8A     -0.996865     9A     -0.905772  
      10A     -0.838496    11A     -0.749108    12A     -0.642555  
      13A     -0.615998    14A     -0.592798    15A     -0.580190  
      16A     -0.535564    17A     -0.500933    18A     -0.494089  
      19A     -0.493641    20A     -0.452082    21A     -0.395009  
      22A     -0.306392    23A     -0.292259  

    Virtual:                                                              

      24A     -0.025258    25A      0.111918    26A      0.154625  
      27A      0.171362    28A      0.205732    29A      0.225381  
      30A      0.229180    31A      0.239466    32A      0.259661  
      33A      0.312017    34A      0.350279    35A      0.415558  
      36A      0.441819    37A      0.558008    38A      0.585501  
      39A      0.611121    40A      0.656366    41A      0.662845  
      42A      0.683144    43A      0.704463    44A      0.726715  
      45A      0.748928    46A      0.790329    47A      0.813122  
      48A      0.880040    49A      0.898089    50A      0.907903  
      51A      0.920285    52A      0.946727    53A      0.967345  
      54A      0.982975    55A      1.023087    56A      1.029464  
      57A      1.048227    58A      1.120753    59A      1.137763  
      60A      1.177669    61A      1.205685    62A      1.253326  
      63A      1.363515    64A      1.394404    65A      1.417877  
      66A      1.438042    67A      1.519732    68A      1.601122  
      69A      1.642905    70A      1.691464    71A      1.751756  
      72A      1.802469    73A      1.858268    74A      1.908440  
      75A      1.931845    76A      1.940204    77A      1.982834  
      78A      2.004331    79A      2.071608    80A      2.118342  
      81A      2.153017    82A      2.207289    83A      2.289924  
      84A      2.318914    85A      2.347629    86A      2.422405  
      87A      2.456117    88A      2.543656    89A      2.569485  
      90A      2.588944    91A      2.707307    92A      2.771711  
      93A      2.935232    94A      2.943238    95A      3.162823  
      96A      3.262550    97A      3.618288    98A      4.105888  
      99A      4.167855   100A      4.258223   101A      4.344011  
     102A      4.615739  

    Final Occupation by Irrep:
              A 
    DOCC [    23 ]
    NA   [    23 ]
    NB   [    23 ]

  @DF-RKS Final Energy:  -306.19382010694619

   => Energetics <=

    Nuclear Repulsion Energy =            223.8956615724179358
    One-Electron Energy =                -859.4532035742928429
    Two-Electron Energy =                 357.5941020674061974
    DFT Exchange-Correlation Energy =     -28.2260097475413119
    Empirical Dispersion Energy =          -0.0043704249361593
    VV10 Nonlocal Energy =                  0.0000000000000000
    Total Energy =                       -306.1938201069461911

Computation Completed


Properties will be evaluated at   0.000000,   0.000000,   0.000000 [a0]

Properties computed using the SCF density matrix


 Multipole Moments:

 ------------------------------------------------------------------------------------
     Multipole            Electronic (a.u.)      Nuclear  (a.u.)        Total (a.u.)
 ------------------------------------------------------------------------------------

 L = 1.  Multiply by 2.5417464519 to convert [e a0] to [Debye]
 Dipole X            :         -1.5308791           -0.3465154           -1.8773945
 Dipole Y            :          0.6717565            0.0598494            0.7316059
 Dipole Z            :          0.1625887           -0.1452993            0.0172894
 Magnitude           :                                                    2.0149830

 ------------------------------------------------------------------------------------

*** tstop() called on cst14372 at Tue Apr 21 10:04:26 2026
Module time:
	user time   =      25.62 seconds =       0.43 minutes
	system time =       0.36 seconds =       0.01 minutes
	total time  =         12 seconds =       0.20 minutes
Total time:
	user time   =     394.04 seconds =       6.57 minutes
	system time =       6.51 seconds =       0.11 minutes
	total time  =        190 seconds =       3.17 minutes

Scratch directory: /tmp/
gradient() will perform analytic gradient computation.

*** tstart() called on cst14372
*** at Tue Apr 21 10:04:26 2026


         ------------------------------------------------------------
                                   SCF GRAD                          
                          Rob Parrish, Justin Turney,                
                       Andy Simmonett, and Alex Sokolov              
         ------------------------------------------------------------

  ==> Geometry <==

    Molecular point group: c1
    Full point group: C1

    Geometry (in Angstrom), charge = 0, multiplicity = 1:

       Center              X                  Y                   Z               Mass       
    ------------   -----------------  -----------------  -----------------  -----------------
         C            0.066238613700     0.352814052900     0.028436070400    12.000000000000
         O            1.361395362300     0.309096186900     0.005353138600    15.994914619570
         O            2.001273818200    -0.851132225100    -0.000471048300    15.994914619570
         C           -0.710766612600    -0.877744428900    -0.000951729700    12.000000000000
         C           -2.057366070800    -0.918427559700    -0.037404897400    12.000000000000
         C           -0.539533968400     1.711467652600     0.016490598800    12.000000000000
         H           -0.223088770500    -1.876316339400     0.143074752300     1.007825032230
         H           -2.662063644300     0.024920812400    -0.122899853700     1.007825032230
         H           -2.664224856700    -1.807068912700    -0.094936061200     1.007825032230
         H            0.313115193500     2.412201748000    -0.018064021900     1.007825032230
         H           -1.189451882500     2.051737070400     0.879484009400     1.007825032230
         H           -1.210439308200     1.953826584100    -0.942024889400     1.007825032230

  Nuclear repulsion =  223.895661572417936

  ==> Basis Set <==

  Basis Set: 6-31G*
    Blend: 6-31G*
    Number of shells: 48
    Number of basis functions: 102
    Number of Cartesian functions: 102
    Spherical Harmonics?: false
    Max angular momentum: 2

  ==> DFJKGrad: Density-Fitted SCF Gradients <==

    Gradient:                    1
    J tasked:                  Yes
    K tasked:                  Yes
    wK tasked:                 Yes
    Omega:               2.000E-01
    OpenMP threads:              4
    Integrals threads:           4
    Memory [MiB]:             4291
    Schwarz Cutoff:          1E-12
    Fitting Condition:       1E-10

   => Auxiliary Basis Set <=

  Basis Set: (6-31G* AUX)
    Blend: CC-PVDZ-JKFIT
    Number of shells: 198
    Number of basis functions: 636
    Number of Cartesian functions: 636
    Spherical Harmonics?: false
    Max angular momentum: 3

  ==> DFT Potential <==

   => LibXC <=

    Version 7.0.0
    S. Lehtola, C. Steigemann, M. J.T. Oliveira, and M. A.L. Marques.,  SoftwareX 7, 1–5 (2018) (10.1016/j.softx.2017.11.002)

   => Composite Functional: WB97X-D <= 

    wB97X-D Hyb-GGA Exchange-Correlation Functional

    J.-D. Chai and M. Head-Gordon.,  Phys. Chem. Chem. Phys. 10, 6615-6620 (2008) (10.1039/B810189B)

    Deriv               =              1
    GGA                 =           TRUE
    Meta                =          FALSE

    Exchange Hybrid     =           TRUE
    MP2 Hybrid          =          FALSE

   => Exchange-Correlation Functionals <=

    1.0000   wB97X-D range-separated functional

   => Exact (HF) Exchange <=

    0.7780            HF,LR [omega = 0.2000]
    0.2220               HF 

   => LibXC Density Thresholds  <==

    XC_HYB_GGA_XC_WB97X_D:  1.00E-14 

   => Molecular Quadrature <=

    Radial Scheme          =       TREUTLER
    Pruning Scheme         =           NONE
    Nuclear Scheme         =       TREUTLER

    Blocking Scheme        =         OCTREE
    BS radius alpha        =              1
    Pruning alpha          =              1
    Radial Points          =             75
    Spherical Points       =            302
    Total Points           =         254519
    Total Blocks           =           1951
    Max Points             =            256
    Max Functions          =            100
    Weights Tolerance      =       1.00E-15


  -Total Gradient:
     Atom            X                  Y                   Z
    ------   -----------------  -----------------  -----------------
       1       -0.000253091141     0.018928280158     0.001952062900
       2        0.024928232754    -0.014273359609    -0.003295488941
       3       -0.001404484720     0.006878623350     0.000795251191
       4        0.007539111988     0.032758534999    -0.015514802570
       5        0.006181018915    -0.041196395881     0.010559171840
       6        0.019050673291    -0.039249595936     0.026087027246
       7       -0.002771080012    -0.026360987650     0.008391613749
       8       -0.011883089416     0.016366778235    -0.002240236732
       9       -0.004617557254     0.009056933260    -0.004197676648
      10        0.006998583691     0.000482396559     0.000863064418
      11       -0.014570290942     0.019714258352     0.011426650826
      12       -0.029266675681     0.016925316374    -0.035355334057


*** tstop() called on cst14372 at Tue Apr 21 10:04:28 2026
Module time:
	user time   =       3.99 seconds =       0.07 minutes
	system time =       0.08 seconds =       0.00 minutes
	total time  =          2 seconds =       0.03 minutes
Total time:
	user time   =     398.05 seconds =       6.63 minutes
	system time =       6.60 seconds =       0.11 minutes
	total time  =        192 seconds =       3.20 minutes

Scratch directory: /tmp/
   => Libint2 <=

    Primary   basis highest AM E, G, H:  6, 6, 3
    Auxiliary basis highest AM E, G, H:  7, 7, 4
    Onebody   basis highest AM E, G, H:  -, -, -
    Solid Harmonics ordering:            Gaussian

*** tstart() called on cst14372
*** at Tue Apr 21 10:04:28 2026

   => Loading Basis Set <=

    Name: 6-31G*
    Role: ORBITAL
    Keyword: BASIS
    atoms 1, 4-6 entry C          line   111 file /Users/jmsmith1/anaconda3/envs/jupyterenv/share/psi4/basis/6-31gs.gbs 
    atoms 2-3    entry O          line   145 file /Users/jmsmith1/anaconda3/envs/jupyterenv/share/psi4/basis/6-31gs.gbs 
    atoms 7-12   entry H          line    44 file /Users/jmsmith1/anaconda3/envs/jupyterenv/share/psi4/basis/6-31gs.gbs 

   => WB97X-D: Empirical Dispersion <=

    Chai and Head-Gordon Dispersion Correction
    Chai, J.-D.; Head-Gordon, M. (2010), J. Chem. Phys., 132: 6615-6620

        s6 =       1.000000


         ---------------------------------------------------------
                                   SCF
               by Justin Turney, Rob Parrish, Andy Simmonett
                          and Daniel G. A. Smith
                              RKS Reference
                        4 Threads,   5722 MiB Core
         ---------------------------------------------------------

  ==> Geometry <==

    Molecular point group: c1
    Full point group: C1

    Geometry (in Angstrom), charge = 0, multiplicity = 1:

       Center              X                  Y                   Z               Mass       
    ------------   -----------------  -----------------  -----------------  -----------------
         C            0.066290367700     0.352966369400     0.030805123400    12.000000000000
         O            1.362972266800     0.309700308300     0.005836424400    15.994914619570
         O            2.003352053400    -0.848828766200    -0.000518835600    15.994914619570
         C           -0.710717179900    -0.878687617300    -0.000824442900    12.000000000000
         C           -2.058085904500    -0.920996041900    -0.040693923300    12.000000000000
         C           -0.542515150800     1.710840856600     0.017453650600    12.000000000000
         H           -0.231472081000    -1.879510529500     0.153805152300     1.007825032230
         H           -2.661296736700     0.021082325700    -0.132905566000     1.007825032230
         H           -2.669083442900    -1.808258564200    -0.102269011200     1.007825032230
         H            0.313133035000     2.407863239700    -0.019756722400     1.007825032230
         H           -1.191418609100     2.062720021500     0.876765433800     1.007825032230
         H           -1.211105229200     1.956827017400    -0.939817571400     1.007825032230

  Running in c1 symmetry.

  Rotational constants: A =      0.18383  B =      0.09716  C =      0.06440 [cm^-1]
  Rotational constants: A =   5511.02552  B =   2912.71669  C =   1930.73896 [MHz]
  Nuclear repulsion =  223.787145318208331

  Charge       = 0
  Multiplicity = 1
  Electrons    = 46
  Nalpha       = 23
  Nbeta        = 23

  ==> Algorithm <==

  SCF Algorithm Type is DF.
  DIIS enabled.
  MOM disabled.
  Fractional occupation disabled.
  Guess Type is SAD.
  Energy threshold   = 1.00e-07
  Density threshold  = 1.00e-07
  Integral threshold = 1.00e-12

  ==> Primary Basis <==

  Basis Set: 6-31G*
    Blend: 6-31G*
    Number of shells: 48
    Number of basis functions: 102
    Number of Cartesian functions: 102
    Spherical Harmonics?: false
    Max angular momentum: 2

  ==> DFT Potential <==

   => LibXC <=

    Version 7.0.0
    S. Lehtola, C. Steigemann, M. J.T. Oliveira, and M. A.L. Marques.,  SoftwareX 7, 1–5 (2018) (10.1016/j.softx.2017.11.002)

   => Composite Functional: WB97X-D <= 

    wB97X-D Hyb-GGA Exchange-Correlation Functional

    J.-D. Chai and M. Head-Gordon.,  Phys. Chem. Chem. Phys. 10, 6615-6620 (2008) (10.1039/B810189B)

    Deriv               =              1
    GGA                 =           TRUE
    Meta                =          FALSE

    Exchange Hybrid     =           TRUE
    MP2 Hybrid          =          FALSE

   => Exchange-Correlation Functionals <=

    1.0000   wB97X-D range-separated functional

   => Exact (HF) Exchange <=

    0.7780            HF,LR [omega = 0.2000]
    0.2220               HF 

   => LibXC Density Thresholds  <==

    XC_HYB_GGA_XC_WB97X_D:  1.00E-14 

   => Molecular Quadrature <=

    Radial Scheme          =       TREUTLER
    Pruning Scheme         =           NONE
    Nuclear Scheme         =       TREUTLER

    Blocking Scheme        =         OCTREE
    BS radius alpha        =              1
    Pruning alpha          =              1
    Radial Points          =             75
    Spherical Points       =            302
    Total Points           =         254541
    Total Blocks           =           1944
    Max Points             =            256
    Max Functions          =            100
    Weights Tolerance      =       1.00E-15

   => Loading Basis Set <=

    Name: (6-31G* AUX)
    Role: JKFIT
    Keyword: DF_BASIS_SCF
    atoms 1, 4-6 entry C          line   121 file /Users/jmsmith1/anaconda3/envs/jupyterenv/share/psi4/basis/cc-pvdz-jkfit.gbs 
    atoms 2-3    entry O          line   221 file /Users/jmsmith1/anaconda3/envs/jupyterenv/share/psi4/basis/cc-pvdz-jkfit.gbs 
    atoms 7-12   entry H          line    51 file /Users/jmsmith1/anaconda3/envs/jupyterenv/share/psi4/basis/cc-pvdz-jkfit.gbs 

  ==> Integral Setup <==

  DFHelper Memory: AOs need 0.151 GiB; user supplied 3.600 GiB. 
  SCF_SUBTYPE=INCORE selected. In-core MEM_DF algorithm will be used.
  Using in-core AOs.

  ==> MemDFJK: Density-Fitted J/K Matrices <==

    J tasked:                   Yes
    K tasked:                   Yes
    wK tasked:                  Yes
    Omega:                2.000E-01
    OpenMP threads:               4
    Memory [MiB]:              3686
    Algorithm:                 Core
    Schwarz Cutoff:           1E-12
    Mask sparsity (%):       1.6148
    Fitting Condition:        1E-10

   => Auxiliary Basis Set <=

  Basis Set: (6-31G* AUX)
    Blend: CC-PVDZ-JKFIT
    Number of shells: 198
    Number of basis functions: 636
    Number of Cartesian functions: 636
    Spherical Harmonics?: false
    Max angular momentum: 3

  Cached 100.0% of DFT collocation blocks in 0.591 [GiB].

  Minimum eigenvalue in the overlap matrix is 3.0224515887E-03.
  Reciprocal condition number of the overlap matrix is 4.3965606736E-04.
    Using symmetric orthogonalization.

  ==> Pre-Iterations <==

  SCF Guess: Superposition of Atomic Densities via on-the-fly atomic UHF (no occupation information).

   -------------------------
    Irrep   Nso     Nmo    
   -------------------------
     A        102     102 
   -------------------------
    Total     102     102
   -------------------------

  ==> Iterations <==

                           Total Energy        Delta E     RMS |[F,P]|

   @DF-RKS iter SAD:  -300.15613755734392   -3.00156e+02   0.00000e+00 
   @DF-RKS iter   1:  -296.42047663573527    3.73566e+00   3.46563e-02 DIIS/ADIIS
   @DF-RKS iter   2:  -274.31883852225445    2.21016e+01   6.45734e-02 DIIS/ADIIS
   @DF-RKS iter   3:  -304.88638310306447   -3.05675e+01   1.60674e-02 DIIS/ADIIS
   @DF-RKS iter   4:  -304.58218068389453    3.04202e-01   1.72566e-02 DIIS/ADIIS
   @DF-RKS iter   5:  -306.09243593796492   -1.51026e+00   4.22081e-03 DIIS/ADIIS
   @DF-RKS iter   6:  -306.17366925760979   -8.12333e-02   1.92281e-03 DIIS/ADIIS
   @DF-RKS iter   7:  -306.19219951253541   -1.85303e-02   2.82890e-04 DIIS/ADIIS
   @DF-RKS iter   8:  -306.19268690341556   -4.87391e-04   2.10832e-04 DIIS/ADIIS
   @DF-RKS iter   9:  -306.19283305548390   -1.46152e-04   9.83845e-05 DIIS
   @DF-RKS iter  10:  -306.19288400493332   -5.09494e-05   2.59418e-05 DIIS
   @DF-RKS iter  11:  -306.19288741620772   -3.41127e-06   4.72441e-06 DIIS
   @DF-RKS iter  12:  -306.19288760880056   -1.92593e-07   2.14543e-06 DIIS
   @DF-RKS iter  13:  -306.19288764783317   -3.90326e-08   7.06630e-07 DIIS
   @DF-RKS iter  14:  -306.19288765206659   -4.23341e-09   2.70707e-07 DIIS
   @DF-RKS iter  15:  -306.19288765272910   -6.62510e-10   4.36756e-08 DIIS
  Energy and wave function converged.


  ==> Post-Iterations <==

   Electrons on quadrature grid:
      Ntotal   =   45.9999704671 ; deviation = -2.953e-05 

    Orbital Energies [Eh]
    ---------------------

    Doubly Occupied:                                                      

       1A    -19.416991     2A    -19.250083     3A    -10.411755  
       4A    -10.342242     5A    -10.337983     6A    -10.334794  
       7A     -1.289657     8A     -0.996939     9A     -0.905451  
      10A     -0.838491    11A     -0.748891    12A     -0.642980  
      13A     -0.615980    14A     -0.593102    15A     -0.580101  
      16A     -0.535536    17A     -0.500668    18A     -0.494176  
      19A     -0.493131    20A     -0.452032    21A     -0.394783  
      22A     -0.306662    23A     -0.292357  

    Virtual:                                                              

      24A     -0.025507    25A      0.111247    26A      0.154903  
      27A      0.171135    28A      0.205833    29A      0.225696  
      30A      0.229381    31A      0.239621    32A      0.259280  
      33A      0.311600    34A      0.349775    35A      0.416062  
      36A      0.442073    37A      0.557895    38A      0.585223  
      39A      0.611046    40A      0.656288    41A      0.661685  
      42A      0.683548    43A      0.704517    44A      0.725789  
      45A      0.748760    46A      0.791076    47A      0.814321  
      48A      0.879912    49A      0.897781    50A      0.908260  
      51A      0.920131    52A      0.946304    53A      0.965949  
      54A      0.982591    55A      1.022775    56A      1.029493  
      57A      1.047849    58A      1.119808    59A      1.137060  
      60A      1.176617    61A      1.204860    62A      1.251131  
      63A      1.362405    64A      1.393765    65A      1.417919  
      66A      1.438882    67A      1.517601    68A      1.602922  
      69A      1.644085    70A      1.690500    71A      1.752395  
      72A      1.800251    73A      1.857135    74A      1.905791  
      75A      1.930374    76A      1.939062    77A      1.979759  
      78A      2.003284    79A      2.071346    80A      2.118389  
      81A      2.154059    82A      2.207754    83A      2.290662  
      84A      2.319984    85A      2.347873    86A      2.421631  
      87A      2.455898    88A      2.542435    89A      2.569982  
      90A      2.588114    91A      2.707283    92A      2.771695  
      93A      2.934042    94A      2.942097    95A      3.160725  
      96A      3.261071    97A      3.617275    98A      4.105306  
      99A      4.166942   100A      4.257560   101A      4.343222  
     102A      4.614949  

    Final Occupation by Irrep:
              A 
    DOCC [    23 ]
    NA   [    23 ]
    NB   [    23 ]

  @DF-RKS Final Energy:  -306.19288765272910

   => Energetics <=

    Nuclear Repulsion Energy =            223.7871453182083314
    One-Electron Energy =                -859.2326011099772813
    Two-Electron Energy =                 357.4815059440817322
    DFT Exchange-Correlation Energy =     -28.2245744002684624
    Empirical Dispersion Energy =          -0.0043634047733951
    VV10 Nonlocal Energy =                  0.0000000000000000
    Total Energy =                       -306.1928876527290981

Computation Completed


Properties will be evaluated at   0.000000,   0.000000,   0.000000 [a0]

Properties computed using the SCF density matrix


 Multipole Moments:

 ------------------------------------------------------------------------------------
     Multipole            Electronic (a.u.)      Nuclear  (a.u.)        Total (a.u.)
 ------------------------------------------------------------------------------------

 L = 1.  Multiply by 2.5417464519 to convert [e a0] to [Debye]
 Dipole X            :         -1.5142969           -0.3605894           -1.8748864
 Dipole Y            :          0.6688382            0.0612975            0.7301357
 Dipole Z            :          0.1708790           -0.1534366            0.0174425
 Magnitude           :                                                    2.0121136

 ------------------------------------------------------------------------------------

*** tstop() called on cst14372 at Tue Apr 21 10:04:41 2026
Module time:
	user time   =      25.64 seconds =       0.43 minutes
	system time =       0.39 seconds =       0.01 minutes
	total time  =         13 seconds =       0.22 minutes
Total time:
	user time   =     423.71 seconds =       7.06 minutes
	system time =       7.00 seconds =       0.12 minutes
	total time  =        205 seconds =       3.42 minutes

Scratch directory: /tmp/
gradient() will perform analytic gradient computation.

*** tstart() called on cst14372
*** at Tue Apr 21 10:04:41 2026


         ------------------------------------------------------------
                                   SCF GRAD                          
                          Rob Parrish, Justin Turney,                
                       Andy Simmonett, and Alex Sokolov              
         ------------------------------------------------------------

  ==> Geometry <==

    Molecular point group: c1
    Full point group: C1

    Geometry (in Angstrom), charge = 0, multiplicity = 1:

       Center              X                  Y                   Z               Mass       
    ------------   -----------------  -----------------  -----------------  -----------------
         C            0.066290367700     0.352966369400     0.030805123400    12.000000000000
         O            1.362972266800     0.309700308300     0.005836424400    15.994914619570
         O            2.003352053400    -0.848828766200    -0.000518835600    15.994914619570
         C           -0.710717179900    -0.878687617300    -0.000824442900    12.000000000000
         C           -2.058085904500    -0.920996041900    -0.040693923300    12.000000000000
         C           -0.542515150800     1.710840856600     0.017453650600    12.000000000000
         H           -0.231472081000    -1.879510529500     0.153805152300     1.007825032230
         H           -2.661296736700     0.021082325700    -0.132905566000     1.007825032230
         H           -2.669083442900    -1.808258564200    -0.102269011200     1.007825032230
         H            0.313133035000     2.407863239700    -0.019756722400     1.007825032230
         H           -1.191418609100     2.062720021500     0.876765433800     1.007825032230
         H           -1.211105229200     1.956827017400    -0.939817571400     1.007825032230

  Nuclear repulsion =  223.787145318208331

  ==> Basis Set <==

  Basis Set: 6-31G*
    Blend: 6-31G*
    Number of shells: 48
    Number of basis functions: 102
    Number of Cartesian functions: 102
    Spherical Harmonics?: false
    Max angular momentum: 2

  ==> DFJKGrad: Density-Fitted SCF Gradients <==

    Gradient:                    1
    J tasked:                  Yes
    K tasked:                  Yes
    wK tasked:                 Yes
    Omega:               2.000E-01
    OpenMP threads:              4
    Integrals threads:           4
    Memory [MiB]:             4291
    Schwarz Cutoff:          1E-12
    Fitting Condition:       1E-10

   => Auxiliary Basis Set <=

  Basis Set: (6-31G* AUX)
    Blend: CC-PVDZ-JKFIT
    Number of shells: 198
    Number of basis functions: 636
    Number of Cartesian functions: 636
    Spherical Harmonics?: false
    Max angular momentum: 3

  ==> DFT Potential <==

   => LibXC <=

    Version 7.0.0
    S. Lehtola, C. Steigemann, M. J.T. Oliveira, and M. A.L. Marques.,  SoftwareX 7, 1–5 (2018) (10.1016/j.softx.2017.11.002)

   => Composite Functional: WB97X-D <= 

    wB97X-D Hyb-GGA Exchange-Correlation Functional

    J.-D. Chai and M. Head-Gordon.,  Phys. Chem. Chem. Phys. 10, 6615-6620 (2008) (10.1039/B810189B)

    Deriv               =              1
    GGA                 =           TRUE
    Meta                =          FALSE

    Exchange Hybrid     =           TRUE
    MP2 Hybrid          =          FALSE

   => Exchange-Correlation Functionals <=

    1.0000   wB97X-D range-separated functional

   => Exact (HF) Exchange <=

    0.7780            HF,LR [omega = 0.2000]
    0.2220               HF 

   => LibXC Density Thresholds  <==

    XC_HYB_GGA_XC_WB97X_D:  1.00E-14 

   => Molecular Quadrature <=

    Radial Scheme          =       TREUTLER
    Pruning Scheme         =           NONE
    Nuclear Scheme         =       TREUTLER

    Blocking Scheme        =         OCTREE
    BS radius alpha        =              1
    Pruning alpha          =              1
    Radial Points          =             75
    Spherical Points       =            302
    Total Points           =         254541
    Total Blocks           =           1944
    Max Points             =            256
    Max Functions          =            100
    Weights Tolerance      =       1.00E-15


  -Total Gradient:
     Atom            X                  Y                   Z
    ------   -----------------  -----------------  -----------------
       1       -0.000105010800     0.019932437414     0.002126116683
       2        0.026729051078    -0.015249019309    -0.003566905199
       3       -0.001499994036     0.007432430582     0.000848588491
       4        0.008870703949     0.033188025694    -0.016521038975
       5        0.005891048680    -0.040925088134     0.011338569820
       6        0.017598233842    -0.040307581091     0.026175151145
       7       -0.003914517486    -0.026421611758     0.008934166181
       8       -0.011455093764     0.015545022879    -0.002344863300
       9       -0.005612846234     0.008564227978    -0.004549090422
      10        0.007051236730     0.000068872998     0.000839229286
      11       -0.014674659243     0.020723509973     0.010866011423
      12       -0.028975449571     0.017468484200    -0.034633475771


*** tstop() called on cst14372 at Tue Apr 21 10:04:43 2026
Module time:
	user time   =       3.88 seconds =       0.06 minutes
	system time =       0.10 seconds =       0.00 minutes
	total time  =          2 seconds =       0.03 minutes
Total time:
	user time   =     427.60 seconds =       7.13 minutes
	system time =       7.10 seconds =       0.12 minutes
	total time  =        207 seconds =       3.45 minutes

Scratch directory: /tmp/
   => Libint2 <=

    Primary   basis highest AM E, G, H:  6, 6, 3
    Auxiliary basis highest AM E, G, H:  7, 7, 4
    Onebody   basis highest AM E, G, H:  -, -, -
    Solid Harmonics ordering:            Gaussian

*** tstart() called on cst14372
*** at Tue Apr 21 10:04:43 2026

   => Loading Basis Set <=

    Name: 6-31G*
    Role: ORBITAL
    Keyword: BASIS
    atoms 1, 4-6 entry C          line   111 file /Users/jmsmith1/anaconda3/envs/jupyterenv/share/psi4/basis/6-31gs.gbs 
    atoms 2-3    entry O          line   145 file /Users/jmsmith1/anaconda3/envs/jupyterenv/share/psi4/basis/6-31gs.gbs 
    atoms 7-12   entry H          line    44 file /Users/jmsmith1/anaconda3/envs/jupyterenv/share/psi4/basis/6-31gs.gbs 

   => WB97X-D: Empirical Dispersion <=

    Chai and Head-Gordon Dispersion Correction
    Chai, J.-D.; Head-Gordon, M. (2010), J. Chem. Phys., 132: 6615-6620

        s6 =       1.000000


         ---------------------------------------------------------
                                   SCF
               by Justin Turney, Rob Parrish, Andy Simmonett
                          and Daniel G. A. Smith
                              RKS Reference
                        4 Threads,   5722 MiB Core
         ---------------------------------------------------------

  ==> Geometry <==

    Molecular point group: c1
    Full point group: C1

    Geometry (in Angstrom), charge = 0, multiplicity = 1:

       Center              X                  Y                   Z               Mass       
    ------------   -----------------  -----------------  -----------------  -----------------
         C            0.066342545400     0.353061330000     0.033173498400    12.000000000000
         O            1.364494721400     0.310338970300     0.006328580400    15.994914619570
         O            2.005438353900    -0.846536136000    -0.000568577800    15.994914619570
         C           -0.710693315300    -0.879729071700    -0.000649030400    12.000000000000
         C           -2.058824458200    -0.923451977100    -0.044023381000    12.000000000000
         C           -0.545554176000     1.710329309100     0.018343147400    12.000000000000
         H           -0.239739731300    -1.881800611100     0.164252150700     1.007825032230
         H           -2.660132877700     0.016698691400    -0.142853519200     1.007825032230
         H           -2.673759630300    -1.809746415300    -0.109461981000     1.007825032230
         H            0.312907663800     2.403512324500    -0.021482288200     1.007825032230
         H           -1.192883635900     2.073013445700     0.873665716500     1.007825032230
         H           -1.210773093700     1.959231759500    -0.936410362900     1.007825032230

  Running in c1 symmetry.

  Rotational constants: A =      0.18374  B =      0.09699  C =      0.06432 [cm^-1]
  Rotational constants: A =   5508.37860  B =   2907.65342  C =   1928.15502 [MHz]
  Nuclear repulsion =  223.691554940446309

  Charge       = 0
  Multiplicity = 1
  Electrons    = 46
  Nalpha       = 23
  Nbeta        = 23

  ==> Algorithm <==

  SCF Algorithm Type is DF.
  DIIS enabled.
  MOM disabled.
  Fractional occupation disabled.
  Guess Type is SAD.
  Energy threshold   = 1.00e-07
  Density threshold  = 1.00e-07
  Integral threshold = 1.00e-12

  ==> Primary Basis <==

  Basis Set: 6-31G*
    Blend: 6-31G*
    Number of shells: 48
    Number of basis functions: 102
    Number of Cartesian functions: 102
    Spherical Harmonics?: false
    Max angular momentum: 2

  ==> DFT Potential <==

   => LibXC <=

    Version 7.0.0
    S. Lehtola, C. Steigemann, M. J.T. Oliveira, and M. A.L. Marques.,  SoftwareX 7, 1–5 (2018) (10.1016/j.softx.2017.11.002)

   => Composite Functional: WB97X-D <= 

    wB97X-D Hyb-GGA Exchange-Correlation Functional

    J.-D. Chai and M. Head-Gordon.,  Phys. Chem. Chem. Phys. 10, 6615-6620 (2008) (10.1039/B810189B)

    Deriv               =              1
    GGA                 =           TRUE
    Meta                =          FALSE

    Exchange Hybrid     =           TRUE
    MP2 Hybrid          =          FALSE

   => Exchange-Correlation Functionals <=

    1.0000   wB97X-D range-separated functional

   => Exact (HF) Exchange <=

    0.7780            HF,LR [omega = 0.2000]
    0.2220               HF 

   => LibXC Density Thresholds  <==

    XC_HYB_GGA_XC_WB97X_D:  1.00E-14 

   => Molecular Quadrature <=

    Radial Scheme          =       TREUTLER
    Pruning Scheme         =           NONE
    Nuclear Scheme         =       TREUTLER

    Blocking Scheme        =         OCTREE
    BS radius alpha        =              1
    Pruning alpha          =              1
    Radial Points          =             75
    Spherical Points       =            302
    Total Points           =         254534
    Total Blocks           =           1936
    Max Points             =            256
    Max Functions          =            100
    Weights Tolerance      =       1.00E-15

   => Loading Basis Set <=

    Name: (6-31G* AUX)
    Role: JKFIT
    Keyword: DF_BASIS_SCF
    atoms 1, 4-6 entry C          line   121 file /Users/jmsmith1/anaconda3/envs/jupyterenv/share/psi4/basis/cc-pvdz-jkfit.gbs 
    atoms 2-3    entry O          line   221 file /Users/jmsmith1/anaconda3/envs/jupyterenv/share/psi4/basis/cc-pvdz-jkfit.gbs 
    atoms 7-12   entry H          line    51 file /Users/jmsmith1/anaconda3/envs/jupyterenv/share/psi4/basis/cc-pvdz-jkfit.gbs 

  ==> Integral Setup <==

  DFHelper Memory: AOs need 0.151 GiB; user supplied 3.600 GiB. 
  SCF_SUBTYPE=INCORE selected. In-core MEM_DF algorithm will be used.
  Using in-core AOs.

  ==> MemDFJK: Density-Fitted J/K Matrices <==

    J tasked:                   Yes
    K tasked:                   Yes
    wK tasked:                  Yes
    Omega:                2.000E-01
    OpenMP threads:               4
    Memory [MiB]:              3686
    Algorithm:                 Core
    Schwarz Cutoff:           1E-12
    Mask sparsity (%):       1.6340
    Fitting Condition:        1E-10

   => Auxiliary Basis Set <=

  Basis Set: (6-31G* AUX)
    Blend: CC-PVDZ-JKFIT
    Number of shells: 198
    Number of basis functions: 636
    Number of Cartesian functions: 636
    Spherical Harmonics?: false
    Max angular momentum: 3

  Cached 100.0% of DFT collocation blocks in 0.591 [GiB].

  Minimum eigenvalue in the overlap matrix is 3.0408216500E-03.
  Reciprocal condition number of the overlap matrix is 4.4263174925E-04.
    Using symmetric orthogonalization.

  ==> Pre-Iterations <==

  SCF Guess: Superposition of Atomic Densities via on-the-fly atomic UHF (no occupation information).

   -------------------------
    Irrep   Nso     Nmo    
   -------------------------
     A        102     102 
   -------------------------
    Total     102     102
   -------------------------

  ==> Iterations <==

                           Total Energy        Delta E     RMS |[F,P]|

   @DF-RKS iter SAD:  -300.15649710501913   -3.00156e+02   0.00000e+00 
   @DF-RKS iter   1:  -296.41964773936002    3.73685e+00   3.46486e-02 DIIS/ADIIS
   @DF-RKS iter   2:  -274.23601107413799    2.21836e+01   6.47081e-02 DIIS/ADIIS
   @DF-RKS iter   3:  -304.86079692071206   -3.06248e+01   1.62023e-02 DIIS/ADIIS
   @DF-RKS iter   4:  -304.48105700911293    3.79740e-01   1.77568e-02 DIIS/ADIIS
   @DF-RKS iter   5:  -306.09370489343758   -1.61265e+00   4.15457e-03 DIIS/ADIIS
   @DF-RKS iter   6:  -306.17146438037560   -7.77595e-02   2.00001e-03 DIIS/ADIIS
   @DF-RKS iter   7:  -306.19150036542010   -2.00360e-02   2.72431e-04 DIIS/ADIIS
   @DF-RKS iter   8:  -306.19204383110662   -5.43466e-04   1.64016e-04 DIIS/ADIIS
   @DF-RKS iter   9:  -306.19213813019729   -9.42991e-05   9.07897e-05 DIIS
   @DF-RKS iter  10:  -306.19217988707004   -4.17569e-05   2.56440e-05 DIIS
   @DF-RKS iter  11:  -306.19218295765273   -3.07058e-06   5.51123e-06 DIIS
   @DF-RKS iter  12:  -306.19218319883913   -2.41186e-07   3.10192e-06 DIIS
   @DF-RKS iter  13:  -306.19218326909186   -7.02527e-08   7.70701e-07 DIIS
   @DF-RKS iter  14:  -306.19218327379400   -4.70214e-09   2.64578e-07 DIIS
   @DF-RKS iter  15:  -306.19218327428973   -4.95731e-10   5.32941e-08 DIIS
  Energy and wave function converged.


  ==> Post-Iterations <==

   Electrons on quadrature grid:
      Ntotal   =   45.9999708428 ; deviation = -2.916e-05 

    Orbital Energies [Eh]
    ---------------------

    Doubly Occupied:                                                      

       1A    -19.417401     2A    -19.250544     3A    -10.412107  
       4A    -10.341937     5A    -10.337900     6A    -10.334949  
       7A     -1.290019     8A     -0.996979     9A     -0.905163  
      10A     -0.838599    11A     -0.748714    12A     -0.643463  
      13A     -0.616006    14A     -0.593438    15A     -0.580026  
      16A     -0.535481    17A     -0.500573    18A     -0.494438  
      19A     -0.492656    20A     -0.452018    21A     -0.394569  
      22A     -0.306910    23A     -0.292445  

    Virtual:                                                              

      24A     -0.025719    25A      0.110669    26A      0.155424  
      27A      0.170991    28A      0.206096    29A      0.226184  
      30A      0.229715    31A      0.239809    32A      0.258994  
      33A      0.311174    34A      0.349292    35A      0.416483  
      36A      0.442251    37A      0.557839    38A      0.584933  
      39A      0.610908    40A      0.656037    41A      0.660634  
      42A      0.683907    43A      0.704480    44A      0.724805  
      45A      0.748618    46A      0.791782    47A      0.815648  
      48A      0.880308    49A      0.897785    50A      0.908724  
      51A      0.920167    52A      0.945966    53A      0.964737  
      54A      0.982635    55A      1.022479    56A      1.029570  
      57A      1.047725    58A      1.118852    59A      1.136465  
      60A      1.175547    61A      1.204120    62A      1.248928  
      63A      1.361374    64A      1.393058    65A      1.417999  
      66A      1.439778    67A      1.515621    68A      1.604488  
      69A      1.645205    70A      1.689768    71A      1.752970  
      72A      1.798008    73A      1.856153    74A      1.903185  
      75A      1.928979    76A      1.938071    77A      1.977155  
      78A      2.002430    79A      2.071092    80A      2.118731  
      81A      2.155695    82A      2.208271    83A      2.291549  
      84A      2.321521    85A      2.348201    86A      2.420953  
      87A      2.455715    88A      2.541196    89A      2.570481  
      90A      2.587386    91A      2.707293    92A      2.771630  
      93A      2.932913    94A      2.940971    95A      3.158622  
      96A      3.259570    97A      3.616308    98A      4.104839  
      99A      4.166068   100A      4.257058   101A      4.342521  
     102A      4.614135  

    Final Occupation by Irrep:
              A 
    DOCC [    23 ]
    NA   [    23 ]
    NB   [    23 ]

  @DF-RKS Final Energy:  -306.19218327428973

   => Energetics <=

    Nuclear Repulsion Energy =            223.6915549404463093
    One-Electron Energy =                -859.0372644451553015
    Two-Electron Energy =                 357.3819287801813971
    DFT Exchange-Correlation Energy =     -28.2240467437254345
    Empirical Dispersion Energy =          -0.0043558060366928
    VV10 Nonlocal Energy =                  0.0000000000000000
    Total Energy =                       -306.1921832742897323

Computation Completed


Properties will be evaluated at   0.000000,   0.000000,   0.000000 [a0]

Properties computed using the SCF density matrix


 Multipole Moments:

 ------------------------------------------------------------------------------------
     Multipole            Electronic (a.u.)      Nuclear  (a.u.)        Total (a.u.)
 ------------------------------------------------------------------------------------

 L = 1.  Multiply by 2.5417464519 to convert [e a0] to [Debye]
 Dipole X            :         -1.5001205           -0.3728300           -1.8729505
 Dipole Y            :          0.6675416            0.0615851            0.7291267
 Dipole Z            :          0.1782062           -0.1609005            0.0173058
 Magnitude           :                                                    2.0099425

 ------------------------------------------------------------------------------------

*** tstop() called on cst14372 at Tue Apr 21 10:04:55 2026
Module time:
	user time   =      25.69 seconds =       0.43 minutes
	system time =       0.42 seconds =       0.01 minutes
	total time  =         12 seconds =       0.20 minutes
Total time:
	user time   =     453.32 seconds =       7.56 minutes
	system time =       7.53 seconds =       0.13 minutes
	total time  =        219 seconds =       3.65 minutes

Scratch directory: /tmp/
gradient() will perform analytic gradient computation.

*** tstart() called on cst14372
*** at Tue Apr 21 10:04:55 2026


         ------------------------------------------------------------
                                   SCF GRAD                          
                          Rob Parrish, Justin Turney,                
                       Andy Simmonett, and Alex Sokolov              
         ------------------------------------------------------------

  ==> Geometry <==

    Molecular point group: c1
    Full point group: C1

    Geometry (in Angstrom), charge = 0, multiplicity = 1:

       Center              X                  Y                   Z               Mass       
    ------------   -----------------  -----------------  -----------------  -----------------
         C            0.066342545400     0.353061330000     0.033173498400    12.000000000000
         O            1.364494721400     0.310338970300     0.006328580400    15.994914619570
         O            2.005438353900    -0.846536136000    -0.000568577800    15.994914619570
         C           -0.710693315300    -0.879729071700    -0.000649030400    12.000000000000
         C           -2.058824458200    -0.923451977100    -0.044023381000    12.000000000000
         C           -0.545554176000     1.710329309100     0.018343147400    12.000000000000
         H           -0.239739731300    -1.881800611100     0.164252150700     1.007825032230
         H           -2.660132877700     0.016698691400    -0.142853519200     1.007825032230
         H           -2.673759630300    -1.809746415300    -0.109461981000     1.007825032230
         H            0.312907663800     2.403512324500    -0.021482288200     1.007825032230
         H           -1.192883635900     2.073013445700     0.873665716500     1.007825032230
         H           -1.210773093700     1.959231759500    -0.936410362900     1.007825032230

  Nuclear repulsion =  223.691554940446309

  ==> Basis Set <==

  Basis Set: 6-31G*
    Blend: 6-31G*
    Number of shells: 48
    Number of basis functions: 102
    Number of Cartesian functions: 102
    Spherical Harmonics?: false
    Max angular momentum: 2

  ==> DFJKGrad: Density-Fitted SCF Gradients <==

    Gradient:                    1
    J tasked:                  Yes
    K tasked:                  Yes
    wK tasked:                 Yes
    Omega:               2.000E-01
    OpenMP threads:              4
    Integrals threads:           4
    Memory [MiB]:             4291
    Schwarz Cutoff:          1E-12
    Fitting Condition:       1E-10

   => Auxiliary Basis Set <=

  Basis Set: (6-31G* AUX)
    Blend: CC-PVDZ-JKFIT
    Number of shells: 198
    Number of basis functions: 636
    Number of Cartesian functions: 636
    Spherical Harmonics?: false
    Max angular momentum: 3

  ==> DFT Potential <==

   => LibXC <=

    Version 7.0.0
    S. Lehtola, C. Steigemann, M. J.T. Oliveira, and M. A.L. Marques.,  SoftwareX 7, 1–5 (2018) (10.1016/j.softx.2017.11.002)

   => Composite Functional: WB97X-D <= 

    wB97X-D Hyb-GGA Exchange-Correlation Functional

    J.-D. Chai and M. Head-Gordon.,  Phys. Chem. Chem. Phys. 10, 6615-6620 (2008) (10.1039/B810189B)

    Deriv               =              1
    GGA                 =           TRUE
    Meta                =          FALSE

    Exchange Hybrid     =           TRUE
    MP2 Hybrid          =          FALSE

   => Exchange-Correlation Functionals <=

    1.0000   wB97X-D range-separated functional

   => Exact (HF) Exchange <=

    0.7780            HF,LR [omega = 0.2000]
    0.2220               HF 

   => LibXC Density Thresholds  <==

    XC_HYB_GGA_XC_WB97X_D:  1.00E-14 

   => Molecular Quadrature <=

    Radial Scheme          =       TREUTLER
    Pruning Scheme         =           NONE
    Nuclear Scheme         =       TREUTLER

    Blocking Scheme        =         OCTREE
    BS radius alpha        =              1
    Pruning alpha          =              1
    Radial Points          =             75
    Spherical Points       =            302
    Total Points           =         254534
    Total Blocks           =           1936
    Max Points             =            256
    Max Functions          =            100
    Weights Tolerance      =       1.00E-15


  -Total Gradient:
     Atom            X                  Y                   Z
    ------   -----------------  -----------------  -----------------
       1        0.000076774020     0.020827609724     0.002307498466
       2        0.028481863653    -0.016173102071    -0.003837019982
       3       -0.001575291216     0.007978340674     0.000897037752
       4        0.010289266730     0.033160477172    -0.017433982213
       5        0.005454997644    -0.040109483989     0.012069367474
       6        0.015704641506    -0.040916651233     0.026041372557
       7       -0.005175080373    -0.026067640577     0.009391370490
       8       -0.010801850936     0.014380776351    -0.002402814150
       9       -0.006668375584     0.007923421118    -0.004904194246
      10        0.006995991062    -0.000420247806     0.000803874297
      11       -0.014570275758     0.021557067079     0.010029799238
      12       -0.028310490395     0.017860559434    -0.033404928879


*** tstop() called on cst14372 at Tue Apr 21 10:04:57 2026
Module time:
	user time   =       3.91 seconds =       0.07 minutes
	system time =       0.08 seconds =       0.00 minutes
	total time  =          2 seconds =       0.03 minutes
Total time:
	user time   =     457.25 seconds =       7.62 minutes
	system time =       7.61 seconds =       0.13 minutes
	total time  =        221 seconds =       3.68 minutes

Scratch directory: /tmp/
   => Libint2 <=

    Primary   basis highest AM E, G, H:  6, 6, 3
    Auxiliary basis highest AM E, G, H:  7, 7, 4
    Onebody   basis highest AM E, G, H:  -, -, -
    Solid Harmonics ordering:            Gaussian

*** tstart() called on cst14372
*** at Tue Apr 21 10:04:57 2026

   => Loading Basis Set <=

    Name: 6-31G*
    Role: ORBITAL
    Keyword: BASIS
    atoms 1, 4-6 entry C          line   111 file /Users/jmsmith1/anaconda3/envs/jupyterenv/share/psi4/basis/6-31gs.gbs 
    atoms 2-3    entry O          line   145 file /Users/jmsmith1/anaconda3/envs/jupyterenv/share/psi4/basis/6-31gs.gbs 
    atoms 7-12   entry H          line    44 file /Users/jmsmith1/anaconda3/envs/jupyterenv/share/psi4/basis/6-31gs.gbs 

   => WB97X-D: Empirical Dispersion <=

    Chai and Head-Gordon Dispersion Correction
    Chai, J.-D.; Head-Gordon, M. (2010), J. Chem. Phys., 132: 6615-6620

        s6 =       1.000000


         ---------------------------------------------------------
                                   SCF
               by Justin Turney, Rob Parrish, Andy Simmonett
                          and Daniel G. A. Smith
                              RKS Reference
                        4 Threads,   5722 MiB Core
         ---------------------------------------------------------

  ==> Geometry <==

    Molecular point group: c1
    Full point group: C1

    Geometry (in Angstrom), charge = 0, multiplicity = 1:

       Center              X                  Y                   Z               Mass       
    ------------   -----------------  -----------------  -----------------  -----------------
         C            0.066394626000     0.353096216100     0.035540873700    12.000000000000
         O            1.365958919600     0.311014318400     0.006830257100    15.994914619570
         O            2.007533083000    -0.844255348000    -0.000620389100    15.994914619570
         C           -0.710699183900    -0.880869034200    -0.000422720400    12.000000000000
         C           -2.059580577500    -0.925797674300    -0.047395769800    12.000000000000
         C           -0.548645960900     1.709935000700     0.019159380100    12.000000000000
         H           -0.247848676000    -1.883196864700     0.174400211400     1.007825032230
         H           -2.658593568000     0.011808411700    -0.152742439500     1.007825032230
         H           -2.678216979100    -1.811511189700    -0.116503012700     1.007825032230
         H            0.312440393700     2.399165470700    -0.023239726600     1.007825032230
         H           -1.193849509400     2.082587852900     0.870212540300     1.007825032230
         H           -1.209463463000     1.961026089200    -0.931842526900     1.007825032230

  Running in c1 symmetry.

  Rotational constants: A =      0.18366  B =      0.09683  C =      0.06423 [cm^-1]
  Rotational constants: A =   5506.02854  B =   2902.74198  C =   1925.64083 [MHz]
  Nuclear repulsion =  223.608822894455329

  Charge       = 0
  Multiplicity = 1
  Electrons    = 46
  Nalpha       = 23
  Nbeta        = 23

  ==> Algorithm <==

  SCF Algorithm Type is DF.
  DIIS enabled.
  MOM disabled.
  Fractional occupation disabled.
  Guess Type is SAD.
  Energy threshold   = 1.00e-07
  Density threshold  = 1.00e-07
  Integral threshold = 1.00e-12

  ==> Primary Basis <==

  Basis Set: 6-31G*
    Blend: 6-31G*
    Number of shells: 48
    Number of basis functions: 102
    Number of Cartesian functions: 102
    Spherical Harmonics?: false
    Max angular momentum: 2

  ==> DFT Potential <==

   => LibXC <=

    Version 7.0.0
    S. Lehtola, C. Steigemann, M. J.T. Oliveira, and M. A.L. Marques.,  SoftwareX 7, 1–5 (2018) (10.1016/j.softx.2017.11.002)

   => Composite Functional: WB97X-D <= 

    wB97X-D Hyb-GGA Exchange-Correlation Functional

    J.-D. Chai and M. Head-Gordon.,  Phys. Chem. Chem. Phys. 10, 6615-6620 (2008) (10.1039/B810189B)

    Deriv               =              1
    GGA                 =           TRUE
    Meta                =          FALSE

    Exchange Hybrid     =           TRUE
    MP2 Hybrid          =          FALSE

   => Exchange-Correlation Functionals <=

    1.0000   wB97X-D range-separated functional

   => Exact (HF) Exchange <=

    0.7780            HF,LR [omega = 0.2000]
    0.2220               HF 

   => LibXC Density Thresholds  <==

    XC_HYB_GGA_XC_WB97X_D:  1.00E-14 

   => Molecular Quadrature <=

    Radial Scheme          =       TREUTLER
    Pruning Scheme         =           NONE
    Nuclear Scheme         =       TREUTLER

    Blocking Scheme        =         OCTREE
    BS radius alpha        =              1
    Pruning alpha          =              1
    Radial Points          =             75
    Spherical Points       =            302
    Total Points           =         254564
    Total Blocks           =           1943
    Max Points             =            256
    Max Functions          =            100
    Weights Tolerance      =       1.00E-15

   => Loading Basis Set <=

    Name: (6-31G* AUX)
    Role: JKFIT
    Keyword: DF_BASIS_SCF
    atoms 1, 4-6 entry C          line   121 file /Users/jmsmith1/anaconda3/envs/jupyterenv/share/psi4/basis/cc-pvdz-jkfit.gbs 
    atoms 2-3    entry O          line   221 file /Users/jmsmith1/anaconda3/envs/jupyterenv/share/psi4/basis/cc-pvdz-jkfit.gbs 
    atoms 7-12   entry H          line    51 file /Users/jmsmith1/anaconda3/envs/jupyterenv/share/psi4/basis/cc-pvdz-jkfit.gbs 

  ==> Integral Setup <==

  DFHelper Memory: AOs need 0.151 GiB; user supplied 3.600 GiB. 
  SCF_SUBTYPE=INCORE selected. In-core MEM_DF algorithm will be used.
  Using in-core AOs.

  ==> MemDFJK: Density-Fitted J/K Matrices <==

    J tasked:                   Yes
    K tasked:                   Yes
    wK tasked:                  Yes
    Omega:                2.000E-01
    OpenMP threads:               4
    Memory [MiB]:              3686
    Algorithm:                 Core
    Schwarz Cutoff:           1E-12
    Mask sparsity (%):       1.6340
    Fitting Condition:        1E-10

   => Auxiliary Basis Set <=

  Basis Set: (6-31G* AUX)
    Blend: CC-PVDZ-JKFIT
    Number of shells: 198
    Number of basis functions: 636
    Number of Cartesian functions: 636
    Spherical Harmonics?: false
    Max angular momentum: 3

  Cached 100.0% of DFT collocation blocks in 0.591 [GiB].

  Minimum eigenvalue in the overlap matrix is 3.0585156681E-03.
  Reciprocal condition number of the overlap matrix is 4.4546234532E-04.
    Using symmetric orthogonalization.

  ==> Pre-Iterations <==

  SCF Guess: Superposition of Atomic Densities via on-the-fly atomic UHF (no occupation information).

   -------------------------
    Irrep   Nso     Nmo    
   -------------------------
     A        102     102 
   -------------------------
    Total     102     102
   -------------------------

  ==> Iterations <==

                           Total Energy        Delta E     RMS |[F,P]|

   @DF-RKS iter SAD:  -300.15941208861096   -3.00159e+02   0.00000e+00 
   @DF-RKS iter   1:  -296.42237180818830    3.73704e+00   3.46393e-02 DIIS/ADIIS
   @DF-RKS iter   2:  -274.09290075439145    2.23295e+01   6.48944e-02 DIIS/ADIIS
   @DF-RKS iter   3:  -304.82054990062039   -3.07276e+01   1.64213e-02 DIIS/ADIIS
   @DF-RKS iter   4:  -304.28827295071733    5.32277e-01   1.86995e-02 DIIS/ADIIS
   @DF-RKS iter   5:  -306.09609250332437   -1.80782e+00   4.04780e-03 DIIS/ADIIS
   @DF-RKS iter   6:  -306.16840251047751   -7.23100e-02   2.12711e-03 DIIS/ADIIS
   @DF-RKS iter   7:  -306.19097147504351   -2.25690e-02   2.74881e-04 DIIS/ADIIS
   @DF-RKS iter   8:  -306.19158052647953   -6.09051e-04   1.18533e-04 DIIS/ADIIS
   @DF-RKS iter   9:  -306.19167293002272   -9.24035e-05   5.67269e-05 DIIS
   @DF-RKS iter  10:  -306.19168939749250   -1.64675e-05   1.74179e-05 DIIS
   @DF-RKS iter  11:  -306.19169044631906   -1.04883e-06   1.22720e-05 DIIS
   @DF-RKS iter  12:  -306.19169114500608   -6.98687e-07   4.63323e-06 DIIS
   @DF-RKS iter  13:  -306.19169129198127   -1.46975e-07   7.42431e-07 DIIS
   @DF-RKS iter  14:  -306.19169129645110   -4.46983e-09   1.04555e-07 DIIS
   @DF-RKS iter  15:  -306.19169129659207   -1.40972e-10   5.11605e-08 DIIS
  Energy and wave function converged.


  ==> Post-Iterations <==

   Electrons on quadrature grid:
      Ntotal   =   45.9999711089 ; deviation = -2.889e-05 

    Orbital Energies [Eh]
    ---------------------

    Doubly Occupied:                                                      

       1A    -19.417780     2A    -19.250960     3A    -10.412444  
       4A    -10.341405     5A    -10.337778     6A    -10.335037  
       7A     -1.290343     8A     -0.996985     9A     -0.904908  
      10A     -0.838820    11A     -0.748578    12A     -0.644007  
      13A     -0.616069    14A     -0.593807    15A     -0.579962  
      16A     -0.535407    17A     -0.500651    18A     -0.494817  
      19A     -0.492262    20A     -0.452048    21A     -0.394368  
      22A     -0.307134    23A     -0.292522  

    Virtual:                                                              

      24A     -0.025892    25A      0.110179    26A      0.156185  
      27A      0.170928    28A      0.206498    29A      0.226816  
      30A      0.230217    31A      0.240051    32A      0.258810  
      33A      0.310734    34A      0.348829    35A      0.416822  
      36A      0.442351    37A      0.557838    38A      0.584628  
      39A      0.610704    40A      0.655620    41A      0.659693  
      42A      0.684220    43A      0.704359    44A      0.723760  
      45A      0.748492    46A      0.792441    47A      0.817075  
      48A      0.881213    49A      0.898107    50A      0.909263  
      51A      0.920403    52A      0.945738    53A      0.963745  
      54A      0.983128    55A      1.022197    56A      1.029701  
      57A      1.047880    58A      1.117891    59A      1.135979  
      60A      1.174469    61A      1.203461    62A      1.246740  
      63A      1.360413    64A      1.392301    65A      1.418108  
      66A      1.440729    67A      1.513806    68A      1.605835  
      69A      1.646207    70A      1.689304    71A      1.753480  
      72A      1.795742    73A      1.855322    74A      1.900639  
      75A      1.927683    76A      1.937227    77A      1.974996  
      78A      2.001768    79A      2.070829    80A      2.119357  
      81A      2.157915    82A      2.208811    83A      2.292579  
      84A      2.323556    85A      2.348640    86A      2.420363  
      87A      2.455574    88A      2.539947    89A      2.570984  
      90A      2.586772    91A      2.707336    92A      2.771518  
      93A      2.931851    94A      2.939856    95A      3.156523  
      96A      3.258050    97A      3.615389    98A      4.104486  
      99A      4.165233   100A      4.256720   101A      4.341921  
     102A      4.613304  

    Final Occupation by Irrep:
              A 
    DOCC [    23 ]
    NA   [    23 ]
    NB   [    23 ]

  @DF-RKS Final Energy:  -306.19169129659207

   => Energetics <=

    Nuclear Repulsion Energy =            223.6088228944553293
    One-Electron Energy =                -858.8670429826495365
    Two-Electron Energy =                 357.2953049179846516
    DFT Exchange-Correlation Energy =     -28.2244284054441508
    Empirical Dispersion Energy =          -0.0043477209383465
    VV10 Nonlocal Energy =                  0.0000000000000000
    Total Energy =                       -306.1916912965920687

Computation Completed


Properties will be evaluated at   0.000000,   0.000000,   0.000000 [a0]

Properties computed using the SCF density matrix


 Multipole Moments:

 ------------------------------------------------------------------------------------
     Multipole            Electronic (a.u.)      Nuclear  (a.u.)        Total (a.u.)
 ------------------------------------------------------------------------------------

 L = 1.  Multiply by 2.5417464519 to convert [e a0] to [Debye]
 Dipole X            :         -1.4883768           -0.3832031           -1.8715800
 Dipole Y            :          0.6677945            0.0607331            0.7285276
 Dipole Z            :          0.1845961           -0.1677046            0.0168915
 Magnitude           :                                                    2.0084445

 ------------------------------------------------------------------------------------

*** tstop() called on cst14372 at Tue Apr 21 10:05:09 2026
Module time:
	user time   =      25.48 seconds =       0.42 minutes
	system time =       0.35 seconds =       0.01 minutes
	total time  =         12 seconds =       0.20 minutes
Total time:
	user time   =     482.75 seconds =       8.05 minutes
	system time =       7.97 seconds =       0.13 minutes
	total time  =        233 seconds =       3.88 minutes

Scratch directory: /tmp/
gradient() will perform analytic gradient computation.

*** tstart() called on cst14372
*** at Tue Apr 21 10:05:09 2026


         ------------------------------------------------------------
                                   SCF GRAD                          
                          Rob Parrish, Justin Turney,                
                       Andy Simmonett, and Alex Sokolov              
         ------------------------------------------------------------

  ==> Geometry <==

    Molecular point group: c1
    Full point group: C1

    Geometry (in Angstrom), charge = 0, multiplicity = 1:

       Center              X                  Y                   Z               Mass       
    ------------   -----------------  -----------------  -----------------  -----------------
         C            0.066394626000     0.353096216100     0.035540873700    12.000000000000
         O            1.365958919600     0.311014318400     0.006830257100    15.994914619570
         O            2.007533083000    -0.844255348000    -0.000620389100    15.994914619570
         C           -0.710699183900    -0.880869034200    -0.000422720400    12.000000000000
         C           -2.059580577500    -0.925797674300    -0.047395769800    12.000000000000
         C           -0.548645960900     1.709935000700     0.019159380100    12.000000000000
         H           -0.247848676000    -1.883196864700     0.174400211400     1.007825032230
         H           -2.658593568000     0.011808411700    -0.152742439500     1.007825032230
         H           -2.678216979100    -1.811511189700    -0.116503012700     1.007825032230
         H            0.312440393700     2.399165470700    -0.023239726600     1.007825032230
         H           -1.193849509400     2.082587852900     0.870212540300     1.007825032230
         H           -1.209463463000     1.961026089200    -0.931842526900     1.007825032230

  Nuclear repulsion =  223.608822894455329

  ==> Basis Set <==

  Basis Set: 6-31G*
    Blend: 6-31G*
    Number of shells: 48
    Number of basis functions: 102
    Number of Cartesian functions: 102
    Spherical Harmonics?: false
    Max angular momentum: 2

  ==> DFJKGrad: Density-Fitted SCF Gradients <==

    Gradient:                    1
    J tasked:                  Yes
    K tasked:                  Yes
    wK tasked:                 Yes
    Omega:               2.000E-01
    OpenMP threads:              4
    Integrals threads:           4
    Memory [MiB]:             4291
    Schwarz Cutoff:          1E-12
    Fitting Condition:       1E-10

   => Auxiliary Basis Set <=

  Basis Set: (6-31G* AUX)
    Blend: CC-PVDZ-JKFIT
    Number of shells: 198
    Number of basis functions: 636
    Number of Cartesian functions: 636
    Spherical Harmonics?: false
    Max angular momentum: 3

  ==> DFT Potential <==

   => LibXC <=

    Version 7.0.0
    S. Lehtola, C. Steigemann, M. J.T. Oliveira, and M. A.L. Marques.,  SoftwareX 7, 1–5 (2018) (10.1016/j.softx.2017.11.002)

   => Composite Functional: WB97X-D <= 

    wB97X-D Hyb-GGA Exchange-Correlation Functional

    J.-D. Chai and M. Head-Gordon.,  Phys. Chem. Chem. Phys. 10, 6615-6620 (2008) (10.1039/B810189B)

    Deriv               =              1
    GGA                 =           TRUE
    Meta                =          FALSE

    Exchange Hybrid     =           TRUE
    MP2 Hybrid          =          FALSE

   => Exchange-Correlation Functionals <=

    1.0000   wB97X-D range-separated functional

   => Exact (HF) Exchange <=

    0.7780            HF,LR [omega = 0.2000]
    0.2220               HF 

   => LibXC Density Thresholds  <==

    XC_HYB_GGA_XC_WB97X_D:  1.00E-14 

   => Molecular Quadrature <=

    Radial Scheme          =       TREUTLER
    Pruning Scheme         =           NONE
    Nuclear Scheme         =       TREUTLER

    Blocking Scheme        =         OCTREE
    BS radius alpha        =              1
    Pruning alpha          =              1
    Radial Points          =             75
    Spherical Points       =            302
    Total Points           =         254564
    Total Blocks           =           1943
    Max Points             =            256
    Max Functions          =            100
    Weights Tolerance      =       1.00E-15


  -Total Gradient:
     Atom            X                  Y                   Z
    ------   -----------------  -----------------  -----------------
       1        0.000292472671     0.021611257414     0.002497573834
       2        0.030183100834    -0.017037986564    -0.004105865419
       3       -0.001643724865     0.008505415048     0.000942193441
       4        0.011774655634     0.032673435777    -0.018245179999
       5        0.004859995949    -0.038785027333     0.012742584272
       6        0.013356420895    -0.041060040322     0.025661580847
       7       -0.006542297791    -0.025300690656     0.009750854803
       8       -0.009929815084     0.012885147843    -0.002408150571
       9       -0.007762250825     0.007163046094    -0.005261410315
      10        0.006834296952    -0.000980023610     0.000758427378
      11       -0.014257595305     0.022206643029     0.008920775733
      12       -0.027260463232     0.018092638811    -0.031651399016


*** tstop() called on cst14372 at Tue Apr 21 10:05:11 2026
Module time:
	user time   =       3.75 seconds =       0.06 minutes
	system time =       0.06 seconds =       0.00 minutes
	total time  =          2 seconds =       0.03 minutes
Total time:
	user time   =     486.51 seconds =       8.11 minutes
	system time =       8.03 seconds =       0.13 minutes
	total time  =        235 seconds =       3.92 minutes

Scratch directory: /tmp/
   => Libint2 <=

    Primary   basis highest AM E, G, H:  6, 6, 3
    Auxiliary basis highest AM E, G, H:  7, 7, 4
    Onebody   basis highest AM E, G, H:  -, -, -
    Solid Harmonics ordering:            Gaussian

*** tstart() called on cst14372
*** at Tue Apr 21 10:05:11 2026

   => Loading Basis Set <=

    Name: 6-31G*
    Role: ORBITAL
    Keyword: BASIS
    atoms 1, 4-6 entry C          line   111 file /Users/jmsmith1/anaconda3/envs/jupyterenv/share/psi4/basis/6-31gs.gbs 
    atoms 2-3    entry O          line   145 file /Users/jmsmith1/anaconda3/envs/jupyterenv/share/psi4/basis/6-31gs.gbs 
    atoms 7-12   entry H          line    44 file /Users/jmsmith1/anaconda3/envs/jupyterenv/share/psi4/basis/6-31gs.gbs 

   => WB97X-D: Empirical Dispersion <=

    Chai and Head-Gordon Dispersion Correction
    Chai, J.-D.; Head-Gordon, M. (2010), J. Chem. Phys., 132: 6615-6620

        s6 =       1.000000


         ---------------------------------------------------------
                                   SCF
               by Justin Turney, Rob Parrish, Andy Simmonett
                          and Daniel G. A. Smith
                              RKS Reference
                        4 Threads,   5722 MiB Core
         ---------------------------------------------------------

  ==> Geometry <==

    Molecular point group: c1
    Full point group: C1

    Geometry (in Angstrom), charge = 0, multiplicity = 1:

       Center              X                  Y                   Z               Mass       
    ------------   -----------------  -----------------  -----------------  -----------------
         C            0.066445987500     0.353068614900     0.037906826700    12.000000000000
         O            1.367361102900     0.311728358500     0.007342089600    15.994914619570
         O            2.009636525300    -0.841987451100    -0.000674375600    15.994914619570
         C           -0.710739159200    -0.882106396200    -0.000143028200    12.000000000000
         C           -2.060352623700    -0.928036830000    -0.050813328800    12.000000000000
         C           -0.551784004700     1.709658609400     0.019903315500    12.000000000000
         H           -0.255751806600    -1.883723658700     0.184236765000     1.007825032230
         H           -2.656707897700     0.006461588100    -0.162572543500     1.007825032230
         H           -2.682417464200    -1.813527423200    -0.123379801000     1.007825032230
         H            0.311736190400     2.394841761500    -0.025027643600     1.007825032230
         H           -1.194325859200     2.091419614700     0.866443119400     1.007825032230
         H           -1.207210119500     1.962200617300    -0.926171493600     1.007825032230

  Running in c1 symmetry.

  Rotational constants: A =      0.18359  B =      0.09667  C =      0.06415 [cm^-1]
  Rotational constants: A =   5503.96307  B =   2897.98100  C =   1923.19723 [MHz]
  Nuclear repulsion =  223.538721604394880

  Charge       = 0
  Multiplicity = 1
  Electrons    = 46
  Nalpha       = 23
  Nbeta        = 23

  ==> Algorithm <==

  SCF Algorithm Type is DF.
  DIIS enabled.
  MOM disabled.
  Fractional occupation disabled.
  Guess Type is SAD.
  Energy threshold   = 1.00e-07
  Density threshold  = 1.00e-07
  Integral threshold = 1.00e-12

  ==> Primary Basis <==

  Basis Set: 6-31G*
    Blend: 6-31G*
    Number of shells: 48
    Number of basis functions: 102
    Number of Cartesian functions: 102
    Spherical Harmonics?: false
    Max angular momentum: 2

  ==> DFT Potential <==

   => LibXC <=

    Version 7.0.0
    S. Lehtola, C. Steigemann, M. J.T. Oliveira, and M. A.L. Marques.,  SoftwareX 7, 1–5 (2018) (10.1016/j.softx.2017.11.002)

   => Composite Functional: WB97X-D <= 

    wB97X-D Hyb-GGA Exchange-Correlation Functional

    J.-D. Chai and M. Head-Gordon.,  Phys. Chem. Chem. Phys. 10, 6615-6620 (2008) (10.1039/B810189B)

    Deriv               =              1
    GGA                 =           TRUE
    Meta                =          FALSE

    Exchange Hybrid     =           TRUE
    MP2 Hybrid          =          FALSE

   => Exchange-Correlation Functionals <=

    1.0000   wB97X-D range-separated functional

   => Exact (HF) Exchange <=

    0.7780            HF,LR [omega = 0.2000]
    0.2220               HF 

   => LibXC Density Thresholds  <==

    XC_HYB_GGA_XC_WB97X_D:  1.00E-14 

   => Molecular Quadrature <=

    Radial Scheme          =       TREUTLER
    Pruning Scheme         =           NONE
    Nuclear Scheme         =       TREUTLER

    Blocking Scheme        =         OCTREE
    BS radius alpha        =              1
    Pruning alpha          =              1
    Radial Points          =             75
    Spherical Points       =            302
    Total Points           =         254584
    Total Blocks           =           1938
    Max Points             =            256
    Max Functions          =            100
    Weights Tolerance      =       1.00E-15

   => Loading Basis Set <=

    Name: (6-31G* AUX)
    Role: JKFIT
    Keyword: DF_BASIS_SCF
    atoms 1, 4-6 entry C          line   121 file /Users/jmsmith1/anaconda3/envs/jupyterenv/share/psi4/basis/cc-pvdz-jkfit.gbs 
    atoms 2-3    entry O          line   221 file /Users/jmsmith1/anaconda3/envs/jupyterenv/share/psi4/basis/cc-pvdz-jkfit.gbs 
    atoms 7-12   entry H          line    51 file /Users/jmsmith1/anaconda3/envs/jupyterenv/share/psi4/basis/cc-pvdz-jkfit.gbs 

  ==> Integral Setup <==

  DFHelper Memory: AOs need 0.151 GiB; user supplied 3.600 GiB. 
  SCF_SUBTYPE=INCORE selected. In-core MEM_DF algorithm will be used.
  Using in-core AOs.

  ==> MemDFJK: Density-Fitted J/K Matrices <==

    J tasked:                   Yes
    K tasked:                   Yes
    wK tasked:                  Yes
    Omega:                2.000E-01
    OpenMP threads:               4
    Memory [MiB]:              3686
    Algorithm:                 Core
    Schwarz Cutoff:           1E-12
    Mask sparsity (%):       1.6724
    Fitting Condition:        1E-10

   => Auxiliary Basis Set <=

  Basis Set: (6-31G* AUX)
    Blend: CC-PVDZ-JKFIT
    Number of shells: 198
    Number of basis functions: 636
    Number of Cartesian functions: 636
    Spherical Harmonics?: false
    Max angular momentum: 3

  Cached 100.0% of DFT collocation blocks in 0.591 [GiB].

  Minimum eigenvalue in the overlap matrix is 3.0759003513E-03.
  Reciprocal condition number of the overlap matrix is 4.4820081682E-04.
    Using symmetric orthogonalization.

  ==> Pre-Iterations <==

  SCF Guess: Superposition of Atomic Densities via on-the-fly atomic UHF (no occupation information).

   -------------------------
    Irrep   Nso     Nmo    
   -------------------------
     A        102     102 
   -------------------------
    Total     102     102
   -------------------------

  ==> Iterations <==

                           Total Energy        Delta E     RMS |[F,P]|

   @DF-RKS iter SAD:  -300.16478170559753   -3.00165e+02   0.00000e+00 
   @DF-RKS iter   1:  -296.42851239942348    3.73627e+00   3.46285e-02 DIIS/ADIIS
   @DF-RKS iter   2:  -273.93827033733913    2.24902e+01   6.50129e-02 DIIS/ADIIS
   @DF-RKS iter   3:  -304.77575083556997   -3.08375e+01   1.66717e-02 DIIS/ADIIS
   @DF-RKS iter   4:  -304.00296883856612    7.72782e-01   2.00061e-02 DIIS/ADIIS
   @DF-RKS iter   5:  -306.09780095986673   -2.09483e+00   3.94053e-03 DIIS/ADIIS
   @DF-RKS iter   6:  -306.16491089182807   -6.71099e-02   2.27588e-03 DIIS/ADIIS
   @DF-RKS iter   7:  -306.19055979208571   -2.56489e-02   3.00463e-04 DIIS/ADIIS
   @DF-RKS iter   8:  -306.19118139502655   -6.21603e-04   1.71817e-04 DIIS/ADIIS
   @DF-RKS iter   9:  -306.19134248988979   -1.61095e-04   8.92001e-05 DIIS
   @DF-RKS iter  10:  -306.19137860527485   -3.61154e-05   2.35293e-05 DIIS
   @DF-RKS iter  11:  -306.19138110577416   -2.50050e-06   1.53598e-05 DIIS
   @DF-RKS iter  12:  -306.19138233542969   -1.22966e-06   6.59083e-06 DIIS
   @DF-RKS iter  13:  -306.19138260444674   -2.69017e-07   7.11666e-07 DIIS
   @DF-RKS iter  14:  -306.19138260801594   -3.56920e-09   2.72516e-07 DIIS
   @DF-RKS iter  15:  -306.19138260849172   -4.75779e-10   7.80945e-08 DIIS
  Energy and wave function converged.


  ==> Post-Iterations <==

   Electrons on quadrature grid:
      Ntotal   =   45.9999711961 ; deviation = -2.880e-05 

    Orbital Energies [Eh]
    ---------------------

    Doubly Occupied:                                                      

       1A    -19.418128     2A    -19.251327     3A    -10.412766  
       4A    -10.340650     5A    -10.337616     6A    -10.335059  
       7A     -1.290627     8A     -0.996955     9A     -0.904689  
      10A     -0.839154    11A     -0.748485    12A     -0.644614  
      13A     -0.616162    14A     -0.594206    15A     -0.579906  
      16A     -0.535318    17A     -0.500909    18A     -0.495290  
      19A     -0.491946    20A     -0.452126    21A     -0.394182  
      22A     -0.307330    23A     -0.292589  

    Virtual:                                                              

      24A     -0.026028    25A      0.109768    26A      0.157177  
      27A      0.170942    28A      0.207006    29A      0.227550  
      30A      0.230927    31A      0.240373    32A      0.258731  
      33A      0.310278    34A      0.348386    35A      0.417080  
      36A      0.442372    37A      0.557890    38A      0.584307  
      39A      0.610433    40A      0.655053    41A      0.658854  
      42A      0.684486    43A      0.704159    44A      0.722652  
      45A      0.748374    46A      0.793037    47A      0.818583  
      48A      0.882598    49A      0.898760    50A      0.909848  
      51A      0.920835    52A      0.945649    53A      0.963009  
      54A      0.984094    55A      1.021929    56A      1.029894  
      57A      1.048335    58A      1.116938    59A      1.135604  
      60A      1.173395    61A      1.202883    62A      1.244589  
      63A      1.359517    64A      1.391513    65A      1.418238  
      66A      1.441730    67A      1.512167    68A      1.606979  
      69A      1.647038    70A      1.689133    71A      1.753922  
      72A      1.793459    73A      1.854633    74A      1.898167  
      75A      1.926509    76A      1.936527    77A      1.973235  
      78A      2.001300    79A      2.070545    80A      2.120263  
      81A      2.160685    82A      2.209344    83A      2.293736  
      84A      2.326120    85A      2.349219    86A      2.419863  
      87A      2.455478    88A      2.538696    89A      2.571491  
      90A      2.586287    91A      2.707412    92A      2.771364  
      93A      2.930864    94A      2.938749    95A      3.154438  
      96A      3.256518    97A      3.614521    98A      4.104249  
      99A      4.164436   100A      4.256548   101A      4.341439  
     102A      4.612466  

    Final Occupation by Irrep:
              A 
    DOCC [    23 ]
    NA   [    23 ]
    NB   [    23 ]

  @DF-RKS Final Energy:  -306.19138260849172

   => Energetics <=

    Nuclear Repulsion Energy =            223.5387216043948797
    One-Electron Energy =                -858.7214765035561186
    Two-Electron Energy =                 357.2214240733058546
    DFT Exchange-Correlation Energy =     -28.2257125236542343
    Empirical Dispersion Energy =          -0.0043392589821481
    VV10 Nonlocal Energy =                  0.0000000000000000
    Total Energy =                       -306.1913826084917218

Computation Completed


Properties will be evaluated at   0.000000,   0.000000,   0.000000 [a0]

Properties computed using the SCF density matrix


 Multipole Moments:

 ------------------------------------------------------------------------------------
     Multipole            Electronic (a.u.)      Nuclear  (a.u.)        Total (a.u.)
 ------------------------------------------------------------------------------------

 L = 1.  Multiply by 2.5417464519 to convert [e a0] to [Debye]
 Dipole X            :         -1.4790592           -0.3916925           -1.8707517
 Dipole Y            :          0.6694893            0.0587776            0.7282669
 Dipole Z            :          0.1900932           -0.1738684            0.0162248
 Magnitude           :                                                    2.0075726

 ------------------------------------------------------------------------------------

*** tstop() called on cst14372 at Tue Apr 21 10:05:23 2026
Module time:
	user time   =      25.47 seconds =       0.42 minutes
	system time =       0.33 seconds =       0.01 minutes
	total time  =         12 seconds =       0.20 minutes
Total time:
	user time   =     512.00 seconds =       8.53 minutes
	system time =       8.37 seconds =       0.14 minutes
	total time  =        247 seconds =       4.12 minutes

Scratch directory: /tmp/
gradient() will perform analytic gradient computation.

*** tstart() called on cst14372
*** at Tue Apr 21 10:05:23 2026


         ------------------------------------------------------------
                                   SCF GRAD                          
                          Rob Parrish, Justin Turney,                
                       Andy Simmonett, and Alex Sokolov              
         ------------------------------------------------------------

  ==> Geometry <==

    Molecular point group: c1
    Full point group: C1

    Geometry (in Angstrom), charge = 0, multiplicity = 1:

       Center              X                  Y                   Z               Mass       
    ------------   -----------------  -----------------  -----------------  -----------------
         C            0.066445987500     0.353068614900     0.037906826700    12.000000000000
         O            1.367361102900     0.311728358500     0.007342089600    15.994914619570
         O            2.009636525300    -0.841987451100    -0.000674375600    15.994914619570
         C           -0.710739159200    -0.882106396200    -0.000143028200    12.000000000000
         C           -2.060352623700    -0.928036830000    -0.050813328800    12.000000000000
         C           -0.551784004700     1.709658609400     0.019903315500    12.000000000000
         H           -0.255751806600    -1.883723658700     0.184236765000     1.007825032230
         H           -2.656707897700     0.006461588100    -0.162572543500     1.007825032230
         H           -2.682417464200    -1.813527423200    -0.123379801000     1.007825032230
         H            0.311736190400     2.394841761500    -0.025027643600     1.007825032230
         H           -1.194325859200     2.091419614700     0.866443119400     1.007825032230
         H           -1.207210119500     1.962200617300    -0.926171493600     1.007825032230

  Nuclear repulsion =  223.538721604394880

  ==> Basis Set <==

  Basis Set: 6-31G*
    Blend: 6-31G*
    Number of shells: 48
    Number of basis functions: 102
    Number of Cartesian functions: 102
    Spherical Harmonics?: false
    Max angular momentum: 2

  ==> DFJKGrad: Density-Fitted SCF Gradients <==

    Gradient:                    1
    J tasked:                  Yes
    K tasked:                  Yes
    wK tasked:                 Yes
    Omega:               2.000E-01
    OpenMP threads:              4
    Integrals threads:           4
    Memory [MiB]:             4291
    Schwarz Cutoff:          1E-12
    Fitting Condition:       1E-10

   => Auxiliary Basis Set <=

  Basis Set: (6-31G* AUX)
    Blend: CC-PVDZ-JKFIT
    Number of shells: 198
    Number of basis functions: 636
    Number of Cartesian functions: 636
    Spherical Harmonics?: false
    Max angular momentum: 3

  ==> DFT Potential <==

   => LibXC <=

    Version 7.0.0
    S. Lehtola, C. Steigemann, M. J.T. Oliveira, and M. A.L. Marques.,  SoftwareX 7, 1–5 (2018) (10.1016/j.softx.2017.11.002)

   => Composite Functional: WB97X-D <= 

    wB97X-D Hyb-GGA Exchange-Correlation Functional

    J.-D. Chai and M. Head-Gordon.,  Phys. Chem. Chem. Phys. 10, 6615-6620 (2008) (10.1039/B810189B)

    Deriv               =              1
    GGA                 =           TRUE
    Meta                =          FALSE

    Exchange Hybrid     =           TRUE
    MP2 Hybrid          =          FALSE

   => Exchange-Correlation Functionals <=

    1.0000   wB97X-D range-separated functional

   => Exact (HF) Exchange <=

    0.7780            HF,LR [omega = 0.2000]
    0.2220               HF 

   => LibXC Density Thresholds  <==

    XC_HYB_GGA_XC_WB97X_D:  1.00E-14 

   => Molecular Quadrature <=

    Radial Scheme          =       TREUTLER
    Pruning Scheme         =           NONE
    Nuclear Scheme         =       TREUTLER

    Blocking Scheme        =         OCTREE
    BS radius alpha        =              1
    Pruning alpha          =              1
    Radial Points          =             75
    Spherical Points       =            302
    Total Points           =         254584
    Total Blocks           =           1938
    Max Points             =            256
    Max Functions          =            100
    Weights Tolerance      =       1.00E-15


  -Total Gradient:
     Atom            X                  Y                   Z
    ------   -----------------  -----------------  -----------------
       1        0.000542111469     0.022280002835     0.002697348447
       2        0.031830131248    -0.017836086956    -0.004372816320
       3       -0.001717213098     0.009004551054     0.000985849067
       4        0.013307132757     0.031729265022    -0.018947410076
       5        0.004093307397    -0.036991815325     0.013348828459
       6        0.010533832884    -0.040722084725     0.024999867272
       7       -0.008006341184    -0.024127401810     0.010002039950
       8       -0.008847730651     0.011072917034    -0.002355623783
       9       -0.008870747007     0.006313120193    -0.005618321786
      10        0.006569778554    -0.001604039903     0.000704360919
      11       -0.013738162685     0.022665652303     0.007544356209
      12       -0.025807890360     0.018153439719    -0.029345574645


*** tstop() called on cst14372 at Tue Apr 21 10:05:25 2026
Module time:
	user time   =       3.78 seconds =       0.06 minutes
	system time =       0.08 seconds =       0.00 minutes
	total time  =          2 seconds =       0.03 minutes
Total time:
	user time   =     515.80 seconds =       8.60 minutes
	system time =       8.45 seconds =       0.14 minutes
	total time  =        249 seconds =       4.15 minutes

Scratch directory: /tmp/
   => Libint2 <=

    Primary   basis highest AM E, G, H:  6, 6, 3
    Auxiliary basis highest AM E, G, H:  7, 7, 4
    Onebody   basis highest AM E, G, H:  -, -, -
    Solid Harmonics ordering:            Gaussian

*** tstart() called on cst14372
*** at Tue Apr 21 10:05:25 2026

   => Loading Basis Set <=

    Name: 6-31G*
    Role: ORBITAL
    Keyword: BASIS
    atoms 1, 4-6 entry C          line   111 file /Users/jmsmith1/anaconda3/envs/jupyterenv/share/psi4/basis/6-31gs.gbs 
    atoms 2-3    entry O          line   145 file /Users/jmsmith1/anaconda3/envs/jupyterenv/share/psi4/basis/6-31gs.gbs 
    atoms 7-12   entry H          line    44 file /Users/jmsmith1/anaconda3/envs/jupyterenv/share/psi4/basis/6-31gs.gbs 

   => WB97X-D: Empirical Dispersion <=

    Chai and Head-Gordon Dispersion Correction
    Chai, J.-D.; Head-Gordon, M. (2010), J. Chem. Phys., 132: 6615-6620

        s6 =       1.000000


         ---------------------------------------------------------
                                   SCF
               by Justin Turney, Rob Parrish, Andy Simmonett
                          and Daniel G. A. Smith
                              RKS Reference
                        4 Threads,   5722 MiB Core
         ---------------------------------------------------------

  ==> Geometry <==

    Molecular point group: c1
    Full point group: C1

    Geometry (in Angstrom), charge = 0, multiplicity = 1:

       Center              X                  Y                   Z               Mass       
    ------------   -----------------  -----------------  -----------------  -----------------
         C            0.066495906800     0.352976435200     0.040270837500    12.000000000000
         O            1.368697574600     0.312482939700     0.007864696700    15.994914619570
         O            2.011748916900    -0.839733502900    -0.000730638900    15.994914619570
         C           -0.710817763400    -0.883438696600     0.000192218400    12.000000000000
         C           -2.061138436500    -0.930174431900    -0.054278014000    12.000000000000
         C           -0.554960330900     1.709499440400     0.020576710700    12.000000000000
         H           -0.263398311400    -1.883419341300     0.193752634200     1.007825032230
         H           -2.654512295900     0.000719478000    -0.172345755700     1.007825032230
         H           -2.686322317900    -1.815766465600    -0.130079807000     1.007825032230
         H            0.310803577200     2.390562670200    -0.026844295900     1.007825032230
         H           -1.194329410900     2.099491293800     0.862404062800     1.007825032230
         H           -1.204060791300     1.962751747700    -0.919473946200     1.007825032230

  Running in c1 symmetry.

  Rotational constants: A =      0.18353  B =      0.09651  C =      0.06407 [cm^-1]
  Rotational constants: A =   5502.16296  B =   2893.36749  C =   1920.82432 [MHz]
  Nuclear repulsion =  223.480846234617161

  Charge       = 0
  Multiplicity = 1
  Electrons    = 46
  Nalpha       = 23
  Nbeta        = 23

  ==> Algorithm <==

  SCF Algorithm Type is DF.
  DIIS enabled.
  MOM disabled.
  Fractional occupation disabled.
  Guess Type is SAD.
  Energy threshold   = 1.00e-07
  Density threshold  = 1.00e-07
  Integral threshold = 1.00e-12

  ==> Primary Basis <==

  Basis Set: 6-31G*
    Blend: 6-31G*
    Number of shells: 48
    Number of basis functions: 102
    Number of Cartesian functions: 102
    Spherical Harmonics?: false
    Max angular momentum: 2

  ==> DFT Potential <==

   => LibXC <=

    Version 7.0.0
    S. Lehtola, C. Steigemann, M. J.T. Oliveira, and M. A.L. Marques.,  SoftwareX 7, 1–5 (2018) (10.1016/j.softx.2017.11.002)

   => Composite Functional: WB97X-D <= 

    wB97X-D Hyb-GGA Exchange-Correlation Functional

    J.-D. Chai and M. Head-Gordon.,  Phys. Chem. Chem. Phys. 10, 6615-6620 (2008) (10.1039/B810189B)

    Deriv               =              1
    GGA                 =           TRUE
    Meta                =          FALSE

    Exchange Hybrid     =           TRUE
    MP2 Hybrid          =          FALSE

   => Exchange-Correlation Functionals <=

    1.0000   wB97X-D range-separated functional

   => Exact (HF) Exchange <=

    0.7780            HF,LR [omega = 0.2000]
    0.2220               HF 

   => LibXC Density Thresholds  <==

    XC_HYB_GGA_XC_WB97X_D:  1.00E-14 

   => Molecular Quadrature <=

    Radial Scheme          =       TREUTLER
    Pruning Scheme         =           NONE
    Nuclear Scheme         =       TREUTLER

    Blocking Scheme        =         OCTREE
    BS radius alpha        =              1
    Pruning alpha          =              1
    Radial Points          =             75
    Spherical Points       =            302
    Total Points           =         254583
    Total Blocks           =           1940
    Max Points             =            256
    Max Functions          =            100
    Weights Tolerance      =       1.00E-15

   => Loading Basis Set <=

    Name: (6-31G* AUX)
    Role: JKFIT
    Keyword: DF_BASIS_SCF
    atoms 1, 4-6 entry C          line   121 file /Users/jmsmith1/anaconda3/envs/jupyterenv/share/psi4/basis/cc-pvdz-jkfit.gbs 
    atoms 2-3    entry O          line   221 file /Users/jmsmith1/anaconda3/envs/jupyterenv/share/psi4/basis/cc-pvdz-jkfit.gbs 
    atoms 7-12   entry H          line    51 file /Users/jmsmith1/anaconda3/envs/jupyterenv/share/psi4/basis/cc-pvdz-jkfit.gbs 

  ==> Integral Setup <==

  DFHelper Memory: AOs need 0.151 GiB; user supplied 3.600 GiB. 
  SCF_SUBTYPE=INCORE selected. In-core MEM_DF algorithm will be used.
  Using in-core AOs.

  ==> MemDFJK: Density-Fitted J/K Matrices <==

    J tasked:                   Yes
    K tasked:                   Yes
    wK tasked:                  Yes
    Omega:                2.000E-01
    OpenMP threads:               4
    Memory [MiB]:              3686
    Algorithm:                 Core
    Schwarz Cutoff:           1E-12
    Mask sparsity (%):       1.6724
    Fitting Condition:        1E-10

   => Auxiliary Basis Set <=

  Basis Set: (6-31G* AUX)
    Blend: CC-PVDZ-JKFIT
    Number of shells: 198
    Number of basis functions: 636
    Number of Cartesian functions: 636
    Spherical Harmonics?: false
    Max angular momentum: 3

  Cached 100.0% of DFT collocation blocks in 0.591 [GiB].

  Minimum eigenvalue in the overlap matrix is 3.0932988402E-03.
  Reciprocal condition number of the overlap matrix is 4.5089437087E-04.
    Using symmetric orthogonalization.

  ==> Pre-Iterations <==

  SCF Guess: Superposition of Atomic Densities via on-the-fly atomic UHF (no occupation information).

   -------------------------
    Irrep   Nso     Nmo    
   -------------------------
     A        102     102 
   -------------------------
    Total     102     102
   -------------------------

  ==> Iterations <==

                           Total Energy        Delta E     RMS |[F,P]|

   @DF-RKS iter SAD:  -300.17245586408546   -3.00172e+02   0.00000e+00 
   @DF-RKS iter   1:  -296.43789681387398    3.73456e+00   3.46160e-02 DIIS/ADIIS
   @DF-RKS iter   2:  -273.83242911122358    2.26055e+01   6.50156e-02 DIIS/ADIIS
   @DF-RKS iter   3:  -304.73860483498163   -3.09062e+01   1.68890e-02 DIIS/ADIIS
   @DF-RKS iter   4:  -303.72474170087298    1.01386e+00   2.11298e-02 DIIS/ADIIS
   @DF-RKS iter   5:  -306.09772368815970   -2.37298e+00   3.88476e-03 DIIS/ADIIS
   @DF-RKS iter   6:  -306.16257787390350   -6.48542e-02   2.37133e-03 DIIS/ADIIS
   @DF-RKS iter   7:  -306.19027226407945   -2.76944e-02   3.32611e-04 DIIS/ADIIS
   @DF-RKS iter   8:  -306.19091787343848   -6.45609e-04   2.18465e-04 DIIS/ADIIS
   @DF-RKS iter   9:  -306.19116923758071   -2.51364e-04   9.03009e-05 DIIS
   @DF-RKS iter  10:  -306.19120940734530   -4.01698e-05   2.80573e-05 DIIS
   @DF-RKS iter  11:  -306.19121281389619   -3.40655e-06   1.98631e-05 DIIS
   @DF-RKS iter  12:  -306.19121489985179   -2.08596e-06   7.30655e-06 DIIS
   @DF-RKS iter  13:  -306.19121521782665   -3.17975e-07   7.81501e-07 DIIS
   @DF-RKS iter  14:  -306.19121522125533   -3.42868e-09   3.52653e-07 DIIS
   @DF-RKS iter  15:  -306.19121522196843   -7.13101e-10   8.39987e-08 DIIS
  Energy and wave function converged.


  ==> Post-Iterations <==

   Electrons on quadrature grid:
      Ntotal   =   45.9999710883 ; deviation = -2.891e-05 

    Orbital Energies [Eh]
    ---------------------

    Doubly Occupied:                                                      

       1A    -19.418445     2A    -19.251648     3A    -10.413072  
       4A    -10.339682     5A    -10.337415     6A    -10.335022  
       7A     -1.290868     8A     -0.996892     9A     -0.904506  
      10A     -0.839603    11A     -0.748437    12A     -0.645287  
      13A     -0.616279    14A     -0.594632    15A     -0.579858  
      16A     -0.535221    17A     -0.501361    18A     -0.495830  
      19A     -0.491706    20A     -0.452251    21A     -0.394011  
      22A     -0.307499    23A     -0.292646  

    Virtual:                                                              

      24A     -0.026129    25A      0.109424    26A      0.158381  
      27A      0.171030    28A      0.207583    29A      0.228343  
      30A      0.231868    31A      0.240813    32A      0.258758  
      33A      0.309804    34A      0.347961    35A      0.417259  
      36A      0.442315    37A      0.557991    38A      0.583966  
      39A      0.610093    40A      0.654367    41A      0.658091  
      42A      0.684705    43A      0.703886    44A      0.721480  
      45A      0.748255    46A      0.793544    47A      0.820153  
      48A      0.884400    49A      0.899768    50A      0.910451  
      51A      0.921447    52A      0.945727    53A      0.962576  
      54A      0.985553    55A      1.021677    56A      1.030153  
      57A      1.049106    58A      1.116004    59A      1.135341  
      60A      1.172332    61A      1.202384    62A      1.242493  
      63A      1.358678    64A      1.390704    65A      1.418384  
      66A      1.442771    67A      1.510710    68A      1.607941  
      69A      1.647658    70A      1.689266    71A      1.754295  
      72A      1.791165    73A      1.854072    74A      1.895780  
      75A      1.925473    76A      1.935964    77A      1.971817  
      78A      2.001024    79A      2.070228    80A      2.121440  
      81A      2.163953    82A      2.209849    83A      2.294993  
      84A      2.329237    85A      2.349964    86A      2.419453  
      87A      2.455434    88A      2.537453    89A      2.571995  
      90A      2.585951    91A      2.707520    92A      2.771171  
      93A      2.929956    94A      2.937646    95A      3.152377  
      96A      3.254977    97A      3.613701    98A      4.104124  
      99A      4.163677   100A      4.256537   101A      4.341087  
     102A      4.611629  

    Final Occupation by Irrep:
              A 
    DOCC [    23 ]
    NA   [    23 ]
    NB   [    23 ]

  @DF-RKS Final Energy:  -306.19121522196843

   => Energetics <=

    Nuclear Repulsion Energy =            223.4808462346171609
    One-Electron Energy =                -858.5996624357302380
    Two-Electron Energy =                 357.1598045198931572
    DFT Exchange-Correlation Energy =     -28.2278729960242885
    Empirical Dispersion Energy =          -0.0043305447242138
    VV10 Nonlocal Energy =                  0.0000000000000000
    Total Energy =                       -306.1912152219684344

Computation Completed


Properties will be evaluated at   0.000000,   0.000000,   0.000000 [a0]

Properties computed using the SCF density matrix


 Multipole Moments:

 ------------------------------------------------------------------------------------
     Multipole            Electronic (a.u.)      Nuclear  (a.u.)        Total (a.u.)
 ------------------------------------------------------------------------------------

 L = 1.  Multiply by 2.5417464519 to convert [e a0] to [Debye]
 Dipole X            :         -1.4721321           -0.3983001           -1.8704322
 Dipole Y            :          0.6725256            0.0557684            0.7282940
 Dipole Z            :          0.1947462           -0.1794184            0.0153278
 Magnitude           :                                                    2.0072777

 ------------------------------------------------------------------------------------

*** tstop() called on cst14372 at Tue Apr 21 10:05:37 2026
Module time:
	user time   =      25.62 seconds =       0.43 minutes
	system time =       0.33 seconds =       0.01 minutes
	total time  =         12 seconds =       0.20 minutes
Total time:
	user time   =     541.44 seconds =       9.02 minutes
	system time =       8.79 seconds =       0.15 minutes
	total time  =        261 seconds =       4.35 minutes

Scratch directory: /tmp/
gradient() will perform analytic gradient computation.

*** tstart() called on cst14372
*** at Tue Apr 21 10:05:37 2026


         ------------------------------------------------------------
                                   SCF GRAD                          
                          Rob Parrish, Justin Turney,                
                       Andy Simmonett, and Alex Sokolov              
         ------------------------------------------------------------

  ==> Geometry <==

    Molecular point group: c1
    Full point group: C1

    Geometry (in Angstrom), charge = 0, multiplicity = 1:

       Center              X                  Y                   Z               Mass       
    ------------   -----------------  -----------------  -----------------  -----------------
         C            0.066495906800     0.352976435200     0.040270837500    12.000000000000
         O            1.368697574600     0.312482939700     0.007864696700    15.994914619570
         O            2.011748916900    -0.839733502900    -0.000730638900    15.994914619570
         C           -0.710817763400    -0.883438696600     0.000192218400    12.000000000000
         C           -2.061138436500    -0.930174431900    -0.054278014000    12.000000000000
         C           -0.554960330900     1.709499440400     0.020576710700    12.000000000000
         H           -0.263398311400    -1.883419341300     0.193752634200     1.007825032230
         H           -2.654512295900     0.000719478000    -0.172345755700     1.007825032230
         H           -2.686322317900    -1.815766465600    -0.130079807000     1.007825032230
         H            0.310803577200     2.390562670200    -0.026844295900     1.007825032230
         H           -1.194329410900     2.099491293800     0.862404062800     1.007825032230
         H           -1.204060791300     1.962751747700    -0.919473946200     1.007825032230

  Nuclear repulsion =  223.480846234617161

  ==> Basis Set <==

  Basis Set: 6-31G*
    Blend: 6-31G*
    Number of shells: 48
    Number of basis functions: 102
    Number of Cartesian functions: 102
    Spherical Harmonics?: false
    Max angular momentum: 2

  ==> DFJKGrad: Density-Fitted SCF Gradients <==

    Gradient:                    1
    J tasked:                  Yes
    K tasked:                  Yes
    wK tasked:                 Yes
    Omega:               2.000E-01
    OpenMP threads:              4
    Integrals threads:           4
    Memory [MiB]:             4291
    Schwarz Cutoff:          1E-12
    Fitting Condition:       1E-10

   => Auxiliary Basis Set <=

  Basis Set: (6-31G* AUX)
    Blend: CC-PVDZ-JKFIT
    Number of shells: 198
    Number of basis functions: 636
    Number of Cartesian functions: 636
    Spherical Harmonics?: false
    Max angular momentum: 3

  ==> DFT Potential <==

   => LibXC <=

    Version 7.0.0
    S. Lehtola, C. Steigemann, M. J.T. Oliveira, and M. A.L. Marques.,  SoftwareX 7, 1–5 (2018) (10.1016/j.softx.2017.11.002)

   => Composite Functional: WB97X-D <= 

    wB97X-D Hyb-GGA Exchange-Correlation Functional

    J.-D. Chai and M. Head-Gordon.,  Phys. Chem. Chem. Phys. 10, 6615-6620 (2008) (10.1039/B810189B)

    Deriv               =              1
    GGA                 =           TRUE
    Meta                =          FALSE

    Exchange Hybrid     =           TRUE
    MP2 Hybrid          =          FALSE

   => Exchange-Correlation Functionals <=

    1.0000   wB97X-D range-separated functional

   => Exact (HF) Exchange <=

    0.7780            HF,LR [omega = 0.2000]
    0.2220               HF 

   => LibXC Density Thresholds  <==

    XC_HYB_GGA_XC_WB97X_D:  1.00E-14 

   => Molecular Quadrature <=

    Radial Scheme          =       TREUTLER
    Pruning Scheme         =           NONE
    Nuclear Scheme         =       TREUTLER

    Blocking Scheme        =         OCTREE
    BS radius alpha        =              1
    Pruning alpha          =              1
    Radial Points          =             75
    Spherical Points       =            302
    Total Points           =         254583
    Total Blocks           =           1940
    Max Points             =            256
    Max Functions          =            100
    Weights Tolerance      =       1.00E-15


  -Total Gradient:
     Atom            X                  Y                   Z
    ------   -----------------  -----------------  -----------------
       1        0.000825312973     0.022831893218     0.002908843904
       2        0.033418418948    -0.018561072845    -0.004638839479
       3       -0.001793256883     0.009470790560     0.001028744982
       4        0.014874108491     0.030334017112    -0.019534325221
       5        0.003145521236    -0.034777099176     0.013878985457
       6        0.007213592741    -0.039889554653     0.024010962418
       7       -0.009554069052    -0.022557788723     0.010135920028
       8       -0.007568248887     0.008965042821    -0.002240833409
       9       -0.009969315687     0.005404503342    -0.005972075029
      10        0.006207852538    -0.002284586651     0.000643055143
      11       -0.013015083372     0.022929425785     0.005909209009
      12       -0.023931039059     0.018029960914    -0.026453633183


*** tstop() called on cst14372 at Tue Apr 21 10:05:39 2026
Module time:
	user time   =       3.81 seconds =       0.06 minutes
	system time =       0.08 seconds =       0.00 minutes
	total time  =          2 seconds =       0.03 minutes
Total time:
	user time   =     545.27 seconds =       9.09 minutes
	system time =       8.87 seconds =       0.15 minutes
	total time  =        263 seconds =       4.38 minutes

Scratch directory: /tmp/
   => Libint2 <=

    Primary   basis highest AM E, G, H:  6, 6, 3
    Auxiliary basis highest AM E, G, H:  7, 7, 4
    Onebody   basis highest AM E, G, H:  -, -, -
    Solid Harmonics ordering:            Gaussian

*** tstart() called on cst14372
*** at Tue Apr 21 10:05:39 2026

   => Loading Basis Set <=

    Name: 6-31G*
    Role: ORBITAL
    Keyword: BASIS
    atoms 1, 4-6 entry C          line   111 file /Users/jmsmith1/anaconda3/envs/jupyterenv/share/psi4/basis/6-31gs.gbs 
    atoms 2-3    entry O          line   145 file /Users/jmsmith1/anaconda3/envs/jupyterenv/share/psi4/basis/6-31gs.gbs 
    atoms 7-12   entry H          line    44 file /Users/jmsmith1/anaconda3/envs/jupyterenv/share/psi4/basis/6-31gs.gbs 

   => WB97X-D: Empirical Dispersion <=

    Chai and Head-Gordon Dispersion Correction
    Chai, J.-D.; Head-Gordon, M. (2010), J. Chem. Phys., 132: 6615-6620

        s6 =       1.000000


         ---------------------------------------------------------
                                   SCF
               by Justin Turney, Rob Parrish, Andy Simmonett
                          and Daniel G. A. Smith
                              RKS Reference
                        4 Threads,   5722 MiB Core
         ---------------------------------------------------------

  ==> Geometry <==

    Molecular point group: c1
    Full point group: C1

    Geometry (in Angstrom), charge = 0, multiplicity = 1:

       Center              X                  Y                   Z               Mass       
    ------------   -----------------  -----------------  -----------------  -----------------
         C            0.066543560400     0.352817918400     0.042632296900    12.000000000000
         O            1.369964723900     0.313279741100     0.008398685100    15.994914619570
         O            2.013870452600    -0.837494543800    -0.000789278100    15.994914619570
         C           -0.710939629700    -0.884862135700     0.000584857900    12.000000000000
         C           -2.061935308500    -0.932216647700    -0.057791489100    12.000000000000
         C           -0.558165431800     1.709455373500     0.021182256200    12.000000000000
         H           -0.270734180900    -1.882336002200     0.202942436100     1.007825032230
         H           -2.652050129400    -0.005346195000    -0.182065928000     1.007825032230
         H           -2.689892917700    -1.818197529200    -0.136590409400     1.007825032230
         H            0.309654470800     2.386351772500    -0.028687645800     1.007825032230
         H           -1.193883938300     2.106791930500     0.858151101900     1.007825032230
         H           -1.200077997500     1.962682195300    -0.911847089300     1.007825032230

  Running in c1 symmetry.

  Rotational constants: A =      0.18348  B =      0.09636  C =      0.06399 [cm^-1]
  Rotational constants: A =   5500.60214  B =   2888.89687  C =   1918.52147 [MHz]
  Nuclear repulsion =  223.434594405907347

  Charge       = 0
  Multiplicity = 1
  Electrons    = 46
  Nalpha       = 23
  Nbeta        = 23

  ==> Algorithm <==

  SCF Algorithm Type is DF.
  DIIS enabled.
  MOM disabled.
  Fractional occupation disabled.
  Guess Type is SAD.
  Energy threshold   = 1.00e-07
  Density threshold  = 1.00e-07
  Integral threshold = 1.00e-12

  ==> Primary Basis <==

  Basis Set: 6-31G*
    Blend: 6-31G*
    Number of shells: 48
    Number of basis functions: 102
    Number of Cartesian functions: 102
    Spherical Harmonics?: false
    Max angular momentum: 2

  ==> DFT Potential <==

   => LibXC <=

    Version 7.0.0
    S. Lehtola, C. Steigemann, M. J.T. Oliveira, and M. A.L. Marques.,  SoftwareX 7, 1–5 (2018) (10.1016/j.softx.2017.11.002)

   => Composite Functional: WB97X-D <= 

    wB97X-D Hyb-GGA Exchange-Correlation Functional

    J.-D. Chai and M. Head-Gordon.,  Phys. Chem. Chem. Phys. 10, 6615-6620 (2008) (10.1039/B810189B)

    Deriv               =              1
    GGA                 =           TRUE
    Meta                =          FALSE

    Exchange Hybrid     =           TRUE
    MP2 Hybrid          =          FALSE

   => Exchange-Correlation Functionals <=

    1.0000   wB97X-D range-separated functional

   => Exact (HF) Exchange <=

    0.7780            HF,LR [omega = 0.2000]
    0.2220               HF 

   => LibXC Density Thresholds  <==

    XC_HYB_GGA_XC_WB97X_D:  1.00E-14 

   => Molecular Quadrature <=

    Radial Scheme          =       TREUTLER
    Pruning Scheme         =           NONE
    Nuclear Scheme         =       TREUTLER

    Blocking Scheme        =         OCTREE
    BS radius alpha        =              1
    Pruning alpha          =              1
    Radial Points          =             75
    Spherical Points       =            302
    Total Points           =         254584
    Total Blocks           =           1941
    Max Points             =            256
    Max Functions          =            100
    Weights Tolerance      =       1.00E-15

   => Loading Basis Set <=

    Name: (6-31G* AUX)
    Role: JKFIT
    Keyword: DF_BASIS_SCF
    atoms 1, 4-6 entry C          line   121 file /Users/jmsmith1/anaconda3/envs/jupyterenv/share/psi4/basis/cc-pvdz-jkfit.gbs 
    atoms 2-3    entry O          line   221 file /Users/jmsmith1/anaconda3/envs/jupyterenv/share/psi4/basis/cc-pvdz-jkfit.gbs 
    atoms 7-12   entry H          line    51 file /Users/jmsmith1/anaconda3/envs/jupyterenv/share/psi4/basis/cc-pvdz-jkfit.gbs 

  ==> Integral Setup <==

  DFHelper Memory: AOs need 0.151 GiB; user supplied 3.600 GiB. 
  SCF_SUBTYPE=INCORE selected. In-core MEM_DF algorithm will be used.
  Using in-core AOs.

  ==> MemDFJK: Density-Fitted J/K Matrices <==

    J tasked:                   Yes
    K tasked:                   Yes
    wK tasked:                  Yes
    Omega:                2.000E-01
    OpenMP threads:               4
    Memory [MiB]:              3686
    Algorithm:                 Core
    Schwarz Cutoff:           1E-12
    Mask sparsity (%):       1.7301
    Fitting Condition:        1E-10

   => Auxiliary Basis Set <=

  Basis Set: (6-31G* AUX)
    Blend: CC-PVDZ-JKFIT
    Number of shells: 198
    Number of basis functions: 636
    Number of Cartesian functions: 636
    Spherical Harmonics?: false
    Max angular momentum: 3

  Cached 100.0% of DFT collocation blocks in 0.591 [GiB].

  Minimum eigenvalue in the overlap matrix is 3.1109645832E-03.
  Reciprocal condition number of the overlap matrix is 4.5358070941E-04.
    Using symmetric orthogonalization.

  ==> Pre-Iterations <==

  SCF Guess: Superposition of Atomic Densities via on-the-fly atomic UHF (no occupation information).

   -------------------------
    Irrep   Nso     Nmo    
   -------------------------
     A        102     102 
   -------------------------
    Total     102     102
   -------------------------

  ==> Iterations <==

                           Total Energy        Delta E     RMS |[F,P]|

   @DF-RKS iter SAD:  -300.18223199295750   -3.00182e+02   0.00000e+00 
   @DF-RKS iter   1:  -296.45032005709118    3.73191e+00   3.46016e-02 DIIS/ADIIS
   @DF-RKS iter   2:  -273.79371756331994    2.26566e+01   6.49424e-02 DIIS/ADIIS
   @DF-RKS iter   3:  -304.71393592147609   -3.09202e+01   1.70434e-02 DIIS/ADIIS
   @DF-RKS iter   4:  -303.58952923450136    1.12441e+00   2.16209e-02 DIIS/ADIIS
   @DF-RKS iter   5:  -306.09747364569745   -2.50794e+00   3.86846e-03 DIIS/ADIIS
   @DF-RKS iter   6:  -306.16189095005740   -6.44173e-02   2.39770e-03 DIIS/ADIIS
   @DF-RKS iter   7:  -306.19011045602520   -2.82195e-02   3.56650e-04 DIIS/ADIIS
   @DF-RKS iter   8:  -306.19077469081219   -6.64235e-04   2.45311e-04 DIIS/ADIIS
   @DF-RKS iter   9:  -306.19108763314625   -3.12942e-04   9.00980e-05 DIIS
   @DF-RKS iter  10:  -306.19112912080891   -4.14877e-05   3.13779e-05 DIIS
   @DF-RKS iter  11:  -306.19113320197033   -4.08116e-06   2.24238e-05 DIIS
   @DF-RKS iter  12:  -306.19113588254800   -2.68058e-06   7.39126e-06 DIIS
   @DF-RKS iter  13:  -306.19113620401885   -3.21471e-07   8.29812e-07 DIIS
   @DF-RKS iter  14:  -306.19113620758083   -3.56198e-09   3.73774e-07 DIIS
   @DF-RKS iter  15:  -306.19113620836424   -7.83416e-10   8.93218e-08 DIIS
  Energy and wave function converged.


  ==> Post-Iterations <==

   Electrons on quadrature grid:
      Ntotal   =   45.9999708084 ; deviation = -2.919e-05 

    Orbital Energies [Eh]
    ---------------------

    Doubly Occupied:                                                      

       1A    -19.418733     2A    -19.251924     3A    -10.413363  
       4A    -10.338512     5A    -10.337179     6A    -10.334927  
       7A     -1.291065     8A     -0.996797     9A     -0.904359  
      10A     -0.840165    11A     -0.748432    12A     -0.646023  
      13A     -0.616412    14A     -0.595082    15A     -0.579818  
      16A     -0.535122    17A     -0.502027    18A     -0.496400  
      19A     -0.491540    20A     -0.452420    21A     -0.393856  
      22A     -0.307643    23A     -0.292695  

    Virtual:                                                              

      24A     -0.026198    25A      0.109135    26A      0.159771  
      27A      0.171186    28A      0.208193    29A      0.229172  
      30A      0.233011    31A      0.241430    32A      0.258891  
      33A      0.309313    34A      0.347554    35A      0.417362  
      36A      0.442185    37A      0.558139    38A      0.583604  
      39A      0.609684    40A      0.653594    41A      0.657376  
      42A      0.684878    43A      0.703550    44A      0.720250  
      45A      0.748129    46A      0.793940    47A      0.821765  
      48A      0.886509    49A      0.901182    50A      0.911065  
      51A      0.922201    52A      0.945987    53A      0.962501  
      54A      0.987530    55A      1.021450    56A      1.030488  
      57A      1.050206    58A      1.115101    59A      1.135188  
      60A      1.171291    61A      1.201966    62A      1.240467  
      63A      1.357890    64A      1.389886    65A      1.418543  
      66A      1.443842    67A      1.509434    68A      1.608738  
      69A      1.648039    70A      1.689694    71A      1.754596  
      72A      1.788870    73A      1.853621    74A      1.893487  
      75A      1.924584    76A      1.935528    77A      1.970685  
      78A      2.000935    79A      2.069873    80A      2.122875  
      81A      2.167652    82A      2.210310    83A      2.296314  
      84A      2.332907    85A      2.350907    86A      2.419146  
      87A      2.455445    88A      2.536226    89A      2.572485  
      90A      2.585786    91A      2.707659    92A      2.770945  
      93A      2.929128    94A      2.936546    95A      3.150344  
      96A      3.253431    97A      3.612926    98A      4.104106  
      99A      4.162952   100A      4.256683   101A      4.340882  
     102A      4.610802  

    Final Occupation by Irrep:
              A 
    DOCC [    23 ]
    NA   [    23 ]
    NB   [    23 ]

  @DF-RKS Final Energy:  -306.19113620836424

   => Energetics <=

    Nuclear Repulsion Energy =            223.4345944059073474
    One-Electron Energy =                -858.5003320155097981
    Two-Electron Energy =                 357.1097944400036681
    DFT Exchange-Correlation Energy =     -28.2308713240357463
    Empirical Dispersion Energy =          -0.0043217147297182
    VV10 Nonlocal Energy =                  0.0000000000000000
    Total Energy =                       -306.1911362083642416

Computation Completed


Properties will be evaluated at   0.000000,   0.000000,   0.000000 [a0]

Properties computed using the SCF density matrix


 Multipole Moments:

 ------------------------------------------------------------------------------------
     Multipole            Electronic (a.u.)      Nuclear  (a.u.)        Total (a.u.)
 ------------------------------------------------------------------------------------

 L = 1.  Multiply by 2.5417464519 to convert [e a0] to [Debye]
 Dipole X            :         -1.4675221           -0.4030486           -1.8705707
 Dipole Y            :          0.6767743            0.0517687            0.7285430
 Dipole Z            :          0.1986242           -0.1843895            0.0142347
 Magnitude           :                                                    2.0074891

 ------------------------------------------------------------------------------------

*** tstop() called on cst14372 at Tue Apr 21 10:05:52 2026
Module time:
	user time   =      25.63 seconds =       0.43 minutes
	system time =       0.42 seconds =       0.01 minutes
	total time  =         13 seconds =       0.22 minutes
Total time:
	user time   =     570.93 seconds =       9.52 minutes
	system time =       9.29 seconds =       0.15 minutes
	total time  =        276 seconds =       4.60 minutes

Scratch directory: /tmp/
gradient() will perform analytic gradient computation.

*** tstart() called on cst14372
*** at Tue Apr 21 10:05:52 2026


         ------------------------------------------------------------
                                   SCF GRAD                          
                          Rob Parrish, Justin Turney,                
                       Andy Simmonett, and Alex Sokolov              
         ------------------------------------------------------------

  ==> Geometry <==

    Molecular point group: c1
    Full point group: C1

    Geometry (in Angstrom), charge = 0, multiplicity = 1:

       Center              X                  Y                   Z               Mass       
    ------------   -----------------  -----------------  -----------------  -----------------
         C            0.066543560400     0.352817918400     0.042632296900    12.000000000000
         O            1.369964723900     0.313279741100     0.008398685100    15.994914619570
         O            2.013870452600    -0.837494543800    -0.000789278100    15.994914619570
         C           -0.710939629700    -0.884862135700     0.000584857900    12.000000000000
         C           -2.061935308500    -0.932216647700    -0.057791489100    12.000000000000
         C           -0.558165431800     1.709455373500     0.021182256200    12.000000000000
         H           -0.270734180900    -1.882336002200     0.202942436100     1.007825032230
         H           -2.652050129400    -0.005346195000    -0.182065928000     1.007825032230
         H           -2.689892917700    -1.818197529200    -0.136590409400     1.007825032230
         H            0.309654470800     2.386351772500    -0.028687645800     1.007825032230
         H           -1.193883938300     2.106791930500     0.858151101900     1.007825032230
         H           -1.200077997500     1.962682195300    -0.911847089300     1.007825032230

  Nuclear repulsion =  223.434594405907347

  ==> Basis Set <==

  Basis Set: 6-31G*
    Blend: 6-31G*
    Number of shells: 48
    Number of basis functions: 102
    Number of Cartesian functions: 102
    Spherical Harmonics?: false
    Max angular momentum: 2

  ==> DFJKGrad: Density-Fitted SCF Gradients <==

    Gradient:                    1
    J tasked:                  Yes
    K tasked:                  Yes
    wK tasked:                 Yes
    Omega:               2.000E-01
    OpenMP threads:              4
    Integrals threads:           4
    Memory [MiB]:             4291
    Schwarz Cutoff:          1E-12
    Fitting Condition:       1E-10

   => Auxiliary Basis Set <=

  Basis Set: (6-31G* AUX)
    Blend: CC-PVDZ-JKFIT
    Number of shells: 198
    Number of basis functions: 636
    Number of Cartesian functions: 636
    Spherical Harmonics?: false
    Max angular momentum: 3

  ==> DFT Potential <==

   => LibXC <=

    Version 7.0.0
    S. Lehtola, C. Steigemann, M. J.T. Oliveira, and M. A.L. Marques.,  SoftwareX 7, 1–5 (2018) (10.1016/j.softx.2017.11.002)

   => Composite Functional: WB97X-D <= 

    wB97X-D Hyb-GGA Exchange-Correlation Functional

    J.-D. Chai and M. Head-Gordon.,  Phys. Chem. Chem. Phys. 10, 6615-6620 (2008) (10.1039/B810189B)

    Deriv               =              1
    GGA                 =           TRUE
    Meta                =          FALSE

    Exchange Hybrid     =           TRUE
    MP2 Hybrid          =          FALSE

   => Exchange-Correlation Functionals <=

    1.0000   wB97X-D range-separated functional

   => Exact (HF) Exchange <=

    0.7780            HF,LR [omega = 0.2000]
    0.2220               HF 

   => LibXC Density Thresholds  <==

    XC_HYB_GGA_XC_WB97X_D:  1.00E-14 

   => Molecular Quadrature <=

    Radial Scheme          =       TREUTLER
    Pruning Scheme         =           NONE
    Nuclear Scheme         =       TREUTLER

    Blocking Scheme        =         OCTREE
    BS radius alpha        =              1
    Pruning alpha          =              1
    Radial Points          =             75
    Spherical Points       =            302
    Total Points           =         254584
    Total Blocks           =           1941
    Max Points             =            256
    Max Functions          =            100
    Weights Tolerance      =       1.00E-15


  -Total Gradient:
     Atom            X                  Y                   Z
    ------   -----------------  -----------------  -----------------
       1        0.001141097969     0.023264896985     0.003133880580
       2        0.034944395293    -0.019207694706    -0.004904487289
       3       -0.001864455293     0.009902119962     0.001070445823
       4        0.016465866283     0.028500535096    -0.020000415696
       5        0.002010794183    -0.032193754357     0.014324563483
       6        0.003370350527    -0.038552726255     0.022641749305
       7       -0.011169310722    -0.020607759253     0.010146422258
       8       -0.006107917525     0.006588708472    -0.002060708929
       9       -0.011033520216     0.004467198556    -0.006319227022
      10        0.005756192904    -0.003012587729     0.000575878807
      11       -0.012093305933     0.022995441132     0.004027890767
      12       -0.021605368259     0.017708012243    -0.022937190964


*** tstop() called on cst14372 at Tue Apr 21 10:05:54 2026
Module time:
	user time   =       3.86 seconds =       0.06 minutes
	system time =       0.09 seconds =       0.00 minutes
	total time  =          2 seconds =       0.03 minutes
Total time:
	user time   =     574.81 seconds =       9.58 minutes
	system time =       9.38 seconds =       0.16 minutes
	total time  =        278 seconds =       4.63 minutes

Scratch directory: /tmp/
   => Libint2 <=

    Primary   basis highest AM E, G, H:  6, 6, 3
    Auxiliary basis highest AM E, G, H:  7, 7, 4
    Onebody   basis highest AM E, G, H:  -, -, -
    Solid Harmonics ordering:            Gaussian

*** tstart() called on cst14372
*** at Tue Apr 21 10:05:54 2026

   => Loading Basis Set <=

    Name: 6-31G*
    Role: ORBITAL
    Keyword: BASIS
    atoms 1, 4-6 entry C          line   111 file /Users/jmsmith1/anaconda3/envs/jupyterenv/share/psi4/basis/6-31gs.gbs 
    atoms 2-3    entry O          line   145 file /Users/jmsmith1/anaconda3/envs/jupyterenv/share/psi4/basis/6-31gs.gbs 
    atoms 7-12   entry H          line    44 file /Users/jmsmith1/anaconda3/envs/jupyterenv/share/psi4/basis/6-31gs.gbs 

   => WB97X-D: Empirical Dispersion <=

    Chai and Head-Gordon Dispersion Correction
    Chai, J.-D.; Head-Gordon, M. (2010), J. Chem. Phys., 132: 6615-6620

        s6 =       1.000000


         ---------------------------------------------------------
                                   SCF
               by Justin Turney, Rob Parrish, Andy Simmonett
                          and Daniel G. A. Smith
                              RKS Reference
                        4 Threads,   5722 MiB Core
         ---------------------------------------------------------

  ==> Geometry <==

    Molecular point group: c1
    Full point group: C1

    Geometry (in Angstrom), charge = 0, multiplicity = 1:

       Center              X                  Y                   Z               Mass       
    ------------   -----------------  -----------------  -----------------  -----------------
         C            0.066588027900     0.352591648200     0.044990521200    12.000000000000
         O            1.371159048100     0.314120264100     0.008944654600    15.994914619570
         O            2.016001286500    -0.835271572800    -0.000850389100    15.994914619570
         C           -0.711109472800    -0.886371615100     0.001036377600    12.000000000000
         C           -2.062739972800    -0.934170698900    -0.061355127100    12.000000000000
         C           -0.561388216000     1.709522823600     0.021723741800    12.000000000000
         H           -0.277702838500    -1.880539000200     0.211804900700     1.007825032230
         H           -2.649371147000    -0.011654181500    -0.191739037900     1.007825032230
         H           -2.693091680800    -1.820788725700    -0.142899091300     1.007825032230
         H            0.308303930000     2.382234399800    -0.030555421800     1.007825032230
         H           -1.193020135400     2.113317257300     0.853748659900     1.007825032230
         H           -1.195339953500     1.962001530400    -0.903410023200     1.007825032230

  Running in c1 symmetry.

  Rotational constants: A =      0.18344  B =      0.09622  C =      0.06392 [cm^-1]
  Rotational constants: A =   5499.24792  B =   2884.56295  C =   1916.28731 [MHz]
  Nuclear repulsion =  223.399143844746078

  Charge       = 0
  Multiplicity = 1
  Electrons    = 46
  Nalpha       = 23
  Nbeta        = 23

  ==> Algorithm <==

  SCF Algorithm Type is DF.
  DIIS enabled.
  MOM disabled.
  Fractional occupation disabled.
  Guess Type is SAD.
  Energy threshold   = 1.00e-07
  Density threshold  = 1.00e-07
  Integral threshold = 1.00e-12

  ==> Primary Basis <==

  Basis Set: 6-31G*
    Blend: 6-31G*
    Number of shells: 48
    Number of basis functions: 102
    Number of Cartesian functions: 102
    Spherical Harmonics?: false
    Max angular momentum: 2

  ==> DFT Potential <==

   => LibXC <=

    Version 7.0.0
    S. Lehtola, C. Steigemann, M. J.T. Oliveira, and M. A.L. Marques.,  SoftwareX 7, 1–5 (2018) (10.1016/j.softx.2017.11.002)

   => Composite Functional: WB97X-D <= 

    wB97X-D Hyb-GGA Exchange-Correlation Functional

    J.-D. Chai and M. Head-Gordon.,  Phys. Chem. Chem. Phys. 10, 6615-6620 (2008) (10.1039/B810189B)

    Deriv               =              1
    GGA                 =           TRUE
    Meta                =          FALSE

    Exchange Hybrid     =           TRUE
    MP2 Hybrid          =          FALSE

   => Exchange-Correlation Functionals <=

    1.0000   wB97X-D range-separated functional

   => Exact (HF) Exchange <=

    0.7780            HF,LR [omega = 0.2000]
    0.2220               HF 

   => LibXC Density Thresholds  <==

    XC_HYB_GGA_XC_WB97X_D:  1.00E-14 

   => Molecular Quadrature <=

    Radial Scheme          =       TREUTLER
    Pruning Scheme         =           NONE
    Nuclear Scheme         =       TREUTLER

    Blocking Scheme        =         OCTREE
    BS radius alpha        =              1
    Pruning alpha          =              1
    Radial Points          =             75
    Spherical Points       =            302
    Total Points           =         254584
    Total Blocks           =           1943
    Max Points             =            256
    Max Functions          =            100
    Weights Tolerance      =       1.00E-15

   => Loading Basis Set <=

    Name: (6-31G* AUX)
    Role: JKFIT
    Keyword: DF_BASIS_SCF
    atoms 1, 4-6 entry C          line   121 file /Users/jmsmith1/anaconda3/envs/jupyterenv/share/psi4/basis/cc-pvdz-jkfit.gbs 
    atoms 2-3    entry O          line   221 file /Users/jmsmith1/anaconda3/envs/jupyterenv/share/psi4/basis/cc-pvdz-jkfit.gbs 
    atoms 7-12   entry H          line    51 file /Users/jmsmith1/anaconda3/envs/jupyterenv/share/psi4/basis/cc-pvdz-jkfit.gbs 

  ==> Integral Setup <==

  DFHelper Memory: AOs need 0.151 GiB; user supplied 3.600 GiB. 
  SCF_SUBTYPE=INCORE selected. In-core MEM_DF algorithm will be used.
  Using in-core AOs.

  ==> MemDFJK: Density-Fitted J/K Matrices <==

    J tasked:                   Yes
    K tasked:                   Yes
    wK tasked:                  Yes
    Omega:                2.000E-01
    OpenMP threads:               4
    Memory [MiB]:              3686
    Algorithm:                 Core
    Schwarz Cutoff:           1E-12
    Mask sparsity (%):       1.7301
    Fitting Condition:        1E-10

   => Auxiliary Basis Set <=

  Basis Set: (6-31G* AUX)
    Blend: CC-PVDZ-JKFIT
    Number of shells: 198
    Number of basis functions: 636
    Number of Cartesian functions: 636
    Spherical Harmonics?: false
    Max angular momentum: 3

  Cached 100.0% of DFT collocation blocks in 0.591 [GiB].

  Minimum eigenvalue in the overlap matrix is 3.1290783503E-03.
  Reciprocal condition number of the overlap matrix is 4.5628769393E-04.
    Using symmetric orthogonalization.

  ==> Pre-Iterations <==

  SCF Guess: Superposition of Atomic Densities via on-the-fly atomic UHF (no occupation information).

   -------------------------
    Irrep   Nso     Nmo    
   -------------------------
     A        102     102 
   -------------------------
    Total     102     102
   -------------------------

  ==> Iterations <==

                           Total Energy        Delta E     RMS |[F,P]|

   @DF-RKS iter SAD:  -300.19385160694623   -3.00194e+02   0.00000e+00 
   @DF-RKS iter   1:  -296.46554730281753    3.72830e+00   3.45853e-02 DIIS/ADIIS
   @DF-RKS iter   2:  -273.80826128562569    2.26573e+01   6.48352e-02 DIIS/ADIIS
   @DF-RKS iter   3:  -304.70061678315682   -3.08924e+01   1.71356e-02 DIIS/ADIIS
   @DF-RKS iter   4:  -303.59408136579486    1.10654e+00   2.16143e-02 DIIS/ADIIS
   @DF-RKS iter   5:  -306.09822577833847   -2.50414e+00   3.85677e-03 DIIS/ADIIS
   @DF-RKS iter   6:  -306.16211693877614   -6.38912e-02   2.38748e-03 DIIS/ADIIS
   @DF-RKS iter   7:  -306.19002147307611   -2.79045e-02   3.70097e-04 DIIS/ADIIS
   @DF-RKS iter   8:  -306.19068142430962   -6.59951e-04   2.61782e-04 DIIS/ADIIS
   @DF-RKS iter   9:  -306.19103706226031   -3.55638e-04   8.65048e-05 DIIS
   @DF-RKS iter  10:  -306.19107680188017   -3.97396e-05   3.26164e-05 DIIS
   @DF-RKS iter  11:  -306.19108107754624   -4.27567e-06   2.31669e-05 DIIS
   @DF-RKS iter  12:  -306.19108395156906   -2.87402e-06   7.42019e-06 DIIS
   @DF-RKS iter  13:  -306.19108428118881   -3.29620e-07   8.10205e-07 DIIS
   @DF-RKS iter  14:  -306.19108428560776   -4.41895e-09   3.81691e-07 DIIS
   @DF-RKS iter  15:  -306.19108428680931   -1.20156e-09   1.23698e-07 DIIS
   @DF-RKS iter  16:  -306.19108428736757   -5.58259e-10   5.03584e-08 DIIS
  Energy and wave function converged.


  ==> Post-Iterations <==

   Electrons on quadrature grid:
      Ntotal   =   45.9999704021 ; deviation = -2.960e-05 

    Orbital Energies [Eh]
    ---------------------

    Doubly Occupied:                                                      

       1A    -19.418993     2A    -19.252161     3A    -10.413640  
       4A    -10.337156     5A    -10.336909     6A    -10.334781  
       7A     -1.291219     8A     -0.996675     9A     -0.904247  
      10A     -0.840839    11A     -0.748472    12A     -0.646819  
      13A     -0.616551    14A     -0.595548    15A     -0.579785  
      16A     -0.535024    17A     -0.502924    18A     -0.496963  
      19A     -0.491447    20A     -0.452627    21A     -0.393717  
      22A     -0.307767    23A     -0.292739  

    Virtual:                                                              

      24A     -0.026237    25A      0.108891    26A      0.161312  
      27A      0.171407    28A      0.208800    29A      0.230040  
      30A      0.234264    31A      0.242302    32A      0.259126  
      33A      0.308805    34A      0.347163    35A      0.417392  
      36A      0.441986    37A      0.558329    38A      0.583222  
      39A      0.609208    40A      0.652761    41A      0.656689  
      42A      0.685003    43A      0.703158    44A      0.718968  
      45A      0.747990    46A      0.794205    47A      0.823397  
      48A      0.888748    49A      0.903065    50A      0.911705  
      51A      0.923056    52A      0.946421    53A      0.962845  
      54A      0.990043    55A      1.021262    56A      1.030904  
      57A      1.051642    58A      1.114242    59A      1.135148  
      60A      1.170280    61A      1.201626    62A      1.238525  
      63A      1.357148    64A      1.389066    65A      1.418710  
      66A      1.444932    67A      1.508338    68A      1.609389  
      69A      1.648177    70A      1.690387    71A      1.754825  
      72A      1.786587    73A      1.853257    74A      1.891294  
      75A      1.923843    76A      1.935212    77A      1.969782  
      78A      2.001026    79A      2.069478    80A      2.124541  
      81A      2.171693    82A      2.210723    83A      2.297661  
      84A      2.337097    85A      2.352084    86A      2.418959  
      87A      2.455515    88A      2.535025    89A      2.572940  
      90A      2.585815    91A      2.707825    92A      2.770690  
      93A      2.928380    94A      2.935450    95A      3.148346  
      96A      3.251882    97A      3.612189    98A      4.104188  
      99A      4.162256   100A      4.256976   101A      4.340835  
     102A      4.609992  

    Final Occupation by Irrep:
              A 
    DOCC [    23 ]
    NA   [    23 ]
    NB   [    23 ]

  @DF-RKS Final Energy:  -306.19108428736757

   => Energetics <=

    Nuclear Repulsion Energy =            223.3991438447460780
    One-Electron Energy =                -858.4217842866430601
    Two-Electron Energy =                 357.0705196544465139
    DFT Exchange-Correlation Energy =     -28.2346505861582386
    Empirical Dispersion Energy =          -0.0043129137588183
    VV10 Nonlocal Energy =                  0.0000000000000000
    Total Energy =                       -306.1910842873675733

Computation Completed


Properties will be evaluated at   0.000000,   0.000000,   0.000000 [a0]

Properties computed using the SCF density matrix


 Multipole Moments:

 ------------------------------------------------------------------------------------
     Multipole            Electronic (a.u.)      Nuclear  (a.u.)        Total (a.u.)
 ------------------------------------------------------------------------------------

 L = 1.  Multiply by 2.5417464519 to convert [e a0] to [Debye]
 Dipole X            :         -1.4651288           -0.4059830           -1.8711118
 Dipole Y            :          0.6820947            0.0468534            0.7289481
 Dipole Z            :          0.2018148           -0.1888267            0.0129881
 Magnitude           :                                                    2.0081319

 ------------------------------------------------------------------------------------

*** tstop() called on cst14372 at Tue Apr 21 10:06:07 2026
Module time:
	user time   =      26.92 seconds =       0.45 minutes
	system time =       0.45 seconds =       0.01 minutes
	total time  =         13 seconds =       0.22 minutes
Total time:
	user time   =     601.75 seconds =      10.03 minutes
	system time =       9.84 seconds =       0.16 minutes
	total time  =        291 seconds =       4.85 minutes

Scratch directory: /tmp/
gradient() will perform analytic gradient computation.

*** tstart() called on cst14372
*** at Tue Apr 21 10:06:07 2026


         ------------------------------------------------------------
                                   SCF GRAD                          
                          Rob Parrish, Justin Turney,                
                       Andy Simmonett, and Alex Sokolov              
         ------------------------------------------------------------

  ==> Geometry <==

    Molecular point group: c1
    Full point group: C1

    Geometry (in Angstrom), charge = 0, multiplicity = 1:

       Center              X                  Y                   Z               Mass       
    ------------   -----------------  -----------------  -----------------  -----------------
         C            0.066588027900     0.352591648200     0.044990521200    12.000000000000
         O            1.371159048100     0.314120264100     0.008944654600    15.994914619570
         O            2.016001286500    -0.835271572800    -0.000850389100    15.994914619570
         C           -0.711109472800    -0.886371615100     0.001036377600    12.000000000000
         C           -2.062739972800    -0.934170698900    -0.061355127100    12.000000000000
         C           -0.561388216000     1.709522823600     0.021723741800    12.000000000000
         H           -0.277702838500    -1.880539000200     0.211804900700     1.007825032230
         H           -2.649371147000    -0.011654181500    -0.191739037900     1.007825032230
         H           -2.693091680800    -1.820788725700    -0.142899091300     1.007825032230
         H            0.308303930000     2.382234399800    -0.030555421800     1.007825032230
         H           -1.193020135400     2.113317257300     0.853748659900     1.007825032230
         H           -1.195339953500     1.962001530400    -0.903410023200     1.007825032230

  Nuclear repulsion =  223.399143844746078

  ==> Basis Set <==

  Basis Set: 6-31G*
    Blend: 6-31G*
    Number of shells: 48
    Number of basis functions: 102
    Number of Cartesian functions: 102
    Spherical Harmonics?: false
    Max angular momentum: 2

  ==> DFJKGrad: Density-Fitted SCF Gradients <==

    Gradient:                    1
    J tasked:                  Yes
    K tasked:                  Yes
    wK tasked:                 Yes
    Omega:               2.000E-01
    OpenMP threads:              4
    Integrals threads:           4
    Memory [MiB]:             4291
    Schwarz Cutoff:          1E-12
    Fitting Condition:       1E-10

   => Auxiliary Basis Set <=

  Basis Set: (6-31G* AUX)
    Blend: CC-PVDZ-JKFIT
    Number of shells: 198
    Number of basis functions: 636
    Number of Cartesian functions: 636
    Spherical Harmonics?: false
    Max angular momentum: 3

  ==> DFT Potential <==

   => LibXC <=

    Version 7.0.0
    S. Lehtola, C. Steigemann, M. J.T. Oliveira, and M. A.L. Marques.,  SoftwareX 7, 1–5 (2018) (10.1016/j.softx.2017.11.002)

   => Composite Functional: WB97X-D <= 

    wB97X-D Hyb-GGA Exchange-Correlation Functional

    J.-D. Chai and M. Head-Gordon.,  Phys. Chem. Chem. Phys. 10, 6615-6620 (2008) (10.1039/B810189B)

    Deriv               =              1
    GGA                 =           TRUE
    Meta                =          FALSE

    Exchange Hybrid     =           TRUE
    MP2 Hybrid          =          FALSE

   => Exchange-Correlation Functionals <=

    1.0000   wB97X-D range-separated functional

   => Exact (HF) Exchange <=

    0.7780            HF,LR [omega = 0.2000]
    0.2220               HF 

   => LibXC Density Thresholds  <==

    XC_HYB_GGA_XC_WB97X_D:  1.00E-14 

   => Molecular Quadrature <=

    Radial Scheme          =       TREUTLER
    Pruning Scheme         =           NONE
    Nuclear Scheme         =       TREUTLER

    Blocking Scheme        =         OCTREE
    BS radius alpha        =              1
    Pruning alpha          =              1
    Radial Points          =             75
    Spherical Points       =            302
    Total Points           =         254584
    Total Blocks           =           1943
    Max Points             =            256
    Max Functions          =            100
    Weights Tolerance      =       1.00E-15


  -Total Gradient:
     Atom            X                  Y                   Z
    ------   -----------------  -----------------  -----------------
       1        0.001487690615     0.023577842580     0.003371967975
       2        0.036403020339    -0.019771105753    -0.005166129036
       3       -0.001921574825     0.010296456795     0.001109082589
       4        0.018071695065     0.026248606275    -0.020341276352
       5        0.000689846697    -0.029301874065     0.014678338045
       6       -0.001019304412    -0.036706937589     0.020834507606
       7       -0.012834081473    -0.018299927753     0.010030764324
       8       -0.004488851093     0.003979665277    -0.001814354117
       9       -0.012039968948     0.003529804266    -0.006655681644
      10        0.005224260220    -0.003777938045     0.000504170344
      11       -0.010980276352     0.022863703324     0.001917627193
      12       -0.018806796862     0.017173630043    -0.018757831684


*** tstop() called on cst14372 at Tue Apr 21 10:06:09 2026
Module time:
	user time   =       3.85 seconds =       0.06 minutes
	system time =       0.06 seconds =       0.00 minutes
	total time  =          2 seconds =       0.03 minutes
Total time:
	user time   =     605.62 seconds =      10.09 minutes
	system time =       9.90 seconds =       0.16 minutes
	total time  =        293 seconds =       4.88 minutes

Scratch directory: /tmp/
   => Libint2 <=

    Primary   basis highest AM E, G, H:  6, 6, 3
    Auxiliary basis highest AM E, G, H:  7, 7, 4
    Onebody   basis highest AM E, G, H:  -, -, -
    Solid Harmonics ordering:            Gaussian

*** tstart() called on cst14372
*** at Tue Apr 21 10:06:09 2026

   => Loading Basis Set <=

    Name: 6-31G*
    Role: ORBITAL
    Keyword: BASIS
    atoms 1, 4-6 entry C          line   111 file /Users/jmsmith1/anaconda3/envs/jupyterenv/share/psi4/basis/6-31gs.gbs 
    atoms 2-3    entry O          line   145 file /Users/jmsmith1/anaconda3/envs/jupyterenv/share/psi4/basis/6-31gs.gbs 
    atoms 7-12   entry H          line    44 file /Users/jmsmith1/anaconda3/envs/jupyterenv/share/psi4/basis/6-31gs.gbs 

   => WB97X-D: Empirical Dispersion <=

    Chai and Head-Gordon Dispersion Correction
    Chai, J.-D.; Head-Gordon, M. (2010), J. Chem. Phys., 132: 6615-6620

        s6 =       1.000000


         ---------------------------------------------------------
                                   SCF
               by Justin Turney, Rob Parrish, Andy Simmonett
                          and Daniel G. A. Smith
                              RKS Reference
                        4 Threads,   5722 MiB Core
         ---------------------------------------------------------

  ==> Geometry <==

    Molecular point group: c1
    Full point group: C1

    Geometry (in Angstrom), charge = 0, multiplicity = 1:

       Center              X                  Y                   Z               Mass       
    ------------   -----------------  -----------------  -----------------  -----------------
         C            0.066628297300     0.352296554800     0.047344777600    12.000000000000
         O            1.372277179200     0.315005828500     0.009503195300    15.994914619570
         O            2.018141534000    -0.833065519900    -0.000914061000    15.994914619570
         C           -0.711332057900    -0.887960804100     0.001547902900    12.000000000000
         C           -2.063548612000    -0.936044711800    -0.064970022300    12.000000000000
         C           -0.564615969000     1.709696720500     0.022206234000    12.000000000000
         H           -0.284245839000    -1.878106224700     0.220343078100     1.007825032230
         H           -2.646530713100    -0.018114970500    -0.201373323300     1.007825032230
         H           -2.695882919400    -1.823508070200    -0.148993652300     1.007825032230
         H            0.306769830300     2.378237249500    -0.032445181900     1.007825032230
         H           -1.191775384200     2.119069810100     0.849269239600     1.007825032230
         H           -1.189941421000     1.960726693200    -0.894305067500     1.007825032230

  Running in c1 symmetry.

  Rotational constants: A =      0.18340  B =      0.09608  C =      0.06385 [cm^-1]
  Rotational constants: A =   5498.06130  B =   2880.35806  C =   1914.11982 [MHz]
  Nuclear repulsion =  223.373429367216659

  Charge       = 0
  Multiplicity = 1
  Electrons    = 46
  Nalpha       = 23
  Nbeta        = 23

  ==> Algorithm <==

  SCF Algorithm Type is DF.
  DIIS enabled.
  MOM disabled.
  Fractional occupation disabled.
  Guess Type is SAD.
  Energy threshold   = 1.00e-07
  Density threshold  = 1.00e-07
  Integral threshold = 1.00e-12

  ==> Primary Basis <==

  Basis Set: 6-31G*
    Blend: 6-31G*
    Number of shells: 48
    Number of basis functions: 102
    Number of Cartesian functions: 102
    Spherical Harmonics?: false
    Max angular momentum: 2

  ==> DFT Potential <==

   => LibXC <=

    Version 7.0.0
    S. Lehtola, C. Steigemann, M. J.T. Oliveira, and M. A.L. Marques.,  SoftwareX 7, 1–5 (2018) (10.1016/j.softx.2017.11.002)

   => Composite Functional: WB97X-D <= 

    wB97X-D Hyb-GGA Exchange-Correlation Functional

    J.-D. Chai and M. Head-Gordon.,  Phys. Chem. Chem. Phys. 10, 6615-6620 (2008) (10.1039/B810189B)

    Deriv               =              1
    GGA                 =           TRUE
    Meta                =          FALSE

    Exchange Hybrid     =           TRUE
    MP2 Hybrid          =          FALSE

   => Exchange-Correlation Functionals <=

    1.0000   wB97X-D range-separated functional

   => Exact (HF) Exchange <=

    0.7780            HF,LR [omega = 0.2000]
    0.2220               HF 

   => LibXC Density Thresholds  <==

    XC_HYB_GGA_XC_WB97X_D:  1.00E-14 

   => Molecular Quadrature <=

    Radial Scheme          =       TREUTLER
    Pruning Scheme         =           NONE
    Nuclear Scheme         =       TREUTLER

    Blocking Scheme        =         OCTREE
    BS radius alpha        =              1
    Pruning alpha          =              1
    Radial Points          =             75
    Spherical Points       =            302
    Total Points           =         254591
    Total Blocks           =           1946
    Max Points             =            256
    Max Functions          =            100
    Weights Tolerance      =       1.00E-15

   => Loading Basis Set <=

    Name: (6-31G* AUX)
    Role: JKFIT
    Keyword: DF_BASIS_SCF
    atoms 1, 4-6 entry C          line   121 file /Users/jmsmith1/anaconda3/envs/jupyterenv/share/psi4/basis/cc-pvdz-jkfit.gbs 
    atoms 2-3    entry O          line   221 file /Users/jmsmith1/anaconda3/envs/jupyterenv/share/psi4/basis/cc-pvdz-jkfit.gbs 
    atoms 7-12   entry H          line    51 file /Users/jmsmith1/anaconda3/envs/jupyterenv/share/psi4/basis/cc-pvdz-jkfit.gbs 

  ==> Integral Setup <==

  DFHelper Memory: AOs need 0.151 GiB; user supplied 3.600 GiB. 
  SCF_SUBTYPE=INCORE selected. In-core MEM_DF algorithm will be used.
  Using in-core AOs.

  ==> MemDFJK: Density-Fitted J/K Matrices <==

    J tasked:                   Yes
    K tasked:                   Yes
    wK tasked:                  Yes
    Omega:                2.000E-01
    OpenMP threads:               4
    Memory [MiB]:              3686
    Algorithm:                 Core
    Schwarz Cutoff:           1E-12
    Mask sparsity (%):       1.7301
    Fitting Condition:        1E-10

   => Auxiliary Basis Set <=

  Basis Set: (6-31G* AUX)
    Blend: CC-PVDZ-JKFIT
    Number of shells: 198
    Number of basis functions: 636
    Number of Cartesian functions: 636
    Spherical Harmonics?: false
    Max angular momentum: 3

  Cached 100.0% of DFT collocation blocks in 0.590 [GiB].

  Minimum eigenvalue in the overlap matrix is 3.1477572281E-03.
  Reciprocal condition number of the overlap matrix is 4.5903480454E-04.
    Using symmetric orthogonalization.

  ==> Pre-Iterations <==

  SCF Guess: Superposition of Atomic Densities via on-the-fly atomic UHF (no occupation information).

   -------------------------
    Irrep   Nso     Nmo    
   -------------------------
     A        102     102 
   -------------------------
    Total     102     102
   -------------------------

  ==> Iterations <==

                           Total Energy        Delta E     RMS |[F,P]|

   @DF-RKS iter SAD:  -300.20699811625957   -3.00207e+02   0.00000e+00 
   @DF-RKS iter   1:  -296.48331565580872    3.72368e+00   3.45668e-02 DIIS/ADIIS
   @DF-RKS iter   2:  -273.85807617904368    2.26252e+01   6.47135e-02 DIIS/ADIIS
   @DF-RKS iter   3:  -304.69559326784940   -3.08375e+01   1.71803e-02 DIIS/ADIIS
   @DF-RKS iter   4:  -303.66331919572661    1.03227e+00   2.13781e-02 DIIS/ADIIS
   @DF-RKS iter   5:  -306.09932068167552   -2.43600e+00   3.84654e-03 DIIS/ADIIS
   @DF-RKS iter   6:  -306.16266244238801   -6.33418e-02   2.36194e-03 DIIS/ADIIS
   @DF-RKS iter   7:  -306.18992403664140   -2.72616e-02   3.75601e-04 DIIS/ADIIS
   @DF-RKS iter   8:  -306.19056702157030   -6.42985e-04   2.71130e-04 DIIS/ADIIS
   @DF-RKS iter   9:  -306.19094931832194   -3.82297e-04   8.16270e-05 DIIS
   @DF-RKS iter  10:  -306.19098628606986   -3.69677e-05   3.25699e-05 DIIS
   @DF-RKS iter  11:  -306.19099047883304   -4.19276e-06   2.29085e-05 DIIS
   @DF-RKS iter  12:  -306.19099331294876   -2.83412e-06   7.48072e-06 DIIS
   @DF-RKS iter  13:  -306.19099366324969   -3.50301e-07   7.61141e-07 DIIS
   @DF-RKS iter  14:  -306.19099367009943   -6.84975e-09   3.99457e-07 DIIS
   @DF-RKS iter  15:  -306.19099367245252   -2.35309e-09   1.79611e-07 DIIS
   @DF-RKS iter  16:  -306.19099367425895   -1.80643e-09   7.75960e-08 DIIS
  Energy and wave function converged.


  ==> Post-Iterations <==

   Electrons on quadrature grid:
      Ntotal   =   45.9999699237 ; deviation = -3.008e-05 

    Orbital Energies [Eh]
    ---------------------

    Doubly Occupied:                                                      

       1A    -19.419226     2A    -19.252359     3A    -10.413905  
       4A    -10.336613     5A    -10.335634     6A    -10.334591  
       7A     -1.291327     8A     -0.996527     9A     -0.904171  
      10A     -0.841619    11A     -0.748554    12A     -0.647669  
      13A     -0.616690    14A     -0.596024    15A     -0.579761  
      16A     -0.534934    17A     -0.504052    18A     -0.497491  
      19A     -0.491426    20A     -0.452863    21A     -0.393593  
      22A     -0.307872    23A     -0.292779  

    Virtual:                                                              

      24A     -0.026252    25A      0.108679    26A      0.162962  
      27A      0.171688    28A      0.209378    29A      0.230962  
      30A      0.235489    31A      0.243521    32A      0.259460  
      33A      0.308283    34A      0.346786    35A      0.417354  
      36A      0.441722    37A      0.558557    38A      0.582819  
      39A      0.608668    40A      0.651880    41A      0.656024  
      42A      0.685081    43A      0.702723    44A      0.717644  
      45A      0.747833    46A      0.794329    47A      0.825024  
      48A      0.890902    49A      0.905427    50A      0.912453  
      51A      0.923986    52A      0.946989    53A      0.963666  
      54A      0.993095    55A      1.021137    56A      1.031409  
      57A      1.053413    58A      1.113443    59A      1.135221  
      60A      1.169311    61A      1.201366    62A      1.236681  
      63A      1.356448    64A      1.388252    65A      1.418887  
      66A      1.446027    67A      1.507414    68A      1.609910  
      69A      1.648083    70A      1.691302    71A      1.754978  
      72A      1.784333    73A      1.852956    74A      1.889209  
      75A      1.923248    76A      1.935005    77A      1.969060  
      78A      2.001288    79A      2.069044    80A      2.126399  
      81A      2.175972    82A      2.211098    83A      2.298988  
      84A      2.341705    85A      2.353555    86A      2.418928  
      87A      2.455650    88A      2.533860    89A      2.573339  
      90A      2.586066    91A      2.708019    92A      2.770408  
      93A      2.927709    94A      2.934363    95A      3.146388  
      96A      3.250336    97A      3.611487    98A      4.104363  
      99A      4.161584   100A      4.257402   101A      4.340956  
     102A      4.609208  

    Final Occupation by Irrep:
              A 
    DOCC [    23 ]
    NA   [    23 ]
    NB   [    23 ]

  @DF-RKS Final Energy:  -306.19099367425895

   => Energetics <=

    Nuclear Repulsion Energy =            223.3734293672166586
    One-Electron Energy =                -858.3618076041682343
    Two-Electron Energy =                 357.0408228715691052
    DFT Exchange-Correlation Energy =     -28.2391340185827353
    Empirical Dispersion Energy =          -0.0043042902937554
    VV10 Nonlocal Energy =                  0.0000000000000000
    Total Energy =                       -306.1909936742589480

Computation Completed


Properties will be evaluated at   0.000000,   0.000000,   0.000000 [a0]

Properties computed using the SCF density matrix


 Multipole Moments:

 ------------------------------------------------------------------------------------
     Multipole            Electronic (a.u.)      Nuclear  (a.u.)        Total (a.u.)
 ------------------------------------------------------------------------------------

 L = 1.  Multiply by 2.5417464519 to convert [e a0] to [Debye]
 Dipole X            :         -1.4648093           -0.4071732           -1.8719826
 Dipole Y            :          0.6883086            0.0411082            0.7294168
 Dipole Z            :          0.2044238           -0.1927870            0.0116368
 Magnitude           :                                                    2.0091050

 ------------------------------------------------------------------------------------

*** tstop() called on cst14372 at Tue Apr 21 10:06:21 2026
Module time:
	user time   =      27.04 seconds =       0.45 minutes
	system time =       0.41 seconds =       0.01 minutes
	total time  =         12 seconds =       0.20 minutes
Total time:
	user time   =     632.68 seconds =      10.54 minutes
	system time =      10.31 seconds =       0.17 minutes
	total time  =        305 seconds =       5.08 minutes

Scratch directory: /tmp/
gradient() will perform analytic gradient computation.

*** tstart() called on cst14372
*** at Tue Apr 21 10:06:22 2026


         ------------------------------------------------------------
                                   SCF GRAD                          
                          Rob Parrish, Justin Turney,                
                       Andy Simmonett, and Alex Sokolov              
         ------------------------------------------------------------

  ==> Geometry <==

    Molecular point group: c1
    Full point group: C1

    Geometry (in Angstrom), charge = 0, multiplicity = 1:

       Center              X                  Y                   Z               Mass       
    ------------   -----------------  -----------------  -----------------  -----------------
         C            0.066628297300     0.352296554800     0.047344777600    12.000000000000
         O            1.372277179200     0.315005828500     0.009503195300    15.994914619570
         O            2.018141534000    -0.833065519900    -0.000914061000    15.994914619570
         C           -0.711332057900    -0.887960804100     0.001547902900    12.000000000000
         C           -2.063548612000    -0.936044711800    -0.064970022300    12.000000000000
         C           -0.564615969000     1.709696720500     0.022206234000    12.000000000000
         H           -0.284245839000    -1.878106224700     0.220343078100     1.007825032230
         H           -2.646530713100    -0.018114970500    -0.201373323300     1.007825032230
         H           -2.695882919400    -1.823508070200    -0.148993652300     1.007825032230
         H            0.306769830300     2.378237249500    -0.032445181900     1.007825032230
         H           -1.191775384200     2.119069810100     0.849269239600     1.007825032230
         H           -1.189941421000     1.960726693200    -0.894305067500     1.007825032230

  Nuclear repulsion =  223.373429367216659

  ==> Basis Set <==

  Basis Set: 6-31G*
    Blend: 6-31G*
    Number of shells: 48
    Number of basis functions: 102
    Number of Cartesian functions: 102
    Spherical Harmonics?: false
    Max angular momentum: 2

  ==> DFJKGrad: Density-Fitted SCF Gradients <==

    Gradient:                    1
    J tasked:                  Yes
    K tasked:                  Yes
    wK tasked:                 Yes
    Omega:               2.000E-01
    OpenMP threads:              4
    Integrals threads:           4
    Memory [MiB]:             4291
    Schwarz Cutoff:          1E-12
    Fitting Condition:       1E-10

   => Auxiliary Basis Set <=

  Basis Set: (6-31G* AUX)
    Blend: CC-PVDZ-JKFIT
    Number of shells: 198
    Number of basis functions: 636
    Number of Cartesian functions: 636
    Spherical Harmonics?: false
    Max angular momentum: 3

  ==> DFT Potential <==

   => LibXC <=

    Version 7.0.0
    S. Lehtola, C. Steigemann, M. J.T. Oliveira, and M. A.L. Marques.,  SoftwareX 7, 1–5 (2018) (10.1016/j.softx.2017.11.002)

   => Composite Functional: WB97X-D <= 

    wB97X-D Hyb-GGA Exchange-Correlation Functional

    J.-D. Chai and M. Head-Gordon.,  Phys. Chem. Chem. Phys. 10, 6615-6620 (2008) (10.1039/B810189B)

    Deriv               =              1
    GGA                 =           TRUE
    Meta                =          FALSE

    Exchange Hybrid     =           TRUE
    MP2 Hybrid          =          FALSE

   => Exchange-Correlation Functionals <=

    1.0000   wB97X-D range-separated functional

   => Exact (HF) Exchange <=

    0.7780            HF,LR [omega = 0.2000]
    0.2220               HF 

   => LibXC Density Thresholds  <==

    XC_HYB_GGA_XC_WB97X_D:  1.00E-14 

   => Molecular Quadrature <=

    Radial Scheme          =       TREUTLER
    Pruning Scheme         =           NONE
    Nuclear Scheme         =       TREUTLER

    Blocking Scheme        =         OCTREE
    BS radius alpha        =              1
    Pruning alpha          =              1
    Radial Points          =             75
    Spherical Points       =            302
    Total Points           =         254591
    Total Blocks           =           1946
    Max Points             =            256
    Max Functions          =            100
    Weights Tolerance      =       1.00E-15


  -Total Gradient:
     Atom            X                  Y                   Z
    ------   -----------------  -----------------  -----------------
       1        0.001862586243     0.023769715728     0.003624096765
       2        0.037791745929    -0.020245631884    -0.005423093623
       3       -0.001959940516     0.010650346267     0.001144126439
       4        0.019675056659     0.023606940169    -0.020554532302
       5       -0.000808903056    -0.026168146828     0.014935060934
       6       -0.005973963475    -0.034353643329     0.018530829239
       7       -0.014528712947    -0.015666333060     0.009789695351
       8       -0.002738934303     0.001182572763    -0.001502906655
       9       -0.012966680776     0.002618593370    -0.006977248801
      10        0.004623519837    -0.004569605131     0.000429197209
      11       -0.009686233396     0.022537118481    -0.000399196420
      12       -0.015515271069     0.016414378366    -0.013882368585


*** tstop() called on cst14372 at Tue Apr 21 10:06:23 2026
Module time:
	user time   =       3.91 seconds =       0.07 minutes
	system time =       0.07 seconds =       0.00 minutes
	total time  =          1 seconds =       0.02 minutes
Total time:
	user time   =     636.61 seconds =      10.61 minutes
	system time =      10.38 seconds =       0.17 minutes
	total time  =        307 seconds =       5.12 minutes

Scratch directory: /tmp/
   => Libint2 <=

    Primary   basis highest AM E, G, H:  6, 6, 3
    Auxiliary basis highest AM E, G, H:  7, 7, 4
    Onebody   basis highest AM E, G, H:  -, -, -
    Solid Harmonics ordering:            Gaussian

*** tstart() called on cst14372
*** at Tue Apr 21 10:06:23 2026

   => Loading Basis Set <=

    Name: 6-31G*
    Role: ORBITAL
    Keyword: BASIS
    atoms 1, 4-6 entry C          line   111 file /Users/jmsmith1/anaconda3/envs/jupyterenv/share/psi4/basis/6-31gs.gbs 
    atoms 2-3    entry O          line   145 file /Users/jmsmith1/anaconda3/envs/jupyterenv/share/psi4/basis/6-31gs.gbs 
    atoms 7-12   entry H          line    44 file /Users/jmsmith1/anaconda3/envs/jupyterenv/share/psi4/basis/6-31gs.gbs 

   => WB97X-D: Empirical Dispersion <=

    Chai and Head-Gordon Dispersion Correction
    Chai, J.-D.; Head-Gordon, M. (2010), J. Chem. Phys., 132: 6615-6620

        s6 =       1.000000


         ---------------------------------------------------------
                                   SCF
               by Justin Turney, Rob Parrish, Andy Simmonett
                          and Daniel G. A. Smith
                              RKS Reference
                        4 Threads,   5722 MiB Core
         ---------------------------------------------------------

  ==> Geometry <==

    Molecular point group: c1
    Full point group: C1

    Geometry (in Angstrom), charge = 0, multiplicity = 1:

       Center              X                  Y                   Z               Mass       
    ------------   -----------------  -----------------  -----------------  -----------------
         C            0.066663272300     0.351931916500     0.049694306200    12.000000000000
         O            1.373315902000     0.315937568700     0.010074891700    15.994914619570
         O            2.020291282700    -0.830877215100    -0.000980375900    15.994914619570
         C           -0.711612154900    -0.889622235800     0.002120194000    12.000000000000
         C           -2.064356889400    -0.937847547100    -0.068637012400    12.000000000000
         C           -0.567834329300     1.709970510000     0.022636254000    12.000000000000
         H           -0.290303615900    -1.875126997100     0.228564415800     1.007825032230
         H           -2.643588829200    -0.024632380100    -0.210979350700     1.007825032230
         H           -2.698233637700    -1.826324416500    -0.154862419900     1.007825032230
         H            0.305072460700     2.374387964000    -0.034354377300     1.007825032230
         H           -1.190193406100     2.124058910400     0.844792622400     1.007825032230
         H           -1.183994385500     1.958882431600    -0.884698868200     1.007825032230

  Running in c1 symmetry.

  Rotational constants: A =      0.18336  B =      0.09594  C =      0.06378 [cm^-1]
  Rotational constants: A =   5496.99755  B =   2876.27306  C =   1912.01634 [MHz]
  Nuclear repulsion =  223.356121273396553

  Charge       = 0
  Multiplicity = 1
  Electrons    = 46
  Nalpha       = 23
  Nbeta        = 23

  ==> Algorithm <==

  SCF Algorithm Type is DF.
  DIIS enabled.
  MOM disabled.
  Fractional occupation disabled.
  Guess Type is SAD.
  Energy threshold   = 1.00e-07
  Density threshold  = 1.00e-07
  Integral threshold = 1.00e-12

  ==> Primary Basis <==

  Basis Set: 6-31G*
    Blend: 6-31G*
    Number of shells: 48
    Number of basis functions: 102
    Number of Cartesian functions: 102
    Spherical Harmonics?: false
    Max angular momentum: 2

  ==> DFT Potential <==

   => LibXC <=

    Version 7.0.0
    S. Lehtola, C. Steigemann, M. J.T. Oliveira, and M. A.L. Marques.,  SoftwareX 7, 1–5 (2018) (10.1016/j.softx.2017.11.002)

   => Composite Functional: WB97X-D <= 

    wB97X-D Hyb-GGA Exchange-Correlation Functional

    J.-D. Chai and M. Head-Gordon.,  Phys. Chem. Chem. Phys. 10, 6615-6620 (2008) (10.1039/B810189B)

    Deriv               =              1
    GGA                 =           TRUE
    Meta                =          FALSE

    Exchange Hybrid     =           TRUE
    MP2 Hybrid          =          FALSE

   => Exchange-Correlation Functionals <=

    1.0000   wB97X-D range-separated functional

   => Exact (HF) Exchange <=

    0.7780            HF,LR [omega = 0.2000]
    0.2220               HF 

   => LibXC Density Thresholds  <==

    XC_HYB_GGA_XC_WB97X_D:  1.00E-14 

   => Molecular Quadrature <=

    Radial Scheme          =       TREUTLER
    Pruning Scheme         =           NONE
    Nuclear Scheme         =       TREUTLER

    Blocking Scheme        =         OCTREE
    BS radius alpha        =              1
    Pruning alpha          =              1
    Radial Points          =             75
    Spherical Points       =            302
    Total Points           =         254571
    Total Blocks           =           1941
    Max Points             =            256
    Max Functions          =            100
    Weights Tolerance      =       1.00E-15

   => Loading Basis Set <=

    Name: (6-31G* AUX)
    Role: JKFIT
    Keyword: DF_BASIS_SCF
    atoms 1, 4-6 entry C          line   121 file /Users/jmsmith1/anaconda3/envs/jupyterenv/share/psi4/basis/cc-pvdz-jkfit.gbs 
    atoms 2-3    entry O          line   221 file /Users/jmsmith1/anaconda3/envs/jupyterenv/share/psi4/basis/cc-pvdz-jkfit.gbs 
    atoms 7-12   entry H          line    51 file /Users/jmsmith1/anaconda3/envs/jupyterenv/share/psi4/basis/cc-pvdz-jkfit.gbs 

  ==> Integral Setup <==

  DFHelper Memory: AOs need 0.151 GiB; user supplied 3.600 GiB. 
  SCF_SUBTYPE=INCORE selected. In-core MEM_DF algorithm will be used.
  Using in-core AOs.

  ==> MemDFJK: Density-Fitted J/K Matrices <==

    J tasked:                   Yes
    K tasked:                   Yes
    wK tasked:                  Yes
    Omega:                2.000E-01
    OpenMP threads:               4
    Memory [MiB]:              3686
    Algorithm:                 Core
    Schwarz Cutoff:           1E-12
    Mask sparsity (%):       1.7493
    Fitting Condition:        1E-10

   => Auxiliary Basis Set <=

  Basis Set: (6-31G* AUX)
    Blend: CC-PVDZ-JKFIT
    Number of shells: 198
    Number of basis functions: 636
    Number of Cartesian functions: 636
    Spherical Harmonics?: false
    Max angular momentum: 3

  Cached 100.0% of DFT collocation blocks in 0.590 [GiB].

  Minimum eigenvalue in the overlap matrix is 3.1670672490E-03.
  Reciprocal condition number of the overlap matrix is 4.6183516702E-04.
    Using symmetric orthogonalization.

  ==> Pre-Iterations <==

  SCF Guess: Superposition of Atomic Densities via on-the-fly atomic UHF (no occupation information).

   -------------------------
    Irrep   Nso     Nmo    
   -------------------------
     A        102     102 
   -------------------------
    Total     102     102
   -------------------------

  ==> Iterations <==

                           Total Energy        Delta E     RMS |[F,P]|

   @DF-RKS iter SAD:  -300.22129681695895   -3.00221e+02   0.00000e+00 
   @DF-RKS iter   1:  -296.50333574114813    3.71796e+00   3.45459e-02 DIIS/ADIIS
   @DF-RKS iter   2:  -273.93032811758286    2.25730e+01   6.45846e-02 DIIS/ADIIS
   @DF-RKS iter   3:  -304.69590967023726   -3.07656e+01   1.71936e-02 DIIS/ADIIS
   @DF-RKS iter   4:  -303.74557743036934    9.50332e-01   2.10791e-02 DIIS/ADIIS
   @DF-RKS iter   5:  -306.10016084636919   -2.35458e+00   3.84009e-03 DIIS/ADIIS
   @DF-RKS iter   6:  -306.16319857458507   -6.30377e-02   2.33132e-03 DIIS/ADIIS
   @DF-RKS iter   7:  -306.18973909887876   -2.65405e-02   3.76102e-04 DIIS/ADIIS
   @DF-RKS iter   8:  -306.19036211810953   -6.23019e-04   2.75437e-04 DIIS/ADIIS
   @DF-RKS iter   9:  -306.19075766887670   -3.95551e-04   7.72927e-05 DIIS
   @DF-RKS iter  10:  -306.19079221498311   -3.45461e-05   3.19668e-05 DIIS
   @DF-RKS iter  11:  -306.19079623647752   -4.02149e-06   2.22427e-05 DIIS
   @DF-RKS iter  12:  -306.19079894115185   -2.70467e-06   7.53752e-06 DIIS
   @DF-RKS iter  13:  -306.19079931687509   -3.75723e-07   7.14180e-07 DIIS
   @DF-RKS iter  14:  -306.19079932729795   -1.04229e-08   4.19832e-07 DIIS
   @DF-RKS iter  15:  -306.19079933137357   -4.07562e-09   2.25739e-07 DIIS
   @DF-RKS iter  16:  -306.19079933462382   -3.25025e-09   8.91763e-08 DIIS
  Energy and wave function converged.


  ==> Post-Iterations <==

   Electrons on quadrature grid:
      Ntotal   =   45.9999694225 ; deviation = -3.058e-05 

    Orbital Energies [Eh]
    ---------------------

    Doubly Occupied:                                                      

       1A    -19.419433     2A    -19.252523     3A    -10.414158  
       4A    -10.336299     5A    -10.334365     6A    -10.333970  
       7A     -1.291390     8A     -0.996355     9A     -0.904128  
      10A     -0.842498    11A     -0.748675    12A     -0.648560  
      13A     -0.616821    14A     -0.596499    15A     -0.579745  
      16A     -0.534854    17A     -0.505394    18A     -0.497972  
      19A     -0.491475    20A     -0.453116    21A     -0.393484  
      22A     -0.307959    23A     -0.292817  

    Virtual:                                                              

      24A     -0.026246    25A      0.108489    26A      0.164669  
      27A      0.172032    28A      0.209907    29A      0.231946  
      30A      0.236562    31A      0.245140    32A      0.259893  
      33A      0.307748    34A      0.346423    35A      0.417252  
      36A      0.441399    37A      0.558816    38A      0.582398  
      39A      0.608066    40A      0.650959    41A      0.655386  
      42A      0.685109    43A      0.702254    44A      0.716292  
      45A      0.747652    46A      0.794310    47A      0.826621  
      48A      0.892790    49A      0.908019    50A      0.913566  
      51A      0.925002    52A      0.947623    53A      0.964997  
      54A      0.996662    55A      1.021116    56A      1.032008  
      57A      1.055513    58A      1.112718    59A      1.135411  
      60A      1.168394    61A      1.201182    62A      1.234944  
      63A      1.355789    64A      1.387451    65A      1.419070  
      66A      1.447115    67A      1.506654    68A      1.610316  
      69A      1.647784    70A      1.692384    71A      1.755056  
      72A      1.782125    73A      1.852693    74A      1.887236  
      75A      1.922789    76A      1.934895    77A      1.968479  
      78A      2.001706    79A      2.068576    80A      2.128398  
      81A      2.180364    82A      2.211464    83A      2.300249  
      84A      2.346501    85A      2.355443    86A      2.419101  
      87A      2.455853    88A      2.532741    89A      2.573654  
      90A      2.586558    91A      2.708235    92A      2.770098  
      93A      2.927106    94A      2.933293    95A      3.144477  
      96A      3.248793    97A      3.610816    98A      4.104619  
      99A      4.160926   100A      4.257939   101A      4.341251  
     102A      4.608457  

    Final Occupation by Irrep:
              A 
    DOCC [    23 ]
    NA   [    23 ]
    NB   [    23 ]

  @DF-RKS Final Energy:  -306.19079933462382

   => Energetics <=

    Nuclear Repulsion Energy =            223.3561212733965533
    One-Electron Energy =                -858.3177442483422510
    Two-Electron Energy =                 357.0193441181018557
    DFT Exchange-Correlation Energy =     -28.2442244861122589
    Empirical Dispersion Energy =          -0.0042959916676484
    VV10 Nonlocal Energy =                  0.0000000000000000
    Total Energy =                       -306.1907993346238186

Computation Completed


Properties will be evaluated at   0.000000,   0.000000,   0.000000 [a0]

Properties computed using the SCF density matrix


 Multipole Moments:

 ------------------------------------------------------------------------------------
     Multipole            Electronic (a.u.)      Nuclear  (a.u.)        Total (a.u.)
 ------------------------------------------------------------------------------------

 L = 1.  Multiply by 2.5417464519 to convert [e a0] to [Debye]
 Dipole X            :         -1.4664057           -0.4067154           -1.8731212
 Dipole Y            :          0.6952372            0.0346277            0.7298649
 Dipole Z            :          0.2065714           -0.1963414            0.0102300
 Magnitude           :                                                    2.0103210

 ------------------------------------------------------------------------------------

*** tstop() called on cst14372 at Tue Apr 21 10:06:36 2026
Module time:
	user time   =      26.92 seconds =       0.45 minutes
	system time =       0.42 seconds =       0.01 minutes
	total time  =         13 seconds =       0.22 minutes
Total time:
	user time   =     663.55 seconds =      11.06 minutes
	system time =      10.81 seconds =       0.18 minutes
	total time  =        320 seconds =       5.33 minutes

Scratch directory: /tmp/
gradient() will perform analytic gradient computation.

*** tstart() called on cst14372
*** at Tue Apr 21 10:06:36 2026


         ------------------------------------------------------------
                                   SCF GRAD                          
                          Rob Parrish, Justin Turney,                
                       Andy Simmonett, and Alex Sokolov              
         ------------------------------------------------------------

  ==> Geometry <==

    Molecular point group: c1
    Full point group: C1

    Geometry (in Angstrom), charge = 0, multiplicity = 1:

       Center              X                  Y                   Z               Mass       
    ------------   -----------------  -----------------  -----------------  -----------------
         C            0.066663272300     0.351931916500     0.049694306200    12.000000000000
         O            1.373315902000     0.315937568700     0.010074891700    15.994914619570
         O            2.020291282700    -0.830877215100    -0.000980375900    15.994914619570
         C           -0.711612154900    -0.889622235800     0.002120194000    12.000000000000
         C           -2.064356889400    -0.937847547100    -0.068637012400    12.000000000000
         C           -0.567834329300     1.709970510000     0.022636254000    12.000000000000
         H           -0.290303615900    -1.875126997100     0.228564415800     1.007825032230
         H           -2.643588829200    -0.024632380100    -0.210979350700     1.007825032230
         H           -2.698233637700    -1.826324416500    -0.154862419900     1.007825032230
         H            0.305072460700     2.374387964000    -0.034354377300     1.007825032230
         H           -1.190193406100     2.124058910400     0.844792622400     1.007825032230
         H           -1.183994385500     1.958882431600    -0.884698868200     1.007825032230

  Nuclear repulsion =  223.356121273396553

  ==> Basis Set <==

  Basis Set: 6-31G*
    Blend: 6-31G*
    Number of shells: 48
    Number of basis functions: 102
    Number of Cartesian functions: 102
    Spherical Harmonics?: false
    Max angular momentum: 2

  ==> DFJKGrad: Density-Fitted SCF Gradients <==

    Gradient:                    1
    J tasked:                  Yes
    K tasked:                  Yes
    wK tasked:                 Yes
    Omega:               2.000E-01
    OpenMP threads:              4
    Integrals threads:           4
    Memory [MiB]:             4291
    Schwarz Cutoff:          1E-12
    Fitting Condition:       1E-10

   => Auxiliary Basis Set <=

  Basis Set: (6-31G* AUX)
    Blend: CC-PVDZ-JKFIT
    Number of shells: 198
    Number of basis functions: 636
    Number of Cartesian functions: 636
    Spherical Harmonics?: false
    Max angular momentum: 3

  ==> DFT Potential <==

   => LibXC <=

    Version 7.0.0
    S. Lehtola, C. Steigemann, M. J.T. Oliveira, and M. A.L. Marques.,  SoftwareX 7, 1–5 (2018) (10.1016/j.softx.2017.11.002)

   => Composite Functional: WB97X-D <= 

    wB97X-D Hyb-GGA Exchange-Correlation Functional

    J.-D. Chai and M. Head-Gordon.,  Phys. Chem. Chem. Phys. 10, 6615-6620 (2008) (10.1039/B810189B)

    Deriv               =              1
    GGA                 =           TRUE
    Meta                =          FALSE

    Exchange Hybrid     =           TRUE
    MP2 Hybrid          =          FALSE

   => Exchange-Correlation Functionals <=

    1.0000   wB97X-D range-separated functional

   => Exact (HF) Exchange <=

    0.7780            HF,LR [omega = 0.2000]
    0.2220               HF 

   => LibXC Density Thresholds  <==

    XC_HYB_GGA_XC_WB97X_D:  1.00E-14 

   => Molecular Quadrature <=

    Radial Scheme          =       TREUTLER
    Pruning Scheme         =           NONE
    Nuclear Scheme         =       TREUTLER

    Blocking Scheme        =         OCTREE
    BS radius alpha        =              1
    Pruning alpha          =              1
    Radial Points          =             75
    Spherical Points       =            302
    Total Points           =         254571
    Total Blocks           =           1941
    Max Points             =            256
    Max Functions          =            100
    Weights Tolerance      =       1.00E-15


  -Total Gradient:
     Atom            X                  Y                   Z
    ------   -----------------  -----------------  -----------------
       1        0.002263027856     0.023840398391     0.003891410163
       2        0.039105522098    -0.020625945201    -0.005675326818
       3       -0.001978151724     0.010958823069     0.001175651259
       4        0.021253978807     0.020614472555    -0.020640283111
       5       -0.002467818298    -0.022867920843     0.015092264131
       6       -0.011499401376    -0.031504805124     0.015679098161
       7       -0.016232495219    -0.012748613513     0.009427452615
       8       -0.000893317309    -0.001746809717    -0.001130356236
       9       -0.013793843418     0.001757395569    -0.007279767003
      10        0.003966986083    -0.005375927125     0.000352133468
      11       -0.008225503067     0.022022602128    -0.002893699384
      12       -0.011720912552     0.015422384848    -0.008291611185


*** tstop() called on cst14372 at Tue Apr 21 10:06:38 2026
Module time:
	user time   =       3.87 seconds =       0.06 minutes
	system time =       0.08 seconds =       0.00 minutes
	total time  =          2 seconds =       0.03 minutes
Total time:
	user time   =     667.44 seconds =      11.12 minutes
	system time =      10.90 seconds =       0.18 minutes
	total time  =        322 seconds =       5.37 minutes

Scratch directory: /tmp/
   => Libint2 <=

    Primary   basis highest AM E, G, H:  6, 6, 3
    Auxiliary basis highest AM E, G, H:  7, 7, 4
    Onebody   basis highest AM E, G, H:  -, -, -
    Solid Harmonics ordering:            Gaussian

*** tstart() called on cst14372
*** at Tue Apr 21 10:06:38 2026

   => Loading Basis Set <=

    Name: 6-31G*
    Role: ORBITAL
    Keyword: BASIS
    atoms 1, 4-6 entry C          line   111 file /Users/jmsmith1/anaconda3/envs/jupyterenv/share/psi4/basis/6-31gs.gbs 
    atoms 2-3    entry O          line   145 file /Users/jmsmith1/anaconda3/envs/jupyterenv/share/psi4/basis/6-31gs.gbs 
    atoms 7-12   entry H          line    44 file /Users/jmsmith1/anaconda3/envs/jupyterenv/share/psi4/basis/6-31gs.gbs 

   => WB97X-D: Empirical Dispersion <=

    Chai and Head-Gordon Dispersion Correction
    Chai, J.-D.; Head-Gordon, M. (2010), J. Chem. Phys., 132: 6615-6620

        s6 =       1.000000


         ---------------------------------------------------------
                                   SCF
               by Justin Turney, Rob Parrish, Andy Simmonett
                          and Daniel G. A. Smith
                              RKS Reference
                        4 Threads,   5722 MiB Core
         ---------------------------------------------------------

  ==> Geometry <==

    Molecular point group: c1
    Full point group: C1

    Geometry (in Angstrom), charge = 0, multiplicity = 1:

       Center              X                  Y                   Z               Mass       
    ------------   -----------------  -----------------  -----------------  -----------------
         C            0.066691780900     0.351497355100     0.052038339800    12.000000000000
         O            1.374272174200     0.316916431900     0.010660329000    15.994914619570
         O            2.022450612700    -0.828707354900    -0.001049409100    15.994914619570
         C           -0.711954478600    -0.891347436100     0.002753652700    12.000000000000
         C           -2.065160007100    -0.939588600000    -0.072356709400    12.000000000000
         C           -0.571027301100     1.710336190900     0.023021933300    12.000000000000
         H           -0.295816245600    -1.871700616300     0.236480699100     1.007825032230
         H           -2.640608897900    -0.031105535600    -0.220569979800     1.007825032230
         H           -2.700114236300    -1.829208312900    -0.160494449900     1.007825032230
         H            0.303234058000     2.370714694100    -0.036280411800     1.007825032230
         H           -1.188323757100     2.128300476300     0.840404841500     1.007825032230
         H           -1.177628361900     1.956501558700    -0.874783003700     1.007825032230

  Running in c1 symmetry.

  Rotational constants: A =      0.18333  B =      0.09581  C =      0.06371 [cm^-1]
  Rotational constants: A =   5496.00691  B =   2872.29751  C =   1909.97365 [MHz]
  Nuclear repulsion =  223.345607679407152

  Charge       = 0
  Multiplicity = 1
  Electrons    = 46
  Nalpha       = 23
  Nbeta        = 23

  ==> Algorithm <==

  SCF Algorithm Type is DF.
  DIIS enabled.
  MOM disabled.
  Fractional occupation disabled.
  Guess Type is SAD.
  Energy threshold   = 1.00e-07
  Density threshold  = 1.00e-07
  Integral threshold = 1.00e-12

  ==> Primary Basis <==

  Basis Set: 6-31G*
    Blend: 6-31G*
    Number of shells: 48
    Number of basis functions: 102
    Number of Cartesian functions: 102
    Spherical Harmonics?: false
    Max angular momentum: 2

  ==> DFT Potential <==

   => LibXC <=

    Version 7.0.0
    S. Lehtola, C. Steigemann, M. J.T. Oliveira, and M. A.L. Marques.,  SoftwareX 7, 1–5 (2018) (10.1016/j.softx.2017.11.002)

   => Composite Functional: WB97X-D <= 

    wB97X-D Hyb-GGA Exchange-Correlation Functional

    J.-D. Chai and M. Head-Gordon.,  Phys. Chem. Chem. Phys. 10, 6615-6620 (2008) (10.1039/B810189B)

    Deriv               =              1
    GGA                 =           TRUE
    Meta                =          FALSE

    Exchange Hybrid     =           TRUE
    MP2 Hybrid          =          FALSE

   => Exchange-Correlation Functionals <=

    1.0000   wB97X-D range-separated functional

   => Exact (HF) Exchange <=

    0.7780            HF,LR [omega = 0.2000]
    0.2220               HF 

   => LibXC Density Thresholds  <==

    XC_HYB_GGA_XC_WB97X_D:  1.00E-14 

   => Molecular Quadrature <=

    Radial Scheme          =       TREUTLER
    Pruning Scheme         =           NONE
    Nuclear Scheme         =       TREUTLER

    Blocking Scheme        =         OCTREE
    BS radius alpha        =              1
    Pruning alpha          =              1
    Radial Points          =             75
    Spherical Points       =            302
    Total Points           =         254552
    Total Blocks           =           1927
    Max Points             =            256
    Max Functions          =            100
    Weights Tolerance      =       1.00E-15

   => Loading Basis Set <=

    Name: (6-31G* AUX)
    Role: JKFIT
    Keyword: DF_BASIS_SCF
    atoms 1, 4-6 entry C          line   121 file /Users/jmsmith1/anaconda3/envs/jupyterenv/share/psi4/basis/cc-pvdz-jkfit.gbs 
    atoms 2-3    entry O          line   221 file /Users/jmsmith1/anaconda3/envs/jupyterenv/share/psi4/basis/cc-pvdz-jkfit.gbs 
    atoms 7-12   entry H          line    51 file /Users/jmsmith1/anaconda3/envs/jupyterenv/share/psi4/basis/cc-pvdz-jkfit.gbs 

  ==> Integral Setup <==

  DFHelper Memory: AOs need 0.151 GiB; user supplied 3.601 GiB. 
  SCF_SUBTYPE=INCORE selected. In-core MEM_DF algorithm will be used.
  Using in-core AOs.

  ==> MemDFJK: Density-Fitted J/K Matrices <==

    J tasked:                   Yes
    K tasked:                   Yes
    wK tasked:                  Yes
    Omega:                2.000E-01
    OpenMP threads:               4
    Memory [MiB]:              3687
    Algorithm:                 Core
    Schwarz Cutoff:           1E-12
    Mask sparsity (%):       1.7493
    Fitting Condition:        1E-10

   => Auxiliary Basis Set <=

  Basis Set: (6-31G* AUX)
    Blend: CC-PVDZ-JKFIT
    Number of shells: 198
    Number of basis functions: 636
    Number of Cartesian functions: 636
    Spherical Harmonics?: false
    Max angular momentum: 3

  Cached 100.0% of DFT collocation blocks in 0.590 [GiB].

  Minimum eigenvalue in the overlap matrix is 3.1870354753E-03.
  Reciprocal condition number of the overlap matrix is 4.6469752201E-04.
    Using symmetric orthogonalization.

  ==> Pre-Iterations <==

  SCF Guess: Superposition of Atomic Densities via on-the-fly atomic UHF (no occupation information).

   -------------------------
    Irrep   Nso     Nmo    
   -------------------------
     A        102     102 
   -------------------------
    Total     102     102
   -------------------------

  ==> Iterations <==

                           Total Energy        Delta E     RMS |[F,P]|

   @DF-RKS iter SAD:  -300.23631711241075   -3.00236e+02   0.00000e+00 
   @DF-RKS iter   1:  -296.52529305734504    3.71102e+00   3.45225e-02 DIIS/ADIIS
   @DF-RKS iter   2:  -274.01680437816651    2.25085e+01   6.44515e-02 DIIS/ADIIS
   @DF-RKS iter   3:  -304.69938379242097   -3.06826e+01   1.71878e-02 DIIS/ADIIS
   @DF-RKS iter   4:  -303.82190322936697    8.77481e-01   2.07863e-02 DIIS/ADIIS
   @DF-RKS iter   5:  -306.10064532227551   -2.27874e+00   3.83565e-03 DIIS/ADIIS
   @DF-RKS iter   6:  -306.16356490529091   -6.29196e-02   2.30011e-03 DIIS/ADIIS
   @DF-RKS iter   7:  -306.18940040414066   -2.58355e-02   3.73864e-04 DIIS/ADIIS
   @DF-RKS iter   8:  -306.19000371431900   -6.03310e-04   2.76675e-04 DIIS/ADIIS
   @DF-RKS iter   9:  -306.19040355645006   -3.99842e-04   7.39514e-05 DIIS
   @DF-RKS iter  10:  -306.19043628097035   -3.27245e-05   3.11597e-05 DIIS
   @DF-RKS iter  11:  -306.19044011744847   -3.83648e-06   2.14355e-05 DIIS
   @DF-RKS iter  12:  -306.19044266052686   -2.54308e-06   7.56262e-06 DIIS
   @DF-RKS iter  13:  -306.19044305756324   -3.97036e-07   6.80600e-07 DIIS
   @DF-RKS iter  14:  -306.19044307161619   -1.40529e-08   4.31704e-07 DIIS
   @DF-RKS iter  15:  -306.19044307779910   -6.18292e-09   2.44809e-07 DIIS
   @DF-RKS iter  16:  -306.19044308161608   -3.81698e-09   9.10048e-08 DIIS
  Energy and wave function converged.


  ==> Post-Iterations <==

   Electrons on quadrature grid:
      Ntotal   =   45.9999689363 ; deviation = -3.106e-05 

    Orbital Energies [Eh]
    ---------------------

    Doubly Occupied:                                                      

       1A    -19.419617     2A    -19.252655     3A    -10.414398  
       4A    -10.335974     5A    -10.334115     6A    -10.332197  
       7A     -1.291408     8A     -0.996164     9A     -0.904115  
      10A     -0.843462    11A     -0.748831    12A     -0.649477  
      13A     -0.616938    14A     -0.596959    15A     -0.579738  
      16A     -0.534789    17A     -0.506918    18A     -0.498405  
      19A     -0.491593    20A     -0.453374    21A     -0.393391  
      22A     -0.308031    23A     -0.292853  

    Virtual:                                                              

      24A     -0.026223    25A      0.108314    26A      0.166372  
      27A      0.172446    28A      0.210377    29A      0.232987  
      30A      0.237434    31A      0.247122    32A      0.260428  
      33A      0.307203    34A      0.346070    35A      0.417089  
      36A      0.441021    37A      0.559103    38A      0.581965  
      39A      0.607410    40A      0.650000    41A      0.654785  
      42A      0.685086    43A      0.701764    44A      0.714932  
      45A      0.747446    46A      0.794158    47A      0.828160  
      48A      0.894333    49A      0.910083    50A      0.915629  
      51A      0.926186    52A      0.948255    53A      0.966822  
      54A      1.000652    55A      1.021265    56A      1.032707  
      57A      1.057935    58A      1.112081    59A      1.135725  
      60A      1.167544    61A      1.201071    62A      1.233322  
      63A      1.355169    64A      1.386667    65A      1.419261  
      66A      1.448185    67A      1.506048    68A      1.610621  
      69A      1.647311    70A      1.693572    71A      1.755057  
      72A      1.779983    73A      1.852441    74A      1.885384  
      75A      1.922454    76A      1.934869    77A      1.968006  
      78A      2.002266    79A      2.068080    80A      2.130477  
      81A      2.184723    82A      2.211874    83A      2.301402  
      84A      2.351015    85A      2.358043    86A      2.419547  
      87A      2.456128    88A      2.531676    89A      2.573863  
      90A      2.587303    91A      2.708470    92A      2.769758  
      93A      2.926555    94A      2.932256    95A      3.142616  
      96A      3.247259    97A      3.610173    98A      4.104943  
      99A      4.160273   100A      4.258560   101A      4.341717  
     102A      4.607741  

    Final Occupation by Irrep:
              A 
    DOCC [    23 ]
    NA   [    23 ]
    NB   [    23 ]

  @DF-RKS Final Energy:  -306.19044308161608

   => Energetics <=

    Nuclear Repulsion Energy =            223.3456076794071521
    One-Electron Energy =                -858.2864121705335947
    Two-Electron Energy =                 357.0044514236636815
    DFT Exchange-Correlation Energy =     -28.2498018550204790
    Empirical Dispersion Energy =          -0.0042881591328718
    VV10 Nonlocal Energy =                  0.0000000000000000
    Total Energy =                       -306.1904430816160811

Computation Completed


Properties will be evaluated at   0.000000,   0.000000,   0.000000 [a0]

Properties computed using the SCF density matrix


 Multipole Moments:

 ------------------------------------------------------------------------------------
     Multipole            Electronic (a.u.)      Nuclear  (a.u.)        Total (a.u.)
 ------------------------------------------------------------------------------------

 L = 1.  Multiply by 2.5417464519 to convert [e a0] to [Debye]
 Dipole X            :         -1.4697328           -0.4047324           -1.8744653
 Dipole Y            :          0.7026914            0.0275143            0.7302057
 Dipole Z            :          0.2083967           -0.1995771            0.0088196
 Magnitude           :                                                    2.0116904

 ------------------------------------------------------------------------------------

*** tstop() called on cst14372 at Tue Apr 21 10:06:51 2026
Module time:
	user time   =      26.83 seconds =       0.45 minutes
	system time =       0.33 seconds =       0.01 minutes
	total time  =         13 seconds =       0.22 minutes
Total time:
	user time   =     694.29 seconds =      11.57 minutes
	system time =      11.24 seconds =       0.19 minutes
	total time  =        335 seconds =       5.58 minutes

Scratch directory: /tmp/
gradient() will perform analytic gradient computation.

*** tstart() called on cst14372
*** at Tue Apr 21 10:06:51 2026


         ------------------------------------------------------------
                                   SCF GRAD                          
                          Rob Parrish, Justin Turney,                
                       Andy Simmonett, and Alex Sokolov              
         ------------------------------------------------------------

  ==> Geometry <==

    Molecular point group: c1
    Full point group: C1

    Geometry (in Angstrom), charge = 0, multiplicity = 1:

       Center              X                  Y                   Z               Mass       
    ------------   -----------------  -----------------  -----------------  -----------------
         C            0.066691780900     0.351497355100     0.052038339800    12.000000000000
         O            1.374272174200     0.316916431900     0.010660329000    15.994914619570
         O            2.022450612700    -0.828707354900    -0.001049409100    15.994914619570
         C           -0.711954478600    -0.891347436100     0.002753652700    12.000000000000
         C           -2.065160007100    -0.939588600000    -0.072356709400    12.000000000000
         C           -0.571027301100     1.710336190900     0.023021933300    12.000000000000
         H           -0.295816245600    -1.871700616300     0.236480699100     1.007825032230
         H           -2.640608897900    -0.031105535600    -0.220569979800     1.007825032230
         H           -2.700114236300    -1.829208312900    -0.160494449900     1.007825032230
         H            0.303234058000     2.370714694100    -0.036280411800     1.007825032230
         H           -1.188323757100     2.128300476300     0.840404841500     1.007825032230
         H           -1.177628361900     1.956501558700    -0.874783003700     1.007825032230

  Nuclear repulsion =  223.345607679407152

  ==> Basis Set <==

  Basis Set: 6-31G*
    Blend: 6-31G*
    Number of shells: 48
    Number of basis functions: 102
    Number of Cartesian functions: 102
    Spherical Harmonics?: false
    Max angular momentum: 2

  ==> DFJKGrad: Density-Fitted SCF Gradients <==

    Gradient:                    1
    J tasked:                  Yes
    K tasked:                  Yes
    wK tasked:                 Yes
    Omega:               2.000E-01
    OpenMP threads:              4
    Integrals threads:           4
    Memory [MiB]:             4291
    Schwarz Cutoff:          1E-12
    Fitting Condition:       1E-10

   => Auxiliary Basis Set <=

  Basis Set: (6-31G* AUX)
    Blend: CC-PVDZ-JKFIT
    Number of shells: 198
    Number of basis functions: 636
    Number of Cartesian functions: 636
    Spherical Harmonics?: false
    Max angular momentum: 3

  ==> DFT Potential <==

   => LibXC <=

    Version 7.0.0
    S. Lehtola, C. Steigemann, M. J.T. Oliveira, and M. A.L. Marques.,  SoftwareX 7, 1–5 (2018) (10.1016/j.softx.2017.11.002)

   => Composite Functional: WB97X-D <= 

    wB97X-D Hyb-GGA Exchange-Correlation Functional

    J.-D. Chai and M. Head-Gordon.,  Phys. Chem. Chem. Phys. 10, 6615-6620 (2008) (10.1039/B810189B)

    Deriv               =              1
    GGA                 =           TRUE
    Meta                =          FALSE

    Exchange Hybrid     =           TRUE
    MP2 Hybrid          =          FALSE

   => Exchange-Correlation Functionals <=

    1.0000   wB97X-D range-separated functional

   => Exact (HF) Exchange <=

    0.7780            HF,LR [omega = 0.2000]
    0.2220               HF 

   => LibXC Density Thresholds  <==

    XC_HYB_GGA_XC_WB97X_D:  1.00E-14 

   => Molecular Quadrature <=

    Radial Scheme          =       TREUTLER
    Pruning Scheme         =           NONE
    Nuclear Scheme         =       TREUTLER

    Blocking Scheme        =         OCTREE
    BS radius alpha        =              1
    Pruning alpha          =              1
    Radial Points          =             75
    Spherical Points       =            302
    Total Points           =         254552
    Total Blocks           =           1927
    Max Points             =            256
    Max Functions          =            100
    Weights Tolerance      =       1.00E-15


  -Total Gradient:
     Atom            X                  Y                   Z
    ------   -----------------  -----------------  -----------------
       1        0.002685464153     0.023790089537     0.004174750387
       2        0.040339380112    -0.020906610555    -0.005922717781
       3       -0.001977085151     0.011216463049     0.001204043179
       4        0.022781436354     0.017322564552    -0.020602362424
       5       -0.004259679939    -0.019484558028     0.015150820958
       6       -0.017579561294    -0.028186404616     0.012246469221
       7       -0.017922504622    -0.009599789743     0.008952428541
       8        0.001005847978    -0.004741807362    -0.000703999929
       9       -0.014504120337     0.000967069778    -0.007559123290
      10        0.003269039812    -0.006184916527     0.000274101461
      11       -0.006616854254     0.021331396869    -0.005530021988
      12       -0.007430413772     0.014197149978    -0.001990076930


*** tstop() called on cst14372 at Tue Apr 21 10:06:53 2026
Module time:
	user time   =       3.85 seconds =       0.06 minutes
	system time =       0.08 seconds =       0.00 minutes
	total time  =          2 seconds =       0.03 minutes
Total time:
	user time   =     698.15 seconds =      11.64 minutes
	system time =      11.32 seconds =       0.19 minutes
	total time  =        337 seconds =       5.62 minutes

Scratch directory: /tmp/
   => Libint2 <=

    Primary   basis highest AM E, G, H:  6, 6, 3
    Auxiliary basis highest AM E, G, H:  7, 7, 4
    Onebody   basis highest AM E, G, H:  -, -, -
    Solid Harmonics ordering:            Gaussian

*** tstart() called on cst14372
*** at Tue Apr 21 10:06:53 2026

   => Loading Basis Set <=

    Name: 6-31G*
    Role: ORBITAL
    Keyword: BASIS
    atoms 1, 4-6 entry C          line   111 file /Users/jmsmith1/anaconda3/envs/jupyterenv/share/psi4/basis/6-31gs.gbs 
    atoms 2-3    entry O          line   145 file /Users/jmsmith1/anaconda3/envs/jupyterenv/share/psi4/basis/6-31gs.gbs 
    atoms 7-12   entry H          line    44 file /Users/jmsmith1/anaconda3/envs/jupyterenv/share/psi4/basis/6-31gs.gbs 

   => WB97X-D: Empirical Dispersion <=

    Chai and Head-Gordon Dispersion Correction
    Chai, J.-D.; Head-Gordon, M. (2010), J. Chem. Phys., 132: 6615-6620

        s6 =       1.000000


         ---------------------------------------------------------
                                   SCF
               by Justin Turney, Rob Parrish, Andy Simmonett
                          and Daniel G. A. Smith
                              RKS Reference
                        4 Threads,   5722 MiB Core
         ---------------------------------------------------------

  ==> Geometry <==

    Molecular point group: c1
    Full point group: C1

    Geometry (in Angstrom), charge = 0, multiplicity = 1:

       Center              X                  Y                   Z               Mass       
    ------------   -----------------  -----------------  -----------------  -----------------
         C            0.066712585000     0.350992828500     0.054376124100    12.000000000000
         O            1.375143142300     0.317943178000     0.011260098600    15.994914619570
         O            2.024619618700    -0.826556471500    -0.001121231500    15.994914619570
         C           -0.712363617100    -0.893127090000     0.003448342200    12.000000000000
         C           -2.065952791700    -0.941277573000    -0.076129539600    12.000000000000
         C           -0.574177325300     1.710784394600     0.023373114400    12.000000000000
         H           -0.300724259600    -1.867934497800     0.244107831300     1.007825032230
         H           -2.637656247200    -0.037431216500    -0.230160208200     1.007825032230
         H           -2.701499110600    -1.832132757400    -0.165879709800     1.007825032230
         H            0.301278290600     2.367245661500    -0.038220700500     1.007825032230
         H           -1.186221162500     2.131816650000     0.836196923500     1.007825032230
         H           -1.170990124500     1.953624938100    -0.864773781400     1.007825032230

  Running in c1 symmetry.

  Rotational constants: A =      0.18329  B =      0.09568  C =      0.06364 [cm^-1]
  Rotational constants: A =   5495.03554  B =   2868.41982  C =   1907.98810 [MHz]
  Nuclear repulsion =  223.339984273406060

  Charge       = 0
  Multiplicity = 1
  Electrons    = 46
  Nalpha       = 23
  Nbeta        = 23

  ==> Algorithm <==

  SCF Algorithm Type is DF.
  DIIS enabled.
  MOM disabled.
  Fractional occupation disabled.
  Guess Type is SAD.
  Energy threshold   = 1.00e-07
  Density threshold  = 1.00e-07
  Integral threshold = 1.00e-12

  ==> Primary Basis <==

  Basis Set: 6-31G*
    Blend: 6-31G*
    Number of shells: 48
    Number of basis functions: 102
    Number of Cartesian functions: 102
    Spherical Harmonics?: false
    Max angular momentum: 2

  ==> DFT Potential <==

   => LibXC <=

    Version 7.0.0
    S. Lehtola, C. Steigemann, M. J.T. Oliveira, and M. A.L. Marques.,  SoftwareX 7, 1–5 (2018) (10.1016/j.softx.2017.11.002)

   => Composite Functional: WB97X-D <= 

    wB97X-D Hyb-GGA Exchange-Correlation Functional

    J.-D. Chai and M. Head-Gordon.,  Phys. Chem. Chem. Phys. 10, 6615-6620 (2008) (10.1039/B810189B)

    Deriv               =              1
    GGA                 =           TRUE
    Meta                =          FALSE

    Exchange Hybrid     =           TRUE
    MP2 Hybrid          =          FALSE

   => Exchange-Correlation Functionals <=

    1.0000   wB97X-D range-separated functional

   => Exact (HF) Exchange <=

    0.7780            HF,LR [omega = 0.2000]
    0.2220               HF 

   => LibXC Density Thresholds  <==

    XC_HYB_GGA_XC_WB97X_D:  1.00E-14 

   => Molecular Quadrature <=

    Radial Scheme          =       TREUTLER
    Pruning Scheme         =           NONE
    Nuclear Scheme         =       TREUTLER

    Blocking Scheme        =         OCTREE
    BS radius alpha        =              1
    Pruning alpha          =              1
    Radial Points          =             75
    Spherical Points       =            302
    Total Points           =         254556
    Total Blocks           =           1936
    Max Points             =            256
    Max Functions          =            100
    Weights Tolerance      =       1.00E-15

   => Loading Basis Set <=

    Name: (6-31G* AUX)
    Role: JKFIT
    Keyword: DF_BASIS_SCF
    atoms 1, 4-6 entry C          line   121 file /Users/jmsmith1/anaconda3/envs/jupyterenv/share/psi4/basis/cc-pvdz-jkfit.gbs 
    atoms 2-3    entry O          line   221 file /Users/jmsmith1/anaconda3/envs/jupyterenv/share/psi4/basis/cc-pvdz-jkfit.gbs 
    atoms 7-12   entry H          line    51 file /Users/jmsmith1/anaconda3/envs/jupyterenv/share/psi4/basis/cc-pvdz-jkfit.gbs 

  ==> Integral Setup <==

  DFHelper Memory: AOs need 0.151 GiB; user supplied 3.601 GiB. 
  SCF_SUBTYPE=INCORE selected. In-core MEM_DF algorithm will be used.
  Using in-core AOs.

  ==> MemDFJK: Density-Fitted J/K Matrices <==

    J tasked:                   Yes
    K tasked:                   Yes
    wK tasked:                  Yes
    Omega:                2.000E-01
    OpenMP threads:               4
    Memory [MiB]:              3687
    Algorithm:                 Core
    Schwarz Cutoff:           1E-12
    Mask sparsity (%):       1.7493
    Fitting Condition:        1E-10

   => Auxiliary Basis Set <=

  Basis Set: (6-31G* AUX)
    Blend: CC-PVDZ-JKFIT
    Number of shells: 198
    Number of basis functions: 636
    Number of Cartesian functions: 636
    Spherical Harmonics?: false
    Max angular momentum: 3

  Cached 100.0% of DFT collocation blocks in 0.590 [GiB].

  Minimum eigenvalue in the overlap matrix is 3.2076600355E-03.
  Reciprocal condition number of the overlap matrix is 4.6762789214E-04.
    Using symmetric orthogonalization.

  ==> Pre-Iterations <==

  SCF Guess: Superposition of Atomic Densities via on-the-fly atomic UHF (no occupation information).

   -------------------------
    Irrep   Nso     Nmo    
   -------------------------
     A        102     102 
   -------------------------
    Total     102     102
   -------------------------

  ==> Iterations <==

                           Total Energy        Delta E     RMS |[F,P]|

   @DF-RKS iter SAD:  -300.25157809879994   -3.00252e+02   0.00000e+00 
   @DF-RKS iter   1:  -296.54884987873010    3.70273e+00   3.44964e-02 DIIS/ADIIS
   @DF-RKS iter   2:  -274.11204248484881    2.24368e+01   6.43161e-02 DIIS/ADIIS
   @DF-RKS iter   3:  -304.70457461897536   -3.05925e+01   1.71709e-02 DIIS/ADIIS
   @DF-RKS iter   4:  -303.88852142245372    8.16053e-01   2.05189e-02 DIIS/ADIIS
   @DF-RKS iter   5:  -306.10081965414349   -2.21230e+00   3.83123e-03 DIIS/ADIIS
   @DF-RKS iter   6:  -306.16368846801737   -6.28688e-02   2.26989e-03 DIIS/ADIIS
   @DF-RKS iter   7:  -306.18885909859381   -2.51706e-02   3.70387e-04 DIIS/ADIIS
   @DF-RKS iter   8:  -306.18944355258049   -5.84454e-04   2.76317e-04 DIIS/ADIIS
   @DF-RKS iter   9:  -306.18984275666816   -3.99204e-04   7.14567e-05 DIIS
   @DF-RKS iter  10:  -306.18987412529481   -3.13686e-05   3.02969e-05 DIIS
   @DF-RKS iter  11:  -306.18987778575422   -3.66046e-06   2.05894e-05 DIIS
   @DF-RKS iter  12:  -306.18988015587030   -2.37012e-06   7.54724e-06 DIIS
   @DF-RKS iter  13:  -306.18988056592190   -4.10052e-07   6.66602e-07 DIIS
   @DF-RKS iter  14:  -306.18988058300238   -1.70805e-08   4.37416e-07 DIIS
   @DF-RKS iter  15:  -306.18988059181288   -8.81050e-09   2.17338e-07 DIIS
   @DF-RKS iter  16:  -306.18988059475913   -2.94625e-09   8.70723e-08 DIIS
  Energy and wave function converged.


  ==> Post-Iterations <==

   Electrons on quadrature grid:
      Ntotal   =   45.9999684889 ; deviation = -3.151e-05 

    Orbital Energies [Eh]
    ---------------------

    Doubly Occupied:                                                      

       1A    -19.419779     2A    -19.252756     3A    -10.414628  
       4A    -10.335647     5A    -10.333853     6A    -10.330349  
       7A     -1.291380     8A     -0.995956     9A     -0.904130  
      10A     -0.844494    11A     -0.749014    12A     -0.650398  
      13A     -0.617036    14A     -0.597391    15A     -0.579740  
      16A     -0.534741    17A     -0.508581    18A     -0.498794  
      19A     -0.491777    20A     -0.453625    21A     -0.393313  
      22A     -0.308089    23A     -0.292890  

    Virtual:                                                              

      24A     -0.026187    25A      0.108146    26A      0.167994  
      27A      0.172952    28A      0.210786    29A      0.234067  
      30A      0.238121    31A      0.249341    32A      0.261073  
      33A      0.306654    34A      0.345728    35A      0.416869  
      36A      0.440593    37A      0.559408    38A      0.581527  
      39A      0.606707    40A      0.649010    41A      0.654232  
      42A      0.685005    43A      0.701263    44A      0.713585  
      45A      0.747212    46A      0.793888    47A      0.829613  
      48A      0.895549    49A      0.911181    50A      0.918686  
      51A      0.927752    52A      0.948840    53A      0.969062  
      54A      1.004861    55A      1.021703    56A      1.033516  
      57A      1.060668    58A      1.111548    59A      1.136169  
      60A      1.166772    61A      1.201028    62A      1.231817  
      63A      1.354590    64A      1.385906    65A      1.419459  
      66A      1.449223    67A      1.505583    68A      1.610834  
      69A      1.646698    70A      1.694809    71A      1.754983  
      72A      1.777933    73A      1.852177    74A      1.883662  
      75A      1.922229    76A      1.934910    77A      1.967619  
      78A      2.002949    79A      2.067560    80A      2.132572  
      81A      2.188872    82A      2.212410    83A      2.302408  
      84A      2.354629    85A      2.361713    86A      2.420349  
      87A      2.456480    88A      2.530669    89A      2.573949  
      90A      2.588291    91A      2.708716    92A      2.769380  
      93A      2.926029    94A      2.931278    95A      3.140810  
      96A      3.245736    97A      3.609554    98A      4.105321  
      99A      4.159615   100A      4.259228   101A      4.342343  
     102A      4.607063  

    Final Occupation by Irrep:
              A 
    DOCC [    23 ]
    NA   [    23 ]
    NB   [    23 ]

  @DF-RKS Final Energy:  -306.18988059475913

   => Energetics <=

    Nuclear Repulsion Energy =            223.3399842734060599
    One-Electron Energy =                -858.2641154450027443
    Two-Electron Energy =                 356.9942540109146876
    DFT Exchange-Correlation Energy =     -28.2557225107624319
    Empirical Dispersion Energy =          -0.0042809233147761
    VV10 Nonlocal Energy =                  0.0000000000000000
    Total Energy =                       -306.1898805947591313

Computation Completed


Properties will be evaluated at   0.000000,   0.000000,   0.000000 [a0]

Properties computed using the SCF density matrix


 Multipole Moments:

 ------------------------------------------------------------------------------------
     Multipole            Electronic (a.u.)      Nuclear  (a.u.)        Total (a.u.)
 ------------------------------------------------------------------------------------

 L = 1.  Multiply by 2.5417464519 to convert [e a0] to [Debye]
 Dipole X            :         -1.4745844           -0.4013730           -1.8759573
 Dipole Y            :          0.7104831            0.0198757            0.7303589
 Dipole Z            :          0.2100549           -0.2025984            0.0074565
 Magnitude           :                                                    2.0131308

 ------------------------------------------------------------------------------------

*** tstop() called on cst14372 at Tue Apr 21 10:07:06 2026
Module time:
	user time   =      27.01 seconds =       0.45 minutes
	system time =       0.44 seconds =       0.01 minutes
	total time  =         13 seconds =       0.22 minutes
Total time:
	user time   =     725.18 seconds =      12.09 minutes
	system time =      11.76 seconds =       0.20 minutes
	total time  =        350 seconds =       5.83 minutes

Scratch directory: /tmp/
gradient() will perform analytic gradient computation.

*** tstart() called on cst14372
*** at Tue Apr 21 10:07:06 2026


         ------------------------------------------------------------
                                   SCF GRAD                          
                          Rob Parrish, Justin Turney,                
                       Andy Simmonett, and Alex Sokolov              
         ------------------------------------------------------------

  ==> Geometry <==

    Molecular point group: c1
    Full point group: C1

    Geometry (in Angstrom), charge = 0, multiplicity = 1:

       Center              X                  Y                   Z               Mass       
    ------------   -----------------  -----------------  -----------------  -----------------
         C            0.066712585000     0.350992828500     0.054376124100    12.000000000000
         O            1.375143142300     0.317943178000     0.011260098600    15.994914619570
         O            2.024619618700    -0.826556471500    -0.001121231500    15.994914619570
         C           -0.712363617100    -0.893127090000     0.003448342200    12.000000000000
         C           -2.065952791700    -0.941277573000    -0.076129539600    12.000000000000
         C           -0.574177325300     1.710784394600     0.023373114400    12.000000000000
         H           -0.300724259600    -1.867934497800     0.244107831300     1.007825032230
         H           -2.637656247200    -0.037431216500    -0.230160208200     1.007825032230
         H           -2.701499110600    -1.832132757400    -0.165879709800     1.007825032230
         H            0.301278290600     2.367245661500    -0.038220700500     1.007825032230
         H           -1.186221162500     2.131816650000     0.836196923500     1.007825032230
         H           -1.170990124500     1.953624938100    -0.864773781400     1.007825032230

  Nuclear repulsion =  223.339984273406060

  ==> Basis Set <==

  Basis Set: 6-31G*
    Blend: 6-31G*
    Number of shells: 48
    Number of basis functions: 102
    Number of Cartesian functions: 102
    Spherical Harmonics?: false
    Max angular momentum: 2

  ==> DFJKGrad: Density-Fitted SCF Gradients <==

    Gradient:                    1
    J tasked:                  Yes
    K tasked:                  Yes
    wK tasked:                 Yes
    Omega:               2.000E-01
    OpenMP threads:              4
    Integrals threads:           4
    Memory [MiB]:             4291
    Schwarz Cutoff:          1E-12
    Fitting Condition:       1E-10

   => Auxiliary Basis Set <=

  Basis Set: (6-31G* AUX)
    Blend: CC-PVDZ-JKFIT
    Number of shells: 198
    Number of basis functions: 636
    Number of Cartesian functions: 636
    Spherical Harmonics?: false
    Max angular momentum: 3

  ==> DFT Potential <==

   => LibXC <=

    Version 7.0.0
    S. Lehtola, C. Steigemann, M. J.T. Oliveira, and M. A.L. Marques.,  SoftwareX 7, 1–5 (2018) (10.1016/j.softx.2017.11.002)

   => Composite Functional: WB97X-D <= 

    wB97X-D Hyb-GGA Exchange-Correlation Functional

    J.-D. Chai and M. Head-Gordon.,  Phys. Chem. Chem. Phys. 10, 6615-6620 (2008) (10.1039/B810189B)

    Deriv               =              1
    GGA                 =           TRUE
    Meta                =          FALSE

    Exchange Hybrid     =           TRUE
    MP2 Hybrid          =          FALSE

   => Exchange-Correlation Functionals <=

    1.0000   wB97X-D range-separated functional

   => Exact (HF) Exchange <=

    0.7780            HF,LR [omega = 0.2000]
    0.2220               HF 

   => LibXC Density Thresholds  <==

    XC_HYB_GGA_XC_WB97X_D:  1.00E-14 

   => Molecular Quadrature <=

    Radial Scheme          =       TREUTLER
    Pruning Scheme         =           NONE
    Nuclear Scheme         =       TREUTLER

    Blocking Scheme        =         OCTREE
    BS radius alpha        =              1
    Pruning alpha          =              1
    Radial Points          =             75
    Spherical Points       =            302
    Total Points           =         254556
    Total Blocks           =           1936
    Max Points             =            256
    Max Functions          =            100
    Weights Tolerance      =       1.00E-15


  -Total Gradient:
     Atom            X                  Y                   Z
    ------   -----------------  -----------------  -----------------
       1        0.003125859926     0.023619837925     0.004474428511
       2        0.041488987798    -0.021082870415    -0.006164694043
       3       -0.001956830629     0.011418656883     0.001229620750
       4        0.024227295947     0.013795635174    -0.020449403531
       5       -0.006147950360    -0.016109311487     0.015115535351
       6       -0.024166974306    -0.024442939646     0.008231799799
       7       -0.019572292061    -0.006285107401     0.008377622803
       8        0.002909577411    -0.007725032746    -0.000234844729
       9       -0.015082973482     0.000265353404    -0.007811375535
      10        0.002545159285    -0.006984396393     0.000196149416
      11       -0.004884306927     0.020479890877    -0.008264546180
      12       -0.002675805180     0.012749639830     0.004980597779


*** tstop() called on cst14372 at Tue Apr 21 10:07:08 2026
Module time:
	user time   =       3.96 seconds =       0.07 minutes
	system time =       0.09 seconds =       0.00 minutes
	total time  =          2 seconds =       0.03 minutes
Total time:
	user time   =     729.16 seconds =      12.15 minutes
	system time =      11.85 seconds =       0.20 minutes
	total time  =        352 seconds =       5.87 minutes

Scratch directory: /tmp/
   => Libint2 <=

    Primary   basis highest AM E, G, H:  6, 6, 3
    Auxiliary basis highest AM E, G, H:  7, 7, 4
    Onebody   basis highest AM E, G, H:  -, -, -
    Solid Harmonics ordering:            Gaussian

*** tstart() called on cst14372
*** at Tue Apr 21 10:07:08 2026

   => Loading Basis Set <=

    Name: 6-31G*
    Role: ORBITAL
    Keyword: BASIS
    atoms 1, 4-6 entry C          line   111 file /Users/jmsmith1/anaconda3/envs/jupyterenv/share/psi4/basis/6-31gs.gbs 
    atoms 2-3    entry O          line   145 file /Users/jmsmith1/anaconda3/envs/jupyterenv/share/psi4/basis/6-31gs.gbs 
    atoms 7-12   entry H          line    44 file /Users/jmsmith1/anaconda3/envs/jupyterenv/share/psi4/basis/6-31gs.gbs 

   => WB97X-D: Empirical Dispersion <=

    Chai and Head-Gordon Dispersion Correction
    Chai, J.-D.; Head-Gordon, M. (2010), J. Chem. Phys., 132: 6615-6620

        s6 =       1.000000


         ---------------------------------------------------------
                                   SCF
               by Justin Turney, Rob Parrish, Andy Simmonett
                          and Daniel G. A. Smith
                              RKS Reference
                        4 Threads,   5722 MiB Core
         ---------------------------------------------------------

  ==> Geometry <==

    Molecular point group: c1
    Full point group: C1

    Geometry (in Angstrom), charge = 0, multiplicity = 1:

       Center              X                  Y                   Z               Mass       
    ------------   -----------------  -----------------  -----------------  -----------------
         C            0.066724391200     0.350418618700     0.056706935100    12.000000000000
         O            1.375926151300     0.319018381200     0.011874803900    15.994914619570
         O            2.026798429100    -0.824424905400    -0.001195910600    15.994914619570
         C           -0.712843953800    -0.894951243900     0.004204021400    12.000000000000
         C           -2.066729803300    -0.942924223200    -0.079955792400    12.000000000000
         C           -0.577265434300     1.711304520800     0.023701358600    12.000000000000
         H           -0.304969544700    -1.863941890900     0.251465434800     1.007825032230
         H           -2.634796427500    -0.043506554100    -0.239766876000     1.007825032230
         H           -2.702367131900    -1.835073841100    -0.171009240700     1.007825032230
         H            0.299229704500     2.364008729000    -0.040172722100     1.007825032230
         H           -1.183944667400     2.134635218800     0.832263382800     1.007825032230
         H           -1.164242577800     1.950301064200    -0.854910786500     1.007825032230

  Running in c1 symmetry.

  Rotational constants: A =      0.18326  B =      0.09555  C =      0.06358 [cm^-1]
  Rotational constants: A =   5494.02668  B =   2864.62743  C =   1906.05568 [MHz]
  Nuclear repulsion =  223.337056575550719

  Charge       = 0
  Multiplicity = 1
  Electrons    = 46
  Nalpha       = 23
  Nbeta        = 23

  ==> Algorithm <==

  SCF Algorithm Type is DF.
  DIIS enabled.
  MOM disabled.
  Fractional occupation disabled.
  Guess Type is SAD.
  Energy threshold   = 1.00e-07
  Density threshold  = 1.00e-07
  Integral threshold = 1.00e-12

  ==> Primary Basis <==

  Basis Set: 6-31G*
    Blend: 6-31G*
    Number of shells: 48
    Number of basis functions: 102
    Number of Cartesian functions: 102
    Spherical Harmonics?: false
    Max angular momentum: 2

  ==> DFT Potential <==

   => LibXC <=

    Version 7.0.0
    S. Lehtola, C. Steigemann, M. J.T. Oliveira, and M. A.L. Marques.,  SoftwareX 7, 1–5 (2018) (10.1016/j.softx.2017.11.002)

   => Composite Functional: WB97X-D <= 

    wB97X-D Hyb-GGA Exchange-Correlation Functional

    J.-D. Chai and M. Head-Gordon.,  Phys. Chem. Chem. Phys. 10, 6615-6620 (2008) (10.1039/B810189B)

    Deriv               =              1
    GGA                 =           TRUE
    Meta                =          FALSE

    Exchange Hybrid     =           TRUE
    MP2 Hybrid          =          FALSE

   => Exchange-Correlation Functionals <=

    1.0000   wB97X-D range-separated functional

   => Exact (HF) Exchange <=

    0.7780            HF,LR [omega = 0.2000]
    0.2220               HF 

   => LibXC Density Thresholds  <==

    XC_HYB_GGA_XC_WB97X_D:  1.00E-14 

   => Molecular Quadrature <=

    Radial Scheme          =       TREUTLER
    Pruning Scheme         =           NONE
    Nuclear Scheme         =       TREUTLER

    Blocking Scheme        =         OCTREE
    BS radius alpha        =              1
    Pruning alpha          =              1
    Radial Points          =             75
    Spherical Points       =            302
    Total Points           =         254543
    Total Blocks           =           1930
    Max Points             =            256
    Max Functions          =            100
    Weights Tolerance      =       1.00E-15

   => Loading Basis Set <=

    Name: (6-31G* AUX)
    Role: JKFIT
    Keyword: DF_BASIS_SCF
    atoms 1, 4-6 entry C          line   121 file /Users/jmsmith1/anaconda3/envs/jupyterenv/share/psi4/basis/cc-pvdz-jkfit.gbs 
    atoms 2-3    entry O          line   221 file /Users/jmsmith1/anaconda3/envs/jupyterenv/share/psi4/basis/cc-pvdz-jkfit.gbs 
    atoms 7-12   entry H          line    51 file /Users/jmsmith1/anaconda3/envs/jupyterenv/share/psi4/basis/cc-pvdz-jkfit.gbs 

  ==> Integral Setup <==

  DFHelper Memory: AOs need 0.151 GiB; user supplied 3.601 GiB. 
  SCF_SUBTYPE=INCORE selected. In-core MEM_DF algorithm will be used.
  Using in-core AOs.

  ==> MemDFJK: Density-Fitted J/K Matrices <==

    J tasked:                   Yes
    K tasked:                   Yes
    wK tasked:                  Yes
    Omega:                2.000E-01
    OpenMP threads:               4
    Memory [MiB]:              3687
    Algorithm:                 Core
    Schwarz Cutoff:           1E-12
    Mask sparsity (%):       1.7493
    Fitting Condition:        1E-10

   => Auxiliary Basis Set <=

  Basis Set: (6-31G* AUX)
    Blend: CC-PVDZ-JKFIT
    Number of shells: 198
    Number of basis functions: 636
    Number of Cartesian functions: 636
    Spherical Harmonics?: false
    Max angular momentum: 3

  Cached 100.0% of DFT collocation blocks in 0.590 [GiB].

  Minimum eigenvalue in the overlap matrix is 3.2289178019E-03.
  Reciprocal condition number of the overlap matrix is 4.7063086726E-04.
    Using symmetric orthogonalization.

  ==> Pre-Iterations <==

  SCF Guess: Superposition of Atomic Densities via on-the-fly atomic UHF (no occupation information).

   -------------------------
    Irrep   Nso     Nmo    
   -------------------------
     A        102     102 
   -------------------------
    Total     102     102
   -------------------------

  ==> Iterations <==

                           Total Energy        Delta E     RMS |[F,P]|

   @DF-RKS iter SAD:  -300.26655907888482   -3.00267e+02   0.00000e+00 
   @DF-RKS iter   1:  -296.57364917545789    3.69291e+00   3.44675e-02 DIIS/ADIIS
   @DF-RKS iter   2:  -274.21206186991662    2.23616e+01   6.41801e-02 DIIS/ADIIS
   @DF-RKS iter   3:  -304.71057049541855   -3.04985e+01   1.71479e-02 DIIS/ADIIS
   @DF-RKS iter   4:  -303.94591492019714    7.64656e-01   2.02797e-02 DIIS/ADIIS
   @DF-RKS iter   5:  -306.10072015865069   -2.15481e+00   3.82605e-03 DIIS/ADIIS
   @DF-RKS iter   6:  -306.16354054735399   -6.28204e-02   2.24116e-03 DIIS/ADIIS
   @DF-RKS iter   7:  -306.18808997665457   -2.45494e-02   3.66558e-04 DIIS/ADIIS
   @DF-RKS iter   8:  -306.18865655597909   -5.66579e-04   2.75279e-04 DIIS/ADIIS
   @DF-RKS iter   9:  -306.18905289034819   -3.96334e-04   6.95904e-05 DIIS
   @DF-RKS iter  10:  -306.18908322516660   -3.03348e-05   2.94499e-05 DIIS
   @DF-RKS iter  11:  -306.18908672796312   -3.50280e-06   1.97501e-05 DIIS
   @DF-RKS iter  12:  -306.18908892568658   -2.19772e-06   7.49335e-06 DIIS
   @DF-RKS iter  13:  -306.18908934023585   -4.14549e-07   6.76157e-07 DIIS
   @DF-RKS iter  14:  -306.18908935953704   -1.93012e-08   4.45588e-07 DIIS
   @DF-RKS iter  15:  -306.18908937017687   -1.06398e-08   1.74619e-07 DIIS
   @DF-RKS iter  16:  -306.18908937234283   -2.16596e-09   5.74532e-08 DIIS
  Energy and wave function converged.


  ==> Post-Iterations <==

   Electrons on quadrature grid:
      Ntotal   =   45.9999680909 ; deviation = -3.191e-05 

    Orbital Energies [Eh]
    ---------------------

    Doubly Occupied:                                                      

       1A    -19.419919     2A    -19.252831     3A    -10.414847  
       4A    -10.335328     5A    -10.333588     6A    -10.328468  
       7A     -1.291307     8A     -0.995733     9A     -0.904166  
      10A     -0.845569    11A     -0.749217    12A     -0.651299  
      13A     -0.617111    14A     -0.597778    15A     -0.579752  
      16A     -0.534714    17A     -0.510338    18A     -0.499144  
      19A     -0.492020    20A     -0.453854    21A     -0.393248  
      22A     -0.308134    23A     -0.292928  

    Virtual:                                                              

      24A     -0.026142    25A      0.107980    26A      0.169444  
      27A      0.173592    28A      0.211138    29A      0.235159  
      30A      0.238663    31A      0.251624    32A      0.261853  
      33A      0.306104    34A      0.345393    35A      0.416599  
      36A      0.440120    37A      0.559727    38A      0.581092  
      39A      0.605968    40A      0.648001    41A      0.653737  
      42A      0.684861    43A      0.700765    44A      0.712274  
      45A      0.746949    46A      0.793521    47A      0.830955  
      48A      0.896492    49A      0.911726    50A      0.921712  
      51A      0.930090    52A      0.949362    53A      0.971592  
      54A      1.008901    55A      1.022643    56A      1.034451  
      57A      1.063697    58A      1.111131    59A      1.136752  
      60A      1.166089    61A      1.201047    62A      1.230430  
      63A      1.354052    64A      1.385171    65A      1.419662  
      66A      1.450221    67A      1.505245    68A      1.610966  
      69A      1.645974    70A      1.696042    71A      1.754834  
      72A      1.775999    73A      1.851881    74A      1.882081  
      75A      1.922101    76A      1.934997    77A      1.967303  
      78A      2.003737    79A      2.067024    80A      2.134615  
      81A      2.192609    82A      2.213195    83A      2.303230  
      84A      2.357346    85A      2.366126    86A      2.421596  
      87A      2.456912    88A      2.529723    89A      2.573902  
      90A      2.589491    91A      2.708964    92A      2.768956  
      93A      2.925486    94A      2.930397    95A      3.139060  
      96A      3.244230    97A      3.608956    98A      4.105736  
      99A      4.158942   100A      4.259908   101A      4.343110  
     102A      4.606421  

    Final Occupation by Irrep:
              A 
    DOCC [    23 ]
    NA   [    23 ]
    NB   [    23 ]

  @DF-RKS Final Energy:  -306.18908937234283

   => Energetics <=

    Nuclear Repulsion Energy =            223.3370565755507187
    One-Electron Energy =                -858.2466690213033189
    Two-Electron Energy =                 356.9866179249102629
    DFT Exchange-Correlation Energy =     -28.2618204510049438
    Empirical Dispersion Energy =          -0.0042744004955415
    VV10 Nonlocal Energy =                  0.0000000000000000
    Total Energy =                       -306.1890893723428348

Computation Completed


Properties will be evaluated at   0.000000,   0.000000,   0.000000 [a0]

Properties computed using the SCF density matrix


 Multipole Moments:

 ------------------------------------------------------------------------------------
     Multipole            Electronic (a.u.)      Nuclear  (a.u.)        Total (a.u.)
 ------------------------------------------------------------------------------------

 L = 1.  Multiply by 2.5417464519 to convert [e a0] to [Debye]
 Dipole X            :         -1.4807379           -0.3968100           -1.8775479
 Dipole Y            :          0.7184290            0.0118232            0.7302522
 Dipole Z            :          0.2117147           -0.2055276            0.0061871
 Magnitude           :                                                    2.0145701

 ------------------------------------------------------------------------------------

*** tstop() called on cst14372 at Tue Apr 21 10:07:21 2026
Module time:
	user time   =      27.00 seconds =       0.45 minutes
	system time =       0.41 seconds =       0.01 minutes
	total time  =         13 seconds =       0.22 minutes
Total time:
	user time   =     756.18 seconds =      12.60 minutes
	system time =      12.27 seconds =       0.20 minutes
	total time  =        365 seconds =       6.08 minutes

Scratch directory: /tmp/
gradient() will perform analytic gradient computation.

*** tstart() called on cst14372
*** at Tue Apr 21 10:07:21 2026


         ------------------------------------------------------------
                                   SCF GRAD                          
                          Rob Parrish, Justin Turney,                
                       Andy Simmonett, and Alex Sokolov              
         ------------------------------------------------------------

  ==> Geometry <==

    Molecular point group: c1
    Full point group: C1

    Geometry (in Angstrom), charge = 0, multiplicity = 1:

       Center              X                  Y                   Z               Mass       
    ------------   -----------------  -----------------  -----------------  -----------------
         C            0.066724391200     0.350418618700     0.056706935100    12.000000000000
         O            1.375926151300     0.319018381200     0.011874803900    15.994914619570
         O            2.026798429100    -0.824424905400    -0.001195910600    15.994914619570
         C           -0.712843953800    -0.894951243900     0.004204021400    12.000000000000
         C           -2.066729803300    -0.942924223200    -0.079955792400    12.000000000000
         C           -0.577265434300     1.711304520800     0.023701358600    12.000000000000
         H           -0.304969544700    -1.863941890900     0.251465434800     1.007825032230
         H           -2.634796427500    -0.043506554100    -0.239766876000     1.007825032230
         H           -2.702367131900    -1.835073841100    -0.171009240700     1.007825032230
         H            0.299229704500     2.364008729000    -0.040172722100     1.007825032230
         H           -1.183944667400     2.134635218800     0.832263382800     1.007825032230
         H           -1.164242577800     1.950301064200    -0.854910786500     1.007825032230

  Nuclear repulsion =  223.337056575550719

  ==> Basis Set <==

  Basis Set: 6-31G*
    Blend: 6-31G*
    Number of shells: 48
    Number of basis functions: 102
    Number of Cartesian functions: 102
    Spherical Harmonics?: false
    Max angular momentum: 2

  ==> DFJKGrad: Density-Fitted SCF Gradients <==

    Gradient:                    1
    J tasked:                  Yes
    K tasked:                  Yes
    wK tasked:                 Yes
    Omega:               2.000E-01
    OpenMP threads:              4
    Integrals threads:           4
    Memory [MiB]:             4291
    Schwarz Cutoff:          1E-12
    Fitting Condition:       1E-10

   => Auxiliary Basis Set <=

  Basis Set: (6-31G* AUX)
    Blend: CC-PVDZ-JKFIT
    Number of shells: 198
    Number of basis functions: 636
    Number of Cartesian functions: 636
    Spherical Harmonics?: false
    Max angular momentum: 3

  ==> DFT Potential <==

   => LibXC <=

    Version 7.0.0
    S. Lehtola, C. Steigemann, M. J.T. Oliveira, and M. A.L. Marques.,  SoftwareX 7, 1–5 (2018) (10.1016/j.softx.2017.11.002)

   => Composite Functional: WB97X-D <= 

    wB97X-D Hyb-GGA Exchange-Correlation Functional

    J.-D. Chai and M. Head-Gordon.,  Phys. Chem. Chem. Phys. 10, 6615-6620 (2008) (10.1039/B810189B)

    Deriv               =              1
    GGA                 =           TRUE
    Meta                =          FALSE

    Exchange Hybrid     =           TRUE
    MP2 Hybrid          =          FALSE

   => Exchange-Correlation Functionals <=

    1.0000   wB97X-D range-separated functional

   => Exact (HF) Exchange <=

    0.7780            HF,LR [omega = 0.2000]
    0.2220               HF 

   => LibXC Density Thresholds  <==

    XC_HYB_GGA_XC_WB97X_D:  1.00E-14 

   => Molecular Quadrature <=

    Radial Scheme          =       TREUTLER
    Pruning Scheme         =           NONE
    Nuclear Scheme         =       TREUTLER

    Blocking Scheme        =         OCTREE
    BS radius alpha        =              1
    Pruning alpha          =              1
    Radial Points          =             75
    Spherical Points       =            302
    Total Points           =         254543
    Total Blocks           =           1930
    Max Points             =            256
    Max Functions          =            100
    Weights Tolerance      =       1.00E-15


  -Total Gradient:
     Atom            X                  Y                   Z
    ------   -----------------  -----------------  -----------------
       1        0.003580285505     0.023330868245     0.004790089769
       2        0.042549309079    -0.021150612461    -0.006400206540
       3       -0.001916155312     0.011561845925     0.001252459285
       4        0.025559024503     0.010111536681    -0.020195371565
       5       -0.008087712092    -0.012839754973     0.014995325897
       6       -0.031176069786    -0.020339832838     0.003675252296
       7       -0.021151255375    -0.002881967348     0.007720947988
       8        0.004763432082    -0.010610239097     0.000262330093
       9       -0.015518439944    -0.000332891919    -0.008032796234
      10        0.001811329985    -0.007762576932     0.000119237975
      11       -0.003057453801     0.019489879569    -0.011045742412
      12        0.002476063354     0.011106448067     0.012526638629


*** tstop() called on cst14372 at Tue Apr 21 10:07:23 2026
Module time:
	user time   =       3.94 seconds =       0.07 minutes
	system time =       0.08 seconds =       0.00 minutes
	total time  =          2 seconds =       0.03 minutes
Total time:
	user time   =     760.14 seconds =      12.67 minutes
	system time =      12.35 seconds =       0.21 minutes
	total time  =        367 seconds =       6.12 minutes

Scratch directory: /tmp/
   => Libint2 <=

    Primary   basis highest AM E, G, H:  6, 6, 3
    Auxiliary basis highest AM E, G, H:  7, 7, 4
    Onebody   basis highest AM E, G, H:  -, -, -
    Solid Harmonics ordering:            Gaussian

*** tstart() called on cst14372
*** at Tue Apr 21 10:07:23 2026

   => Loading Basis Set <=

    Name: 6-31G*
    Role: ORBITAL
    Keyword: BASIS
    atoms 1, 4-6 entry C          line   111 file /Users/jmsmith1/anaconda3/envs/jupyterenv/share/psi4/basis/6-31gs.gbs 
    atoms 2-3    entry O          line   145 file /Users/jmsmith1/anaconda3/envs/jupyterenv/share/psi4/basis/6-31gs.gbs 
    atoms 7-12   entry H          line    44 file /Users/jmsmith1/anaconda3/envs/jupyterenv/share/psi4/basis/6-31gs.gbs 

   => WB97X-D: Empirical Dispersion <=

    Chai and Head-Gordon Dispersion Correction
    Chai, J.-D.; Head-Gordon, M. (2010), J. Chem. Phys., 132: 6615-6620

        s6 =       1.000000


         ---------------------------------------------------------
                                   SCF
               by Justin Turney, Rob Parrish, Andy Simmonett
                          and Daniel G. A. Smith
                              RKS Reference
                        4 Threads,   5722 MiB Core
         ---------------------------------------------------------

  ==> Geometry <==

    Molecular point group: c1
    Full point group: C1

    Geometry (in Angstrom), charge = 0, multiplicity = 1:

       Center              X                  Y                   Z               Mass       
    ------------   -----------------  -----------------  -----------------  -----------------
         C            0.066725861500     0.349775317600     0.059030094800    12.000000000000
         O            1.376618751800     0.320142432700     0.012505062700    15.994914619570
         O            2.028987218700    -0.822312785900    -0.001273511800    15.994914619570
         C           -0.713399583300    -0.896809545200     0.005020196700    12.000000000000
         C           -2.067485468800    -0.944538087100    -0.083835676600    12.000000000000
         C           -0.580271506800     1.711884932800     0.024019836300    12.000000000000
         H           -0.308496350900    -1.859839190600     0.258576265600     1.007825032230
         H           -2.632093335200    -0.049232005000    -0.249408228800     1.007825032230
         H           -2.702702018300    -1.838011286400    -0.175875293600     1.007825032230
         H            0.297113153700     2.361031000700    -0.042134066600     1.007825032230
         H           -1.181556602900     2.136788826100     0.828700470600     1.007825032230
         H           -1.157562461200     1.946585102400    -0.845453695700     1.007825032230

  Running in c1 symmetry.

  Rotational constants: A =      0.18322  B =      0.09543  C =      0.06352 [cm^-1]
  Rotational constants: A =   5492.92201  B =   2860.90712  C =   1904.17218 [MHz]
  Nuclear repulsion =  223.334360181112118

  Charge       = 0
  Multiplicity = 1
  Electrons    = 46
  Nalpha       = 23
  Nbeta        = 23

  ==> Algorithm <==

  SCF Algorithm Type is DF.
  DIIS enabled.
  MOM disabled.
  Fractional occupation disabled.
  Guess Type is SAD.
  Energy threshold   = 1.00e-07
  Density threshold  = 1.00e-07
  Integral threshold = 1.00e-12

  ==> Primary Basis <==

  Basis Set: 6-31G*
    Blend: 6-31G*
    Number of shells: 48
    Number of basis functions: 102
    Number of Cartesian functions: 102
    Spherical Harmonics?: false
    Max angular momentum: 2

  ==> DFT Potential <==

   => LibXC <=

    Version 7.0.0
    S. Lehtola, C. Steigemann, M. J.T. Oliveira, and M. A.L. Marques.,  SoftwareX 7, 1–5 (2018) (10.1016/j.softx.2017.11.002)

   => Composite Functional: WB97X-D <= 

    wB97X-D Hyb-GGA Exchange-Correlation Functional

    J.-D. Chai and M. Head-Gordon.,  Phys. Chem. Chem. Phys. 10, 6615-6620 (2008) (10.1039/B810189B)

    Deriv               =              1
    GGA                 =           TRUE
    Meta                =          FALSE

    Exchange Hybrid     =           TRUE
    MP2 Hybrid          =          FALSE

   => Exchange-Correlation Functionals <=

    1.0000   wB97X-D range-separated functional

   => Exact (HF) Exchange <=

    0.7780            HF,LR [omega = 0.2000]
    0.2220               HF 

   => LibXC Density Thresholds  <==

    XC_HYB_GGA_XC_WB97X_D:  1.00E-14 

   => Molecular Quadrature <=

    Radial Scheme          =       TREUTLER
    Pruning Scheme         =           NONE
    Nuclear Scheme         =       TREUTLER

    Blocking Scheme        =         OCTREE
    BS radius alpha        =              1
    Pruning alpha          =              1
    Radial Points          =             75
    Spherical Points       =            302
    Total Points           =         254537
    Total Blocks           =           1926
    Max Points             =            256
    Max Functions          =            100
    Weights Tolerance      =       1.00E-15

   => Loading Basis Set <=

    Name: (6-31G* AUX)
    Role: JKFIT
    Keyword: DF_BASIS_SCF
    atoms 1, 4-6 entry C          line   121 file /Users/jmsmith1/anaconda3/envs/jupyterenv/share/psi4/basis/cc-pvdz-jkfit.gbs 
    atoms 2-3    entry O          line   221 file /Users/jmsmith1/anaconda3/envs/jupyterenv/share/psi4/basis/cc-pvdz-jkfit.gbs 
    atoms 7-12   entry H          line    51 file /Users/jmsmith1/anaconda3/envs/jupyterenv/share/psi4/basis/cc-pvdz-jkfit.gbs 

  ==> Integral Setup <==

  DFHelper Memory: AOs need 0.151 GiB; user supplied 3.601 GiB. 
  SCF_SUBTYPE=INCORE selected. In-core MEM_DF algorithm will be used.
  Using in-core AOs.

  ==> MemDFJK: Density-Fitted J/K Matrices <==

    J tasked:                   Yes
    K tasked:                   Yes
    wK tasked:                  Yes
    Omega:                2.000E-01
    OpenMP threads:               4
    Memory [MiB]:              3687
    Algorithm:                 Core
    Schwarz Cutoff:           1E-12
    Mask sparsity (%):       1.7493
    Fitting Condition:        1E-10

   => Auxiliary Basis Set <=

  Basis Set: (6-31G* AUX)
    Blend: CC-PVDZ-JKFIT
    Number of shells: 198
    Number of basis functions: 636
    Number of Cartesian functions: 636
    Spherical Harmonics?: false
    Max angular momentum: 3

  Cached 100.0% of DFT collocation blocks in 0.590 [GiB].

  Minimum eigenvalue in the overlap matrix is 3.2507698939E-03.
  Reciprocal condition number of the overlap matrix is 4.7371049310E-04.
    Using symmetric orthogonalization.

  ==> Pre-Iterations <==

  SCF Guess: Superposition of Atomic Densities via on-the-fly atomic UHF (no occupation information).

   -------------------------
    Irrep   Nso     Nmo    
   -------------------------
     A        102     102 
   -------------------------
    Total     102     102
   -------------------------

  ==> Iterations <==

                           Total Energy        Delta E     RMS |[F,P]|

   @DF-RKS iter SAD:  -300.28071344557486   -3.00281e+02   0.00000e+00 
   @DF-RKS iter   1:  -296.59931850312631    3.68139e+00   3.44360e-02 DIIS/ADIIS
   @DF-RKS iter   2:  -274.31368242858611    2.22856e+01   6.40451e-02 DIIS/ADIIS
   @DF-RKS iter   3:  -304.71681103619517   -3.04031e+01   1.71219e-02 DIIS/ADIIS
   @DF-RKS iter   4:  -303.99525682239806    7.21554e-01   2.00669e-02 DIIS/ADIIS
   @DF-RKS iter   5:  -306.10037364921783   -2.10512e+00   3.82003e-03 DIIS/ADIIS
   @DF-RKS iter   6:  -306.16312584054469   -6.27522e-02   2.21411e-03 DIIS/ADIIS
   @DF-RKS iter   7:  -306.18709748667533   -2.39716e-02   3.62881e-04 DIIS/ADIIS
   @DF-RKS iter   8:  -306.18764728532506   -5.49799e-04   2.74093e-04 DIIS/ADIIS
   @DF-RKS iter   9:  -306.18804013524999   -3.92850e-04   6.81845e-05 DIIS
   @DF-RKS iter  10:  -306.18806966515245   -2.95299e-05   2.86589e-05 DIIS
   @DF-RKS iter  11:  -306.18807303350223   -3.36835e-06   1.89435e-05 DIIS
   @DF-RKS iter  12:  -306.18807506778177   -2.03428e-06   7.40771e-06 DIIS
   @DF-RKS iter  13:  -306.18807547999251   -4.12211e-07   7.07809e-07 DIIS
   @DF-RKS iter  14:  -306.18807550080800   -2.08155e-08   4.60149e-07 DIIS
   @DF-RKS iter  15:  -306.18807551061548   -9.80748e-09   2.42730e-07 DIIS
   @DF-RKS iter  16:  -306.18807551387562   -3.26014e-09   8.11433e-08 DIIS
  Energy and wave function converged.


  ==> Post-Iterations <==

   Electrons on quadrature grid:
      Ntotal   =   45.9999677406 ; deviation = -3.226e-05 

    Orbital Energies [Eh]
    ---------------------

    Doubly Occupied:                                                      

       1A    -19.420040     2A    -19.252882     3A    -10.415055  
       4A    -10.335030     5A    -10.333338     6A    -10.326605  
       7A     -1.291189     8A     -0.995497     9A     -0.904219  
      10A     -0.846657    11A     -0.749430    12A     -0.652155  
      13A     -0.617162    14A     -0.598102    15A     -0.579772  
      16A     -0.534708    17A     -0.512141    18A     -0.499458  
      19A     -0.492317    20A     -0.454052    21A     -0.393198  
      22A     -0.308170    23A     -0.292969  

    Virtual:                                                              

      24A     -0.026092    25A      0.107812    26A      0.170632  
      27A      0.174406    28A      0.211441    29A      0.236228  
      30A      0.239091    31A      0.253786    32A      0.262801  
      33A      0.305556    34A      0.345064    35A      0.416280  
      36A      0.439606    37A      0.560051    38A      0.580674  
      39A      0.605207    40A      0.646992    41A      0.653303  
      42A      0.684644    43A      0.700281    44A      0.711025  
      45A      0.746654    46A      0.793079    47A      0.832161  
      48A      0.897216    49A      0.912028    50A      0.923950  
      51A      0.933423    52A      0.949826    53A      0.974264  
      54A      1.012223    55A      1.024356    56A      1.035540  
      57A      1.066994    58A      1.110843    59A      1.137482  
      60A      1.165503    61A      1.201117    62A      1.229151  
      63A      1.353558    64A      1.384464    65A      1.419869  
      66A      1.451168    67A      1.505017    68A      1.611022  
      69A      1.645167    70A      1.697226    71A      1.754614  
      72A      1.774207    73A      1.851536    74A      1.880654  
      75A      1.922058    76A      1.935107    77A      1.967048  
      78A      2.004609    79A      2.066476    80A      2.136542  
      81A      2.195722    82A      2.214361    83A      2.303840  
      84A      2.359606    85A      2.370484    86A      2.423348  
      87A      2.457427    88A      2.528829    89A      2.573716  
      90A      2.590849    91A      2.709198    92A      2.768473  
      93A      2.924873    94A      2.929659    95A      3.137369  
      96A      3.242743    97A      3.608373    98A      4.106172  
      99A      4.158241   100A      4.260555   101A      4.343981  
     102A      4.605809  

    Final Occupation by Irrep:
              A 
    DOCC [    23 ]
    NA   [    23 ]
    NB   [    23 ]

  @DF-RKS Final Energy:  -306.18807551387562

   => Energetics <=

    Nuclear Repulsion Energy =            223.3343601811121175
    One-Electron Energy =                -858.2294155851898267
    Two-Electron Energy =                 356.9791515074495010
    DFT Exchange-Correlation Energy =     -28.2679029271204421
    Empirical Dispersion Energy =          -0.0042686901269123
    VV10 Nonlocal Energy =                  0.0000000000000000
    Total Energy =                       -306.1880755138756172

Computation Completed


Properties will be evaluated at   0.000000,   0.000000,   0.000000 [a0]

Properties computed using the SCF density matrix


 Multipole Moments:

 ------------------------------------------------------------------------------------
     Multipole            Electronic (a.u.)      Nuclear  (a.u.)        Total (a.u.)
 ------------------------------------------------------------------------------------

 L = 1.  Multiply by 2.5417464519 to convert [e a0] to [Debye]
 Dipole X            :         -1.4879575           -0.3912376           -1.8791951
 Dipole Y            :          0.7263684            0.0034683            0.7298367
 Dipole Z            :          0.2135531           -0.2085038            0.0050494
 Magnitude           :                                                    2.0159517

 ------------------------------------------------------------------------------------

*** tstop() called on cst14372 at Tue Apr 21 10:07:36 2026
Module time:
	user time   =      26.99 seconds =       0.45 minutes
	system time =       0.37 seconds =       0.01 minutes
	total time  =         13 seconds =       0.22 minutes
Total time:
	user time   =     787.16 seconds =      13.12 minutes
	system time =      12.73 seconds =       0.21 minutes
	total time  =        380 seconds =       6.33 minutes

Scratch directory: /tmp/
gradient() will perform analytic gradient computation.

*** tstart() called on cst14372
*** at Tue Apr 21 10:07:36 2026


         ------------------------------------------------------------
                                   SCF GRAD                          
                          Rob Parrish, Justin Turney,                
                       Andy Simmonett, and Alex Sokolov              
         ------------------------------------------------------------

  ==> Geometry <==

    Molecular point group: c1
    Full point group: C1

    Geometry (in Angstrom), charge = 0, multiplicity = 1:

       Center              X                  Y                   Z               Mass       
    ------------   -----------------  -----------------  -----------------  -----------------
         C            0.066725861500     0.349775317600     0.059030094800    12.000000000000
         O            1.376618751800     0.320142432700     0.012505062700    15.994914619570
         O            2.028987218700    -0.822312785900    -0.001273511800    15.994914619570
         C           -0.713399583300    -0.896809545200     0.005020196700    12.000000000000
         C           -2.067485468800    -0.944538087100    -0.083835676600    12.000000000000
         C           -0.580271506800     1.711884932800     0.024019836300    12.000000000000
         H           -0.308496350900    -1.859839190600     0.258576265600     1.007825032230
         H           -2.632093335200    -0.049232005000    -0.249408228800     1.007825032230
         H           -2.702702018300    -1.838011286400    -0.175875293600     1.007825032230
         H            0.297113153700     2.361031000700    -0.042134066600     1.007825032230
         H           -1.181556602900     2.136788826100     0.828700470600     1.007825032230
         H           -1.157562461200     1.946585102400    -0.845453695700     1.007825032230

  Nuclear repulsion =  223.334360181112118

  ==> Basis Set <==

  Basis Set: 6-31G*
    Blend: 6-31G*
    Number of shells: 48
    Number of basis functions: 102
    Number of Cartesian functions: 102
    Spherical Harmonics?: false
    Max angular momentum: 2

  ==> DFJKGrad: Density-Fitted SCF Gradients <==

    Gradient:                    1
    J tasked:                  Yes
    K tasked:                  Yes
    wK tasked:                 Yes
    Omega:               2.000E-01
    OpenMP threads:              4
    Integrals threads:           4
    Memory [MiB]:             4291
    Schwarz Cutoff:          1E-12
    Fitting Condition:       1E-10

   => Auxiliary Basis Set <=

  Basis Set: (6-31G* AUX)
    Blend: CC-PVDZ-JKFIT
    Number of shells: 198
    Number of basis functions: 636
    Number of Cartesian functions: 636
    Spherical Harmonics?: false
    Max angular momentum: 3

  ==> DFT Potential <==

   => LibXC <=

    Version 7.0.0
    S. Lehtola, C. Steigemann, M. J.T. Oliveira, and M. A.L. Marques.,  SoftwareX 7, 1–5 (2018) (10.1016/j.softx.2017.11.002)

   => Composite Functional: WB97X-D <= 

    wB97X-D Hyb-GGA Exchange-Correlation Functional

    J.-D. Chai and M. Head-Gordon.,  Phys. Chem. Chem. Phys. 10, 6615-6620 (2008) (10.1039/B810189B)

    Deriv               =              1
    GGA                 =           TRUE
    Meta                =          FALSE

    Exchange Hybrid     =           TRUE
    MP2 Hybrid          =          FALSE

   => Exchange-Correlation Functionals <=

    1.0000   wB97X-D range-separated functional

   => Exact (HF) Exchange <=

    0.7780            HF,LR [omega = 0.2000]
    0.2220               HF 

   => LibXC Density Thresholds  <==

    XC_HYB_GGA_XC_WB97X_D:  1.00E-14 

   => Molecular Quadrature <=

    Radial Scheme          =       TREUTLER
    Pruning Scheme         =           NONE
    Nuclear Scheme         =       TREUTLER

    Blocking Scheme        =         OCTREE
    BS radius alpha        =              1
    Pruning alpha          =              1
    Radial Points          =             75
    Spherical Points       =            302
    Total Points           =         254537
    Total Blocks           =           1926
    Max Points             =            256
    Max Functions          =            100
    Weights Tolerance      =       1.00E-15


  -Total Gradient:
     Atom            X                  Y                   Z
    ------   -----------------  -----------------  -----------------
       1        0.004042698374     0.022926250679     0.005122077729
       2        0.043516367326    -0.021106298587    -0.006630284412
       3       -0.001852632198     0.011642802529     0.001273309082
       4        0.026740225755     0.006359044329    -0.019859541084
       5       -0.010026015307    -0.009777843460     0.014803425178
       6       -0.038473825347    -0.015966961350    -0.001326818761
       7       -0.022624589535     0.000520993501     0.007005291106
       8        0.006508694270    -0.013304448753     0.000769154954
       9       -0.015801329608    -0.000815494036    -0.008220169374
      10        0.001083519715    -0.008508252645     0.000044183972
      11       -0.001171646965     0.018388637150    -0.013814176510
      12        0.007914784685     0.009313273394     0.020487566159


*** tstop() called on cst14372 at Tue Apr 21 10:07:38 2026
Module time:
	user time   =       3.94 seconds =       0.07 minutes
	system time =       0.08 seconds =       0.00 minutes
	total time  =          2 seconds =       0.03 minutes
Total time:
	user time   =     791.12 seconds =      13.19 minutes
	system time =      12.81 seconds =       0.21 minutes
	total time  =        382 seconds =       6.37 minutes

Scratch directory: /tmp/
   => Libint2 <=

    Primary   basis highest AM E, G, H:  6, 6, 3
    Auxiliary basis highest AM E, G, H:  7, 7, 4
    Onebody   basis highest AM E, G, H:  -, -, -
    Solid Harmonics ordering:            Gaussian

*** tstart() called on cst14372
*** at Tue Apr 21 10:07:38 2026

   => Loading Basis Set <=

    Name: 6-31G*
    Role: ORBITAL
    Keyword: BASIS
    atoms 1, 4-6 entry C          line   111 file /Users/jmsmith1/anaconda3/envs/jupyterenv/share/psi4/basis/6-31gs.gbs 
    atoms 2-3    entry O          line   145 file /Users/jmsmith1/anaconda3/envs/jupyterenv/share/psi4/basis/6-31gs.gbs 
    atoms 7-12   entry H          line    44 file /Users/jmsmith1/anaconda3/envs/jupyterenv/share/psi4/basis/6-31gs.gbs 

   => WB97X-D: Empirical Dispersion <=

    Chai and Head-Gordon Dispersion Correction
    Chai, J.-D.; Head-Gordon, M. (2010), J. Chem. Phys., 132: 6615-6620

        s6 =       1.000000


         ---------------------------------------------------------
                                   SCF
               by Justin Turney, Rob Parrish, Andy Simmonett
                          and Daniel G. A. Smith
                              RKS Reference
                        4 Threads,   5722 MiB Core
         ---------------------------------------------------------

  ==> Geometry <==

    Molecular point group: c1
    Full point group: C1

    Geometry (in Angstrom), charge = 0, multiplicity = 1:

       Center              X                  Y                   Z               Mass       
    ------------   -----------------  -----------------  -----------------  -----------------
         C            0.066715628700     0.349063808300     0.061344977800    12.000000000000
         O            1.377218699500     0.321315542900     0.013151515000    15.994914619570
         O            2.031186213400    -0.820220017700    -0.001354100200    15.994914619570
         C           -0.714034218400    -0.898691506300     0.005896187000    12.000000000000
         C           -2.068214232400    -0.946128189900    -0.087769380400    12.000000000000
         C           -0.583174646100     1.712513221900     0.024343055200    12.000000000000
         H           -0.311252407800    -1.855742889300     0.265465434600     1.007825032230
         H           -2.629607208500    -0.054514520100    -0.259103333000     1.007825032230
         H           -2.702492596200    -1.840928881700    -0.180471427900     1.007825032230
         H            0.294953240700     2.358338461300    -0.044102471000     1.007825032230
         H           -1.179121369000     2.138313977900     0.825604186300     1.007825032230
         H           -1.151136605800     1.942537281800    -0.836676875400     1.007825032230

  Running in c1 symmetry.

  Rotational constants: A =      0.18318  B =      0.09531  C =      0.06346 [cm^-1]
  Rotational constants: A =   5491.66327  B =   2857.24531  C =   1902.33335 [MHz]
  Nuclear repulsion =  223.329205690385209

  Charge       = 0
  Multiplicity = 1
  Electrons    = 46
  Nalpha       = 23
  Nbeta        = 23

  ==> Algorithm <==

  SCF Algorithm Type is DF.
  DIIS enabled.
  MOM disabled.
  Fractional occupation disabled.
  Guess Type is SAD.
  Energy threshold   = 1.00e-07
  Density threshold  = 1.00e-07
  Integral threshold = 1.00e-12

  ==> Primary Basis <==

  Basis Set: 6-31G*
    Blend: 6-31G*
    Number of shells: 48
    Number of basis functions: 102
    Number of Cartesian functions: 102
    Spherical Harmonics?: false
    Max angular momentum: 2

  ==> DFT Potential <==

   => LibXC <=

    Version 7.0.0
    S. Lehtola, C. Steigemann, M. J.T. Oliveira, and M. A.L. Marques.,  SoftwareX 7, 1–5 (2018) (10.1016/j.softx.2017.11.002)

   => Composite Functional: WB97X-D <= 

    wB97X-D Hyb-GGA Exchange-Correlation Functional

    J.-D. Chai and M. Head-Gordon.,  Phys. Chem. Chem. Phys. 10, 6615-6620 (2008) (10.1039/B810189B)

    Deriv               =              1
    GGA                 =           TRUE
    Meta                =          FALSE

    Exchange Hybrid     =           TRUE
    MP2 Hybrid          =          FALSE

   => Exchange-Correlation Functionals <=

    1.0000   wB97X-D range-separated functional

   => Exact (HF) Exchange <=

    0.7780            HF,LR [omega = 0.2000]
    0.2220               HF 

   => LibXC Density Thresholds  <==

    XC_HYB_GGA_XC_WB97X_D:  1.00E-14 

   => Molecular Quadrature <=

    Radial Scheme          =       TREUTLER
    Pruning Scheme         =           NONE
    Nuclear Scheme         =       TREUTLER

    Blocking Scheme        =         OCTREE
    BS radius alpha        =              1
    Pruning alpha          =              1
    Radial Points          =             75
    Spherical Points       =            302
    Total Points           =         254530
    Total Blocks           =           1925
    Max Points             =            256
    Max Functions          =            100
    Weights Tolerance      =       1.00E-15

   => Loading Basis Set <=

    Name: (6-31G* AUX)
    Role: JKFIT
    Keyword: DF_BASIS_SCF
    atoms 1, 4-6 entry C          line   121 file /Users/jmsmith1/anaconda3/envs/jupyterenv/share/psi4/basis/cc-pvdz-jkfit.gbs 
    atoms 2-3    entry O          line   221 file /Users/jmsmith1/anaconda3/envs/jupyterenv/share/psi4/basis/cc-pvdz-jkfit.gbs 
    atoms 7-12   entry H          line    51 file /Users/jmsmith1/anaconda3/envs/jupyterenv/share/psi4/basis/cc-pvdz-jkfit.gbs 

  ==> Integral Setup <==

  DFHelper Memory: AOs need 0.151 GiB; user supplied 3.601 GiB. 
  SCF_SUBTYPE=INCORE selected. In-core MEM_DF algorithm will be used.
  Using in-core AOs.

  ==> MemDFJK: Density-Fitted J/K Matrices <==

    J tasked:                   Yes
    K tasked:                   Yes
    wK tasked:                  Yes
    Omega:                2.000E-01
    OpenMP threads:               4
    Memory [MiB]:              3687
    Algorithm:                 Core
    Schwarz Cutoff:           1E-12
    Mask sparsity (%):       1.7493
    Fitting Condition:        1E-10

   => Auxiliary Basis Set <=

  Basis Set: (6-31G* AUX)
    Blend: CC-PVDZ-JKFIT
    Number of shells: 198
    Number of basis functions: 636
    Number of Cartesian functions: 636
    Spherical Harmonics?: false
    Max angular momentum: 3

  Cached 100.0% of DFT collocation blocks in 0.590 [GiB].

  Minimum eigenvalue in the overlap matrix is 3.2731650185E-03.
  Reciprocal condition number of the overlap matrix is 4.7687071576E-04.
    Using symmetric orthogonalization.

  ==> Pre-Iterations <==

  SCF Guess: Superposition of Atomic Densities via on-the-fly atomic UHF (no occupation information).

   -------------------------
    Irrep   Nso     Nmo    
   -------------------------
     A        102     102 
   -------------------------
    Total     102     102
   -------------------------

  ==> Iterations <==

                           Total Energy        Delta E     RMS |[F,P]|

   @DF-RKS iter SAD:  -300.29348740930743   -3.00293e+02   0.00000e+00 
   @DF-RKS iter   1:  -296.62547718225136    3.66801e+00   3.44019e-02 DIIS/ADIIS
   @DF-RKS iter   2:  -274.41419877624702    2.22113e+01   6.39131e-02 DIIS/ADIIS
   @DF-RKS iter   3:  -304.72297207712160   -3.03088e+01   1.70947e-02 DIIS/ADIIS
   @DF-RKS iter   4:  -304.03763212127177    6.85340e-01   1.98785e-02 DIIS/ADIIS
   @DF-RKS iter   5:  -306.09982322163103   -2.06219e+00   3.81340e-03 DIIS/ADIIS
   @DF-RKS iter   6:  -306.16248445991477   -6.26612e-02   2.18883e-03 DIIS/ADIIS
   @DF-RKS iter   7:  -306.18592115264744   -2.34367e-02   3.59641e-04 DIIS/ADIIS
   @DF-RKS iter   8:  -306.18645535402038   -5.34201e-04   2.73074e-04 DIIS/ADIIS
   @DF-RKS iter   9:  -306.18684506570310   -3.89712e-04   6.71168e-05 DIIS
   @DF-RKS iter  10:  -306.18687396019681   -2.88945e-05   2.79465e-05 DIIS
   @DF-RKS iter  11:  -306.18687721899090   -3.25879e-06   1.81865e-05 DIIS
   @DF-RKS iter  12:  -306.18687910401866   -1.88503e-06   7.29872e-06 DIIS
   @DF-RKS iter  13:  -306.18687950914415   -4.05125e-07   7.55058e-07 DIIS
   @DF-RKS iter  14:  -306.18687953099322   -2.18491e-08   4.78200e-07 DIIS
   @DF-RKS iter  15:  -306.18687953931340   -8.32017e-09   2.80890e-07 DIIS
   @DF-RKS iter  16:  -306.18687954430186   -4.98846e-09   7.89171e-08 DIIS
  Energy and wave function converged.


  ==> Post-Iterations <==

   Electrons on quadrature grid:
      Ntotal   =   45.9999674289 ; deviation = -3.257e-05 

    Orbital Energies [Eh]
    ---------------------

    Doubly Occupied:                                                      

       1A    -19.420140     2A    -19.252910     3A    -10.415252  
       4A    -10.334760     5A    -10.333112     6A    -10.324810  
       7A     -1.291026     8A     -0.995251     9A     -0.904281  
      10A     -0.847720    11A     -0.749643    12A     -0.652936  
      13A     -0.617186    14A     -0.598345    15A     -0.579798  
      16A     -0.534725    17A     -0.513942    18A     -0.499736  
      19A     -0.492657    20A     -0.454206    21A     -0.393161  
      22A     -0.308195    23A     -0.293013  

    Virtual:                                                              

      24A     -0.026038    25A      0.107642    26A      0.171530  
      27A      0.175382    28A      0.211702    29A      0.237237  
      30A      0.239424    31A      0.255655    32A      0.263944  
      33A      0.305014    34A      0.344739    35A      0.415920  
      36A      0.439056    37A      0.560371    38A      0.580287  
      39A      0.604441    40A      0.646008    41A      0.652932  
      42A      0.684344    43A      0.699825    44A      0.709862  
      45A      0.746327    46A      0.792583    47A      0.833213  
      48A      0.897770    49A      0.912210    50A      0.925467  
      51A      0.937356    52A      0.950251    53A      0.976938  
      54A      1.014466    55A      1.026841    56A      1.036831  
      57A      1.070493    58A      1.110692    59A      1.138363  
      60A      1.165022    61A      1.201231    62A      1.227970  
      63A      1.353112    64A      1.383785    65A      1.420081  
      66A      1.452059    67A      1.504880    68A      1.611009  
      69A      1.644300    70A      1.698327    71A      1.754329  
      72A      1.772583    73A      1.851130    74A      1.879399  
      75A      1.922089    76A      1.935217    77A      1.966852  
      78A      2.005548    79A      2.065922    80A      2.138296  
      81A      2.198066    82A      2.215993    83A      2.304215  
      84A      2.361631    85A      2.374245    86A      2.425590  
      87A      2.458024    88A      2.527974    89A      2.573385  
      90A      2.592283    91A      2.709399    92A      2.767918  
      93A      2.924145    94A      2.929105    95A      3.135737  
      96A      3.241282    97A      3.607805    98A      4.106611  
      99A      4.157504   100A      4.261130   101A      4.344912  
     102A      4.605218  

    Final Occupation by Irrep:
              A 
    DOCC [    23 ]
    NA   [    23 ]
    NB   [    23 ]

  @DF-RKS Final Energy:  -306.18687954430186

   => Energetics <=

    Nuclear Repulsion Energy =            223.3292056903852085
    One-Electron Energy =                -858.2074089178407803
    Two-Electron Energy =                 356.9693530975898739
    DFT Exchange-Correlation Energy =     -28.2737655406043586
    Empirical Dispersion Energy =          -0.0042638738318372
    VV10 Nonlocal Energy =                  0.0000000000000000
    Total Energy =                       -306.1868795443018598

Computation Completed


Properties will be evaluated at   0.000000,   0.000000,   0.000000 [a0]

Properties computed using the SCF density matrix


 Multipole Moments:

 ------------------------------------------------------------------------------------
     Multipole            Electronic (a.u.)      Nuclear  (a.u.)        Total (a.u.)
 ------------------------------------------------------------------------------------

 L = 1.  Multiply by 2.5417464519 to convert [e a0] to [Debye]
 Dipole X            :         -1.4960022           -0.3848663           -1.8808684
 Dipole Y            :          0.7341388           -0.0050803            0.7290585
 Dipole Z            :          0.2157566           -0.2116798            0.0040768
 Magnitude           :                                                    2.0172281

 ------------------------------------------------------------------------------------

*** tstop() called on cst14372 at Tue Apr 21 10:07:51 2026
Module time:
	user time   =      27.02 seconds =       0.45 minutes
	system time =       0.42 seconds =       0.01 minutes
	total time  =         13 seconds =       0.22 minutes
Total time:
	user time   =     818.17 seconds =      13.64 minutes
	system time =      13.23 seconds =       0.22 minutes
	total time  =        395 seconds =       6.58 minutes

Scratch directory: /tmp/
gradient() will perform analytic gradient computation.

*** tstart() called on cst14372
*** at Tue Apr 21 10:07:51 2026


         ------------------------------------------------------------
                                   SCF GRAD                          
                          Rob Parrish, Justin Turney,                
                       Andy Simmonett, and Alex Sokolov              
         ------------------------------------------------------------

  ==> Geometry <==

    Molecular point group: c1
    Full point group: C1

    Geometry (in Angstrom), charge = 0, multiplicity = 1:

       Center              X                  Y                   Z               Mass       
    ------------   -----------------  -----------------  -----------------  -----------------
         C            0.066715628700     0.349063808300     0.061344977800    12.000000000000
         O            1.377218699500     0.321315542900     0.013151515000    15.994914619570
         O            2.031186213400    -0.820220017700    -0.001354100200    15.994914619570
         C           -0.714034218400    -0.898691506300     0.005896187000    12.000000000000
         C           -2.068214232400    -0.946128189900    -0.087769380400    12.000000000000
         C           -0.583174646100     1.712513221900     0.024343055200    12.000000000000
         H           -0.311252407800    -1.855742889300     0.265465434600     1.007825032230
         H           -2.629607208500    -0.054514520100    -0.259103333000     1.007825032230
         H           -2.702492596200    -1.840928881700    -0.180471427900     1.007825032230
         H            0.294953240700     2.358338461300    -0.044102471000     1.007825032230
         H           -1.179121369000     2.138313977900     0.825604186300     1.007825032230
         H           -1.151136605800     1.942537281800    -0.836676875400     1.007825032230

  Nuclear repulsion =  223.329205690385209

  ==> Basis Set <==

  Basis Set: 6-31G*
    Blend: 6-31G*
    Number of shells: 48
    Number of basis functions: 102
    Number of Cartesian functions: 102
    Spherical Harmonics?: false
    Max angular momentum: 2

  ==> DFJKGrad: Density-Fitted SCF Gradients <==

    Gradient:                    1
    J tasked:                  Yes
    K tasked:                  Yes
    wK tasked:                 Yes
    Omega:               2.000E-01
    OpenMP threads:              4
    Integrals threads:           4
    Memory [MiB]:             4291
    Schwarz Cutoff:          1E-12
    Fitting Condition:       1E-10

   => Auxiliary Basis Set <=

  Basis Set: (6-31G* AUX)
    Blend: CC-PVDZ-JKFIT
    Number of shells: 198
    Number of basis functions: 636
    Number of Cartesian functions: 636
    Spherical Harmonics?: false
    Max angular momentum: 3

  ==> DFT Potential <==

   => LibXC <=

    Version 7.0.0
    S. Lehtola, C. Steigemann, M. J.T. Oliveira, and M. A.L. Marques.,  SoftwareX 7, 1–5 (2018) (10.1016/j.softx.2017.11.002)

   => Composite Functional: WB97X-D <= 

    wB97X-D Hyb-GGA Exchange-Correlation Functional

    J.-D. Chai and M. Head-Gordon.,  Phys. Chem. Chem. Phys. 10, 6615-6620 (2008) (10.1039/B810189B)

    Deriv               =              1
    GGA                 =           TRUE
    Meta                =          FALSE

    Exchange Hybrid     =           TRUE
    MP2 Hybrid          =          FALSE

   => Exchange-Correlation Functionals <=

    1.0000   wB97X-D range-separated functional

   => Exact (HF) Exchange <=

    0.7780            HF,LR [omega = 0.2000]
    0.2220               HF 

   => LibXC Density Thresholds  <==

    XC_HYB_GGA_XC_WB97X_D:  1.00E-14 

   => Molecular Quadrature <=

    Radial Scheme          =       TREUTLER
    Pruning Scheme         =           NONE
    Nuclear Scheme         =       TREUTLER

    Blocking Scheme        =         OCTREE
    BS radius alpha        =              1
    Pruning alpha          =              1
    Radial Points          =             75
    Spherical Points       =            302
    Total Points           =         254530
    Total Blocks           =           1925
    Max Points             =            256
    Max Functions          =            100
    Weights Tolerance      =       1.00E-15


  -Total Gradient:
     Atom            X                  Y                   Z
    ------   -----------------  -----------------  -----------------
       1        0.004507706293     0.022409133068     0.005468713560
       2        0.044387355563    -0.020947662806    -0.006852929176
       3       -0.001765489978     0.011659669644     0.001291696208
       4        0.027732475603     0.002638511268    -0.019467274784
       5       -0.011907393696    -0.007025181816     0.014556793734
       6       -0.045870592740    -0.011442134361    -0.006603445361
       7       -0.023953891181     0.003824580130     0.006259074559
       8        0.008085861271    -0.015712887361     0.001264003823
       9       -0.015925361399    -0.001173695699    -0.008370503429
      10        0.000377701568    -0.009210748678    -0.000028354393
      11        0.000732332471     0.017208910107    -0.016503324042
      12        0.013480897252     0.007437085314     0.028625791643


*** tstop() called on cst14372 at Tue Apr 21 10:07:53 2026
Module time:
	user time   =       3.85 seconds =       0.06 minutes
	system time =       0.06 seconds =       0.00 minutes
	total time  =          2 seconds =       0.03 minutes
Total time:
	user time   =     822.04 seconds =      13.70 minutes
	system time =      13.29 seconds =       0.22 minutes
	total time  =        397 seconds =       6.62 minutes

Scratch directory: /tmp/
   => Libint2 <=

    Primary   basis highest AM E, G, H:  6, 6, 3
    Auxiliary basis highest AM E, G, H:  7, 7, 4
    Onebody   basis highest AM E, G, H:  -, -, -
    Solid Harmonics ordering:            Gaussian

*** tstart() called on cst14372
*** at Tue Apr 21 10:07:53 2026

   => Loading Basis Set <=

    Name: 6-31G*
    Role: ORBITAL
    Keyword: BASIS
    atoms 1, 4-6 entry C          line   111 file /Users/jmsmith1/anaconda3/envs/jupyterenv/share/psi4/basis/6-31gs.gbs 
    atoms 2-3    entry O          line   145 file /Users/jmsmith1/anaconda3/envs/jupyterenv/share/psi4/basis/6-31gs.gbs 
    atoms 7-12   entry H          line    44 file /Users/jmsmith1/anaconda3/envs/jupyterenv/share/psi4/basis/6-31gs.gbs 

   => WB97X-D: Empirical Dispersion <=

    Chai and Head-Gordon Dispersion Correction
    Chai, J.-D.; Head-Gordon, M. (2010), J. Chem. Phys., 132: 6615-6620

        s6 =       1.000000


         ---------------------------------------------------------
                                   SCF
               by Justin Turney, Rob Parrish, Andy Simmonett
                          and Daniel G. A. Smith
                              RKS Reference
                        4 Threads,   5722 MiB Core
         ---------------------------------------------------------

  ==> Geometry <==

    Molecular point group: c1
    Full point group: C1

    Geometry (in Angstrom), charge = 0, multiplicity = 1:

       Center              X                  Y                   Z               Mass       
    ------------   -----------------  -----------------  -----------------  -----------------
         C            0.066692309700     0.348285248700     0.063651014200    12.000000000000
         O            1.377723948700     0.322537742600     0.013814820000    15.994914619570
         O            2.033395688500    -0.818146280000    -0.001437740500    15.994914619570
         C           -0.714751089300    -0.900586793300     0.006831204400    12.000000000000
         C           -2.068910710800    -0.947702749000    -0.091757124800    12.000000000000
         C           -0.585953703300     1.713176547500     0.024686375200    12.000000000000
         H           -0.313190134500    -1.851766202900     0.272159409300     1.007825032230
         H           -2.627392617700    -0.059270734900    -0.268871341000     1.007825032230
         H           -2.701732953400    -1.843814784700    -0.184792576000     1.007825032230
         H            0.292773769300     2.355955654600    -0.046075842300     1.007825032230
         H           -1.176704052700     2.139249852700     0.823068083700     1.007825032230
         H           -1.145156570900     1.938220579600    -0.828861428900     1.007825032230

  Running in c1 symmetry.

  Rotational constants: A =      0.18313  B =      0.09519  C =      0.06340 [cm^-1]
  Rotational constants: A =   5490.19403  B =   2853.62853  C =   1900.53507 [MHz]
  Nuclear repulsion =  223.318753797649350

  Charge       = 0
  Multiplicity = 1
  Electrons    = 46
  Nalpha       = 23
  Nbeta        = 23

  ==> Algorithm <==

  SCF Algorithm Type is DF.
  DIIS enabled.
  MOM disabled.
  Fractional occupation disabled.
  Guess Type is SAD.
  Energy threshold   = 1.00e-07
  Density threshold  = 1.00e-07
  Integral threshold = 1.00e-12

  ==> Primary Basis <==

  Basis Set: 6-31G*
    Blend: 6-31G*
    Number of shells: 48
    Number of basis functions: 102
    Number of Cartesian functions: 102
    Spherical Harmonics?: false
    Max angular momentum: 2

  ==> DFT Potential <==

   => LibXC <=

    Version 7.0.0
    S. Lehtola, C. Steigemann, M. J.T. Oliveira, and M. A.L. Marques.,  SoftwareX 7, 1–5 (2018) (10.1016/j.softx.2017.11.002)

   => Composite Functional: WB97X-D <= 

    wB97X-D Hyb-GGA Exchange-Correlation Functional

    J.-D. Chai and M. Head-Gordon.,  Phys. Chem. Chem. Phys. 10, 6615-6620 (2008) (10.1039/B810189B)

    Deriv               =              1
    GGA                 =           TRUE
    Meta                =          FALSE

    Exchange Hybrid     =           TRUE
    MP2 Hybrid          =          FALSE

   => Exchange-Correlation Functionals <=

    1.0000   wB97X-D range-separated functional

   => Exact (HF) Exchange <=

    0.7780            HF,LR [omega = 0.2000]
    0.2220               HF 

   => LibXC Density Thresholds  <==

    XC_HYB_GGA_XC_WB97X_D:  1.00E-14 

   => Molecular Quadrature <=

    Radial Scheme          =       TREUTLER
    Pruning Scheme         =           NONE
    Nuclear Scheme         =       TREUTLER

    Blocking Scheme        =         OCTREE
    BS radius alpha        =              1
    Pruning alpha          =              1
    Radial Points          =             75
    Spherical Points       =            302
    Total Points           =         254476
    Total Blocks           =           1925
    Max Points             =            256
    Max Functions          =            100
    Weights Tolerance      =       1.00E-15

   => Loading Basis Set <=

    Name: (6-31G* AUX)
    Role: JKFIT
    Keyword: DF_BASIS_SCF
    atoms 1, 4-6 entry C          line   121 file /Users/jmsmith1/anaconda3/envs/jupyterenv/share/psi4/basis/cc-pvdz-jkfit.gbs 
    atoms 2-3    entry O          line   221 file /Users/jmsmith1/anaconda3/envs/jupyterenv/share/psi4/basis/cc-pvdz-jkfit.gbs 
    atoms 7-12   entry H          line    51 file /Users/jmsmith1/anaconda3/envs/jupyterenv/share/psi4/basis/cc-pvdz-jkfit.gbs 

  ==> Integral Setup <==

  DFHelper Memory: AOs need 0.151 GiB; user supplied 3.601 GiB. 
  SCF_SUBTYPE=INCORE selected. In-core MEM_DF algorithm will be used.
  Using in-core AOs.

  ==> MemDFJK: Density-Fitted J/K Matrices <==

    J tasked:                   Yes
    K tasked:                   Yes
    wK tasked:                  Yes
    Omega:                2.000E-01
    OpenMP threads:               4
    Memory [MiB]:              3687
    Algorithm:                 Core
    Schwarz Cutoff:           1E-12
    Mask sparsity (%):       1.7493
    Fitting Condition:        1E-10

   => Auxiliary Basis Set <=

  Basis Set: (6-31G* AUX)
    Blend: CC-PVDZ-JKFIT
    Number of shells: 198
    Number of basis functions: 636
    Number of Cartesian functions: 636
    Spherical Harmonics?: false
    Max angular momentum: 3

  Cached 100.0% of DFT collocation blocks in 0.590 [GiB].

  Minimum eigenvalue in the overlap matrix is 3.2960406645E-03.
  Reciprocal condition number of the overlap matrix is 4.8011533539E-04.
    Using symmetric orthogonalization.

  ==> Pre-Iterations <==

  SCF Guess: Superposition of Atomic Densities via on-the-fly atomic UHF (no occupation information).

   -------------------------
    Irrep   Nso     Nmo    
   -------------------------
     A        102     102 
   -------------------------
    Total     102     102
   -------------------------

  ==> Iterations <==

                           Total Energy        Delta E     RMS |[F,P]|

   @DF-RKS iter SAD:  -300.30434132937307   -3.00304e+02   0.00000e+00 
   @DF-RKS iter   1:  -296.65174497004284    3.65260e+00   3.43654e-02 DIIS/ADIIS
   @DF-RKS iter   2:  -274.51124197236675    2.21405e+01   6.37860e-02 DIIS/ADIIS
   @DF-RKS iter   3:  -304.72889305234168   -3.02177e+01   1.70674e-02 DIIS/ADIIS
   @DF-RKS iter   4:  -304.07395496316587    6.54938e-01   1.97124e-02 DIIS/ADIIS
   @DF-RKS iter   5:  -306.09914299689956   -2.02519e+00   3.80639e-03 DIIS/ADIIS
   @DF-RKS iter   6:  -306.16169381675650   -6.25508e-02   2.16538e-03 DIIS/ADIIS
   @DF-RKS iter   7:  -306.18463770005434   -2.29439e-02   3.57005e-04 DIIS/ADIIS
   @DF-RKS iter   8:  -306.18515752836930   -5.19828e-04   2.72414e-04 DIIS/ADIIS
   @DF-RKS iter   9:  -306.18554503659180   -3.87508e-04   6.62934e-05 DIIS
   @DF-RKS iter  10:  -306.18557342325272   -2.83867e-05   2.73236e-05 DIIS
   @DF-RKS iter  11:  -306.18557659657586   -3.17332e-06   1.74896e-05 DIIS
   @DF-RKS iter  12:  -306.18557834913167   -1.75256e-06   7.17492e-06 DIIS
   @DF-RKS iter  13:  -306.18557874430110   -3.95169e-07   8.09854e-07 DIIS
   @DF-RKS iter  14:  -306.18557876692302   -2.26219e-08   4.95126e-07 DIIS
   @DF-RKS iter  15:  -306.18557877440276   -7.47974e-09   2.91510e-07 DIIS
   @DF-RKS iter  16:  -306.18557878040514   -6.00238e-09   7.66931e-08 DIIS
  Energy and wave function converged.


  ==> Post-Iterations <==

   Electrons on quadrature grid:
      Ntotal   =   45.9999671475 ; deviation = -3.285e-05 

    Orbital Energies [Eh]
    ---------------------

    Doubly Occupied:                                                      

       1A    -19.420222     2A    -19.252918     3A    -10.415437  
       4A    -10.334530     5A    -10.332922     6A    -10.323136  
       7A     -1.290818     8A     -0.994993     9A     -0.904345  
      10A     -0.848716    11A     -0.749846    12A     -0.653613  
      13A     -0.617181    14A     -0.598489    15A     -0.579827  
      16A     -0.534764    17A     -0.515692    18A     -0.499978  
      19A     -0.493030    20A     -0.454307    21A     -0.393135  
      22A     -0.308212    23A     -0.293058  

    Virtual:                                                              

      24A     -0.025983    25A      0.107469    26A      0.172193  
      27A      0.176427    28A      0.211931    29A      0.238150  
      30A      0.239667    31A      0.257125    32A      0.265254  
      33A      0.304480    34A      0.344415    35A      0.415522  
      36A      0.438474    37A      0.560679    38A      0.579948  
      39A      0.603686    40A      0.645073    41A      0.652623  
      42A      0.683951    43A      0.699412    44A      0.708806  
      45A      0.745968    46A      0.792054    47A      0.834093  
      48A      0.898188    49A      0.912327    50A      0.926586  
      51A      0.941323    52A      0.950662    53A      0.979491  
      54A      1.015819    55A      1.029540    56A      1.038365  
      57A      1.074061    58A      1.110680    59A      1.139383  
      60A      1.164648    61A      1.201373    62A      1.226871  
      63A      1.352719    64A      1.383134    65A      1.420294  
      66A      1.452886    67A      1.504812    68A      1.610932  
      69A      1.643389    70A      1.699317    71A      1.753984  
      72A      1.771147    73A      1.850658    74A      1.878332  
      75A      1.922188    76A      1.935301    77A      1.966715  
      78A      2.006533    79A      2.065365    80A      2.139826  
      81A      2.199642    82A      2.218031    83A      2.304337  
      84A      2.363468    85A      2.377150    86A      2.428194  
      87A      2.458694    88A      2.527128    89A      2.572904  
      90A      2.593688    91A      2.709542    92A      2.767279  
      93A      2.923284    94A      2.928741    95A      3.134165  
      96A      3.239855    97A      3.607248    98A      4.107040  
      99A      4.156721   100A      4.261597   101A      4.345846  
     102A      4.604636  

    Final Occupation by Irrep:
              A 
    DOCC [    23 ]
    NA   [    23 ]
    NB   [    23 ]

  @DF-RKS Final Energy:  -306.18557878040514

   => Energetics <=

    Nuclear Repulsion Energy =            223.3187537976493502
    One-Electron Energy =                -858.1754714069221563
    Two-Electron Energy =                 356.9545875033479092
    DFT Exchange-Correlation Energy =     -28.2791886584915595
    Empirical Dispersion Energy =          -0.0042600159887272
    VV10 Nonlocal Energy =                  0.0000000000000000
    Total Energy =                       -306.1855787804051374

Computation Completed


Properties will be evaluated at   0.000000,   0.000000,   0.000000 [a0]

Properties computed using the SCF density matrix


 Multipole Moments:

 ------------------------------------------------------------------------------------
     Multipole            Electronic (a.u.)      Nuclear  (a.u.)        Total (a.u.)
 ------------------------------------------------------------------------------------

 L = 1.  Multiply by 2.5417464519 to convert [e a0] to [Debye]
 Dipole X            :         -1.5046320           -0.3779162           -1.8825482
 Dipole Y            :          0.7416086           -0.0137202            0.7278884
 Dipole Z            :          0.2185104           -0.2152176            0.0032928
 Magnitude           :                                                    2.0183706

 ------------------------------------------------------------------------------------

*** tstop() called on cst14372 at Tue Apr 21 10:08:06 2026
Module time:
	user time   =      26.89 seconds =       0.45 minutes
	system time =       0.35 seconds =       0.01 minutes
	total time  =         13 seconds =       0.22 minutes
Total time:
	user time   =     848.95 seconds =      14.15 minutes
	system time =      13.64 seconds =       0.23 minutes
	total time  =        410 seconds =       6.83 minutes

Scratch directory: /tmp/
gradient() will perform analytic gradient computation.

*** tstart() called on cst14372
*** at Tue Apr 21 10:08:06 2026


         ------------------------------------------------------------
                                   SCF GRAD                          
                          Rob Parrish, Justin Turney,                
                       Andy Simmonett, and Alex Sokolov              
         ------------------------------------------------------------

  ==> Geometry <==

    Molecular point group: c1
    Full point group: C1

    Geometry (in Angstrom), charge = 0, multiplicity = 1:

       Center              X                  Y                   Z               Mass       
    ------------   -----------------  -----------------  -----------------  -----------------
         C            0.066692309700     0.348285248700     0.063651014200    12.000000000000
         O            1.377723948700     0.322537742600     0.013814820000    15.994914619570
         O            2.033395688500    -0.818146280000    -0.001437740500    15.994914619570
         C           -0.714751089300    -0.900586793300     0.006831204400    12.000000000000
         C           -2.068910710800    -0.947702749000    -0.091757124800    12.000000000000
         C           -0.585953703300     1.713176547500     0.024686375200    12.000000000000
         H           -0.313190134500    -1.851766202900     0.272159409300     1.007825032230
         H           -2.627392617700    -0.059270734900    -0.268871341000     1.007825032230
         H           -2.701732953400    -1.843814784700    -0.184792576000     1.007825032230
         H            0.292773769300     2.355955654600    -0.046075842300     1.007825032230
         H           -1.176704052700     2.139249852700     0.823068083700     1.007825032230
         H           -1.145156570900     1.938220579600    -0.828861428900     1.007825032230

  Nuclear repulsion =  223.318753797649350

  ==> Basis Set <==

  Basis Set: 6-31G*
    Blend: 6-31G*
    Number of shells: 48
    Number of basis functions: 102
    Number of Cartesian functions: 102
    Spherical Harmonics?: false
    Max angular momentum: 2

  ==> DFJKGrad: Density-Fitted SCF Gradients <==

    Gradient:                    1
    J tasked:                  Yes
    K tasked:                  Yes
    wK tasked:                 Yes
    Omega:               2.000E-01
    OpenMP threads:              4
    Integrals threads:           4
    Memory [MiB]:             4291
    Schwarz Cutoff:          1E-12
    Fitting Condition:       1E-10

   => Auxiliary Basis Set <=

  Basis Set: (6-31G* AUX)
    Blend: CC-PVDZ-JKFIT
    Number of shells: 198
    Number of basis functions: 636
    Number of Cartesian functions: 636
    Spherical Harmonics?: false
    Max angular momentum: 3

  ==> DFT Potential <==

   => LibXC <=

    Version 7.0.0
    S. Lehtola, C. Steigemann, M. J.T. Oliveira, and M. A.L. Marques.,  SoftwareX 7, 1–5 (2018) (10.1016/j.softx.2017.11.002)

   => Composite Functional: WB97X-D <= 

    wB97X-D Hyb-GGA Exchange-Correlation Functional

    J.-D. Chai and M. Head-Gordon.,  Phys. Chem. Chem. Phys. 10, 6615-6620 (2008) (10.1039/B810189B)

    Deriv               =              1
    GGA                 =           TRUE
    Meta                =          FALSE

    Exchange Hybrid     =           TRUE
    MP2 Hybrid          =          FALSE

   => Exchange-Correlation Functionals <=

    1.0000   wB97X-D range-separated functional

   => Exact (HF) Exchange <=

    0.7780            HF,LR [omega = 0.2000]
    0.2220               HF 

   => LibXC Density Thresholds  <==

    XC_HYB_GGA_XC_WB97X_D:  1.00E-14 

   => Molecular Quadrature <=

    Radial Scheme          =       TREUTLER
    Pruning Scheme         =           NONE
    Nuclear Scheme         =       TREUTLER

    Blocking Scheme        =         OCTREE
    BS radius alpha        =              1
    Pruning alpha          =              1
    Radial Points          =             75
    Spherical Points       =            302
    Total Points           =         254476
    Total Blocks           =           1925
    Max Points             =            256
    Max Functions          =            100
    Weights Tolerance      =       1.00E-15


  -Total Gradient:
     Atom            X                  Y                   Z
    ------   -----------------  -----------------  -----------------
       1        0.004969535544     0.021783612720     0.005829000827
       2        0.045158624566    -0.020672715694    -0.007068263608
       3       -0.001653530236     0.011610705422     0.001307966255
       4        0.028494002251    -0.000943463331    -0.019048271231
       5       -0.013674378980    -0.004679355718     0.014275382281
       6       -0.053118830065    -0.006908615848    -0.011904543050
       7       -0.025098231460     0.006923851235     0.005514953329
       8        0.009437172176    -0.017743294427     0.001723111790
       9       -0.015886670727    -0.001401009099    -0.008481382146
      10       -0.000291136301    -0.009860480756    -0.000097957648
      11        0.002608914836     0.015988138523    -0.019040878718
      12        0.018964478003     0.005565458966     0.036621956176


*** tstop() called on cst14372 at Tue Apr 21 10:08:07 2026
Module time:
	user time   =       3.84 seconds =       0.06 minutes
	system time =       0.06 seconds =       0.00 minutes
	total time  =          1 seconds =       0.02 minutes
Total time:
	user time   =     852.81 seconds =      14.21 minutes
	system time =      13.70 seconds =       0.23 minutes
	total time  =        411 seconds =       6.85 minutes

Scratch directory: /tmp/
   => Libint2 <=

    Primary   basis highest AM E, G, H:  6, 6, 3
    Auxiliary basis highest AM E, G, H:  7, 7, 4
    Onebody   basis highest AM E, G, H:  -, -, -
    Solid Harmonics ordering:            Gaussian

*** tstart() called on cst14372
*** at Tue Apr 21 10:08:07 2026

   => Loading Basis Set <=

    Name: 6-31G*
    Role: ORBITAL
    Keyword: BASIS
    atoms 1, 4-6 entry C          line   111 file /Users/jmsmith1/anaconda3/envs/jupyterenv/share/psi4/basis/6-31gs.gbs 
    atoms 2-3    entry O          line   145 file /Users/jmsmith1/anaconda3/envs/jupyterenv/share/psi4/basis/6-31gs.gbs 
    atoms 7-12   entry H          line    44 file /Users/jmsmith1/anaconda3/envs/jupyterenv/share/psi4/basis/6-31gs.gbs 

   => WB97X-D: Empirical Dispersion <=

    Chai and Head-Gordon Dispersion Correction
    Chai, J.-D.; Head-Gordon, M. (2010), J. Chem. Phys., 132: 6615-6620

        s6 =       1.000000


         ---------------------------------------------------------
                                   SCF
               by Justin Turney, Rob Parrish, Andy Simmonett
                          and Daniel G. A. Smith
                              RKS Reference
                        4 Threads,   5722 MiB Core
         ---------------------------------------------------------

  ==> Geometry <==

    Molecular point group: c1
    Full point group: C1

    Geometry (in Angstrom), charge = 0, multiplicity = 1:

       Center              X                  Y                   Z               Mass       
    ------------   -----------------  -----------------  -----------------  -----------------
         C            0.066654520300     0.347441057700     0.065947672300    12.000000000000
         O            1.378132643300     0.323808873800     0.014495654100    15.994914619570
         O            2.035615950700    -0.816091040600    -0.001524497200    15.994914619570
         C           -0.715552827700    -0.902485516300     0.007824439200    12.000000000000
         C           -2.069569847700    -0.949268879000    -0.095799197900    12.000000000000
         C           -0.588587944800     1.713862043100     0.025065294800    12.000000000000
         H           -0.314267920800    -1.848015544800     0.278684826800     1.007825032230
         H           -2.625496536200    -0.063430033300    -0.278730613900     1.007825032230
         H           -2.700422521300    -1.846661725900    -0.188835059900     1.007825032230
         H            0.290597252600     2.353905419700    -0.048052255500     1.007825032230
         H           -1.174368913400     2.139636954500     0.821180908800     1.007825032230
         H           -1.139811617500     1.933697739700    -0.822284525000     1.007825032230

  Running in c1 symmetry.

  Rotational constants: A =      0.18308  B =      0.09507  C =      0.06334 [cm^-1]
  Rotational constants: A =   5488.46163  B =   2850.04383  C =   1898.77350 [MHz]
  Nuclear repulsion =  223.300124342676725

  Charge       = 0
  Multiplicity = 1
  Electrons    = 46
  Nalpha       = 23
  Nbeta        = 23

  ==> Algorithm <==

  SCF Algorithm Type is DF.
  DIIS enabled.
  MOM disabled.
  Fractional occupation disabled.
  Guess Type is SAD.
  Energy threshold   = 1.00e-07
  Density threshold  = 1.00e-07
  Integral threshold = 1.00e-12

  ==> Primary Basis <==

  Basis Set: 6-31G*
    Blend: 6-31G*
    Number of shells: 48
    Number of basis functions: 102
    Number of Cartesian functions: 102
    Spherical Harmonics?: false
    Max angular momentum: 2

  ==> DFT Potential <==

   => LibXC <=

    Version 7.0.0
    S. Lehtola, C. Steigemann, M. J.T. Oliveira, and M. A.L. Marques.,  SoftwareX 7, 1–5 (2018) (10.1016/j.softx.2017.11.002)

   => Composite Functional: WB97X-D <= 

    wB97X-D Hyb-GGA Exchange-Correlation Functional

    J.-D. Chai and M. Head-Gordon.,  Phys. Chem. Chem. Phys. 10, 6615-6620 (2008) (10.1039/B810189B)

    Deriv               =              1
    GGA                 =           TRUE
    Meta                =          FALSE

    Exchange Hybrid     =           TRUE
    MP2 Hybrid          =          FALSE

   => Exchange-Correlation Functionals <=

    1.0000   wB97X-D range-separated functional

   => Exact (HF) Exchange <=

    0.7780            HF,LR [omega = 0.2000]
    0.2220               HF 

   => LibXC Density Thresholds  <==

    XC_HYB_GGA_XC_WB97X_D:  1.00E-14 

   => Molecular Quadrature <=

    Radial Scheme          =       TREUTLER
    Pruning Scheme         =           NONE
    Nuclear Scheme         =       TREUTLER

    Blocking Scheme        =         OCTREE
    BS radius alpha        =              1
    Pruning alpha          =              1
    Radial Points          =             75
    Spherical Points       =            302
    Total Points           =         254453
    Total Blocks           =           1924
    Max Points             =            256
    Max Functions          =            100
    Weights Tolerance      =       1.00E-15

   => Loading Basis Set <=

    Name: (6-31G* AUX)
    Role: JKFIT
    Keyword: DF_BASIS_SCF
    atoms 1, 4-6 entry C          line   121 file /Users/jmsmith1/anaconda3/envs/jupyterenv/share/psi4/basis/cc-pvdz-jkfit.gbs 
    atoms 2-3    entry O          line   221 file /Users/jmsmith1/anaconda3/envs/jupyterenv/share/psi4/basis/cc-pvdz-jkfit.gbs 
    atoms 7-12   entry H          line    51 file /Users/jmsmith1/anaconda3/envs/jupyterenv/share/psi4/basis/cc-pvdz-jkfit.gbs 

  ==> Integral Setup <==

  DFHelper Memory: AOs need 0.151 GiB; user supplied 3.601 GiB. 
  SCF_SUBTYPE=INCORE selected. In-core MEM_DF algorithm will be used.
  Using in-core AOs.

  ==> MemDFJK: Density-Fitted J/K Matrices <==

    J tasked:                   Yes
    K tasked:                   Yes
    wK tasked:                  Yes
    Omega:                2.000E-01
    OpenMP threads:               4
    Memory [MiB]:              3687
    Algorithm:                 Core
    Schwarz Cutoff:           1E-12
    Mask sparsity (%):       1.7493
    Fitting Condition:        1E-10

   => Auxiliary Basis Set <=

  Basis Set: (6-31G* AUX)
    Blend: CC-PVDZ-JKFIT
    Number of shells: 198
    Number of basis functions: 636
    Number of Cartesian functions: 636
    Spherical Harmonics?: false
    Max angular momentum: 3

  Cached 100.0% of DFT collocation blocks in 0.590 [GiB].

  Minimum eigenvalue in the overlap matrix is 3.3193214077E-03.
  Reciprocal condition number of the overlap matrix is 4.8344732208E-04.
    Using symmetric orthogonalization.

  ==> Pre-Iterations <==

  SCF Guess: Superposition of Atomic Densities via on-the-fly atomic UHF (no occupation information).

   -------------------------
    Irrep   Nso     Nmo    
   -------------------------
     A        102     102 
   -------------------------
    Total     102     102
   -------------------------

  ==> Iterations <==

                           Total Energy        Delta E     RMS |[F,P]|

   @DF-RKS iter SAD:  -300.31277166976787   -3.00313e+02   0.00000e+00 
   @DF-RKS iter   1:  -296.67775110589827    3.63502e+00   3.43269e-02 DIIS/ADIIS
   @DF-RKS iter   2:  -274.60272739847875    2.20750e+01   6.36655e-02 DIIS/ADIIS
   @DF-RKS iter   3:  -304.73452642311128   -3.01318e+01   1.70407e-02 DIIS/ADIIS
   @DF-RKS iter   4:  -304.10500248822405    6.29524e-01   1.95669e-02 DIIS/ADIIS
   @DF-RKS iter   5:  -306.09843958369845   -1.99344e+00   3.79923e-03 DIIS/ADIIS
   @DF-RKS iter   6:  -306.16086514768261   -6.24256e-02   2.14377e-03 DIIS/ADIIS
   @DF-RKS iter   7:  -306.18335750218131   -2.24924e-02   3.55076e-04 DIIS/ADIIS
   @DF-RKS iter   8:  -306.18386418097259   -5.06679e-04   2.72231e-04 DIIS/ADIIS
   @DF-RKS iter   9:  -306.18425078899548   -3.86608e-04   6.56395e-05 DIIS
   @DF-RKS iter  10:  -306.18427876334721   -2.79744e-05   2.67931e-05 DIIS
   @DF-RKS iter  11:  -306.18428187298065   -3.10963e-06   1.68588e-05 DIIS
   @DF-RKS iter  12:  -306.18428351049749   -1.63752e-06   7.04405e-06 DIIS
   @DF-RKS iter  13:  -306.18428389437565   -3.83878e-07   8.65437e-07 DIIS
   @DF-RKS iter  14:  -306.18428391762131   -2.32457e-08   5.08402e-07 DIIS
   @DF-RKS iter  15:  -306.18428392472606   -7.10475e-09   2.93866e-07 DIIS
   @DF-RKS iter  16:  -306.18428393122838   -6.50232e-09   7.49027e-08 DIIS
  Energy and wave function converged.


  ==> Post-Iterations <==

   Electrons on quadrature grid:
      Ntotal   =   45.9999668978 ; deviation = -3.310e-05 

    Orbital Energies [Eh]
    ---------------------

    Doubly Occupied:                                                      

       1A    -19.420284     2A    -19.252907     3A    -10.415612  
       4A    -10.334347     5A    -10.332781     6A    -10.321639  
       7A     -1.290564     8A     -0.994726     9A     -0.904404  
      10A     -0.849600    11A     -0.750027    12A     -0.654159  
      13A     -0.617147    14A     -0.598518    15A     -0.579853  
      16A     -0.534824    17A     -0.517345    18A     -0.500182  
      19A     -0.493424    20A     -0.454349    21A     -0.393120  
      22A     -0.308221    23A     -0.293106  

    Virtual:                                                              

      24A     -0.025929    25A      0.107293    26A      0.172701  
      27A      0.177431    28A      0.212133    29A      0.238931  
      30A      0.239823    31A      0.258190    32A      0.266611  
      33A      0.303956    34A      0.344091    35A      0.415091  
      36A      0.437863    37A      0.560968    38A      0.579674  
      39A      0.602964    40A      0.644216    41A      0.652373  
      42A      0.683457    43A      0.699053    44A      0.707873  
      45A      0.745578    46A      0.791507    47A      0.834789  
      48A      0.898497    49A      0.912409    50A      0.927491  
      51A      0.944925    52A      0.951115    53A      0.981817  
      54A      1.016670    55A      1.031843    56A      1.040087  
      57A      1.077487    58A      1.110795    59A      1.140507  
      60A      1.164382    61A      1.201530    62A      1.225837  
      63A      1.352384    64A      1.382510    65A      1.420506  
      66A      1.453645    67A      1.504791    68A      1.610794  
      69A      1.642449    70A      1.700176    71A      1.753590  
      72A      1.769916    73A      1.850116    74A      1.877473  
      75A      1.922350    76A      1.935337    77A      1.966638  
      78A      2.007540    79A      2.064808    80A      2.141093  
      81A      2.200601    82A      2.220277    83A      2.304197  
      84A      2.365093    85A      2.379139    86A      2.430917  
      87A      2.459411    88A      2.526251    89A      2.572262  
      90A      2.594931    91A      2.709594    92A      2.766542  
      93A      2.922308    94A      2.928541    95A      3.132652  
      96A      3.238469    97A      3.606700    98A      4.107442  
      99A      4.155884   100A      4.261925   101A      4.346718  
     102A      4.604050  

    Final Occupation by Irrep:
              A 
    DOCC [    23 ]
    NA   [    23 ]
    NB   [    23 ]

  @DF-RKS Final Energy:  -306.18428393122838

   => Energetics <=

    Nuclear Repulsion Energy =            223.3001243426767246
    One-Electron Energy =                -858.1284290027176667
    Two-Electron Energy =                 356.9322275003123650
    DFT Exchange-Correlation Energy =     -28.2839496057655033
    Empirical Dispersion Energy =          -0.0042571657343675
    VV10 Nonlocal Energy =                  0.0000000000000000
    Total Energy =                       -306.1842839312283786

Computation Completed


Properties will be evaluated at   0.000000,   0.000000,   0.000000 [a0]

Properties computed using the SCF density matrix


 Multipole Moments:

 ------------------------------------------------------------------------------------
     Multipole            Electronic (a.u.)      Nuclear  (a.u.)        Total (a.u.)
 ------------------------------------------------------------------------------------

 L = 1.  Multiply by 2.5417464519 to convert [e a0] to [Debye]
 Dipole X            :         -1.5136165           -0.3706095           -1.8842260
 Dipole Y            :          0.7486678           -0.0223598            0.7263080
 Dipole Z            :          0.2219914           -0.2192804            0.0027110
 Magnitude           :                                                    2.0193658

 ------------------------------------------------------------------------------------

*** tstop() called on cst14372 at Tue Apr 21 10:08:20 2026
Module time:
	user time   =      27.06 seconds =       0.45 minutes
	system time =       0.40 seconds =       0.01 minutes
	total time  =         13 seconds =       0.22 minutes
Total time:
	user time   =     879.89 seconds =      14.66 minutes
	system time =      14.11 seconds =       0.24 minutes
	total time  =        424 seconds =       7.07 minutes

Scratch directory: /tmp/
gradient() will perform analytic gradient computation.

*** tstart() called on cst14372
*** at Tue Apr 21 10:08:20 2026


         ------------------------------------------------------------
                                   SCF GRAD                          
                          Rob Parrish, Justin Turney,                
                       Andy Simmonett, and Alex Sokolov              
         ------------------------------------------------------------

  ==> Geometry <==

    Molecular point group: c1
    Full point group: C1

    Geometry (in Angstrom), charge = 0, multiplicity = 1:

       Center              X                  Y                   Z               Mass       
    ------------   -----------------  -----------------  -----------------  -----------------
         C            0.066654520300     0.347441057700     0.065947672300    12.000000000000
         O            1.378132643300     0.323808873800     0.014495654100    15.994914619570
         O            2.035615950700    -0.816091040600    -0.001524497200    15.994914619570
         C           -0.715552827700    -0.902485516300     0.007824439200    12.000000000000
         C           -2.069569847700    -0.949268879000    -0.095799197900    12.000000000000
         C           -0.588587944800     1.713862043100     0.025065294800    12.000000000000
         H           -0.314267920800    -1.848015544800     0.278684826800     1.007825032230
         H           -2.625496536200    -0.063430033300    -0.278730613900     1.007825032230
         H           -2.700422521300    -1.846661725900    -0.188835059900     1.007825032230
         H            0.290597252600     2.353905419700    -0.048052255500     1.007825032230
         H           -1.174368913400     2.139636954500     0.821180908800     1.007825032230
         H           -1.139811617500     1.933697739700    -0.822284525000     1.007825032230

  Nuclear repulsion =  223.300124342676725

  ==> Basis Set <==

  Basis Set: 6-31G*
    Blend: 6-31G*
    Number of shells: 48
    Number of basis functions: 102
    Number of Cartesian functions: 102
    Spherical Harmonics?: false
    Max angular momentum: 2

  ==> DFJKGrad: Density-Fitted SCF Gradients <==

    Gradient:                    1
    J tasked:                  Yes
    K tasked:                  Yes
    wK tasked:                 Yes
    Omega:               2.000E-01
    OpenMP threads:              4
    Integrals threads:           4
    Memory [MiB]:             4291
    Schwarz Cutoff:          1E-12
    Fitting Condition:       1E-10

   => Auxiliary Basis Set <=

  Basis Set: (6-31G* AUX)
    Blend: CC-PVDZ-JKFIT
    Number of shells: 198
    Number of basis functions: 636
    Number of Cartesian functions: 636
    Spherical Harmonics?: false
    Max angular momentum: 3

  ==> DFT Potential <==

   => LibXC <=

    Version 7.0.0
    S. Lehtola, C. Steigemann, M. J.T. Oliveira, and M. A.L. Marques.,  SoftwareX 7, 1–5 (2018) (10.1016/j.softx.2017.11.002)

   => Composite Functional: WB97X-D <= 

    wB97X-D Hyb-GGA Exchange-Correlation Functional

    J.-D. Chai and M. Head-Gordon.,  Phys. Chem. Chem. Phys. 10, 6615-6620 (2008) (10.1039/B810189B)

    Deriv               =              1
    GGA                 =           TRUE
    Meta                =          FALSE

    Exchange Hybrid     =           TRUE
    MP2 Hybrid          =          FALSE

   => Exchange-Correlation Functionals <=

    1.0000   wB97X-D range-separated functional

   => Exact (HF) Exchange <=

    0.7780            HF,LR [omega = 0.2000]
    0.2220               HF 

   => LibXC Density Thresholds  <==

    XC_HYB_GGA_XC_WB97X_D:  1.00E-14 

   => Molecular Quadrature <=

    Radial Scheme          =       TREUTLER
    Pruning Scheme         =           NONE
    Nuclear Scheme         =       TREUTLER

    Blocking Scheme        =         OCTREE
    BS radius alpha        =              1
    Pruning alpha          =              1
    Radial Points          =             75
    Spherical Points       =            302
    Total Points           =         254453
    Total Blocks           =           1924
    Max Points             =            256
    Max Functions          =            100
    Weights Tolerance      =       1.00E-15


  -Total Gradient:
     Atom            X                  Y                   Z
    ------   -----------------  -----------------  -----------------
       1        0.005422114138     0.021054513709     0.006201468896
       2        0.045827589691    -0.020280491917    -0.007276027133
       3       -0.001516013201     0.011494936443     0.001322291603
       4        0.028982164039    -0.004278016506    -0.018635954557
       5       -0.015272652919    -0.002827603716     0.013980916227
       6       -0.059926317524    -0.002527016626    -0.016913760846
       7       -0.026015550011     0.009712239110     0.004808950926
       8        0.010510542487    -0.019311960567     0.002121728076
       9       -0.015684075956    -0.001493838576    -0.008550882038
      10       -0.000908996769    -0.010448775926    -0.000164491812
      11        0.004409108526     0.014767224299    -0.021350956360
      12        0.024112306135     0.003802066153     0.044083098801


*** tstop() called on cst14372 at Tue Apr 21 10:08:22 2026
Module time:
	user time   =       3.87 seconds =       0.06 minutes
	system time =       0.08 seconds =       0.00 minutes
	total time  =          2 seconds =       0.03 minutes
Total time:
	user time   =     883.78 seconds =      14.73 minutes
	system time =      14.19 seconds =       0.24 minutes
	total time  =        426 seconds =       7.10 minutes

Scratch directory: /tmp/
   => Libint2 <=

    Primary   basis highest AM E, G, H:  6, 6, 3
    Auxiliary basis highest AM E, G, H:  7, 7, 4
    Onebody   basis highest AM E, G, H:  -, -, -
    Solid Harmonics ordering:            Gaussian

*** tstart() called on cst14372
*** at Tue Apr 21 10:08:22 2026

   => Loading Basis Set <=

    Name: 6-31G*
    Role: ORBITAL
    Keyword: BASIS
    atoms 1, 4-6 entry C          line   111 file /Users/jmsmith1/anaconda3/envs/jupyterenv/share/psi4/basis/6-31gs.gbs 
    atoms 2-3    entry O          line   145 file /Users/jmsmith1/anaconda3/envs/jupyterenv/share/psi4/basis/6-31gs.gbs 
    atoms 7-12   entry H          line    44 file /Users/jmsmith1/anaconda3/envs/jupyterenv/share/psi4/basis/6-31gs.gbs 

   => WB97X-D: Empirical Dispersion <=

    Chai and Head-Gordon Dispersion Correction
    Chai, J.-D.; Head-Gordon, M. (2010), J. Chem. Phys., 132: 6615-6620

        s6 =       1.000000


         ---------------------------------------------------------
                                   SCF
               by Justin Turney, Rob Parrish, Andy Simmonett
                          and Daniel G. A. Smith
                              RKS Reference
                        4 Threads,   5722 MiB Core
         ---------------------------------------------------------

  ==> Geometry <==

    Molecular point group: c1
    Full point group: C1

    Geometry (in Angstrom), charge = 0, multiplicity = 1:

       Center              X                  Y                   Z               Mass       
    ------------   -----------------  -----------------  -----------------  -----------------
         C            0.066600891000     0.346532913300     0.068234419400    12.000000000000
         O            1.378443104900     0.325128568900     0.015194699700    15.994914619570
         O            2.037847296100    -0.814053593000    -0.001614434000    15.994914619570
         C           -0.716441336300    -0.904378504900     0.008875143900    12.000000000000
         C           -2.070187052700    -0.950832310000    -0.099895947500    12.000000000000
         C           -0.591057823200     1.714557263200     0.025494540800    12.000000000000
         H           -0.314451465900    -1.844586986700     0.285067130000     1.007825032230
         H           -2.623956614700    -0.066937295600    -0.288697701400     1.007825032230
         H           -2.698566100800    -1.849467085800    -0.192596555600     1.007825032230
         H            0.288444480400     2.352208672100    -0.050029921800     1.007825032230
         H           -1.172177781300     2.139515669500     0.820024121400     1.007825032230
         H           -1.135280243400     1.929027796500    -0.817206244400     1.007825032230

  Running in c1 symmetry.

  Rotational constants: A =      0.18301  B =      0.09495  C =      0.06328 [cm^-1]
  Rotational constants: A =   5486.41925  B =   2846.47936  C =   1897.04534 [MHz]
  Nuclear repulsion =  223.270539138721375

  Charge       = 0
  Multiplicity = 1
  Electrons    = 46
  Nalpha       = 23
  Nbeta        = 23

  ==> Algorithm <==

  SCF Algorithm Type is DF.
  DIIS enabled.
  MOM disabled.
  Fractional occupation disabled.
  Guess Type is SAD.
  Energy threshold   = 1.00e-07
  Density threshold  = 1.00e-07
  Integral threshold = 1.00e-12

  ==> Primary Basis <==

  Basis Set: 6-31G*
    Blend: 6-31G*
    Number of shells: 48
    Number of basis functions: 102
    Number of Cartesian functions: 102
    Spherical Harmonics?: false
    Max angular momentum: 2

  ==> DFT Potential <==

   => LibXC <=

    Version 7.0.0
    S. Lehtola, C. Steigemann, M. J.T. Oliveira, and M. A.L. Marques.,  SoftwareX 7, 1–5 (2018) (10.1016/j.softx.2017.11.002)

   => Composite Functional: WB97X-D <= 

    wB97X-D Hyb-GGA Exchange-Correlation Functional

    J.-D. Chai and M. Head-Gordon.,  Phys. Chem. Chem. Phys. 10, 6615-6620 (2008) (10.1039/B810189B)

    Deriv               =              1
    GGA                 =           TRUE
    Meta                =          FALSE

    Exchange Hybrid     =           TRUE
    MP2 Hybrid          =          FALSE

   => Exchange-Correlation Functionals <=

    1.0000   wB97X-D range-separated functional

   => Exact (HF) Exchange <=

    0.7780            HF,LR [omega = 0.2000]
    0.2220               HF 

   => LibXC Density Thresholds  <==

    XC_HYB_GGA_XC_WB97X_D:  1.00E-14 

   => Molecular Quadrature <=

    Radial Scheme          =       TREUTLER
    Pruning Scheme         =           NONE
    Nuclear Scheme         =       TREUTLER

    Blocking Scheme        =         OCTREE
    BS radius alpha        =              1
    Pruning alpha          =              1
    Radial Points          =             75
    Spherical Points       =            302
    Total Points           =         254448
    Total Blocks           =           1926
    Max Points             =            256
    Max Functions          =            100
    Weights Tolerance      =       1.00E-15

   => Loading Basis Set <=

    Name: (6-31G* AUX)
    Role: JKFIT
    Keyword: DF_BASIS_SCF
    atoms 1, 4-6 entry C          line   121 file /Users/jmsmith1/anaconda3/envs/jupyterenv/share/psi4/basis/cc-pvdz-jkfit.gbs 
    atoms 2-3    entry O          line   221 file /Users/jmsmith1/anaconda3/envs/jupyterenv/share/psi4/basis/cc-pvdz-jkfit.gbs 
    atoms 7-12   entry H          line    51 file /Users/jmsmith1/anaconda3/envs/jupyterenv/share/psi4/basis/cc-pvdz-jkfit.gbs 

  ==> Integral Setup <==

  DFHelper Memory: AOs need 0.151 GiB; user supplied 3.602 GiB. 
  SCF_SUBTYPE=INCORE selected. In-core MEM_DF algorithm will be used.
  Using in-core AOs.

  ==> MemDFJK: Density-Fitted J/K Matrices <==

    J tasked:                   Yes
    K tasked:                   Yes
    wK tasked:                  Yes
    Omega:                2.000E-01
    OpenMP threads:               4
    Memory [MiB]:              3688
    Algorithm:                 Core
    Schwarz Cutoff:           1E-12
    Mask sparsity (%):       1.7493
    Fitting Condition:        1E-10

   => Auxiliary Basis Set <=

  Basis Set: (6-31G* AUX)
    Blend: CC-PVDZ-JKFIT
    Number of shells: 198
    Number of basis functions: 636
    Number of Cartesian functions: 636
    Spherical Harmonics?: false
    Max angular momentum: 3

  Cached 100.0% of DFT collocation blocks in 0.589 [GiB].

  Minimum eigenvalue in the overlap matrix is 3.3429128362E-03.
  Reciprocal condition number of the overlap matrix is 4.8686725784E-04.
    Using symmetric orthogonalization.

  ==> Pre-Iterations <==

  SCF Guess: Superposition of Atomic Densities via on-the-fly atomic UHF (no occupation information).

   -------------------------
    Irrep   Nso     Nmo    
   -------------------------
     A        102     102 
   -------------------------
    Total     102     102
   -------------------------

  ==> Iterations <==

                           Total Energy        Delta E     RMS |[F,P]|

   @DF-RKS iter SAD:  -300.31833198367656   -3.00318e+02   0.00000e+00 
   @DF-RKS iter   1:  -296.70314348410773    3.61519e+00   3.42868e-02 DIIS/ADIIS
   @DF-RKS iter   2:  -274.68684340968116    2.20163e+01   6.35536e-02 DIIS/ADIIS
   @DF-RKS iter   3:  -304.73989727181174   -3.00531e+01   1.70151e-02 DIIS/ADIIS
   @DF-RKS iter   4:  -304.13144264054608    6.08455e-01   1.94403e-02 DIIS/ADIIS
   @DF-RKS iter   5:  -306.09781257779775   -1.96637e+00   3.79290e-03 DIIS/ADIIS
   @DF-RKS iter   6:  -306.16013319674232   -6.23206e-02   2.12401e-03 DIIS/ADIIS
   @DF-RKS iter   7:  -306.18221420424061   -2.20810e-02   3.53983e-04 DIIS/ADIIS
   @DF-RKS iter   8:  -306.18270928920253   -4.95085e-04   2.72584e-04 DIIS/ADIIS
   @DF-RKS iter   9:  -306.18309649325118   -3.87204e-04   6.51092e-05 DIIS
   @DF-RKS iter  10:  -306.18312412749276   -2.76342e-05   2.63634e-05 DIIS
   @DF-RKS iter  11:  -306.18312719357425   -3.06608e-06   1.63056e-05 DIIS
   @DF-RKS iter  12:  -306.18312873461042   -1.54104e-06   6.91323e-06 DIIS
   @DF-RKS iter  13:  -306.18312910701133   -3.72401e-07   9.17133e-07 DIIS
   @DF-RKS iter  14:  -306.18312913082701   -2.38157e-08   5.17835e-07 DIIS
   @DF-RKS iter  15:  -306.18312913779715   -6.97014e-09   2.93742e-07 DIIS
   @DF-RKS iter  16:  -306.18312914454901   -6.75186e-09   7.34654e-08 DIIS
  Energy and wave function converged.


  ==> Post-Iterations <==

   Electrons on quadrature grid:
      Ntotal   =   45.9999666965 ; deviation = -3.330e-05 

    Orbital Energies [Eh]
    ---------------------

    Doubly Occupied:                                                      

       1A    -19.420327     2A    -19.252876     3A    -10.415775  
       4A    -10.334221     5A    -10.332699     6A    -10.320368  
       7A     -1.290265     8A     -0.994449     9A     -0.904450  
      10A     -0.850326    11A     -0.750179    12A     -0.654551  
      13A     -0.617082    14A     -0.598416    15A     -0.579869  
      16A     -0.534905    17A     -0.518857    18A     -0.500345  
      19A     -0.493825    20A     -0.454325    21A     -0.393117  
      22A     -0.308221    23A     -0.293155  

    Virtual:                                                              

      24A     -0.025877    25A      0.107117    26A      0.173110  
      27A      0.178313    28A      0.212311    29A      0.239536  
      30A      0.239903    31A      0.258913    32A      0.267843  
      33A      0.303441    34A      0.343763    35A      0.414631  
      36A      0.437223    37A      0.561231    38A      0.579484  
      39A      0.602293    40A      0.643460    41A      0.652181  
      42A      0.682854    43A      0.698760    44A      0.707078  
      45A      0.745159    46A      0.790957    47A      0.835288  
      48A      0.898720    49A      0.912472    50A      0.928258  
      51A      0.947826    52A      0.951744    53A      0.983824  
      54A      1.017270    55A      1.033547    56A      1.041769  
      57A      1.080500    58A      1.111005    59A      1.141661  
      60A      1.164222    61A      1.201684    62A      1.224846  
      63A      1.352110    64A      1.381909    65A      1.420713  
      66A      1.454330    67A      1.504795    68A      1.610595  
      69A      1.641488    70A      1.700892    71A      1.753156  
      72A      1.768901    73A      1.849509    74A      1.876839  
      75A      1.922569    76A      1.935306    77A      1.966624  
      78A      2.008545    79A      2.064251    80A      2.142066  
      81A      2.201140    82A      2.222490    83A      2.303790  
      84A      2.366457    85A      2.380281    86A      2.433474  
      87A      2.460119    88A      2.525287    89A      2.571450  
      90A      2.595864    91A      2.709518    92A      2.765698  
      93A      2.921248    94A      2.928460    95A      3.131195  
      96A      3.237135    97A      3.606159    98A      4.107807  
      99A      4.154988   100A      4.262093   101A      4.347463  
     102A      4.603447  

    Final Occupation by Irrep:
              A 
    DOCC [    23 ]
    NA   [    23 ]
    NB   [    23 ]

  @DF-RKS Final Energy:  -306.18312914454901

   => Energetics <=

    Nuclear Repulsion Energy =            223.2705391387213751
    One-Electron Energy =                -858.0613536774415024
    Two-Electron Energy =                 356.8997741925383025
    DFT Exchange-Correlation Energy =     -28.2878334383712868
    Empirical Dispersion Energy =          -0.0042553599958309
    VV10 Nonlocal Energy =                  0.0000000000000000
    Total Energy =                       -306.1831291445490137

Computation Completed


Properties will be evaluated at   0.000000,   0.000000,   0.000000 [a0]

Properties computed using the SCF density matrix


 Multipole Moments:

 ------------------------------------------------------------------------------------
     Multipole            Electronic (a.u.)      Nuclear  (a.u.)        Total (a.u.)
 ------------------------------------------------------------------------------------

 L = 1.  Multiply by 2.5417464519 to convert [e a0] to [Debye]
 Dipole X            :         -1.5227419           -0.3631608           -1.8859028
 Dipole Y            :          0.7552338           -0.0309221            0.7243117
 Dipole Z            :          0.2263598           -0.2240235            0.0023364
 Magnitude           :                                                    2.0202134

 ------------------------------------------------------------------------------------

*** tstop() called on cst14372 at Tue Apr 21 10:08:35 2026
Module time:
	user time   =      26.93 seconds =       0.45 minutes
	system time =       0.42 seconds =       0.01 minutes
	total time  =         13 seconds =       0.22 minutes
Total time:
	user time   =     910.73 seconds =      15.18 minutes
	system time =      14.61 seconds =       0.24 minutes
	total time  =        439 seconds =       7.32 minutes

Scratch directory: /tmp/
gradient() will perform analytic gradient computation.

*** tstart() called on cst14372
*** at Tue Apr 21 10:08:35 2026


         ------------------------------------------------------------
                                   SCF GRAD                          
                          Rob Parrish, Justin Turney,                
                       Andy Simmonett, and Alex Sokolov              
         ------------------------------------------------------------

  ==> Geometry <==

    Molecular point group: c1
    Full point group: C1

    Geometry (in Angstrom), charge = 0, multiplicity = 1:

       Center              X                  Y                   Z               Mass       
    ------------   -----------------  -----------------  -----------------  -----------------
         C            0.066600891000     0.346532913300     0.068234419400    12.000000000000
         O            1.378443104900     0.325128568900     0.015194699700    15.994914619570
         O            2.037847296100    -0.814053593000    -0.001614434000    15.994914619570
         C           -0.716441336300    -0.904378504900     0.008875143900    12.000000000000
         C           -2.070187052700    -0.950832310000    -0.099895947500    12.000000000000
         C           -0.591057823200     1.714557263200     0.025494540800    12.000000000000
         H           -0.314451465900    -1.844586986700     0.285067130000     1.007825032230
         H           -2.623956614700    -0.066937295600    -0.288697701400     1.007825032230
         H           -2.698566100800    -1.849467085800    -0.192596555600     1.007825032230
         H            0.288444480400     2.352208672100    -0.050029921800     1.007825032230
         H           -1.172177781300     2.139515669500     0.820024121400     1.007825032230
         H           -1.135280243400     1.929027796500    -0.817206244400     1.007825032230

  Nuclear repulsion =  223.270539138721375

  ==> Basis Set <==

  Basis Set: 6-31G*
    Blend: 6-31G*
    Number of shells: 48
    Number of basis functions: 102
    Number of Cartesian functions: 102
    Spherical Harmonics?: false
    Max angular momentum: 2

  ==> DFJKGrad: Density-Fitted SCF Gradients <==

    Gradient:                    1
    J tasked:                  Yes
    K tasked:                  Yes
    wK tasked:                 Yes
    Omega:               2.000E-01
    OpenMP threads:              4
    Integrals threads:           4
    Memory [MiB]:             4291
    Schwarz Cutoff:          1E-12
    Fitting Condition:       1E-10

   => Auxiliary Basis Set <=

  Basis Set: (6-31G* AUX)
    Blend: CC-PVDZ-JKFIT
    Number of shells: 198
    Number of basis functions: 636
    Number of Cartesian functions: 636
    Spherical Harmonics?: false
    Max angular momentum: 3

  ==> DFT Potential <==

   => LibXC <=

    Version 7.0.0
    S. Lehtola, C. Steigemann, M. J.T. Oliveira, and M. A.L. Marques.,  SoftwareX 7, 1–5 (2018) (10.1016/j.softx.2017.11.002)

   => Composite Functional: WB97X-D <= 

    wB97X-D Hyb-GGA Exchange-Correlation Functional

    J.-D. Chai and M. Head-Gordon.,  Phys. Chem. Chem. Phys. 10, 6615-6620 (2008) (10.1039/B810189B)

    Deriv               =              1
    GGA                 =           TRUE
    Meta                =          FALSE

    Exchange Hybrid     =           TRUE
    MP2 Hybrid          =          FALSE

   => Exchange-Correlation Functionals <=

    1.0000   wB97X-D range-separated functional

   => Exact (HF) Exchange <=

    0.7780            HF,LR [omega = 0.2000]
    0.2220               HF 

   => LibXC Density Thresholds  <==

    XC_HYB_GGA_XC_WB97X_D:  1.00E-14 

   => Molecular Quadrature <=

    Radial Scheme          =       TREUTLER
    Pruning Scheme         =           NONE
    Nuclear Scheme         =       TREUTLER

    Blocking Scheme        =         OCTREE
    BS radius alpha        =              1
    Pruning alpha          =              1
    Radial Points          =             75
    Spherical Points       =            302
    Total Points           =         254448
    Total Blocks           =           1926
    Max Points             =            256
    Max Functions          =            100
    Weights Tolerance      =       1.00E-15


  -Total Gradient:
     Atom            X                  Y                   Z
    ------   -----------------  -----------------  -----------------
       1        0.005859724198     0.020227126406     0.006584572018
       2        0.046391980792    -0.019770939781    -0.007475989404
       3       -0.001352399722     0.011312051567     0.001334818614
       4        0.029155190671    -0.007260142328    -0.018265565852
       5       -0.016654838422    -0.001540873238     0.013695323963
       6       -0.065973951061     0.001535402673    -0.021268774585
       7       -0.026664563797     0.012087656400     0.004178599318
       8        0.011263290991    -0.020349663800     0.002435744493
       9       -0.015318918148    -0.001451297606    -0.008577614776
      10       -0.001463172274    -0.010968054159    -0.000228109432
      11        0.006082383779     0.013588741945    -0.023356940886
      12        0.028645699088     0.002257061783     0.050567682233


*** tstop() called on cst14372 at Tue Apr 21 10:08:37 2026
Module time:
	user time   =       3.90 seconds =       0.07 minutes
	system time =       0.08 seconds =       0.00 minutes
	total time  =          2 seconds =       0.03 minutes
Total time:
	user time   =     914.65 seconds =      15.24 minutes
	system time =      14.69 seconds =       0.24 minutes
	total time  =        441 seconds =       7.35 minutes

Scratch directory: /tmp/
   => Libint2 <=

    Primary   basis highest AM E, G, H:  6, 6, 3
    Auxiliary basis highest AM E, G, H:  7, 7, 4
    Onebody   basis highest AM E, G, H:  -, -, -
    Solid Harmonics ordering:            Gaussian

*** tstart() called on cst14372
*** at Tue Apr 21 10:08:37 2026

   => Loading Basis Set <=

    Name: 6-31G*
    Role: ORBITAL
    Keyword: BASIS
    atoms 1, 4-6 entry C          line   111 file /Users/jmsmith1/anaconda3/envs/jupyterenv/share/psi4/basis/6-31gs.gbs 
    atoms 2-3    entry O          line   145 file /Users/jmsmith1/anaconda3/envs/jupyterenv/share/psi4/basis/6-31gs.gbs 
    atoms 7-12   entry H          line    44 file /Users/jmsmith1/anaconda3/envs/jupyterenv/share/psi4/basis/6-31gs.gbs 

   => WB97X-D: Empirical Dispersion <=

    Chai and Head-Gordon Dispersion Correction
    Chai, J.-D.; Head-Gordon, M. (2010), J. Chem. Phys., 132: 6615-6620

        s6 =       1.000000


         ---------------------------------------------------------
                                   SCF
               by Justin Turney, Rob Parrish, Andy Simmonett
                          and Daniel G. A. Smith
                              RKS Reference
                        4 Threads,   5722 MiB Core
         ---------------------------------------------------------

  ==> Geometry <==

    Molecular point group: c1
    Full point group: C1

    Geometry (in Angstrom), charge = 0, multiplicity = 1:

       Center              X                  Y                   Z               Mass       
    ------------   -----------------  -----------------  -----------------  -----------------
         C            0.066530083800     0.345562765200     0.070510652300    12.000000000000
         O            1.378653823400     0.326496208800     0.015912623800    15.994914619570
         O            2.040089938600    -0.812033120500    -0.001707610800    15.994914619570
         C           -0.717417641900    -0.906257547400     0.009982703000    12.000000000000
         C           -2.070758315500    -0.952397131000    -0.104047716500    12.000000000000
         C           -0.593345807000     1.715250638200     0.025987015100    12.000000000000
         H           -0.313715165100    -1.841562888900     0.291329075500     1.007825032230
         H           -2.622799766200    -0.069755165400    -0.298786199800     1.007825032230
         H           -2.696173878300    -1.852232847900    -0.196076014000     1.007825032230
         H            0.286334159600     2.350884218100    -0.052007118600     1.007825032230
         H           -1.170188424800     2.138924810200     0.819669347400     1.007825032230
         H           -1.131720828700     1.924262446500    -0.813854681600     1.007825032230

  Running in c1 symmetry.

  Rotational constants: A =      0.18293  B =      0.09483  C =      0.06322 [cm^-1]
  Rotational constants: A =   5484.02794  B =   2842.92492  C =   1895.34797 [MHz]
  Nuclear repulsion =  223.227491371871963

  Charge       = 0
  Multiplicity = 1
  Electrons    = 46
  Nalpha       = 23
  Nbeta        = 23

  ==> Algorithm <==

  SCF Algorithm Type is DF.
  DIIS enabled.
  MOM disabled.
  Fractional occupation disabled.
  Guess Type is SAD.
  Energy threshold   = 1.00e-07
  Density threshold  = 1.00e-07
  Integral threshold = 1.00e-12

  ==> Primary Basis <==

  Basis Set: 6-31G*
    Blend: 6-31G*
    Number of shells: 48
    Number of basis functions: 102
    Number of Cartesian functions: 102
    Spherical Harmonics?: false
    Max angular momentum: 2

  ==> DFT Potential <==

   => LibXC <=

    Version 7.0.0
    S. Lehtola, C. Steigemann, M. J.T. Oliveira, and M. A.L. Marques.,  SoftwareX 7, 1–5 (2018) (10.1016/j.softx.2017.11.002)

   => Composite Functional: WB97X-D <= 

    wB97X-D Hyb-GGA Exchange-Correlation Functional

    J.-D. Chai and M. Head-Gordon.,  Phys. Chem. Chem. Phys. 10, 6615-6620 (2008) (10.1039/B810189B)

    Deriv               =              1
    GGA                 =           TRUE
    Meta                =          FALSE

    Exchange Hybrid     =           TRUE
    MP2 Hybrid          =          FALSE

   => Exchange-Correlation Functionals <=

    1.0000   wB97X-D range-separated functional

   => Exact (HF) Exchange <=

    0.7780            HF,LR [omega = 0.2000]
    0.2220               HF 

   => LibXC Density Thresholds  <==

    XC_HYB_GGA_XC_WB97X_D:  1.00E-14 

   => Molecular Quadrature <=

    Radial Scheme          =       TREUTLER
    Pruning Scheme         =           NONE
    Nuclear Scheme         =       TREUTLER

    Blocking Scheme        =         OCTREE
    BS radius alpha        =              1
    Pruning alpha          =              1
    Radial Points          =             75
    Spherical Points       =            302
    Total Points           =         254431
    Total Blocks           =           1921
    Max Points             =            256
    Max Functions          =            100
    Weights Tolerance      =       1.00E-15

   => Loading Basis Set <=

    Name: (6-31G* AUX)
    Role: JKFIT
    Keyword: DF_BASIS_SCF
    atoms 1, 4-6 entry C          line   121 file /Users/jmsmith1/anaconda3/envs/jupyterenv/share/psi4/basis/cc-pvdz-jkfit.gbs 
    atoms 2-3    entry O          line   221 file /Users/jmsmith1/anaconda3/envs/jupyterenv/share/psi4/basis/cc-pvdz-jkfit.gbs 
    atoms 7-12   entry H          line    51 file /Users/jmsmith1/anaconda3/envs/jupyterenv/share/psi4/basis/cc-pvdz-jkfit.gbs 

  ==> Integral Setup <==

  DFHelper Memory: AOs need 0.151 GiB; user supplied 3.601 GiB. 
  SCF_SUBTYPE=INCORE selected. In-core MEM_DF algorithm will be used.
  Using in-core AOs.

  ==> MemDFJK: Density-Fitted J/K Matrices <==

    J tasked:                   Yes
    K tasked:                   Yes
    wK tasked:                  Yes
    Omega:                2.000E-01
    OpenMP threads:               4
    Memory [MiB]:              3687
    Algorithm:                 Core
    Schwarz Cutoff:           1E-12
    Mask sparsity (%):       1.7493
    Fitting Condition:        1E-10

   => Auxiliary Basis Set <=

  Basis Set: (6-31G* AUX)
    Blend: CC-PVDZ-JKFIT
    Number of shells: 198
    Number of basis functions: 636
    Number of Cartesian functions: 636
    Spherical Harmonics?: false
    Max angular momentum: 3

  Cached 100.0% of DFT collocation blocks in 0.589 [GiB].

  Minimum eigenvalue in the overlap matrix is 3.3666875732E-03.
  Reciprocal condition number of the overlap matrix is 4.9037041187E-04.
    Using symmetric orthogonalization.

  ==> Pre-Iterations <==

  SCF Guess: Superposition of Atomic Densities via on-the-fly atomic UHF (no occupation information).

   -------------------------
    Irrep   Nso     Nmo    
   -------------------------
     A        102     102 
   -------------------------
    Total     102     102
   -------------------------

  ==> Iterations <==

                           Total Energy        Delta E     RMS |[F,P]|

   @DF-RKS iter SAD:  -300.32065013066006   -3.00321e+02   0.00000e+00 
   @DF-RKS iter   1:  -296.72759643764374    3.59305e+00   3.42456e-02 DIIS/ADIIS
   @DF-RKS iter   2:  -274.76206377912172    2.19655e+01   6.34517e-02 DIIS/ADIIS
   @DF-RKS iter   3:  -304.74506705479109   -2.99830e+01   1.69910e-02 DIIS/ADIIS
   @DF-RKS iter   4:  -304.15384460288459    5.91222e-01   1.93314e-02 DIIS/ADIIS
   @DF-RKS iter   5:  -306.09743028112177   -1.94359e+00   3.78677e-03 DIIS/ADIIS
   @DF-RKS iter   6:  -306.15963981139782   -6.22095e-02   2.10611e-03 DIIS/ADIIS
   @DF-RKS iter   7:  -306.18134874666475   -2.17089e-02   3.53694e-04 DIIS/ADIIS
   @DF-RKS iter   8:  -306.18183342108779   -4.84674e-04   2.73522e-04 DIIS/ADIIS
   @DF-RKS iter   9:  -306.18222288733324   -3.89466e-04   6.46409e-05 DIIS
   @DF-RKS iter  10:  -306.18225023104731   -2.73437e-05   2.60179e-05 DIIS
   @DF-RKS iter  11:  -306.18225326900830   -3.03796e-06   1.58221e-05 DIIS
   @DF-RKS iter  12:  -306.18225472933483   -1.46033e-06   6.78757e-06 DIIS
   @DF-RKS iter  13:  -306.18225509086045   -3.61526e-07   9.62532e-07 DIIS
   @DF-RKS iter  14:  -306.18225511520427   -2.43438e-08   5.24178e-07 DIIS
   @DF-RKS iter  15:  -306.18225512217049   -6.96622e-09   2.92924e-07 DIIS
   @DF-RKS iter  16:  -306.18225512902222   -6.85174e-09   7.22890e-08 DIIS
  Energy and wave function converged.


  ==> Post-Iterations <==

   Electrons on quadrature grid:
      Ntotal   =   45.9999665774 ; deviation = -3.342e-05 

    Orbital Energies [Eh]
    ---------------------

    Doubly Occupied:                                                      

       1A    -19.420349     2A    -19.252828     3A    -10.415928  
       4A    -10.334156     5A    -10.332685     6A    -10.319372  
       7A     -1.289921     8A     -0.994160     9A     -0.904477  
      10A     -0.850852    11A     -0.750291    12A     -0.654770  
      13A     -0.616985    14A     -0.598173    15A     -0.579868  
      16A     -0.535002    17A     -0.520186    18A     -0.500466  
      19A     -0.494221    20A     -0.454234    21A     -0.393123  
      22A     -0.308213    23A     -0.293205  

    Virtual:                                                              

      24A     -0.025827    25A      0.106943    26A      0.173445  
      27A      0.179027    28A      0.212463    29A      0.239754  
      30A      0.240088    31A      0.259364    32A      0.268786  
      33A      0.302934    34A      0.343430    35A      0.414147  
      36A      0.436557    37A      0.561462    38A      0.579394  
      39A      0.601693    40A      0.642827    41A      0.652046  
      42A      0.682140    43A      0.698542    44A      0.706427  
      45A      0.744713    46A      0.790413    47A      0.835586  
      48A      0.898873    49A      0.912523    50A      0.928916  
      51A      0.949645    52A      0.952821    53A      0.985432  
      54A      1.017726    55A      1.034734    56A      1.043126  
      57A      1.082835    58A      1.111250    59A      1.142732  
      60A      1.164166    61A      1.201818    62A      1.223880  
      63A      1.351903    64A      1.381327    65A      1.420912  
      66A      1.454937    67A      1.504802    68A      1.610338  
      69A      1.640516    70A      1.701457    71A      1.752691  
      72A      1.768103    73A      1.848841    74A      1.876444  
      75A      1.922841    76A      1.935196    77A      1.966678  
      78A      2.009520    79A      2.063697    80A      2.142724  
      81A      2.201420    82A      2.224464    83A      2.303119  
      84A      2.367507    85A      2.380699    86A      2.435614  
      87A      2.460733    88A      2.524169    89A      2.570454  
      90A      2.596334    91A      2.709278    92A      2.764741  
      93A      2.920135    94A      2.928451    95A      3.129793  
      96A      3.235862    97A      3.605624    98A      4.108124  
      99A      4.154031   100A      4.262085   101A      4.348014  
     102A      4.602813  

    Final Occupation by Irrep:
              A 
    DOCC [    23 ]
    NA   [    23 ]
    NB   [    23 ]

  @DF-RKS Final Energy:  -306.18225512902222

   => Energetics <=

    Nuclear Repulsion Energy =            223.2274913718719631
    One-Electron Energy =                -857.9698419024931582
    Two-Electron Energy =                 356.8549954349256268
    DFT Exchange-Correlation Energy =     -28.2906454063617332
    Empirical Dispersion Energy =          -0.0042546269648825
    VV10 Nonlocal Energy =                  0.0000000000000000
    Total Energy =                       -306.1822551290222236

Computation Completed


Properties will be evaluated at   0.000000,   0.000000,   0.000000 [a0]

Properties computed using the SCF density matrix


 Multipole Moments:

 ------------------------------------------------------------------------------------
     Multipole            Electronic (a.u.)      Nuclear  (a.u.)        Total (a.u.)
 ------------------------------------------------------------------------------------

 L = 1.  Multiply by 2.5417464519 to convert [e a0] to [Debye]
 Dipole X            :         -1.5318188           -0.3557672           -1.8875860
 Dipole Y            :          0.7612534           -0.0393486            0.7219049
 Dipole Z            :          0.2317497           -0.2295820            0.0021677
 Magnitude           :                                                    2.0209236

 ------------------------------------------------------------------------------------

*** tstop() called on cst14372 at Tue Apr 21 10:08:50 2026
Module time:
	user time   =      26.90 seconds =       0.45 minutes
	system time =       0.39 seconds =       0.01 minutes
	total time  =         13 seconds =       0.22 minutes
Total time:
	user time   =     941.57 seconds =      15.69 minutes
	system time =      15.09 seconds =       0.25 minutes
	total time  =        454 seconds =       7.57 minutes

Scratch directory: /tmp/
gradient() will perform analytic gradient computation.

*** tstart() called on cst14372
*** at Tue Apr 21 10:08:50 2026


         ------------------------------------------------------------
                                   SCF GRAD                          
                          Rob Parrish, Justin Turney,                
                       Andy Simmonett, and Alex Sokolov              
         ------------------------------------------------------------

  ==> Geometry <==

    Molecular point group: c1
    Full point group: C1

    Geometry (in Angstrom), charge = 0, multiplicity = 1:

       Center              X                  Y                   Z               Mass       
    ------------   -----------------  -----------------  -----------------  -----------------
         C            0.066530083800     0.345562765200     0.070510652300    12.000000000000
         O            1.378653823400     0.326496208800     0.015912623800    15.994914619570
         O            2.040089938600    -0.812033120500    -0.001707610800    15.994914619570
         C           -0.717417641900    -0.906257547400     0.009982703000    12.000000000000
         C           -2.070758315500    -0.952397131000    -0.104047716500    12.000000000000
         C           -0.593345807000     1.715250638200     0.025987015100    12.000000000000
         H           -0.313715165100    -1.841562888900     0.291329075500     1.007825032230
         H           -2.622799766200    -0.069755165400    -0.298786199800     1.007825032230
         H           -2.696173878300    -1.852232847900    -0.196076014000     1.007825032230
         H            0.286334159600     2.350884218100    -0.052007118600     1.007825032230
         H           -1.170188424800     2.138924810200     0.819669347400     1.007825032230
         H           -1.131720828700     1.924262446500    -0.813854681600     1.007825032230

  Nuclear repulsion =  223.227491371871963

  ==> Basis Set <==

  Basis Set: 6-31G*
    Blend: 6-31G*
    Number of shells: 48
    Number of basis functions: 102
    Number of Cartesian functions: 102
    Spherical Harmonics?: false
    Max angular momentum: 2

  ==> DFJKGrad: Density-Fitted SCF Gradients <==

    Gradient:                    1
    J tasked:                  Yes
    K tasked:                  Yes
    wK tasked:                 Yes
    Omega:               2.000E-01
    OpenMP threads:              4
    Integrals threads:           4
    Memory [MiB]:             4291
    Schwarz Cutoff:          1E-12
    Fitting Condition:       1E-10

   => Auxiliary Basis Set <=

  Basis Set: (6-31G* AUX)
    Blend: CC-PVDZ-JKFIT
    Number of shells: 198
    Number of basis functions: 636
    Number of Cartesian functions: 636
    Spherical Harmonics?: false
    Max angular momentum: 3

  ==> DFT Potential <==

   => LibXC <=

    Version 7.0.0
    S. Lehtola, C. Steigemann, M. J.T. Oliveira, and M. A.L. Marques.,  SoftwareX 7, 1–5 (2018) (10.1016/j.softx.2017.11.002)

   => Composite Functional: WB97X-D <= 

    wB97X-D Hyb-GGA Exchange-Correlation Functional

    J.-D. Chai and M. Head-Gordon.,  Phys. Chem. Chem. Phys. 10, 6615-6620 (2008) (10.1039/B810189B)

    Deriv               =              1
    GGA                 =           TRUE
    Meta                =          FALSE

    Exchange Hybrid     =           TRUE
    MP2 Hybrid          =          FALSE

   => Exchange-Correlation Functionals <=

    1.0000   wB97X-D range-separated functional

   => Exact (HF) Exchange <=

    0.7780            HF,LR [omega = 0.2000]
    0.2220               HF 

   => LibXC Density Thresholds  <==

    XC_HYB_GGA_XC_WB97X_D:  1.00E-14 

   => Molecular Quadrature <=

    Radial Scheme          =       TREUTLER
    Pruning Scheme         =           NONE
    Nuclear Scheme         =       TREUTLER

    Blocking Scheme        =         OCTREE
    BS radius alpha        =              1
    Pruning alpha          =              1
    Radial Points          =             75
    Spherical Points       =            302
    Total Points           =         254431
    Total Blocks           =           1921
    Max Points             =            256
    Max Functions          =            100
    Weights Tolerance      =       1.00E-15


  -Total Gradient:
     Atom            X                  Y                   Z
    ------   -----------------  -----------------  -----------------
       1        0.006277162714     0.019306921604     0.006976937620
       2        0.046850067710    -0.019145040444    -0.007667937294
       3       -0.001162301224     0.011062356094     0.001345642992
       4        0.028974499277    -0.009795832693    -0.017971754803
       5       -0.017783930336    -0.000868238477     0.013439024969
       6       -0.070943401098     0.005119786990    -0.024595714331
       7       -0.027007161128     0.013959374030     0.003660545364
       8        0.011665468170    -0.020807116564     0.002643443845
       9       -0.014794994702    -0.001275228551    -0.008560743479
      10       -0.001942162376    -0.011411558883    -0.000289260722
      11        0.007578779016     0.012494901918    -0.024984744400
      12        0.032288096948     0.001033443980     0.055627230881


*** tstop() called on cst14372 at Tue Apr 21 10:08:52 2026
Module time:
	user time   =       3.91 seconds =       0.07 minutes
	system time =       0.07 seconds =       0.00 minutes
	total time  =          2 seconds =       0.03 minutes
Total time:
	user time   =     945.49 seconds =      15.76 minutes
	system time =      15.16 seconds =       0.25 minutes
	total time  =        456 seconds =       7.60 minutes

Scratch directory: /tmp/
   => Libint2 <=

    Primary   basis highest AM E, G, H:  6, 6, 3
    Auxiliary basis highest AM E, G, H:  7, 7, 4
    Onebody   basis highest AM E, G, H:  -, -, -
    Solid Harmonics ordering:            Gaussian

*** tstart() called on cst14372
*** at Tue Apr 21 10:08:52 2026

   => Loading Basis Set <=

    Name: 6-31G*
    Role: ORBITAL
    Keyword: BASIS
    atoms 1, 4-6 entry C          line   111 file /Users/jmsmith1/anaconda3/envs/jupyterenv/share/psi4/basis/6-31gs.gbs 
    atoms 2-3    entry O          line   145 file /Users/jmsmith1/anaconda3/envs/jupyterenv/share/psi4/basis/6-31gs.gbs 
    atoms 7-12   entry H          line    44 file /Users/jmsmith1/anaconda3/envs/jupyterenv/share/psi4/basis/6-31gs.gbs 

   => WB97X-D: Empirical Dispersion <=

    Chai and Head-Gordon Dispersion Correction
    Chai, J.-D.; Head-Gordon, M. (2010), J. Chem. Phys., 132: 6615-6620

        s6 =       1.000000


         ---------------------------------------------------------
                                   SCF
               by Justin Turney, Rob Parrish, Andy Simmonett
                          and Daniel G. A. Smith
                              RKS Reference
                        4 Threads,   5722 MiB Core
         ---------------------------------------------------------

  ==> Geometry <==

    Molecular point group: c1
    Full point group: C1

    Geometry (in Angstrom), charge = 0, multiplicity = 1:

       Center              X                  Y                   Z               Mass       
    ------------   -----------------  -----------------  -----------------  -----------------
         C            0.066440810600     0.344532868100     0.072775601400    12.000000000000
         O            1.378763457600     0.327910860800     0.016650044800    15.994914619570
         O            2.042343909500    -0.810028783100    -0.001804080400    15.994914619570
         C           -0.718481732600    -0.908115579900     0.011146681500    12.000000000000
         C           -2.071280290900    -0.953965576700    -0.108254716900    12.000000000000
         C           -0.595437209600     1.715931899400     0.026552688300    12.000000000000
         H           -0.312043530900    -1.839008883000     0.297489209900     1.007825032230
         H           -2.622041138000    -0.071865710100    -0.309005552800     1.007825032230
         H           -2.693261459400    -1.854965434500    -0.199273559300     1.007825032230
         H            0.284282612600     2.349948560100    -0.053982087100     1.007825032230
         H           -1.168452925500     2.137900235700     0.820175799700     1.007825032230
         H           -1.129262219300     1.919442716600    -0.812410542300     1.007825032230

  Running in c1 symmetry.

  Rotational constants: A =      0.18284  B =      0.09471  C =      0.06317 [cm^-1]
  Rotational constants: A =   5481.25861  B =   2839.37260  C =   1893.67968 [MHz]
  Nuclear repulsion =  223.168926677152484

  Charge       = 0
  Multiplicity = 1
  Electrons    = 46
  Nalpha       = 23
  Nbeta        = 23

  ==> Algorithm <==

  SCF Algorithm Type is DF.
  DIIS enabled.
  MOM disabled.
  Fractional occupation disabled.
  Guess Type is SAD.
  Energy threshold   = 1.00e-07
  Density threshold  = 1.00e-07
  Integral threshold = 1.00e-12

  ==> Primary Basis <==

  Basis Set: 6-31G*
    Blend: 6-31G*
    Number of shells: 48
    Number of basis functions: 102
    Number of Cartesian functions: 102
    Spherical Harmonics?: false
    Max angular momentum: 2

  ==> DFT Potential <==

   => LibXC <=

    Version 7.0.0
    S. Lehtola, C. Steigemann, M. J.T. Oliveira, and M. A.L. Marques.,  SoftwareX 7, 1–5 (2018) (10.1016/j.softx.2017.11.002)

   => Composite Functional: WB97X-D <= 

    wB97X-D Hyb-GGA Exchange-Correlation Functional

    J.-D. Chai and M. Head-Gordon.,  Phys. Chem. Chem. Phys. 10, 6615-6620 (2008) (10.1039/B810189B)

    Deriv               =              1
    GGA                 =           TRUE
    Meta                =          FALSE

    Exchange Hybrid     =           TRUE
    MP2 Hybrid          =          FALSE

   => Exchange-Correlation Functionals <=

    1.0000   wB97X-D range-separated functional

   => Exact (HF) Exchange <=

    0.7780            HF,LR [omega = 0.2000]
    0.2220               HF 

   => LibXC Density Thresholds  <==

    XC_HYB_GGA_XC_WB97X_D:  1.00E-14 

   => Molecular Quadrature <=

    Radial Scheme          =       TREUTLER
    Pruning Scheme         =           NONE
    Nuclear Scheme         =       TREUTLER

    Blocking Scheme        =         OCTREE
    BS radius alpha        =              1
    Pruning alpha          =              1
    Radial Points          =             75
    Spherical Points       =            302
    Total Points           =         254430
    Total Blocks           =           1925
    Max Points             =            256
    Max Functions          =            100
    Weights Tolerance      =       1.00E-15

   => Loading Basis Set <=

    Name: (6-31G* AUX)
    Role: JKFIT
    Keyword: DF_BASIS_SCF
    atoms 1, 4-6 entry C          line   121 file /Users/jmsmith1/anaconda3/envs/jupyterenv/share/psi4/basis/cc-pvdz-jkfit.gbs 
    atoms 2-3    entry O          line   221 file /Users/jmsmith1/anaconda3/envs/jupyterenv/share/psi4/basis/cc-pvdz-jkfit.gbs 
    atoms 7-12   entry H          line    51 file /Users/jmsmith1/anaconda3/envs/jupyterenv/share/psi4/basis/cc-pvdz-jkfit.gbs 

  ==> Integral Setup <==

  DFHelper Memory: AOs need 0.151 GiB; user supplied 3.602 GiB. 
  SCF_SUBTYPE=INCORE selected. In-core MEM_DF algorithm will be used.
  Using in-core AOs.

  ==> MemDFJK: Density-Fitted J/K Matrices <==

    J tasked:                   Yes
    K tasked:                   Yes
    wK tasked:                  Yes
    Omega:                2.000E-01
    OpenMP threads:               4
    Memory [MiB]:              3688
    Algorithm:                 Core
    Schwarz Cutoff:           1E-12
    Mask sparsity (%):       1.7493
    Fitting Condition:        1E-10

   => Auxiliary Basis Set <=

  Basis Set: (6-31G* AUX)
    Blend: CC-PVDZ-JKFIT
    Number of shells: 198
    Number of basis functions: 636
    Number of Cartesian functions: 636
    Spherical Harmonics?: false
    Max angular momentum: 3

  Cached 100.0% of DFT collocation blocks in 0.589 [GiB].

  Minimum eigenvalue in the overlap matrix is 3.3904555004E-03.
  Reciprocal condition number of the overlap matrix is 4.9394136205E-04.
    Using symmetric orthogonalization.

  ==> Pre-Iterations <==

  SCF Guess: Superposition of Atomic Densities via on-the-fly atomic UHF (no occupation information).

   -------------------------
    Irrep   Nso     Nmo    
   -------------------------
     A        102     102 
   -------------------------
    Total     102     102
   -------------------------

  ==> Iterations <==

                           Total Energy        Delta E     RMS |[F,P]|

   @DF-RKS iter SAD:  -300.31944081857034   -3.00319e+02   0.00000e+00 
   @DF-RKS iter   1:  -296.75081682022670    3.56862e+00   3.42038e-02 DIIS/ADIIS
   @DF-RKS iter   2:  -274.82716944544211    2.19236e+01   6.33611e-02 DIIS/ADIIS
   @DF-RKS iter   3:  -304.75009965487209   -2.99229e+01   1.69686e-02 DIIS/ADIIS
   @DF-RKS iter   4:  -304.17267894518915    5.77421e-01   1.92390e-02 DIIS/ADIIS
   @DF-RKS iter   5:  -306.09742377328996   -1.92474e+00   3.78072e-03 DIIS/ADIIS
   @DF-RKS iter   6:  -306.15951116257457   -6.20874e-02   2.09011e-03 DIIS/ADIIS
   @DF-RKS iter   7:  -306.18088652136458   -2.13754e-02   3.54212e-04 DIIS/ADIIS
   @DF-RKS iter   8:  -306.18136187885284   -4.75357e-04   2.75051e-04 DIIS/ADIIS
   @DF-RKS iter   9:  -306.18175534039182   -3.93462e-04   6.41972e-05 DIIS
   @DF-RKS iter  10:  -306.18178242778799   -2.70874e-05   2.57474e-05 DIIS
   @DF-RKS iter  11:  -306.18178544984789   -3.02206e-06   1.54057e-05 DIIS
   @DF-RKS iter  12:  -306.18178684361362   -1.39377e-06   6.67100e-06 DIIS
   @DF-RKS iter  13:  -306.18178719531642   -3.51703e-07   1.00057e-06 DIIS
   @DF-RKS iter  14:  -306.18178722018564   -2.48692e-08   5.28470e-07 DIIS
   @DF-RKS iter  15:  -306.18178722719085   -7.00521e-09   2.92104e-07 DIIS
   @DF-RKS iter  16:  -306.18178723410040   -6.90954e-09   7.13292e-08 DIIS
  Energy and wave function converged.


  ==> Post-Iterations <==

   Electrons on quadrature grid:
      Ntotal   =   45.9999665914 ; deviation = -3.341e-05 

    Orbital Energies [Eh]
    ---------------------

    Doubly Occupied:                                                      

       1A    -19.420351     2A    -19.252763     3A    -10.416069  
       4A    -10.334157     5A    -10.332745     6A    -10.318688  
       7A     -1.289531     8A     -0.993860     9A     -0.904480  
      10A     -0.851141    11A     -0.750360    12A     -0.654804  
      13A     -0.616854    14A     -0.597784    15A     -0.579842  
      16A     -0.535115    17A     -0.521300    18A     -0.500541  
      19A     -0.494596    20A     -0.454073    21A     -0.393139  
      22A     -0.308197    23A     -0.293254  

    Virtual:                                                              

      24A     -0.025780    25A      0.106772    26A      0.173714  
      27A      0.179547    28A      0.212585    29A      0.239604  
      30A      0.240339    31A      0.259594    32A      0.269319  
      33A      0.302430    34A      0.343089    35A      0.413643  
      36A      0.435866    37A      0.561656    38A      0.579414  
      39A      0.601183    40A      0.642333    41A      0.651965  
      42A      0.681317    43A      0.698402    44A      0.705928  
      45A      0.744244    46A      0.789884    47A      0.835677  
      48A      0.898969    49A      0.912561    50A      0.929474  
      51A      0.950474    52A      0.954195    53A      0.986564  
      54A      1.018076    55A      1.035518    56A      1.043977  
      57A      1.084298    58A      1.111448    59A      1.143587  
      60A      1.164211    61A      1.201918    62A      1.222925  
      63A      1.351765    64A      1.380762    65A      1.421099  
      66A      1.455463    67A      1.504796    68A      1.610019  
      69A      1.639536    70A      1.701868    71A      1.752205  
      72A      1.767519    73A      1.848124    74A      1.876300  
      75A      1.923159    76A      1.935001    77A      1.966802  
      78A      2.010437    79A      2.063145    80A      2.143059  
      81A      2.201552    82A      2.226045    83A      2.302196  
      84A      2.368186    85A      2.380514    86A      2.437163  
      87A      2.461142    88A      2.522829    89A      2.569262  
      90A      2.596212    91A      2.708842    92A      2.763670  
      93A      2.918995    94A      2.928478    95A      3.128443  
      96A      3.234664    97A      3.605093    98A      4.108385  
      99A      4.153011   100A      4.261893   101A      4.348317  
     102A      4.602139  

    Final Occupation by Irrep:
              A 
    DOCC [    23 ]
    NA   [    23 ]
    NB   [    23 ]

  @DF-RKS Final Energy:  -306.18178723410040

   => Energetics <=

    Nuclear Repulsion Energy =            223.1689266771524842
    One-Electron Energy =                -857.8503077219357920
    Two-Electron Energy =                 356.7960731049500964
    DFT Exchange-Correlation Energy =     -28.2922243049565552
    Empirical Dispersion Energy =          -0.0042549893106376
    VV10 Nonlocal Energy =                  0.0000000000000000
    Total Energy =                       -306.1817872341003977

Computation Completed


Properties will be evaluated at   0.000000,   0.000000,   0.000000 [a0]

Properties computed using the SCF density matrix


 Multipole Moments:

 ------------------------------------------------------------------------------------
     Multipole            Electronic (a.u.)      Nuclear  (a.u.)        Total (a.u.)
 ------------------------------------------------------------------------------------

 L = 1.  Multiply by 2.5417464519 to convert [e a0] to [Debye]
 Dipole X            :         -1.5406883           -0.3485983           -1.8892866
 Dipole Y            :          0.7667041           -0.0476026            0.7191015
 Dipole Z            :          0.2382599           -0.2360598            0.0022000
 Magnitude           :                                                    2.0215132

 ------------------------------------------------------------------------------------

*** tstop() called on cst14372 at Tue Apr 21 10:09:05 2026
Module time:
	user time   =      27.02 seconds =       0.45 minutes
	system time =       0.39 seconds =       0.01 minutes
	total time  =         13 seconds =       0.22 minutes
Total time:
	user time   =     972.53 seconds =      16.21 minutes
	system time =      15.56 seconds =       0.26 minutes
	total time  =        469 seconds =       7.82 minutes

Scratch directory: /tmp/
gradient() will perform analytic gradient computation.

*** tstart() called on cst14372
*** at Tue Apr 21 10:09:05 2026


         ------------------------------------------------------------
                                   SCF GRAD                          
                          Rob Parrish, Justin Turney,                
                       Andy Simmonett, and Alex Sokolov              
         ------------------------------------------------------------

  ==> Geometry <==

    Molecular point group: c1
    Full point group: C1

    Geometry (in Angstrom), charge = 0, multiplicity = 1:

       Center              X                  Y                   Z               Mass       
    ------------   -----------------  -----------------  -----------------  -----------------
         C            0.066440810600     0.344532868100     0.072775601400    12.000000000000
         O            1.378763457600     0.327910860800     0.016650044800    15.994914619570
         O            2.042343909500    -0.810028783100    -0.001804080400    15.994914619570
         C           -0.718481732600    -0.908115579900     0.011146681500    12.000000000000
         C           -2.071280290900    -0.953965576700    -0.108254716900    12.000000000000
         C           -0.595437209600     1.715931899400     0.026552688300    12.000000000000
         H           -0.312043530900    -1.839008883000     0.297489209900     1.007825032230
         H           -2.622041138000    -0.071865710100    -0.309005552800     1.007825032230
         H           -2.693261459400    -1.854965434500    -0.199273559300     1.007825032230
         H            0.284282612600     2.349948560100    -0.053982087100     1.007825032230
         H           -1.168452925500     2.137900235700     0.820175799700     1.007825032230
         H           -1.129262219300     1.919442716600    -0.812410542300     1.007825032230

  Nuclear repulsion =  223.168926677152484

  ==> Basis Set <==

  Basis Set: 6-31G*
    Blend: 6-31G*
    Number of shells: 48
    Number of basis functions: 102
    Number of Cartesian functions: 102
    Spherical Harmonics?: false
    Max angular momentum: 2

  ==> DFJKGrad: Density-Fitted SCF Gradients <==

    Gradient:                    1
    J tasked:                  Yes
    K tasked:                  Yes
    wK tasked:                 Yes
    Omega:               2.000E-01
    OpenMP threads:              4
    Integrals threads:           4
    Memory [MiB]:             4291
    Schwarz Cutoff:          1E-12
    Fitting Condition:       1E-10

   => Auxiliary Basis Set <=

  Basis Set: (6-31G* AUX)
    Blend: CC-PVDZ-JKFIT
    Number of shells: 198
    Number of basis functions: 636
    Number of Cartesian functions: 636
    Spherical Harmonics?: false
    Max angular momentum: 3

  ==> DFT Potential <==

   => LibXC <=

    Version 7.0.0
    S. Lehtola, C. Steigemann, M. J.T. Oliveira, and M. A.L. Marques.,  SoftwareX 7, 1–5 (2018) (10.1016/j.softx.2017.11.002)

   => Composite Functional: WB97X-D <= 

    wB97X-D Hyb-GGA Exchange-Correlation Functional

    J.-D. Chai and M. Head-Gordon.,  Phys. Chem. Chem. Phys. 10, 6615-6620 (2008) (10.1039/B810189B)

    Deriv               =              1
    GGA                 =           TRUE
    Meta                =          FALSE

    Exchange Hybrid     =           TRUE
    MP2 Hybrid          =          FALSE

   => Exchange-Correlation Functionals <=

    1.0000   wB97X-D range-separated functional

   => Exact (HF) Exchange <=

    0.7780            HF,LR [omega = 0.2000]
    0.2220               HF 

   => LibXC Density Thresholds  <==

    XC_HYB_GGA_XC_WB97X_D:  1.00E-14 

   => Molecular Quadrature <=

    Radial Scheme          =       TREUTLER
    Pruning Scheme         =           NONE
    Nuclear Scheme         =       TREUTLER

    Blocking Scheme        =         OCTREE
    BS radius alpha        =              1
    Pruning alpha          =              1
    Radial Points          =             75
    Spherical Points       =            302
    Total Points           =         254430
    Total Blocks           =           1925
    Max Points             =            256
    Max Functions          =            100
    Weights Tolerance      =       1.00E-15


  -Total Gradient:
     Atom            X                  Y                   Z
    ------   -----------------  -----------------  -----------------
       1        0.006670382656     0.018299495673     0.007377627628
       2        0.047200693295    -0.018404887341    -0.007851634418
       3       -0.000945461093     0.010746831794     0.001354778987
       4        0.028407641603    -0.011808959223    -0.017786037593
       5       -0.018636062602    -0.000832597359     0.013229353240
       6       -0.074555293176     0.008094525577    -0.026560730235
       7       -0.027010942751     0.015254563666     0.003287987446
       8        0.011702217654    -0.020658986086     0.002727158148
       9       -0.014118795919    -0.000970535429    -0.008500050838
      10       -0.002335500103    -0.011773209001    -0.000348667021
      11        0.008851403567     0.011525169418    -0.026166517743
      12        0.034799325041     0.000211500790     0.058860653882


*** tstop() called on cst14372 at Tue Apr 21 10:09:07 2026
Module time:
	user time   =       3.83 seconds =       0.06 minutes
	system time =       0.07 seconds =       0.00 minutes
	total time  =          2 seconds =       0.03 minutes
Total time:
	user time   =     976.38 seconds =      16.27 minutes
	system time =      15.63 seconds =       0.26 minutes
	total time  =        471 seconds =       7.85 minutes

Scratch directory: /tmp/
   => Libint2 <=

    Primary   basis highest AM E, G, H:  6, 6, 3
    Auxiliary basis highest AM E, G, H:  7, 7, 4
    Onebody   basis highest AM E, G, H:  -, -, -
    Solid Harmonics ordering:            Gaussian

*** tstart() called on cst14372
*** at Tue Apr 21 10:09:07 2026

   => Loading Basis Set <=

    Name: 6-31G*
    Role: ORBITAL
    Keyword: BASIS
    atoms 1, 4-6 entry C          line   111 file /Users/jmsmith1/anaconda3/envs/jupyterenv/share/psi4/basis/6-31gs.gbs 
    atoms 2-3    entry O          line   145 file /Users/jmsmith1/anaconda3/envs/jupyterenv/share/psi4/basis/6-31gs.gbs 
    atoms 7-12   entry H          line    44 file /Users/jmsmith1/anaconda3/envs/jupyterenv/share/psi4/basis/6-31gs.gbs 

   => WB97X-D: Empirical Dispersion <=

    Chai and Head-Gordon Dispersion Correction
    Chai, J.-D.; Head-Gordon, M. (2010), J. Chem. Phys., 132: 6615-6620

        s6 =       1.000000


         ---------------------------------------------------------
                                   SCF
               by Justin Turney, Rob Parrish, Andy Simmonett
                          and Daniel G. A. Smith
                              RKS Reference
                        4 Threads,   5722 MiB Core
         ---------------------------------------------------------

  ==> Geometry <==

    Molecular point group: c1
    Full point group: C1

    Geometry (in Angstrom), charge = 0, multiplicity = 1:

       Center              X                  Y                   Z               Mass       
    ------------   -----------------  -----------------  -----------------  -----------------
         C            0.066331852100     0.343445826800     0.075028231900    12.000000000000
         O            1.378770852600     0.329371208000     0.017407495300    15.994914619570
         O            2.044608952200    -0.808039807100    -0.001903882900    15.994914619570
         C           -0.719632393800    -0.909946825900     0.012366852700    12.000000000000
         C           -2.071750353700    -0.955537883100    -0.112516877400    12.000000000000
         C           -0.597320944100     1.716592430500     0.027197586900    12.000000000000
         H           -0.309432601000    -1.836971358100     0.303560457800     1.007825032230
         H           -2.621683519300    -0.073271401100    -0.319359940500     1.007825032230
         H           -2.689849910700    -1.857675440800    -0.202190411400     1.007825032230
         H            0.282303498200     2.349415654700    -0.055952916300     1.007825032230
         H           -1.167016098200     2.136473632400     0.821587731900     1.007825032230
         H           -1.127995296500     1.914596407100    -0.812992915300     1.007825032230

  Running in c1 symmetry.

  Rotational constants: A =      0.18273  B =      0.09459  C =      0.06311 [cm^-1]
  Rotational constants: A =   5478.09382  B =   2835.81730  C =   1892.03981 [MHz]
  Nuclear repulsion =  223.093413638523401

  Charge       = 0
  Multiplicity = 1
  Electrons    = 46
  Nalpha       = 23
  Nbeta        = 23

  ==> Algorithm <==

  SCF Algorithm Type is DF.
  DIIS enabled.
  MOM disabled.
  Fractional occupation disabled.
  Guess Type is SAD.
  Energy threshold   = 1.00e-07
  Density threshold  = 1.00e-07
  Integral threshold = 1.00e-12

  ==> Primary Basis <==

  Basis Set: 6-31G*
    Blend: 6-31G*
    Number of shells: 48
    Number of basis functions: 102
    Number of Cartesian functions: 102
    Spherical Harmonics?: false
    Max angular momentum: 2

  ==> DFT Potential <==

   => LibXC <=

    Version 7.0.0
    S. Lehtola, C. Steigemann, M. J.T. Oliveira, and M. A.L. Marques.,  SoftwareX 7, 1–5 (2018) (10.1016/j.softx.2017.11.002)

   => Composite Functional: WB97X-D <= 

    wB97X-D Hyb-GGA Exchange-Correlation Functional

    J.-D. Chai and M. Head-Gordon.,  Phys. Chem. Chem. Phys. 10, 6615-6620 (2008) (10.1039/B810189B)

    Deriv               =              1
    GGA                 =           TRUE
    Meta                =          FALSE

    Exchange Hybrid     =           TRUE
    MP2 Hybrid          =          FALSE

   => Exchange-Correlation Functionals <=

    1.0000   wB97X-D range-separated functional

   => Exact (HF) Exchange <=

    0.7780            HF,LR [omega = 0.2000]
    0.2220               HF 

   => LibXC Density Thresholds  <==

    XC_HYB_GGA_XC_WB97X_D:  1.00E-14 

   => Molecular Quadrature <=

    Radial Scheme          =       TREUTLER
    Pruning Scheme         =           NONE
    Nuclear Scheme         =       TREUTLER

    Blocking Scheme        =         OCTREE
    BS radius alpha        =              1
    Pruning alpha          =              1
    Radial Points          =             75
    Spherical Points       =            302
    Total Points           =         254439
    Total Blocks           =           1932
    Max Points             =            256
    Max Functions          =            100
    Weights Tolerance      =       1.00E-15

   => Loading Basis Set <=

    Name: (6-31G* AUX)
    Role: JKFIT
    Keyword: DF_BASIS_SCF
    atoms 1, 4-6 entry C          line   121 file /Users/jmsmith1/anaconda3/envs/jupyterenv/share/psi4/basis/cc-pvdz-jkfit.gbs 
    atoms 2-3    entry O          line   221 file /Users/jmsmith1/anaconda3/envs/jupyterenv/share/psi4/basis/cc-pvdz-jkfit.gbs 
    atoms 7-12   entry H          line    51 file /Users/jmsmith1/anaconda3/envs/jupyterenv/share/psi4/basis/cc-pvdz-jkfit.gbs 

  ==> Integral Setup <==

  DFHelper Memory: AOs need 0.151 GiB; user supplied 3.602 GiB. 
  SCF_SUBTYPE=INCORE selected. In-core MEM_DF algorithm will be used.
  Using in-core AOs.

  ==> MemDFJK: Density-Fitted J/K Matrices <==

    J tasked:                   Yes
    K tasked:                   Yes
    wK tasked:                  Yes
    Omega:                2.000E-01
    OpenMP threads:               4
    Memory [MiB]:              3688
    Algorithm:                 Core
    Schwarz Cutoff:           1E-12
    Mask sparsity (%):       1.7493
    Fitting Condition:        1E-10

   => Auxiliary Basis Set <=

  Basis Set: (6-31G* AUX)
    Blend: CC-PVDZ-JKFIT
    Number of shells: 198
    Number of basis functions: 636
    Number of Cartesian functions: 636
    Spherical Harmonics?: false
    Max angular momentum: 3

  Cached 100.0% of DFT collocation blocks in 0.589 [GiB].

  Minimum eigenvalue in the overlap matrix is 3.4138999466E-03.
  Reciprocal condition number of the overlap matrix is 4.9754360740E-04.
    Using symmetric orthogonalization.

  ==> Pre-Iterations <==

  SCF Guess: Superposition of Atomic Densities via on-the-fly atomic UHF (no occupation information).

   -------------------------
    Irrep   Nso     Nmo    
   -------------------------
     A        102     102 
   -------------------------
    Total     102     102
   -------------------------

  ==> Iterations <==

                           Total Energy        Delta E     RMS |[F,P]|

   @DF-RKS iter SAD:  -300.31451415045910   -3.00315e+02   0.00000e+00 
   @DF-RKS iter   1:  -296.77254962305039    3.54196e+00   3.41618e-02 DIIS/ADIIS
   @DF-RKS iter   2:  -274.88126862301283    2.18913e+01   6.32829e-02 DIIS/ADIIS
   @DF-RKS iter   3:  -304.75503136091953   -2.98738e+01   1.69481e-02 DIIS/ADIIS
   @DF-RKS iter   4:  -304.18831313487516    5.66718e-01   1.91622e-02 DIIS/ADIIS
   @DF-RKS iter   5:  -306.09786925108210   -1.90956e+00   3.77509e-03 DIIS/ADIIS
   @DF-RKS iter   6:  -306.15983508757415   -6.19658e-02   2.07599e-03 DIIS/ADIIS
   @DF-RKS iter   7:  -306.18091464284765   -2.10796e-02   3.55563e-04 DIIS/ADIIS
   @DF-RKS iter   8:  -306.18138190824334   -4.67265e-04   2.77152e-04 DIIS/ADIIS
   @DF-RKS iter   9:  -306.18178109340380   -3.99185e-04   6.37567e-05 DIIS
   @DF-RKS iter  10:  -306.18180794723327   -2.68538e-05   2.55478e-05 DIIS
   @DF-RKS iter  11:  -306.18181096340015   -3.01617e-06   1.50578e-05 DIIS
   @DF-RKS iter  12:  -306.18181230395976   -1.34056e-06   6.56673e-06 DIIS
   @DF-RKS iter  13:  -306.18181264728150   -3.43322e-07   1.03096e-06 DIIS
   @DF-RKS iter  14:  -306.18181267263844   -2.53569e-08   5.31606e-07 DIIS
   @DF-RKS iter  15:  -306.18181267972074   -7.08229e-09   2.91596e-07 DIIS
   @DF-RKS iter  16:  -306.18181268665319   -6.93245e-09   7.05731e-08 DIIS
  Energy and wave function converged.


  ==> Post-Iterations <==

   Electrons on quadrature grid:
      Ntotal   =   45.9999668055 ; deviation = -3.319e-05 

    Orbital Energies [Eh]
    ---------------------

    Doubly Occupied:                                                      

       1A    -19.420331     2A    -19.252680     3A    -10.416201  
       4A    -10.334227     5A    -10.332884     6A    -10.318344  
       7A     -1.289097     8A     -0.993548     9A     -0.904456  
      10A     -0.851168    11A     -0.750381    12A     -0.654648  
      13A     -0.616688    14A     -0.597249    15A     -0.579780  
      16A     -0.535240    17A     -0.522170    18A     -0.500568  
      19A     -0.494941    20A     -0.453841    21A     -0.393164  
      22A     -0.308173    23A     -0.293302  

    Virtual:                                                              

      24A     -0.025736    25A      0.106607    26A      0.173915  
      27A      0.179863    28A      0.212667    29A      0.239291  
      30A      0.240439    31A      0.259634    32A      0.269367  
      33A      0.301925    34A      0.342737    35A      0.413121  
      36A      0.435150    37A      0.561810    38A      0.579550  
      39A      0.600779    40A      0.641990    41A      0.651939  
      42A      0.680394    43A      0.698339    44A      0.705584  
      45A      0.743756    46A      0.789372    47A      0.835561  
      48A      0.899016    49A      0.912577    50A      0.929930  
      51A      0.950863    52A      0.955294    53A      0.987154  
      54A      1.018320    55A      1.035952    56A      1.044260  
      57A      1.084774    58A      1.111516    59A      1.144110  
      60A      1.164356    61A      1.201973    62A      1.221971  
      63A      1.351700    64A      1.380212    65A      1.421269  
      66A      1.455903    67A      1.504769    68A      1.609635  
      69A      1.638553    70A      1.702121    71A      1.751704  
      72A      1.767138    73A      1.847369    74A      1.876411  
      75A      1.923514    76A      1.934723    77A      1.967000  
      78A      2.011267    79A      2.062594    80A      2.143067  
      81A      2.201601    82A      2.227122    83A      2.301041  
      84A      2.368441    85A      2.379818    86A      2.438019  
      87A      2.461247    88A      2.521211    89A      2.567859  
      90A      2.595415    91A      2.708194    92A      2.762488  
      93A      2.917846    94A      2.928506    95A      3.127141  
      96A      3.233551    97A      3.604566    98A      4.108582  
      99A      4.151930   100A      4.261512   101A      4.348326  
     102A      4.601419  

    Final Occupation by Irrep:
              A 
    DOCC [    23 ]
    NA   [    23 ]
    NB   [    23 ]

  @DF-RKS Final Energy:  -306.18181268665319

   => Energetics <=

    Nuclear Repulsion Energy =            223.0934136385234012
    One-Electron Energy =                -857.7002546814937887
    Two-Electron Energy =                 356.7217395926474524
    DFT Exchange-Correlation Energy =     -28.2924547698816511
    Empirical Dispersion Energy =          -0.0042564664486313
    VV10 Nonlocal Energy =                  0.0000000000000000
    Total Energy =                       -306.1818126866531884

Computation Completed


Properties will be evaluated at   0.000000,   0.000000,   0.000000 [a0]

Properties computed using the SCF density matrix


 Multipole Moments:

 ------------------------------------------------------------------------------------
     Multipole            Electronic (a.u.)      Nuclear  (a.u.)        Total (a.u.)
 ------------------------------------------------------------------------------------

 L = 1.  Multiply by 2.5417464519 to convert [e a0] to [Debye]
 Dipole X            :         -1.5492281           -0.3417882           -1.8910163
 Dipole Y            :          0.7715940           -0.0556713            0.7159227
 Dipole Z            :          0.2459456           -0.2435183            0.0024274
 Magnitude           :                                                    2.0220024

 ------------------------------------------------------------------------------------

*** tstop() called on cst14372 at Tue Apr 21 10:09:20 2026
Module time:
	user time   =      26.95 seconds =       0.45 minutes
	system time =       0.38 seconds =       0.01 minutes
	total time  =         13 seconds =       0.22 minutes
Total time:
	user time   =    1003.35 seconds =      16.72 minutes
	system time =      16.02 seconds =       0.27 minutes
	total time  =        484 seconds =       8.07 minutes

Scratch directory: /tmp/
gradient() will perform analytic gradient computation.

*** tstart() called on cst14372
*** at Tue Apr 21 10:09:20 2026


         ------------------------------------------------------------
                                   SCF GRAD                          
                          Rob Parrish, Justin Turney,                
                       Andy Simmonett, and Alex Sokolov              
         ------------------------------------------------------------

  ==> Geometry <==

    Molecular point group: c1
    Full point group: C1

    Geometry (in Angstrom), charge = 0, multiplicity = 1:

       Center              X                  Y                   Z               Mass       
    ------------   -----------------  -----------------  -----------------  -----------------
         C            0.066331852100     0.343445826800     0.075028231900    12.000000000000
         O            1.378770852600     0.329371208000     0.017407495300    15.994914619570
         O            2.044608952200    -0.808039807100    -0.001903882900    15.994914619570
         C           -0.719632393800    -0.909946825900     0.012366852700    12.000000000000
         C           -2.071750353700    -0.955537883100    -0.112516877400    12.000000000000
         C           -0.597320944100     1.716592430500     0.027197586900    12.000000000000
         H           -0.309432601000    -1.836971358100     0.303560457800     1.007825032230
         H           -2.621683519300    -0.073271401100    -0.319359940500     1.007825032230
         H           -2.689849910700    -1.857675440800    -0.202190411400     1.007825032230
         H            0.282303498200     2.349415654700    -0.055952916300     1.007825032230
         H           -1.167016098200     2.136473632400     0.821587731900     1.007825032230
         H           -1.127995296500     1.914596407100    -0.812992915300     1.007825032230

  Nuclear repulsion =  223.093413638523401

  ==> Basis Set <==

  Basis Set: 6-31G*
    Blend: 6-31G*
    Number of shells: 48
    Number of basis functions: 102
    Number of Cartesian functions: 102
    Spherical Harmonics?: false
    Max angular momentum: 2

  ==> DFJKGrad: Density-Fitted SCF Gradients <==

    Gradient:                    1
    J tasked:                  Yes
    K tasked:                  Yes
    wK tasked:                 Yes
    Omega:               2.000E-01
    OpenMP threads:              4
    Integrals threads:           4
    Memory [MiB]:             4291
    Schwarz Cutoff:          1E-12
    Fitting Condition:       1E-10

   => Auxiliary Basis Set <=

  Basis Set: (6-31G* AUX)
    Blend: CC-PVDZ-JKFIT
    Number of shells: 198
    Number of basis functions: 636
    Number of Cartesian functions: 636
    Spherical Harmonics?: false
    Max angular momentum: 3

  ==> DFT Potential <==

   => LibXC <=

    Version 7.0.0
    S. Lehtola, C. Steigemann, M. J.T. Oliveira, and M. A.L. Marques.,  SoftwareX 7, 1–5 (2018) (10.1016/j.softx.2017.11.002)

   => Composite Functional: WB97X-D <= 

    wB97X-D Hyb-GGA Exchange-Correlation Functional

    J.-D. Chai and M. Head-Gordon.,  Phys. Chem. Chem. Phys. 10, 6615-6620 (2008) (10.1039/B810189B)

    Deriv               =              1
    GGA                 =           TRUE
    Meta                =          FALSE

    Exchange Hybrid     =           TRUE
    MP2 Hybrid          =          FALSE

   => Exchange-Correlation Functionals <=

    1.0000   wB97X-D range-separated functional

   => Exact (HF) Exchange <=

    0.7780            HF,LR [omega = 0.2000]
    0.2220               HF 

   => LibXC Density Thresholds  <==

    XC_HYB_GGA_XC_WB97X_D:  1.00E-14 

   => Molecular Quadrature <=

    Radial Scheme          =       TREUTLER
    Pruning Scheme         =           NONE
    Nuclear Scheme         =       TREUTLER

    Blocking Scheme        =         OCTREE
    BS radius alpha        =              1
    Pruning alpha          =              1
    Radial Points          =             75
    Spherical Points       =            302
    Total Points           =         254439
    Total Blocks           =           1932
    Max Points             =            256
    Max Functions          =            100
    Weights Tolerance      =       1.00E-15


  -Total Gradient:
     Atom            X                  Y                   Z
    ------   -----------------  -----------------  -----------------
       1        0.007036559216     0.017210189748     0.007786324153
       2        0.047443150606    -0.017553730581    -0.008026776821
       3       -0.000701634650     0.010367078708     0.001362126662
       4        0.027430870263    -0.013247598870    -0.017733977479
       5       -0.019201750397    -0.001427958251     0.013079084505
       6       -0.076608100570     0.010372736418    -0.026925955538
       7       -0.026651908588     0.015924626926     0.003087845872
       8        0.011375230247    -0.019906451036     0.002674756460
       9       -0.013299439730    -0.000545251400    -0.008395937817
      10       -0.002633735558    -0.012047450909    -0.000407274150
      11        0.009859190989     0.010713627992    -0.026844738809
      12        0.036010559631    -0.000165358527     0.059972594995


*** tstop() called on cst14372 at Tue Apr 21 10:09:22 2026
Module time:
	user time   =       3.86 seconds =       0.06 minutes
	system time =       0.07 seconds =       0.00 minutes
	total time  =          2 seconds =       0.03 minutes
Total time:
	user time   =    1007.23 seconds =      16.79 minutes
	system time =      16.09 seconds =       0.27 minutes
	total time  =        486 seconds =       8.10 minutes

Scratch directory: /tmp/
   => Libint2 <=

    Primary   basis highest AM E, G, H:  6, 6, 3
    Auxiliary basis highest AM E, G, H:  7, 7, 4
    Onebody   basis highest AM E, G, H:  -, -, -
    Solid Harmonics ordering:            Gaussian

*** tstart() called on cst14372
*** at Tue Apr 21 10:09:22 2026

   => Loading Basis Set <=

    Name: 6-31G*
    Role: ORBITAL
    Keyword: BASIS
    atoms 1, 4-6 entry C          line   111 file /Users/jmsmith1/anaconda3/envs/jupyterenv/share/psi4/basis/6-31gs.gbs 
    atoms 2-3    entry O          line   145 file /Users/jmsmith1/anaconda3/envs/jupyterenv/share/psi4/basis/6-31gs.gbs 
    atoms 7-12   entry H          line    44 file /Users/jmsmith1/anaconda3/envs/jupyterenv/share/psi4/basis/6-31gs.gbs 

   => WB97X-D: Empirical Dispersion <=

    Chai and Head-Gordon Dispersion Correction
    Chai, J.-D.; Head-Gordon, M. (2010), J. Chem. Phys., 132: 6615-6620

        s6 =       1.000000


         ---------------------------------------------------------
                                   SCF
               by Justin Turney, Rob Parrish, Andy Simmonett
                          and Daniel G. A. Smith
                              RKS Reference
                        4 Threads,   5722 MiB Core
         ---------------------------------------------------------

  ==> Geometry <==

    Molecular point group: c1
    Full point group: C1

    Geometry (in Angstrom), charge = 0, multiplicity = 1:

       Center              X                  Y                   Z               Mass       
    ------------   -----------------  -----------------  -----------------  -----------------
         C            0.066202075500     0.342304634400     0.077267178700    12.000000000000
         O            1.378675074500     0.330875494500     0.018185391300    15.994914619570
         O            2.046884447600    -0.806065544000    -0.002007041800    15.994914619570
         C           -0.720867071700    -0.911746903300     0.013643217400    12.000000000000
         C           -2.072166631300    -0.957112248300    -0.116833732000    12.000000000000
         C           -0.598990127500     1.717225509300     0.027923045900    12.000000000000
         H           -0.305891195100    -1.835475618700     0.309549020900     1.007825032230
         H           -2.621717233600    -0.073995339800    -0.329847483100     1.007825032230
         H           -2.685965739400    -1.860377301600    -0.204828879700     1.007825032230
         H            0.280407516900     2.349296600700    -0.057917450800     1.007825032230
         H           -1.165914007800     2.134671507200     0.823932072600     1.007825032230
         H           -1.127966685100     1.909736707700    -0.815648203100     1.007825032230

  Running in c1 symmetry.

  Rotational constants: A =      0.18261  B =      0.09447  C =      0.06306 [cm^-1]
  Rotational constants: A =   5474.52912  B =   2832.25715  C =   1890.42885 [MHz]
  Nuclear repulsion =  223.000276474716799

  Charge       = 0
  Multiplicity = 1
  Electrons    = 46
  Nalpha       = 23
  Nbeta        = 23

  ==> Algorithm <==

  SCF Algorithm Type is DF.
  DIIS enabled.
  MOM disabled.
  Fractional occupation disabled.
  Guess Type is SAD.
  Energy threshold   = 1.00e-07
  Density threshold  = 1.00e-07
  Integral threshold = 1.00e-12

  ==> Primary Basis <==

  Basis Set: 6-31G*
    Blend: 6-31G*
    Number of shells: 48
    Number of basis functions: 102
    Number of Cartesian functions: 102
    Spherical Harmonics?: false
    Max angular momentum: 2

  ==> DFT Potential <==

   => LibXC <=

    Version 7.0.0
    S. Lehtola, C. Steigemann, M. J.T. Oliveira, and M. A.L. Marques.,  SoftwareX 7, 1–5 (2018) (10.1016/j.softx.2017.11.002)

   => Composite Functional: WB97X-D <= 

    wB97X-D Hyb-GGA Exchange-Correlation Functional

    J.-D. Chai and M. Head-Gordon.,  Phys. Chem. Chem. Phys. 10, 6615-6620 (2008) (10.1039/B810189B)

    Deriv               =              1
    GGA                 =           TRUE
    Meta                =          FALSE

    Exchange Hybrid     =           TRUE
    MP2 Hybrid          =          FALSE

   => Exchange-Correlation Functionals <=

    1.0000   wB97X-D range-separated functional

   => Exact (HF) Exchange <=

    0.7780            HF,LR [omega = 0.2000]
    0.2220               HF 

   => LibXC Density Thresholds  <==

    XC_HYB_GGA_XC_WB97X_D:  1.00E-14 

   => Molecular Quadrature <=

    Radial Scheme          =       TREUTLER
    Pruning Scheme         =           NONE
    Nuclear Scheme         =       TREUTLER

    Blocking Scheme        =         OCTREE
    BS radius alpha        =              1
    Pruning alpha          =              1
    Radial Points          =             75
    Spherical Points       =            302
    Total Points           =         254441
    Total Blocks           =           1930
    Max Points             =            256
    Max Functions          =            100
    Weights Tolerance      =       1.00E-15

   => Loading Basis Set <=

    Name: (6-31G* AUX)
    Role: JKFIT
    Keyword: DF_BASIS_SCF
    atoms 1, 4-6 entry C          line   121 file /Users/jmsmith1/anaconda3/envs/jupyterenv/share/psi4/basis/cc-pvdz-jkfit.gbs 
    atoms 2-3    entry O          line   221 file /Users/jmsmith1/anaconda3/envs/jupyterenv/share/psi4/basis/cc-pvdz-jkfit.gbs 
    atoms 7-12   entry H          line    51 file /Users/jmsmith1/anaconda3/envs/jupyterenv/share/psi4/basis/cc-pvdz-jkfit.gbs 

  ==> Integral Setup <==

  DFHelper Memory: AOs need 0.151 GiB; user supplied 3.602 GiB. 
  SCF_SUBTYPE=INCORE selected. In-core MEM_DF algorithm will be used.
  Using in-core AOs.

  ==> MemDFJK: Density-Fitted J/K Matrices <==

    J tasked:                   Yes
    K tasked:                   Yes
    wK tasked:                  Yes
    Omega:                2.000E-01
    OpenMP threads:               4
    Memory [MiB]:              3688
    Algorithm:                 Core
    Schwarz Cutoff:           1E-12
    Mask sparsity (%):       1.7686
    Fitting Condition:        1E-10

   => Auxiliary Basis Set <=

  Basis Set: (6-31G* AUX)
    Blend: CC-PVDZ-JKFIT
    Number of shells: 198
    Number of basis functions: 636
    Number of Cartesian functions: 636
    Spherical Harmonics?: false
    Max angular momentum: 3

  Cached 100.0% of DFT collocation blocks in 0.589 [GiB].

  Minimum eigenvalue in the overlap matrix is 3.4364409123E-03.
  Reciprocal condition number of the overlap matrix is 5.0109861447E-04.
    Using symmetric orthogonalization.

  ==> Pre-Iterations <==

  SCF Guess: Superposition of Atomic Densities via on-the-fly atomic UHF (no occupation information).

   -------------------------
    Irrep   Nso     Nmo    
   -------------------------
     A        102     102 
   -------------------------
    Total     102     102
   -------------------------

  ==> Iterations <==

                           Total Energy        Delta E     RMS |[F,P]|

   @DF-RKS iter SAD:  -300.30578129656027   -3.00306e+02   0.00000e+00 
   @DF-RKS iter   1:  -296.79258445886393    3.51320e+00   3.41200e-02 DIIS/ADIIS
   @DF-RKS iter   2:  -274.92381190831929    2.18688e+01   6.32176e-02 DIIS/ADIIS
   @DF-RKS iter   3:  -304.75984887989529   -2.98360e+01   1.69298e-02 DIIS/ADIIS
   @DF-RKS iter   4:  -304.20100864764709    5.58840e-01   1.91002e-02 DIIS/ADIIS
   @DF-RKS iter   5:  -306.09879339368467   -1.89778e+00   3.77003e-03 DIIS/ADIIS
   @DF-RKS iter   6:  -306.16064306328570   -6.18497e-02   2.06378e-03 DIIS/ADIIS
   @DF-RKS iter   7:  -306.18146403828882   -2.08210e-02   3.57753e-04 DIIS/ADIIS
   @DF-RKS iter   8:  -306.18192452202595   -4.60484e-04   2.79788e-04 DIIS/ADIIS
   @DF-RKS iter   9:  -306.18233111964088   -4.06598e-04   6.33023e-05 DIIS
   @DF-RKS iter  10:  -306.18235775315065   -2.66335e-05   2.54130e-05 DIIS
   @DF-RKS iter  11:  -306.18236077133218   -3.01818e-06   1.47773e-05 DIIS
   @DF-RKS iter  12:  -306.18236207097226   -1.29964e-06   6.47694e-06 DIIS
   @DF-RKS iter  13:  -306.18236240752140   -3.36549e-07   1.05393e-06 DIIS
   @DF-RKS iter  14:  -306.18236243334775   -2.58264e-08   5.34192e-07 DIIS
   @DF-RKS iter  15:  -306.18236244051366   -7.16591e-09   2.91532e-07 DIIS
   @DF-RKS iter  16:  -306.18236244748465   -6.97099e-09   7.00136e-08 DIIS
  Energy and wave function converged.


  ==> Post-Iterations <==

   Electrons on quadrature grid:
      Ntotal   =   45.9999672969 ; deviation = -3.270e-05 

    Orbital Energies [Eh]
    ---------------------

    Doubly Occupied:                                                      

       1A    -19.420291     2A    -19.252580     3A    -10.416324  
       4A    -10.334366     5A    -10.333104     6A    -10.318358  
       7A     -1.288620     8A     -0.993225     9A     -0.904404  
      10A     -0.850921    11A     -0.750355    12A     -0.654306  
      13A     -0.616485    14A     -0.596573    15A     -0.579675  
      16A     -0.535374    17A     -0.522777    18A     -0.500547  
      19A     -0.495241    20A     -0.453541    21A     -0.393199  
      22A     -0.308140    23A     -0.293349  

    Virtual:                                                              

      24A     -0.025695    25A      0.106449    26A      0.174031  
      27A      0.179980    28A      0.212696    29A      0.238815  
      30A      0.240383    31A      0.259501    32A      0.268894  
      33A      0.301412    34A      0.342373    35A      0.412585  
      36A      0.434412    37A      0.561923    38A      0.579801  
      39A      0.600494    40A      0.641805    41A      0.651969  
      42A      0.679380    43A      0.698350    44A      0.705399  
      45A      0.743255    46A      0.788878    47A      0.835240  
      48A      0.899023    49A      0.912556    50A      0.930279  
      51A      0.951078    52A      0.955856    53A      0.987152  
      54A      1.018438    55A      1.036023    56A      1.044002  
      57A      1.084214    58A      1.111402    59A      1.144253  
      60A      1.164608    61A      1.201985    62A      1.221015  
      63A      1.351710    64A      1.379677    65A      1.421420  
      66A      1.456257    67A      1.504722    68A      1.609181  
      69A      1.637571    70A      1.702213    71A      1.751197  
      72A      1.766944    73A      1.846592    74A      1.876773  
      75A      1.923895    76A      1.934377    77A      1.967274  
      78A      2.011981    79A      2.062041    80A      2.142757  
      81A      2.201605    82A      2.227610    83A      2.299684  
      84A      2.368232    85A      2.378659    86A      2.438103  
      87A      2.460994    88A      2.519289    89A      2.566236  
      90A      2.593932    91A      2.707335    92A      2.761205  
      93A      2.916702    94A      2.928511    95A      3.125884  
      96A      3.232536    97A      3.604042    98A      4.108713  
      99A      4.150791   100A      4.260943   101A      4.348011  
     102A      4.600652  

    Final Occupation by Irrep:
              A 
    DOCC [    23 ]
    NA   [    23 ]
    NB   [    23 ]

  @DF-RKS Final Energy:  -306.18236244748465

   => Energetics <=

    Nuclear Repulsion Energy =            223.0002764747167987
    One-Electron Energy =                -857.5184862241276278
    Two-Electron Energy =                 356.6313831204274152
    DFT Exchange-Correlation Energy =     -28.2912767431227792
    Empirical Dispersion Energy =          -0.0042590753784662
    VV10 Nonlocal Energy =                  0.0000000000000000
    Total Energy =                       -306.1823624474846497

Computation Completed


Properties will be evaluated at   0.000000,   0.000000,   0.000000 [a0]

Properties computed using the SCF density matrix


 Multipole Moments:

 ------------------------------------------------------------------------------------
     Multipole            Electronic (a.u.)      Nuclear  (a.u.)        Total (a.u.)
 ------------------------------------------------------------------------------------

 L = 1.  Multiply by 2.5417464519 to convert [e a0] to [Debye]
 Dipole X            :         -1.5573556           -0.3354296           -1.8927851
 Dipole Y            :          0.7759609           -0.0635664            0.7123945
 Dipole Z            :          0.2548131           -0.2519683            0.0028448
 Magnitude           :                                                    2.0224118

 ------------------------------------------------------------------------------------

*** tstop() called on cst14372 at Tue Apr 21 10:09:35 2026
Module time:
	user time   =      26.97 seconds =       0.45 minutes
	system time =       0.38 seconds =       0.01 minutes
	total time  =         13 seconds =       0.22 minutes
Total time:
	user time   =    1034.22 seconds =      17.24 minutes
	system time =      16.48 seconds =       0.27 minutes
	total time  =        499 seconds =       8.32 minutes

Scratch directory: /tmp/
gradient() will perform analytic gradient computation.

*** tstart() called on cst14372
*** at Tue Apr 21 10:09:35 2026


         ------------------------------------------------------------
                                   SCF GRAD                          
                          Rob Parrish, Justin Turney,                
                       Andy Simmonett, and Alex Sokolov              
         ------------------------------------------------------------

  ==> Geometry <==

    Molecular point group: c1
    Full point group: C1

    Geometry (in Angstrom), charge = 0, multiplicity = 1:

       Center              X                  Y                   Z               Mass       
    ------------   -----------------  -----------------  -----------------  -----------------
         C            0.066202075500     0.342304634400     0.077267178700    12.000000000000
         O            1.378675074500     0.330875494500     0.018185391300    15.994914619570
         O            2.046884447600    -0.806065544000    -0.002007041800    15.994914619570
         C           -0.720867071700    -0.911746903300     0.013643217400    12.000000000000
         C           -2.072166631300    -0.957112248300    -0.116833732000    12.000000000000
         C           -0.598990127500     1.717225509300     0.027923045900    12.000000000000
         H           -0.305891195100    -1.835475618700     0.309549020900     1.007825032230
         H           -2.621717233600    -0.073995339800    -0.329847483100     1.007825032230
         H           -2.685965739400    -1.860377301600    -0.204828879700     1.007825032230
         H            0.280407516900     2.349296600700    -0.057917450800     1.007825032230
         H           -1.165914007800     2.134671507200     0.823932072600     1.007825032230
         H           -1.127966685100     1.909736707700    -0.815648203100     1.007825032230

  Nuclear repulsion =  223.000276474716799

  ==> Basis Set <==

  Basis Set: 6-31G*
    Blend: 6-31G*
    Number of shells: 48
    Number of basis functions: 102
    Number of Cartesian functions: 102
    Spherical Harmonics?: false
    Max angular momentum: 2

  ==> DFJKGrad: Density-Fitted SCF Gradients <==

    Gradient:                    1
    J tasked:                  Yes
    K tasked:                  Yes
    wK tasked:                 Yes
    Omega:               2.000E-01
    OpenMP threads:              4
    Integrals threads:           4
    Memory [MiB]:             4291
    Schwarz Cutoff:          1E-12
    Fitting Condition:       1E-10

   => Auxiliary Basis Set <=

  Basis Set: (6-31G* AUX)
    Blend: CC-PVDZ-JKFIT
    Number of shells: 198
    Number of basis functions: 636
    Number of Cartesian functions: 636
    Spherical Harmonics?: false
    Max angular momentum: 3

  ==> DFT Potential <==

   => LibXC <=

    Version 7.0.0
    S. Lehtola, C. Steigemann, M. J.T. Oliveira, and M. A.L. Marques.,  SoftwareX 7, 1–5 (2018) (10.1016/j.softx.2017.11.002)

   => Composite Functional: WB97X-D <= 

    wB97X-D Hyb-GGA Exchange-Correlation Functional

    J.-D. Chai and M. Head-Gordon.,  Phys. Chem. Chem. Phys. 10, 6615-6620 (2008) (10.1039/B810189B)

    Deriv               =              1
    GGA                 =           TRUE
    Meta                =          FALSE

    Exchange Hybrid     =           TRUE
    MP2 Hybrid          =          FALSE

   => Exchange-Correlation Functionals <=

    1.0000   wB97X-D range-separated functional

   => Exact (HF) Exchange <=

    0.7780            HF,LR [omega = 0.2000]
    0.2220               HF 

   => LibXC Density Thresholds  <==

    XC_HYB_GGA_XC_WB97X_D:  1.00E-14 

   => Molecular Quadrature <=

    Radial Scheme          =       TREUTLER
    Pruning Scheme         =           NONE
    Nuclear Scheme         =       TREUTLER

    Blocking Scheme        =         OCTREE
    BS radius alpha        =              1
    Pruning alpha          =              1
    Radial Points          =             75
    Spherical Points       =            302
    Total Points           =         254441
    Total Blocks           =           1930
    Max Points             =            256
    Max Functions          =            100
    Weights Tolerance      =       1.00E-15


  -Total Gradient:
     Atom            X                  Y                   Z
    ------   -----------------  -----------------  -----------------
       1        0.007374530645     0.016044131311     0.008203440915
       2        0.047577097771    -0.016596048982    -0.008192960190
       3       -0.000430612227     0.009925344666     0.001367449207
       4        0.026031688301    -0.014088639647    -0.017832832552
       5       -0.019486061108    -0.002618935510     0.012995449907
       6       -0.077008281446     0.011923623284    -0.025594581924
       7       -0.025916766540     0.015949650859     0.003078361655
       8        0.010702670968    -0.018577406459     0.002480661633
       9       -0.012348851443    -0.000010826027    -0.008249457177
      10       -0.002828419659    -0.012229258358    -0.000466183539
      11        0.010569583842     0.010086484729    -0.026976127632
      12        0.035851674837    -0.000099413848     0.058822266911


*** tstop() called on cst14372 at Tue Apr 21 10:09:37 2026
Module time:
	user time   =       3.87 seconds =       0.06 minutes
	system time =       0.07 seconds =       0.00 minutes
	total time  =          2 seconds =       0.03 minutes
Total time:
	user time   =    1038.11 seconds =      17.30 minutes
	system time =      16.56 seconds =       0.28 minutes
	total time  =        501 seconds =       8.35 minutes

Scratch directory: /tmp/
   => Libint2 <=

    Primary   basis highest AM E, G, H:  6, 6, 3
    Auxiliary basis highest AM E, G, H:  7, 7, 4
    Onebody   basis highest AM E, G, H:  -, -, -
    Solid Harmonics ordering:            Gaussian

*** tstart() called on cst14372
*** at Tue Apr 21 10:09:37 2026

   => Loading Basis Set <=

    Name: 6-31G*
    Role: ORBITAL
    Keyword: BASIS
    atoms 1, 4-6 entry C          line   111 file /Users/jmsmith1/anaconda3/envs/jupyterenv/share/psi4/basis/6-31gs.gbs 
    atoms 2-3    entry O          line   145 file /Users/jmsmith1/anaconda3/envs/jupyterenv/share/psi4/basis/6-31gs.gbs 
    atoms 7-12   entry H          line    44 file /Users/jmsmith1/anaconda3/envs/jupyterenv/share/psi4/basis/6-31gs.gbs 

   => WB97X-D: Empirical Dispersion <=

    Chai and Head-Gordon Dispersion Correction
    Chai, J.-D.; Head-Gordon, M. (2010), J. Chem. Phys., 132: 6615-6620

        s6 =       1.000000


         ---------------------------------------------------------
                                   SCF
               by Justin Turney, Rob Parrish, Andy Simmonett
                          and Daniel G. A. Smith
                              RKS Reference
                        4 Threads,   5722 MiB Core
         ---------------------------------------------------------

  ==> Geometry <==

    Molecular point group: c1
    Full point group: C1

    Geometry (in Angstrom), charge = 0, multiplicity = 1:

       Center              X                  Y                   Z               Mass       
    ------------   -----------------  -----------------  -----------------  -----------------
         C            0.066050446600     0.341112681000     0.079490749400    12.000000000000
         O            1.378475453900     0.332421516500     0.018984023000    15.994914619570
         O            2.049169407900    -0.804105469800    -0.002113561600    15.994914619570
         C           -0.722181797500    -0.913512908900     0.014976032100    12.000000000000
         C           -2.072528012800    -0.958684926300    -0.121204416900    12.000000000000
         C           -0.600442454100     1.717826415000     0.028725378000    12.000000000000
         H           -0.301441797700    -1.834524899600     0.315453755000     1.007825032230
         H           -2.622120560100    -0.074080648100    -0.340459971300     1.007825032230
         H           -2.681640694100    -1.863088915000    -0.207192442600     1.007825032230
         H            0.278602074500     2.349599288300    -0.059873254200     1.007825032230
         H           -1.165172678300     2.132514414400     0.827216490300     1.007825032230
         H           -1.129175665700     1.904862226700    -0.820344150600     1.007825032230

  Running in c1 symmetry.

  Rotational constants: A =      0.18248  B =      0.09436  C =      0.06301 [cm^-1]
  Rotational constants: A =   5470.57380  B =   2828.69369  C =   1888.84841 [MHz]
  Nuclear repulsion =  222.889664097384866

  Charge       = 0
  Multiplicity = 1
  Electrons    = 46
  Nalpha       = 23
  Nbeta        = 23

  ==> Algorithm <==

  SCF Algorithm Type is DF.
  DIIS enabled.
  MOM disabled.
  Fractional occupation disabled.
  Guess Type is SAD.
  Energy threshold   = 1.00e-07
  Density threshold  = 1.00e-07
  Integral threshold = 1.00e-12

  ==> Primary Basis <==

  Basis Set: 6-31G*
    Blend: 6-31G*
    Number of shells: 48
    Number of basis functions: 102
    Number of Cartesian functions: 102
    Spherical Harmonics?: false
    Max angular momentum: 2

  ==> DFT Potential <==

   => LibXC <=

    Version 7.0.0
    S. Lehtola, C. Steigemann, M. J.T. Oliveira, and M. A.L. Marques.,  SoftwareX 7, 1–5 (2018) (10.1016/j.softx.2017.11.002)

   => Composite Functional: WB97X-D <= 

    wB97X-D Hyb-GGA Exchange-Correlation Functional

    J.-D. Chai and M. Head-Gordon.,  Phys. Chem. Chem. Phys. 10, 6615-6620 (2008) (10.1039/B810189B)

    Deriv               =              1
    GGA                 =           TRUE
    Meta                =          FALSE

    Exchange Hybrid     =           TRUE
    MP2 Hybrid          =          FALSE

   => Exchange-Correlation Functionals <=

    1.0000   wB97X-D range-separated functional

   => Exact (HF) Exchange <=

    0.7780            HF,LR [omega = 0.2000]
    0.2220               HF 

   => LibXC Density Thresholds  <==

    XC_HYB_GGA_XC_WB97X_D:  1.00E-14 

   => Molecular Quadrature <=

    Radial Scheme          =       TREUTLER
    Pruning Scheme         =           NONE
    Nuclear Scheme         =       TREUTLER

    Blocking Scheme        =         OCTREE
    BS radius alpha        =              1
    Pruning alpha          =              1
    Radial Points          =             75
    Spherical Points       =            302
    Total Points           =         254439
    Total Blocks           =           1923
    Max Points             =            256
    Max Functions          =            100
    Weights Tolerance      =       1.00E-15

   => Loading Basis Set <=

    Name: (6-31G* AUX)
    Role: JKFIT
    Keyword: DF_BASIS_SCF
    atoms 1, 4-6 entry C          line   121 file /Users/jmsmith1/anaconda3/envs/jupyterenv/share/psi4/basis/cc-pvdz-jkfit.gbs 
    atoms 2-3    entry O          line   221 file /Users/jmsmith1/anaconda3/envs/jupyterenv/share/psi4/basis/cc-pvdz-jkfit.gbs 
    atoms 7-12   entry H          line    51 file /Users/jmsmith1/anaconda3/envs/jupyterenv/share/psi4/basis/cc-pvdz-jkfit.gbs 

  ==> Integral Setup <==

  DFHelper Memory: AOs need 0.151 GiB; user supplied 3.602 GiB. 
  SCF_SUBTYPE=INCORE selected. In-core MEM_DF algorithm will be used.
  Using in-core AOs.

  ==> MemDFJK: Density-Fitted J/K Matrices <==

    J tasked:                   Yes
    K tasked:                   Yes
    wK tasked:                  Yes
    Omega:                2.000E-01
    OpenMP threads:               4
    Memory [MiB]:              3688
    Algorithm:                 Core
    Schwarz Cutoff:           1E-12
    Mask sparsity (%):       1.7686
    Fitting Condition:        1E-10

   => Auxiliary Basis Set <=

  Basis Set: (6-31G* AUX)
    Blend: CC-PVDZ-JKFIT
    Number of shells: 198
    Number of basis functions: 636
    Number of Cartesian functions: 636
    Spherical Harmonics?: false
    Max angular momentum: 3

  Cached 100.0% of DFT collocation blocks in 0.589 [GiB].

  Minimum eigenvalue in the overlap matrix is 3.4569813537E-03.
  Reciprocal condition number of the overlap matrix is 5.0444795803E-04.
    Using symmetric orthogonalization.

  ==> Pre-Iterations <==

  SCF Guess: Superposition of Atomic Densities via on-the-fly atomic UHF (no occupation information).

   -------------------------
    Irrep   Nso     Nmo    
   -------------------------
     A        102     102 
   -------------------------
    Total     102     102
   -------------------------

  ==> Iterations <==

                           Total Energy        Delta E     RMS |[F,P]|

   @DF-RKS iter SAD:  -300.29325785286920   -3.00293e+02   0.00000e+00 
   @DF-RKS iter   1:  -296.81076328663465    3.48249e+00   3.40788e-02 DIIS/ADIIS
   @DF-RKS iter   2:  -274.95460004541343    2.18562e+01   6.31654e-02 DIIS/ADIIS
   @DF-RKS iter   3:  -304.76447914660650   -2.98099e+01   1.69138e-02 DIIS/ADIIS
   @DF-RKS iter   4:  -304.21092421991676    5.53555e-01   1.90524e-02 DIIS/ADIIS
   @DF-RKS iter   5:  -306.10015708905331   -1.88923e+00   3.76570e-03 DIIS/ADIIS
   @DF-RKS iter   6:  -306.16190144755274   -6.17444e-02   2.05348e-03 DIIS/ADIIS
   @DF-RKS iter   7:  -306.18250063819801   -2.05992e-02   3.60784e-04 DIIS/ADIIS
   @DF-RKS iter   8:  -306.18295577386141   -4.55136e-04   2.82909e-04 DIIS/ADIIS
   @DF-RKS iter   9:  -306.18337139924529   -4.15625e-04   6.28218e-05 DIIS
   @DF-RKS iter  10:  -306.18339781786244   -2.64186e-05   2.53376e-05 DIIS
   @DF-RKS iter  11:  -306.18340084429622   -3.02643e-06   1.45632e-05 DIIS
   @DF-RKS iter  12:  -306.18340211439664   -1.27010e-06   6.40308e-06 DIIS
   @DF-RKS iter  13:  -306.18340244586199   -3.31465e-07   1.06985e-06 DIIS
   @DF-RKS iter  14:  -306.18340247213536   -2.62734e-08   5.36586e-07 DIIS
   @DF-RKS iter  15:  -306.18340247938897   -7.25362e-09   2.91947e-07 DIIS
   @DF-RKS iter  16:  -306.18340248640698   -7.01800e-09   6.96509e-08 DIIS
  Energy and wave function converged.


  ==> Post-Iterations <==

   Electrons on quadrature grid:
      Ntotal   =   45.9999681448 ; deviation = -3.186e-05 

    Orbital Energies [Eh]
    ---------------------

    Doubly Occupied:                                                      

       1A    -19.420228     2A    -19.252464     3A    -10.416440  
       4A    -10.334572     5A    -10.333403     6A    -10.318732  
       7A     -1.288100     8A     -0.992890     9A     -0.904326  
      10A     -0.850401    11A     -0.750281    12A     -0.653787  
      13A     -0.616243    14A     -0.595771    15A     -0.579520  
      16A     -0.535516    17A     -0.523112    18A     -0.500481  
      19A     -0.495485    20A     -0.453174    21A     -0.393244  
      22A     -0.308099    23A     -0.293394  

    Virtual:                                                              

      24A     -0.025656    25A      0.106300    26A      0.174034  
      27A      0.179916    28A      0.212655    29A      0.238166  
      30A      0.240187    31A      0.259205    32A      0.267899  
      33A      0.300889    34A      0.341996    35A      0.412036  
      36A      0.433654    37A      0.561993    38A      0.580156  
      39A      0.600337    40A      0.641778    41A      0.652055  
      42A      0.678290    43A      0.698425    44A      0.705375  
      45A      0.742746    46A      0.788401    47A      0.834722  
      48A      0.898991    49A      0.912478    50A      0.930512  
      51A      0.951190    52A      0.955821    53A      0.986530  
      54A      1.018403    55A      1.035653    56A      1.043306  
      57A      1.082614    58A      1.111109    59A      1.144058  
      60A      1.164968    61A      1.201963    62A      1.220064  
      63A      1.351796    64A      1.379161    65A      1.421549  
      66A      1.456521    67A      1.504665    68A      1.608649  
      69A      1.636591    70A      1.702139    71A      1.750688  
      72A      1.766915    73A      1.845808    74A      1.877376  
      75A      1.924284    76A      1.933986    77A      1.967628  
      78A      2.012555    79A      2.061484    80A      2.142144  
      81A      2.201575    82A      2.227447    83A      2.298165  
      84A      2.367532    85A      2.377042    86A      2.437327  
      87A      2.460405    88A      2.517076    89A      2.564386  
      90A      2.591833    91A      2.706289    92A      2.759832  
      93A      2.915572    94A      2.928470    95A      3.124668  
      96A      3.231630    97A      3.603521    98A      4.108772  
      99A      4.149600   100A      4.260189   101A      4.347359  
     102A      4.599840  

    Final Occupation by Irrep:
              A 
    DOCC [    23 ]
    NA   [    23 ]
    NB   [    23 ]

  @DF-RKS Final Energy:  -306.18340248640698

   => Energetics <=

    Nuclear Repulsion Energy =            222.8896640973848662
    One-Electron Energy =                -857.3052172944629774
    Two-Electron Energy =                 356.5251040855046085
    DFT Exchange-Correlation Energy =     -28.2886905449364718
    Empirical Dispersion Energy =          -0.0042628298970176
    VV10 Nonlocal Energy =                  0.0000000000000000
    Total Energy =                       -306.1834024864069761

Computation Completed


Properties will be evaluated at   0.000000,   0.000000,   0.000000 [a0]

Properties computed using the SCF density matrix


 Multipole Moments:

 ------------------------------------------------------------------------------------
     Multipole            Electronic (a.u.)      Nuclear  (a.u.)        Total (a.u.)
 ------------------------------------------------------------------------------------

 L = 1.  Multiply by 2.5417464519 to convert [e a0] to [Debye]
 Dipole X            :         -1.5650296           -0.3295708           -1.8946004
 Dipole Y            :          0.7798699           -0.0713232            0.7085467
 Dipole Z            :          0.2648170           -0.2613669            0.0034500
 Magnitude           :                                                    2.0227607

 ------------------------------------------------------------------------------------

*** tstop() called on cst14372 at Tue Apr 21 10:09:50 2026
Module time:
	user time   =      26.98 seconds =       0.45 minutes
	system time =       0.34 seconds =       0.01 minutes
	total time  =         13 seconds =       0.22 minutes
Total time:
	user time   =    1065.11 seconds =      17.75 minutes
	system time =      16.92 seconds =       0.28 minutes
	total time  =        514 seconds =       8.57 minutes

Scratch directory: /tmp/
gradient() will perform analytic gradient computation.

*** tstart() called on cst14372
*** at Tue Apr 21 10:09:50 2026


         ------------------------------------------------------------
                                   SCF GRAD                          
                          Rob Parrish, Justin Turney,                
                       Andy Simmonett, and Alex Sokolov              
         ------------------------------------------------------------

  ==> Geometry <==

    Molecular point group: c1
    Full point group: C1

    Geometry (in Angstrom), charge = 0, multiplicity = 1:

       Center              X                  Y                   Z               Mass       
    ------------   -----------------  -----------------  -----------------  -----------------
         C            0.066050446600     0.341112681000     0.079490749400    12.000000000000
         O            1.378475453900     0.332421516500     0.018984023000    15.994914619570
         O            2.049169407900    -0.804105469800    -0.002113561600    15.994914619570
         C           -0.722181797500    -0.913512908900     0.014976032100    12.000000000000
         C           -2.072528012800    -0.958684926300    -0.121204416900    12.000000000000
         C           -0.600442454100     1.717826415000     0.028725378000    12.000000000000
         H           -0.301441797700    -1.834524899600     0.315453755000     1.007825032230
         H           -2.622120560100    -0.074080648100    -0.340459971300     1.007825032230
         H           -2.681640694100    -1.863088915000    -0.207192442600     1.007825032230
         H            0.278602074500     2.349599288300    -0.059873254200     1.007825032230
         H           -1.165172678300     2.132514414400     0.827216490300     1.007825032230
         H           -1.129175665700     1.904862226700    -0.820344150600     1.007825032230

  Nuclear repulsion =  222.889664097384866

  ==> Basis Set <==

  Basis Set: 6-31G*
    Blend: 6-31G*
    Number of shells: 48
    Number of basis functions: 102
    Number of Cartesian functions: 102
    Spherical Harmonics?: false
    Max angular momentum: 2

  ==> DFJKGrad: Density-Fitted SCF Gradients <==

    Gradient:                    1
    J tasked:                  Yes
    K tasked:                  Yes
    wK tasked:                 Yes
    Omega:               2.000E-01
    OpenMP threads:              4
    Integrals threads:           4
    Memory [MiB]:             4291
    Schwarz Cutoff:          1E-12
    Fitting Condition:       1E-10

   => Auxiliary Basis Set <=

  Basis Set: (6-31G* AUX)
    Blend: CC-PVDZ-JKFIT
    Number of shells: 198
    Number of basis functions: 636
    Number of Cartesian functions: 636
    Spherical Harmonics?: false
    Max angular momentum: 3

  ==> DFT Potential <==

   => LibXC <=

    Version 7.0.0
    S. Lehtola, C. Steigemann, M. J.T. Oliveira, and M. A.L. Marques.,  SoftwareX 7, 1–5 (2018) (10.1016/j.softx.2017.11.002)

   => Composite Functional: WB97X-D <= 

    wB97X-D Hyb-GGA Exchange-Correlation Functional

    J.-D. Chai and M. Head-Gordon.,  Phys. Chem. Chem. Phys. 10, 6615-6620 (2008) (10.1039/B810189B)

    Deriv               =              1
    GGA                 =           TRUE
    Meta                =          FALSE

    Exchange Hybrid     =           TRUE
    MP2 Hybrid          =          FALSE

   => Exchange-Correlation Functionals <=

    1.0000   wB97X-D range-separated functional

   => Exact (HF) Exchange <=

    0.7780            HF,LR [omega = 0.2000]
    0.2220               HF 

   => LibXC Density Thresholds  <==

    XC_HYB_GGA_XC_WB97X_D:  1.00E-14 

   => Molecular Quadrature <=

    Radial Scheme          =       TREUTLER
    Pruning Scheme         =           NONE
    Nuclear Scheme         =       TREUTLER

    Blocking Scheme        =         OCTREE
    BS radius alpha        =              1
    Pruning alpha          =              1
    Radial Points          =             75
    Spherical Points       =            302
    Total Points           =         254439
    Total Blocks           =           1923
    Max Points             =            256
    Max Functions          =            100
    Weights Tolerance      =       1.00E-15


  -Total Gradient:
     Atom            X                  Y                   Z
    ------   -----------------  -----------------  -----------------
       1        0.007684610277     0.014806236708     0.008630125768
       2        0.047602927793    -0.015537528421    -0.008349691238
       3       -0.000132207615     0.009424482136     0.001370365382
       4        0.024210650503    -0.014339895958    -0.018089878718
       5       -0.019507272764    -0.004342574473     0.012979713236
       6       -0.075784332254     0.012774610541    -0.022633225170
       7       -0.024804683339     0.015340478172     0.003267350880
       8        0.009717663923    -0.016724397850     0.002146271656
       9       -0.011281854008     0.000617621007    -0.008062326842
      10       -0.002912131923    -0.012313992760    -0.000526640585
      11        0.010960736911     0.009660127623    -0.026534988378
      12        0.034363232561     0.000360988123     0.055449410697


*** tstop() called on cst14372 at Tue Apr 21 10:09:51 2026
Module time:
	user time   =       3.80 seconds =       0.06 minutes
	system time =       0.06 seconds =       0.00 minutes
	total time  =          1 seconds =       0.02 minutes
Total time:
	user time   =    1068.93 seconds =      17.82 minutes
	system time =      16.98 seconds =       0.28 minutes
	total time  =        515 seconds =       8.58 minutes

Scratch directory: /tmp/
   => Libint2 <=

    Primary   basis highest AM E, G, H:  6, 6, 3
    Auxiliary basis highest AM E, G, H:  7, 7, 4
    Onebody   basis highest AM E, G, H:  -, -, -
    Solid Harmonics ordering:            Gaussian

*** tstart() called on cst14372
*** at Tue Apr 21 10:09:51 2026

   => Loading Basis Set <=

    Name: 6-31G*
    Role: ORBITAL
    Keyword: BASIS
    atoms 1, 4-6 entry C          line   111 file /Users/jmsmith1/anaconda3/envs/jupyterenv/share/psi4/basis/6-31gs.gbs 
    atoms 2-3    entry O          line   145 file /Users/jmsmith1/anaconda3/envs/jupyterenv/share/psi4/basis/6-31gs.gbs 
    atoms 7-12   entry H          line    44 file /Users/jmsmith1/anaconda3/envs/jupyterenv/share/psi4/basis/6-31gs.gbs 

   => WB97X-D: Empirical Dispersion <=

    Chai and Head-Gordon Dispersion Correction
    Chai, J.-D.; Head-Gordon, M. (2010), J. Chem. Phys., 132: 6615-6620

        s6 =       1.000000


         ---------------------------------------------------------
                                   SCF
               by Justin Turney, Rob Parrish, Andy Simmonett
                          and Daniel G. A. Smith
                              RKS Reference
                        4 Threads,   5722 MiB Core
         ---------------------------------------------------------

  ==> Geometry <==

    Molecular point group: c1
    Full point group: C1

    Geometry (in Angstrom), charge = 0, multiplicity = 1:

       Center              X                  Y                   Z               Mass       
    ------------   -----------------  -----------------  -----------------  -----------------
         C            0.065876033300     0.339873721700     0.081696996000    12.000000000000
         O            1.378171619800     0.334006665700     0.019803570100    15.994914619570
         O            2.051462543500    -0.802159125400    -0.002223429300    15.994914619570
         C           -0.723571195900    -0.915243470500     0.016365850900    12.000000000000
         C           -2.072834132700    -0.960250453600    -0.125627789600    12.000000000000
         C           -0.601680259800     1.718392389300     0.029596044400    12.000000000000
         H           -0.296120840800    -1.834100416200     0.321266091000     1.007825032230
         H           -2.622860710100    -0.073588963500    -0.351183178600     1.007825032230
         H           -2.676911295100    -1.865831207800    -0.209285871700     1.007825032230
         H            0.276890919700     2.350328071300    -0.061817630700     1.007825032230
         H           -1.164807128800     2.130016430100     0.831428172200     1.007825032230
         H           -1.131574958700     1.899958458300    -0.826970293400     1.007825032230

  Running in c1 symmetry.

  Rotational constants: A =      0.18233  B =      0.09424  C =      0.06295 [cm^-1]
  Rotational constants: A =   5466.25092  B =   2825.13178  C =   1887.30120 [MHz]
  Nuclear repulsion =  222.762540133613612

  Charge       = 0
  Multiplicity = 1
  Electrons    = 46
  Nalpha       = 23
  Nbeta        = 23

  ==> Algorithm <==

  SCF Algorithm Type is DF.
  DIIS enabled.
  MOM disabled.
  Fractional occupation disabled.
  Guess Type is SAD.
  Energy threshold   = 1.00e-07
  Density threshold  = 1.00e-07
  Integral threshold = 1.00e-12

  ==> Primary Basis <==

  Basis Set: 6-31G*
    Blend: 6-31G*
    Number of shells: 48
    Number of basis functions: 102
    Number of Cartesian functions: 102
    Spherical Harmonics?: false
    Max angular momentum: 2

  ==> DFT Potential <==

   => LibXC <=

    Version 7.0.0
    S. Lehtola, C. Steigemann, M. J.T. Oliveira, and M. A.L. Marques.,  SoftwareX 7, 1–5 (2018) (10.1016/j.softx.2017.11.002)

   => Composite Functional: WB97X-D <= 

    wB97X-D Hyb-GGA Exchange-Correlation Functional

    J.-D. Chai and M. Head-Gordon.,  Phys. Chem. Chem. Phys. 10, 6615-6620 (2008) (10.1039/B810189B)

    Deriv               =              1
    GGA                 =           TRUE
    Meta                =          FALSE

    Exchange Hybrid     =           TRUE
    MP2 Hybrid          =          FALSE

   => Exchange-Correlation Functionals <=

    1.0000   wB97X-D range-separated functional

   => Exact (HF) Exchange <=

    0.7780            HF,LR [omega = 0.2000]
    0.2220               HF 

   => LibXC Density Thresholds  <==

    XC_HYB_GGA_XC_WB97X_D:  1.00E-14 

   => Molecular Quadrature <=

    Radial Scheme          =       TREUTLER
    Pruning Scheme         =           NONE
    Nuclear Scheme         =       TREUTLER

    Blocking Scheme        =         OCTREE
    BS radius alpha        =              1
    Pruning alpha          =              1
    Radial Points          =             75
    Spherical Points       =            302
    Total Points           =         254456
    Total Blocks           =           1934
    Max Points             =            256
    Max Functions          =            100
    Weights Tolerance      =       1.00E-15

   => Loading Basis Set <=

    Name: (6-31G* AUX)
    Role: JKFIT
    Keyword: DF_BASIS_SCF
    atoms 1, 4-6 entry C          line   121 file /Users/jmsmith1/anaconda3/envs/jupyterenv/share/psi4/basis/cc-pvdz-jkfit.gbs 
    atoms 2-3    entry O          line   221 file /Users/jmsmith1/anaconda3/envs/jupyterenv/share/psi4/basis/cc-pvdz-jkfit.gbs 
    atoms 7-12   entry H          line    51 file /Users/jmsmith1/anaconda3/envs/jupyterenv/share/psi4/basis/cc-pvdz-jkfit.gbs 

  ==> Integral Setup <==

  DFHelper Memory: AOs need 0.151 GiB; user supplied 3.602 GiB. 
  SCF_SUBTYPE=INCORE selected. In-core MEM_DF algorithm will be used.
  Using in-core AOs.

  ==> MemDFJK: Density-Fitted J/K Matrices <==

    J tasked:                   Yes
    K tasked:                   Yes
    wK tasked:                  Yes
    Omega:                2.000E-01
    OpenMP threads:               4
    Memory [MiB]:              3688
    Algorithm:                 Core
    Schwarz Cutoff:           1E-12
    Mask sparsity (%):       1.7686
    Fitting Condition:        1E-10

   => Auxiliary Basis Set <=

  Basis Set: (6-31G* AUX)
    Blend: CC-PVDZ-JKFIT
    Number of shells: 198
    Number of basis functions: 636
    Number of Cartesian functions: 636
    Spherical Harmonics?: false
    Max angular momentum: 3

  Cached 100.0% of DFT collocation blocks in 0.589 [GiB].

  Minimum eigenvalue in the overlap matrix is 3.4737394327E-03.
  Reciprocal condition number of the overlap matrix is 5.0732815402E-04.
    Using symmetric orthogonalization.

  ==> Pre-Iterations <==

  SCF Guess: Superposition of Atomic Densities via on-the-fly atomic UHF (no occupation information).

   -------------------------
    Irrep   Nso     Nmo    
   -------------------------
     A        102     102 
   -------------------------
    Total     102     102
   -------------------------

  ==> Iterations <==

                           Total Energy        Delta E     RMS |[F,P]|

   @DF-RKS iter SAD:  -300.27706612362402   -3.00277e+02   0.00000e+00 
   @DF-RKS iter   1:  -296.82699047298831    3.45008e+00   3.40383e-02 DIIS/ADIIS
   @DF-RKS iter   2:  -274.97378380447265    2.18532e+01   6.31260e-02 DIIS/ADIIS
   @DF-RKS iter   3:  -304.76879357303807   -2.97950e+01   1.69004e-02 DIIS/ADIIS
   @DF-RKS iter   4:  -304.21812874454190    5.50665e-01   1.90180e-02 DIIS/ADIIS
   @DF-RKS iter   5:  -306.10185978452694   -1.88373e+00   3.76227e-03 DIIS/ADIIS
   @DF-RKS iter   6:  -306.16351565062786   -6.16559e-02   2.04511e-03 DIIS/ADIIS
   @DF-RKS iter   7:  -306.18392952151783   -2.04139e-02   3.64651e-04 DIIS/ADIIS
   @DF-RKS iter   8:  -306.18438089720757   -4.51376e-04   2.86456e-04 DIIS/ADIIS
   @DF-RKS iter   9:  -306.18480706464425   -4.26167e-04   6.23073e-05 DIIS
   @DF-RKS iter  10:  -306.18483326723282   -2.62026e-05   2.53170e-05 DIIS
   @DF-RKS iter  11:  -306.18483630684062   -3.03961e-06   1.44145e-05 DIIS
   @DF-RKS iter  12:  -306.18483755809223   -1.25125e-06   6.34599e-06 DIIS
   @DF-RKS iter  13:  -306.18483788617561   -3.28083e-07   1.07915e-06 DIIS
   @DF-RKS iter  14:  -306.18483791284677   -2.66712e-08   5.38947e-07 DIIS
   @DF-RKS iter  15:  -306.18483792019498   -7.34821e-09   2.92819e-07 DIIS
   @DF-RKS iter  16:  -306.18483792726261   -7.06763e-09   6.94906e-08 DIIS
  Energy and wave function converged.


  ==> Post-Iterations <==

   Electrons on quadrature grid:
      Ntotal   =   45.9999694178 ; deviation = -3.058e-05 

    Orbital Energies [Eh]
    ---------------------

    Doubly Occupied:                                                      

       1A    -19.420145     2A    -19.252333     3A    -10.416550  
       4A    -10.334845     5A    -10.333777     6A    -10.319457  
       7A     -1.287540     8A     -0.992546     9A     -0.904227  
      10A     -0.849625    11A     -0.750165    12A     -0.653111  
      13A     -0.615962    14A     -0.594859    15A     -0.579309  
      16A     -0.535663    17A     -0.523176    18A     -0.500376  
      19A     -0.495661    20A     -0.452745    21A     -0.393299  
      22A     -0.308050    23A     -0.293436  

    Virtual:                                                              

      24A     -0.025622    25A      0.106160    26A      0.173885  
      27A      0.179704    28A      0.212524    29A      0.237341  
      30A      0.239868    31A      0.258753    32A      0.266414  
      33A      0.300351    34A      0.341602    35A      0.411475  
      36A      0.432879    37A      0.562023    38A      0.580597  
      39A      0.600313    40A      0.641904    41A      0.652199  
      42A      0.677141    43A      0.698558    44A      0.705514  
      45A      0.742237    46A      0.787936    47A      0.834014  
      48A      0.898922    49A      0.912319    50A      0.930613  
      51A      0.951218    52A      0.955192    53A      0.985290  
      54A      1.018178    55A      1.034688    56A      1.042356  
      57A      1.080032    58A      1.110686    59A      1.143640  
      60A      1.165439    61A      1.201922    62A      1.219129  
      63A      1.351955    64A      1.378671    65A      1.421655  
      66A      1.456696    67A      1.504615    68A      1.608028  
      69A      1.635615    70A      1.701890    71A      1.750185  
      72A      1.767031    73A      1.845038    74A      1.878197  
      75A      1.924659    76A      1.933583    77A      1.968063  
      78A      2.012968    79A      2.060918    80A      2.141249  
      81A      2.201511    82A      2.226585    83A      2.296530  
      84A      2.366333    85A      2.374916    86A      2.435589  
      87A      2.459586    88A      2.514638    89A      2.562309  
      90A      2.589261    91A      2.705091    92A      2.758384  
      93A      2.914466    94A      2.928365    95A      3.123492  
      96A      3.230843    97A      3.603003    98A      4.108759  
      99A      4.148364   100A      4.259256   101A      4.346374  
     102A      4.598990  

    Final Occupation by Irrep:
              A 
    DOCC [    23 ]
    NA   [    23 ]
    NB   [    23 ]

  @DF-RKS Final Energy:  -306.18483792726261

   => Energetics <=

    Nuclear Repulsion Energy =            222.7625401336136122
    One-Electron Energy =                -857.0620644328949993
    Two-Electron Energy =                 356.4037106184362642
    DFT Exchange-Correlation Energy =     -28.2847565081389476
    Empirical Dispersion Energy =          -0.0042677382784884
    VV10 Nonlocal Energy =                  0.0000000000000000
    Total Energy =                       -306.1848379272626062

Computation Completed


Properties will be evaluated at   0.000000,   0.000000,   0.000000 [a0]

Properties computed using the SCF density matrix


 Multipole Moments:

 ------------------------------------------------------------------------------------
     Multipole            Electronic (a.u.)      Nuclear  (a.u.)        Total (a.u.)
 ------------------------------------------------------------------------------------

 L = 1.  Multiply by 2.5417464519 to convert [e a0] to [Debye]
 Dipole X            :         -1.5722500           -0.3242166           -1.8964666
 Dipole Y            :          0.7834105           -0.0789985            0.7044120
 Dipole Z            :          0.2758623           -0.2716197            0.0042425
 Magnitude           :                                                    2.0230669

 ------------------------------------------------------------------------------------

*** tstop() called on cst14372 at Tue Apr 21 10:10:04 2026
Module time:
	user time   =      26.93 seconds =       0.45 minutes
	system time =       0.34 seconds =       0.01 minutes
	total time  =         13 seconds =       0.22 minutes
Total time:
	user time   =    1095.88 seconds =      18.26 minutes
	system time =      17.33 seconds =       0.29 minutes
	total time  =        528 seconds =       8.80 minutes

Scratch directory: /tmp/
gradient() will perform analytic gradient computation.

*** tstart() called on cst14372
*** at Tue Apr 21 10:10:04 2026


         ------------------------------------------------------------
                                   SCF GRAD                          
                          Rob Parrish, Justin Turney,                
                       Andy Simmonett, and Alex Sokolov              
         ------------------------------------------------------------

  ==> Geometry <==

    Molecular point group: c1
    Full point group: C1

    Geometry (in Angstrom), charge = 0, multiplicity = 1:

       Center              X                  Y                   Z               Mass       
    ------------   -----------------  -----------------  -----------------  -----------------
         C            0.065876033300     0.339873721700     0.081696996000    12.000000000000
         O            1.378171619800     0.334006665700     0.019803570100    15.994914619570
         O            2.051462543500    -0.802159125400    -0.002223429300    15.994914619570
         C           -0.723571195900    -0.915243470500     0.016365850900    12.000000000000
         C           -2.072834132700    -0.960250453600    -0.125627789600    12.000000000000
         C           -0.601680259800     1.718392389300     0.029596044400    12.000000000000
         H           -0.296120840800    -1.834100416200     0.321266091000     1.007825032230
         H           -2.622860710100    -0.073588963500    -0.351183178600     1.007825032230
         H           -2.676911295100    -1.865831207800    -0.209285871700     1.007825032230
         H            0.276890919700     2.350328071300    -0.061817630700     1.007825032230
         H           -1.164807128800     2.130016430100     0.831428172200     1.007825032230
         H           -1.131574958700     1.899958458300    -0.826970293400     1.007825032230

  Nuclear repulsion =  222.762540133613612

  ==> Basis Set <==

  Basis Set: 6-31G*
    Blend: 6-31G*
    Number of shells: 48
    Number of basis functions: 102
    Number of Cartesian functions: 102
    Spherical Harmonics?: false
    Max angular momentum: 2

  ==> DFJKGrad: Density-Fitted SCF Gradients <==

    Gradient:                    1
    J tasked:                  Yes
    K tasked:                  Yes
    wK tasked:                 Yes
    Omega:               2.000E-01
    OpenMP threads:              4
    Integrals threads:           4
    Memory [MiB]:             4291
    Schwarz Cutoff:          1E-12
    Fitting Condition:       1E-10

   => Auxiliary Basis Set <=

  Basis Set: (6-31G* AUX)
    Blend: CC-PVDZ-JKFIT
    Number of shells: 198
    Number of basis functions: 636
    Number of Cartesian functions: 636
    Spherical Harmonics?: false
    Max angular momentum: 3

  ==> DFT Potential <==

   => LibXC <=

    Version 7.0.0
    S. Lehtola, C. Steigemann, M. J.T. Oliveira, and M. A.L. Marques.,  SoftwareX 7, 1–5 (2018) (10.1016/j.softx.2017.11.002)

   => Composite Functional: WB97X-D <= 

    wB97X-D Hyb-GGA Exchange-Correlation Functional

    J.-D. Chai and M. Head-Gordon.,  Phys. Chem. Chem. Phys. 10, 6615-6620 (2008) (10.1039/B810189B)

    Deriv               =              1
    GGA                 =           TRUE
    Meta                =          FALSE

    Exchange Hybrid     =           TRUE
    MP2 Hybrid          =          FALSE

   => Exchange-Correlation Functionals <=

    1.0000   wB97X-D range-separated functional

   => Exact (HF) Exchange <=

    0.7780            HF,LR [omega = 0.2000]
    0.2220               HF 

   => LibXC Density Thresholds  <==

    XC_HYB_GGA_XC_WB97X_D:  1.00E-14 

   => Molecular Quadrature <=

    Radial Scheme          =       TREUTLER
    Pruning Scheme         =           NONE
    Nuclear Scheme         =       TREUTLER

    Blocking Scheme        =         OCTREE
    BS radius alpha        =              1
    Pruning alpha          =              1
    Radial Points          =             75
    Spherical Points       =            302
    Total Points           =         254456
    Total Blocks           =           1934
    Max Points             =            256
    Max Functions          =            100
    Weights Tolerance      =       1.00E-15


  -Total Gradient:
     Atom            X                  Y                   Z
    ------   -----------------  -----------------  -----------------
       1        0.007968427315     0.013501226758     0.009068063968
       2        0.047521444849    -0.014384946240    -0.008496386569
       3        0.000193697142     0.008867888529     0.001370359756
       4        0.021982126124    -0.014039615009    -0.018501521286
       5       -0.019294218809    -0.006512216874     0.013027284322
       6       -0.073080927350     0.013004477456    -0.018264844221
       7       -0.023328154430     0.014138280446     0.003651311503
       8        0.008465659497    -0.014420580219     0.001679778477
       9       -0.010116039692     0.001321261240    -0.007836885133
      10       -0.002878967489    -0.012297702366    -0.000589988112
      11        0.011023314585     0.009439602166    -0.025515811239
      12        0.031689620477     0.001129753228     0.050069760681


*** tstop() called on cst14372 at Tue Apr 21 10:10:06 2026
Module time:
	user time   =       3.83 seconds =       0.06 minutes
	system time =       0.05 seconds =       0.00 minutes
	total time  =          2 seconds =       0.03 minutes
Total time:
	user time   =    1099.73 seconds =      18.33 minutes
	system time =      17.38 seconds =       0.29 minutes
	total time  =        530 seconds =       8.83 minutes

Scratch directory: /tmp/
   => Libint2 <=

    Primary   basis highest AM E, G, H:  6, 6, 3
    Auxiliary basis highest AM E, G, H:  7, 7, 4
    Onebody   basis highest AM E, G, H:  -, -, -
    Solid Harmonics ordering:            Gaussian

*** tstart() called on cst14372
*** at Tue Apr 21 10:10:06 2026

   => Loading Basis Set <=

    Name: 6-31G*
    Role: ORBITAL
    Keyword: BASIS
    atoms 1, 4-6 entry C          line   111 file /Users/jmsmith1/anaconda3/envs/jupyterenv/share/psi4/basis/6-31gs.gbs 
    atoms 2-3    entry O          line   145 file /Users/jmsmith1/anaconda3/envs/jupyterenv/share/psi4/basis/6-31gs.gbs 
    atoms 7-12   entry H          line    44 file /Users/jmsmith1/anaconda3/envs/jupyterenv/share/psi4/basis/6-31gs.gbs 

   => WB97X-D: Empirical Dispersion <=

    Chai and Head-Gordon Dispersion Correction
    Chai, J.-D.; Head-Gordon, M. (2010), J. Chem. Phys., 132: 6615-6620

        s6 =       1.000000


         ---------------------------------------------------------
                                   SCF
               by Justin Turney, Rob Parrish, Andy Simmonett
                          and Daniel G. A. Smith
                              RKS Reference
                        4 Threads,   5722 MiB Core
         ---------------------------------------------------------

  ==> Geometry <==

    Molecular point group: c1
    Full point group: C1

    Geometry (in Angstrom), charge = 0, multiplicity = 1:

       Center              X                  Y                   Z               Mass       
    ------------   -----------------  -----------------  -----------------  -----------------
         C            0.065677999700     0.338591814800     0.083883823100    12.000000000000
         O            1.377763513900     0.335628010900     0.020644134100    15.994914619570
         O            2.053762372200    -0.800226024600    -0.002336617500    15.994914619570
         C           -0.725028572100    -0.916938737700     0.017813568000    12.000000000000
         C           -2.073085319900    -0.961801976300    -0.130102616600    12.000000000000
         C           -0.602710239700     1.718922454200     0.030522312800    12.000000000000
         H           -0.289978282900    -1.834162551300     0.326970446500     1.007825032230
         H           -2.623895320200    -0.072598075500    -0.361997625400     1.007825032230
         H           -2.671818102500    -1.868627607200    -0.211115331700     1.007825032230
         H            0.275273814100     2.351483529300    -0.063747678000     1.007825032230
         H           -1.164820878100     2.127184919700     0.836533513200     1.007825032230
         H           -1.135075356300     1.895000486800    -0.835344983400     1.007825032230

  Running in c1 symmetry.

  Rotational constants: A =      0.18218  B =      0.09412  C =      0.06290 [cm^-1]
  Rotational constants: A =   5461.59654  B =   2821.57935  C =   1885.79079 [MHz]
  Nuclear repulsion =  222.620595254290293

  Charge       = 0
  Multiplicity = 1
  Electrons    = 46
  Nalpha       = 23
  Nbeta        = 23

  ==> Algorithm <==

  SCF Algorithm Type is DF.
  DIIS enabled.
  MOM disabled.
  Fractional occupation disabled.
  Guess Type is SAD.
  Energy threshold   = 1.00e-07
  Density threshold  = 1.00e-07
  Integral threshold = 1.00e-12

  ==> Primary Basis <==

  Basis Set: 6-31G*
    Blend: 6-31G*
    Number of shells: 48
    Number of basis functions: 102
    Number of Cartesian functions: 102
    Spherical Harmonics?: false
    Max angular momentum: 2

  ==> DFT Potential <==

   => LibXC <=

    Version 7.0.0
    S. Lehtola, C. Steigemann, M. J.T. Oliveira, and M. A.L. Marques.,  SoftwareX 7, 1–5 (2018) (10.1016/j.softx.2017.11.002)

   => Composite Functional: WB97X-D <= 

    wB97X-D Hyb-GGA Exchange-Correlation Functional

    J.-D. Chai and M. Head-Gordon.,  Phys. Chem. Chem. Phys. 10, 6615-6620 (2008) (10.1039/B810189B)

    Deriv               =              1
    GGA                 =           TRUE
    Meta                =          FALSE

    Exchange Hybrid     =           TRUE
    MP2 Hybrid          =          FALSE

   => Exchange-Correlation Functionals <=

    1.0000   wB97X-D range-separated functional

   => Exact (HF) Exchange <=

    0.7780            HF,LR [omega = 0.2000]
    0.2220               HF 

   => LibXC Density Thresholds  <==

    XC_HYB_GGA_XC_WB97X_D:  1.00E-14 

   => Molecular Quadrature <=

    Radial Scheme          =       TREUTLER
    Pruning Scheme         =           NONE
    Nuclear Scheme         =       TREUTLER

    Blocking Scheme        =         OCTREE
    BS radius alpha        =              1
    Pruning alpha          =              1
    Radial Points          =             75
    Spherical Points       =            302
    Total Points           =         254481
    Total Blocks           =           1933
    Max Points             =            256
    Max Functions          =            100
    Weights Tolerance      =       1.00E-15

   => Loading Basis Set <=

    Name: (6-31G* AUX)
    Role: JKFIT
    Keyword: DF_BASIS_SCF
    atoms 1, 4-6 entry C          line   121 file /Users/jmsmith1/anaconda3/envs/jupyterenv/share/psi4/basis/cc-pvdz-jkfit.gbs 
    atoms 2-3    entry O          line   221 file /Users/jmsmith1/anaconda3/envs/jupyterenv/share/psi4/basis/cc-pvdz-jkfit.gbs 
    atoms 7-12   entry H          line    51 file /Users/jmsmith1/anaconda3/envs/jupyterenv/share/psi4/basis/cc-pvdz-jkfit.gbs 

  ==> Integral Setup <==

  DFHelper Memory: AOs need 0.151 GiB; user supplied 3.602 GiB. 
  SCF_SUBTYPE=INCORE selected. In-core MEM_DF algorithm will be used.
  Using in-core AOs.

  ==> MemDFJK: Density-Fitted J/K Matrices <==

    J tasked:                   Yes
    K tasked:                   Yes
    wK tasked:                  Yes
    Omega:                2.000E-01
    OpenMP threads:               4
    Memory [MiB]:              3688
    Algorithm:                 Core
    Schwarz Cutoff:           1E-12
    Mask sparsity (%):       1.7686
    Fitting Condition:        1E-10

   => Auxiliary Basis Set <=

  Basis Set: (6-31G* AUX)
    Blend: CC-PVDZ-JKFIT
    Number of shells: 198
    Number of basis functions: 636
    Number of Cartesian functions: 636
    Spherical Harmonics?: false
    Max angular momentum: 3

  Cached 100.0% of DFT collocation blocks in 0.589 [GiB].

  Minimum eigenvalue in the overlap matrix is 3.4851098998E-03.
  Reciprocal condition number of the overlap matrix is 5.0949611895E-04.
    Using symmetric orthogonalization.

  ==> Pre-Iterations <==

  SCF Guess: Superposition of Atomic Densities via on-the-fly atomic UHF (no occupation information).

   -------------------------
    Irrep   Nso     Nmo    
   -------------------------
     A        102     102 
   -------------------------
    Total     102     102
   -------------------------

  ==> Iterations <==

                           Total Energy        Delta E     RMS |[F,P]|

   @DF-RKS iter SAD:  -300.25743460912980   -3.00257e+02   0.00000e+00 
   @DF-RKS iter   1:  -296.84124234928282    3.41619e+00   3.39986e-02 DIIS/ADIIS
   @DF-RKS iter   2:  -274.98185177016160    2.18594e+01   6.30990e-02 DIIS/ADIIS
   @DF-RKS iter   3:  -304.77262450074016   -2.97908e+01   1.68897e-02 DIIS/ADIIS
   @DF-RKS iter   4:  -304.22262120104801    5.50003e-01   1.89966e-02 DIIS/ADIIS
   @DF-RKS iter   5:  -306.10375545607610   -1.88113e+00   3.75990e-03 DIIS/ADIIS
   @DF-RKS iter   6:  -306.16534583776559   -6.15904e-02   2.03867e-03 DIIS/ADIIS
   @DF-RKS iter   7:  -306.18561061989180   -2.02648e-02   3.69342e-04 DIIS/ADIIS
   @DF-RKS iter   8:  -306.18606000087749   -4.49381e-04   2.90361e-04 DIIS/ADIIS
   @DF-RKS iter   9:  -306.18649810137623   -4.38100e-04   6.17535e-05 DIIS
   @DF-RKS iter  10:  -306.18652408130168   -2.59799e-05   2.53475e-05 DIIS
   @DF-RKS iter  11:  -306.18652713806222   -3.05676e-06   1.43303e-05 DIIS
   @DF-RKS iter  12:  -306.18652838057318   -1.24251e-06   6.30601e-06 DIIS
   @DF-RKS iter  13:  -306.18652870696451   -3.26391e-07   1.08213e-06 DIIS
   @DF-RKS iter  14:  -306.18652873398969   -2.70252e-08   5.41279e-07 DIIS
   @DF-RKS iter  15:  -306.18652874142020   -7.43051e-09   2.94091e-07 DIIS
   @DF-RKS iter  16:  -306.18652874854990   -7.12970e-09   6.95413e-08 DIIS
  Energy and wave function converged.


  ==> Post-Iterations <==

   Electrons on quadrature grid:
      Ntotal   =   45.9999711603 ; deviation = -2.884e-05 

    Orbital Energies [Eh]
    ---------------------

    Doubly Occupied:                                                      

       1A    -19.420041     2A    -19.252188     3A    -10.416658  
       4A    -10.335182     5A    -10.334217     6A    -10.320510  
       7A     -1.286943     8A     -0.992194     9A     -0.904112  
      10A     -0.848620    11A     -0.750011    12A     -0.652301  
      13A     -0.615640    14A     -0.593861    15A     -0.579043  
      16A     -0.535811    17A     -0.522979    18A     -0.500244  
      19A     -0.495755    20A     -0.452256    21A     -0.393365  
      22A     -0.307993    23A     -0.293475  

    Virtual:                                                              

      24A     -0.025590    25A      0.106030    26A      0.173529  
      27A      0.179397    28A      0.212281    29A      0.236353  
      30A      0.239433    31A      0.258149    32A      0.264501  
      33A      0.299798    34A      0.341193    35A      0.410903  
      36A      0.432091    37A      0.562014    38A      0.581101  
      39A      0.600418    40A      0.642173    41A      0.652405  
      42A      0.675950    43A      0.698739    44A      0.705815  
      45A      0.741733    46A      0.787472    47A      0.833130  
      48A      0.898811    49A      0.912052    50A      0.930570  
      51A      0.951157    52A      0.953992    53A      0.983474  
      54A      1.017712    55A      1.032947    56A      1.041391  
      57A      1.076626    58A      1.110209    59A      1.143145  
      60A      1.166015    61A      1.201881    62A      1.218225  
      63A      1.352187    64A      1.378212    65A      1.421739  
      66A      1.456783    67A      1.504593    68A      1.607306  
      69A      1.634646    70A      1.701456    71A      1.749694  
      72A      1.767264    73A      1.844300    74A      1.879209  
      75A      1.924989    76A      1.933216    77A      1.968580  
      78A      2.013202    79A      2.060340    80A      2.140103  
      81A      2.201400    82A      2.224996    83A      2.294830  
      84A      2.364652    85A      2.372186    86A      2.432824  
      87A      2.458693    88A      2.512077    89A      2.560018  
      90A      2.586401    91A      2.703788    92A      2.756876  
      93A      2.913389    94A      2.928183    95A      3.122354  
      96A      3.230181    97A      3.602489    98A      4.108674  
      99A      4.147093   100A      4.258155   101A      4.345076  
     102A      4.598112  

    Final Occupation by Irrep:
              A 
    DOCC [    23 ]
    NA   [    23 ]
    NB   [    23 ]

  @DF-RKS Final Energy:  -306.18652874854990

   => Energetics <=

    Nuclear Repulsion Energy =            222.6205952542902935
    One-Electron Energy =                -856.7919145460292611
    Two-Electron Energy =                 356.2686534354334071
    DFT Exchange-Correlation Energy =     -28.2795890925461038
    Empirical Dispersion Energy =          -0.0042737996982543
    VV10 Nonlocal Energy =                  0.0000000000000000
    Total Energy =                       -306.1865287485499039

Computation Completed


Properties will be evaluated at   0.000000,   0.000000,   0.000000 [a0]

Properties computed using the SCF density matrix


 Multipole Moments:

 ------------------------------------------------------------------------------------
     Multipole            Electronic (a.u.)      Nuclear  (a.u.)        Total (a.u.)
 ------------------------------------------------------------------------------------

 L = 1.  Multiply by 2.5417464519 to convert [e a0] to [Debye]
 Dipole X            :         -1.5790539           -0.3193332           -1.8983871
 Dipole Y            :          0.7866920           -0.0866668            0.7000252
 Dipole Z            :          0.2878096           -0.2825878            0.0052219
 Magnitude           :                                                    2.0233477

 ------------------------------------------------------------------------------------

*** tstop() called on cst14372 at Tue Apr 21 10:10:19 2026
Module time:
	user time   =      26.91 seconds =       0.45 minutes
	system time =       0.33 seconds =       0.01 minutes
	total time  =         13 seconds =       0.22 minutes
Total time:
	user time   =    1126.67 seconds =      18.78 minutes
	system time =      17.72 seconds =       0.30 minutes
	total time  =        543 seconds =       9.05 minutes

Scratch directory: /tmp/
gradient() will perform analytic gradient computation.

*** tstart() called on cst14372
*** at Tue Apr 21 10:10:19 2026


         ------------------------------------------------------------
                                   SCF GRAD                          
                          Rob Parrish, Justin Turney,                
                       Andy Simmonett, and Alex Sokolov              
         ------------------------------------------------------------

  ==> Geometry <==

    Molecular point group: c1
    Full point group: C1

    Geometry (in Angstrom), charge = 0, multiplicity = 1:

       Center              X                  Y                   Z               Mass       
    ------------   -----------------  -----------------  -----------------  -----------------
         C            0.065677999700     0.338591814800     0.083883823100    12.000000000000
         O            1.377763513900     0.335628010900     0.020644134100    15.994914619570
         O            2.053762372200    -0.800226024600    -0.002336617500    15.994914619570
         C           -0.725028572100    -0.916938737700     0.017813568000    12.000000000000
         C           -2.073085319900    -0.961801976300    -0.130102616600    12.000000000000
         C           -0.602710239700     1.718922454200     0.030522312800    12.000000000000
         H           -0.289978282900    -1.834162551300     0.326970446500     1.007825032230
         H           -2.623895320200    -0.072598075500    -0.361997625400     1.007825032230
         H           -2.671818102500    -1.868627607200    -0.211115331700     1.007825032230
         H            0.275273814100     2.351483529300    -0.063747678000     1.007825032230
         H           -1.164820878100     2.127184919700     0.836533513200     1.007825032230
         H           -1.135075356300     1.895000486800    -0.835344983400     1.007825032230

  Nuclear repulsion =  222.620595254290293

  ==> Basis Set <==

  Basis Set: 6-31G*
    Blend: 6-31G*
    Number of shells: 48
    Number of basis functions: 102
    Number of Cartesian functions: 102
    Spherical Harmonics?: false
    Max angular momentum: 2

  ==> DFJKGrad: Density-Fitted SCF Gradients <==

    Gradient:                    1
    J tasked:                  Yes
    K tasked:                  Yes
    wK tasked:                 Yes
    Omega:               2.000E-01
    OpenMP threads:              4
    Integrals threads:           4
    Memory [MiB]:             4291
    Schwarz Cutoff:          1E-12
    Fitting Condition:       1E-10

   => Auxiliary Basis Set <=

  Basis Set: (6-31G* AUX)
    Blend: CC-PVDZ-JKFIT
    Number of shells: 198
    Number of basis functions: 636
    Number of Cartesian functions: 636
    Spherical Harmonics?: false
    Max angular momentum: 3

  ==> DFT Potential <==

   => LibXC <=

    Version 7.0.0
    S. Lehtola, C. Steigemann, M. J.T. Oliveira, and M. A.L. Marques.,  SoftwareX 7, 1–5 (2018) (10.1016/j.softx.2017.11.002)

   => Composite Functional: WB97X-D <= 

    wB97X-D Hyb-GGA Exchange-Correlation Functional

    J.-D. Chai and M. Head-Gordon.,  Phys. Chem. Chem. Phys. 10, 6615-6620 (2008) (10.1039/B810189B)

    Deriv               =              1
    GGA                 =           TRUE
    Meta                =          FALSE

    Exchange Hybrid     =           TRUE
    MP2 Hybrid          =          FALSE

   => Exchange-Correlation Functionals <=

    1.0000   wB97X-D range-separated functional

   => Exact (HF) Exchange <=

    0.7780            HF,LR [omega = 0.2000]
    0.2220               HF 

   => LibXC Density Thresholds  <==

    XC_HYB_GGA_XC_WB97X_D:  1.00E-14 

   => Molecular Quadrature <=

    Radial Scheme          =       TREUTLER
    Pruning Scheme         =           NONE
    Nuclear Scheme         =       TREUTLER

    Blocking Scheme        =         OCTREE
    BS radius alpha        =              1
    Pruning alpha          =              1
    Radial Points          =             75
    Spherical Points       =            302
    Total Points           =         254481
    Total Blocks           =           1933
    Max Points             =            256
    Max Functions          =            100
    Weights Tolerance      =       1.00E-15


  -Total Gradient:
     Atom            X                  Y                   Z
    ------   -----------------  -----------------  -----------------
       1        0.008228558785     0.012133852397     0.009519199412
       2        0.047333917700    -0.013145972367    -0.008632407216
       3        0.000547061047     0.008259406921     0.001366811317
       4        0.019374002521    -0.013252981113    -0.019053634894
       5       -0.018883108543    -0.009023120347     0.013128394069
       6       -0.069134346274     0.012728867095    -0.012832588396
       7       -0.021512675821     0.012410989643     0.004215770697
       8        0.007000848948    -0.011754127133     0.001095378141
       9       -0.008871580163     0.002077642115    -0.007576014300
      10       -0.002725196640    -0.012177495259    -0.000657642434
      11        0.010761374258     0.009418040724    -0.023934563524
      12        0.028054996700     0.002097957989     0.043040832936


*** tstop() called on cst14372 at Tue Apr 21 10:10:21 2026
Module time:
	user time   =       3.82 seconds =       0.06 minutes
	system time =       0.06 seconds =       0.00 minutes
	total time  =          2 seconds =       0.03 minutes
Total time:
	user time   =    1130.50 seconds =      18.84 minutes
	system time =      17.78 seconds =       0.30 minutes
	total time  =        545 seconds =       9.08 minutes

Scratch directory: /tmp/
   => Libint2 <=

    Primary   basis highest AM E, G, H:  6, 6, 3
    Auxiliary basis highest AM E, G, H:  7, 7, 4
    Onebody   basis highest AM E, G, H:  -, -, -
    Solid Harmonics ordering:            Gaussian

*** tstart() called on cst14372
*** at Tue Apr 21 10:10:21 2026

   => Loading Basis Set <=

    Name: 6-31G*
    Role: ORBITAL
    Keyword: BASIS
    atoms 1, 4-6 entry C          line   111 file /Users/jmsmith1/anaconda3/envs/jupyterenv/share/psi4/basis/6-31gs.gbs 
    atoms 2-3    entry O          line   145 file /Users/jmsmith1/anaconda3/envs/jupyterenv/share/psi4/basis/6-31gs.gbs 
    atoms 7-12   entry H          line    44 file /Users/jmsmith1/anaconda3/envs/jupyterenv/share/psi4/basis/6-31gs.gbs 

   => WB97X-D: Empirical Dispersion <=

    Chai and Head-Gordon Dispersion Correction
    Chai, J.-D.; Head-Gordon, M. (2010), J. Chem. Phys., 132: 6615-6620

        s6 =       1.000000


         ---------------------------------------------------------
                                   SCF
               by Justin Turney, Rob Parrish, Andy Simmonett
                          and Daniel G. A. Smith
                              RKS Reference
                        4 Threads,   5722 MiB Core
         ---------------------------------------------------------

  ==> Geometry <==

    Molecular point group: c1
    Full point group: C1

    Geometry (in Angstrom), charge = 0, multiplicity = 1:

       Center              X                  Y                   Z               Mass       
    ------------   -----------------  -----------------  -----------------  -----------------
         C            0.065455593800     0.337271249400     0.086049091300    12.000000000000
         O            1.377251383800     0.337282388700     0.021505773700    15.994914619570
         O            2.056067328700    -0.798305569800    -0.002453088000    15.994914619570
         C           -0.726546054900    -0.918600283400     0.019320437400    12.000000000000
         C           -2.073282515200    -0.963331631400    -0.134627752400    12.000000000000
         C           -0.603542848800     1.719417114700     0.031488286200    12.000000000000
         H           -0.283076546500    -1.834653104900     0.332545003300     1.007825032230
         H           -2.625174340200    -0.071198883400    -0.372879574000     1.007825032230
         H           -2.666404801200    -1.871503378000    -0.212688402500     1.007825032230
         H            0.273746301000     2.353062352000    -0.065660334500     1.007825032230
         H           -1.165205992000     2.124020657300     0.842478752300     1.007825032230
         H           -1.139553421400     1.889956505500    -0.845227823600     1.007825032230

  Running in c1 symmetry.

  Rotational constants: A =      0.18201  B =      0.09400  C =      0.06285 [cm^-1]
  Rotational constants: A =   5456.65836  B =   2818.04692  C =   1884.32148 [MHz]
  Nuclear repulsion =  222.466100161653088

  Charge       = 0
  Multiplicity = 1
  Electrons    = 46
  Nalpha       = 23
  Nbeta        = 23

  ==> Algorithm <==

  SCF Algorithm Type is DF.
  DIIS enabled.
  MOM disabled.
  Fractional occupation disabled.
  Guess Type is SAD.
  Energy threshold   = 1.00e-07
  Density threshold  = 1.00e-07
  Integral threshold = 1.00e-12

  ==> Primary Basis <==

  Basis Set: 6-31G*
    Blend: 6-31G*
    Number of shells: 48
    Number of basis functions: 102
    Number of Cartesian functions: 102
    Spherical Harmonics?: false
    Max angular momentum: 2

  ==> DFT Potential <==

   => LibXC <=

    Version 7.0.0
    S. Lehtola, C. Steigemann, M. J.T. Oliveira, and M. A.L. Marques.,  SoftwareX 7, 1–5 (2018) (10.1016/j.softx.2017.11.002)

   => Composite Functional: WB97X-D <= 

    wB97X-D Hyb-GGA Exchange-Correlation Functional

    J.-D. Chai and M. Head-Gordon.,  Phys. Chem. Chem. Phys. 10, 6615-6620 (2008) (10.1039/B810189B)

    Deriv               =              1
    GGA                 =           TRUE
    Meta                =          FALSE

    Exchange Hybrid     =           TRUE
    MP2 Hybrid          =          FALSE

   => Exchange-Correlation Functionals <=

    1.0000   wB97X-D range-separated functional

   => Exact (HF) Exchange <=

    0.7780            HF,LR [omega = 0.2000]
    0.2220               HF 

   => LibXC Density Thresholds  <==

    XC_HYB_GGA_XC_WB97X_D:  1.00E-14 

   => Molecular Quadrature <=

    Radial Scheme          =       TREUTLER
    Pruning Scheme         =           NONE
    Nuclear Scheme         =       TREUTLER

    Blocking Scheme        =         OCTREE
    BS radius alpha        =              1
    Pruning alpha          =              1
    Radial Points          =             75
    Spherical Points       =            302
    Total Points           =         254493
    Total Blocks           =           1925
    Max Points             =            256
    Max Functions          =            100
    Weights Tolerance      =       1.00E-15

   => Loading Basis Set <=

    Name: (6-31G* AUX)
    Role: JKFIT
    Keyword: DF_BASIS_SCF
    atoms 1, 4-6 entry C          line   121 file /Users/jmsmith1/anaconda3/envs/jupyterenv/share/psi4/basis/cc-pvdz-jkfit.gbs 
    atoms 2-3    entry O          line   221 file /Users/jmsmith1/anaconda3/envs/jupyterenv/share/psi4/basis/cc-pvdz-jkfit.gbs 
    atoms 7-12   entry H          line    51 file /Users/jmsmith1/anaconda3/envs/jupyterenv/share/psi4/basis/cc-pvdz-jkfit.gbs 

  ==> Integral Setup <==

  DFHelper Memory: AOs need 0.151 GiB; user supplied 3.602 GiB. 
  SCF_SUBTYPE=INCORE selected. In-core MEM_DF algorithm will be used.
  Using in-core AOs.

  ==> MemDFJK: Density-Fitted J/K Matrices <==

    J tasked:                   Yes
    K tasked:                   Yes
    wK tasked:                  Yes
    Omega:                2.000E-01
    OpenMP threads:               4
    Memory [MiB]:              3688
    Algorithm:                 Core
    Schwarz Cutoff:           1E-12
    Mask sparsity (%):       1.7686
    Fitting Condition:        1E-10

   => Auxiliary Basis Set <=

  Basis Set: (6-31G* AUX)
    Blend: CC-PVDZ-JKFIT
    Number of shells: 198
    Number of basis functions: 636
    Number of Cartesian functions: 636
    Spherical Harmonics?: false
    Max angular momentum: 3

  Cached 100.0% of DFT collocation blocks in 0.589 [GiB].

  Minimum eigenvalue in the overlap matrix is 3.4912137782E-03.
  Reciprocal condition number of the overlap matrix is 5.1095650365E-04.
    Using symmetric orthogonalization.

  ==> Pre-Iterations <==

  SCF Guess: Superposition of Atomic Densities via on-the-fly atomic UHF (no occupation information).

   -------------------------
    Irrep   Nso     Nmo    
   -------------------------
     A        102     102 
   -------------------------
    Total     102     102
   -------------------------

  ==> Iterations <==

                           Total Energy        Delta E     RMS |[F,P]|

   @DF-RKS iter SAD:  -300.23469295402901   -3.00235e+02   0.00000e+00 
   @DF-RKS iter   1:  -296.85357353258166    3.38112e+00   3.39599e-02 DIIS/ADIIS
   @DF-RKS iter   2:  -274.97960532948611    2.18740e+01   6.30832e-02 DIIS/ADIIS
   @DF-RKS iter   3:  -304.77578917506611   -2.97962e+01   1.68820e-02 DIIS/ADIIS
   @DF-RKS iter   4:  -304.22435387381188    5.51435e-01   1.89877e-02 DIIS/ADIIS
   @DF-RKS iter   5:  -306.10567574987209   -1.88132e+00   3.75877e-03 DIIS/ADIIS
   @DF-RKS iter   6:  -306.16722972554720   -6.15540e-02   2.03418e-03 DIIS/ADIIS
   @DF-RKS iter   7:  -306.18738154488153   -2.01518e-02   3.74839e-04 DIIS/ADIIS
   @DF-RKS iter   8:  -306.18783088459435   -4.49340e-04   2.94555e-04 DIIS/ADIIS
   @DF-RKS iter   9:  -306.18828216782407   -4.51283e-04   6.11576e-05 DIIS
   @DF-RKS iter  10:  -306.18830791405884   -2.57462e-05   2.54261e-05 DIIS
   @DF-RKS iter  11:  -306.18831099130745   -3.07725e-06   1.43094e-05 DIIS
   @DF-RKS iter  12:  -306.18831223481976   -1.24351e-06   6.28303e-06 DIIS
   @DF-RKS iter  13:  -306.18831256110650   -3.26287e-07   1.07900e-06 DIIS
   @DF-RKS iter  14:  -306.18831258842118   -2.73147e-08   5.43458e-07 DIIS
   @DF-RKS iter  15:  -306.18831259592872   -7.50754e-09   2.95672e-07 DIIS
   @DF-RKS iter  16:  -306.18831260311794   -7.18921e-09   6.98136e-08 DIIS
  Energy and wave function converged.


  ==> Post-Iterations <==

   Electrons on quadrature grid:
      Ntotal   =   45.9999733812 ; deviation = -2.662e-05 

    Orbital Energies [Eh]
    ---------------------

    Doubly Occupied:                                                      

       1A    -19.419917     2A    -19.252029     3A    -10.416763  
       4A    -10.335581     5A    -10.334712     6A    -10.321859  
       7A     -1.286311     8A     -0.991836     9A     -0.903989  
      10A     -0.847423    11A     -0.749826    12A     -0.651385  
      13A     -0.615277    14A     -0.592802    15A     -0.578722  
      16A     -0.535956    17A     -0.522543    18A     -0.500104  
      19A     -0.495749    20A     -0.451713    21A     -0.393442  
      22A     -0.307929    23A     -0.293513  

    Virtual:                                                              

      24A     -0.025561    25A      0.105908    26A      0.172906  
      27A      0.179054    28A      0.211904    29A      0.235223  
      30A      0.238884    31A      0.257387    32A      0.262258  
      33A      0.299231    34A      0.340767    35A      0.410320  
      36A      0.431295    37A      0.561972    38A      0.581643  
      39A      0.600646    40A      0.642568    41A      0.652673  
      42A      0.674737    43A      0.698962    44A      0.706276  
      45A      0.741240    46A      0.786995    47A      0.832086  
      48A      0.898651    49A      0.911648    50A      0.930364  
      51A      0.950970    52A      0.952277    53A      0.981170  
      54A      1.016917    55A      1.030400    56A      1.040571  
      57A      1.072671    58A      1.109749    59A      1.142694  
      60A      1.166685    61A      1.201857    62A      1.217372  
      63A      1.352484    64A      1.377793    65A      1.421800  
      66A      1.456784    67A      1.504620    68A      1.606465  
      69A      1.633687    70A      1.700831    71A      1.749223  
      72A      1.767590    73A      1.843615    74A      1.880375  
      75A      1.925235    76A      1.932944    77A      1.969182  
      78A      2.013246    79A      2.059744    80A      2.138741  
      81A      2.201221    82A      2.222669    83A      2.293115  
      84A      2.362524    85A      2.368718    86A      2.429097  
      87A      2.457863    88A      2.509511    89A      2.557541  
      90A      2.583439    91A      2.702421    92A      2.755322  
      93A      2.912345    94A      2.927913    95A      3.121253  
      96A      3.229651    97A      3.601978    98A      4.108517  
      99A      4.145799   100A      4.256899   101A      4.343502  
     102A      4.597221  

    Final Occupation by Irrep:
              A 
    DOCC [    23 ]
    NA   [    23 ]
    NB   [    23 ]

  @DF-RKS Final Energy:  -306.18831260311794

   => Energetics <=

    Nuclear Repulsion Energy =            222.4661001616530882
    One-Electron Energy =                -856.4986975807291856
    Two-Electron Energy =                 356.1219123210249791
    DFT Exchange-Correlation Energy =     -28.2733465052770647
    Empirical Dispersion Energy =          -0.0042809997897966
    VV10 Nonlocal Energy =                  0.0000000000000000
    Total Energy =                       -306.1883126031179359

Computation Completed


Properties will be evaluated at   0.000000,   0.000000,   0.000000 [a0]

Properties computed using the SCF density matrix


 Multipole Moments:

 ------------------------------------------------------------------------------------
     Multipole            Electronic (a.u.)      Nuclear  (a.u.)        Total (a.u.)
 ------------------------------------------------------------------------------------

 L = 1.  Multiply by 2.5417464519 to convert [e a0] to [Debye]
 Dipole X            :         -1.5855113           -0.3148549           -1.9003663
 Dipole Y            :          0.7898385           -0.0944156            0.6954229
 Dipole Z            :          0.3004844           -0.2940991            0.0063853
 Magnitude           :                                                    2.0236219

 ------------------------------------------------------------------------------------

*** tstop() called on cst14372 at Tue Apr 21 10:10:34 2026
Module time:
	user time   =      26.79 seconds =       0.45 minutes
	system time =       0.29 seconds =       0.00 minutes
	total time  =         13 seconds =       0.22 minutes
Total time:
	user time   =    1157.31 seconds =      19.29 minutes
	system time =      18.08 seconds =       0.30 minutes
	total time  =        558 seconds =       9.30 minutes

Scratch directory: /tmp/
gradient() will perform analytic gradient computation.

*** tstart() called on cst14372
*** at Tue Apr 21 10:10:34 2026


         ------------------------------------------------------------
                                   SCF GRAD                          
                          Rob Parrish, Justin Turney,                
                       Andy Simmonett, and Alex Sokolov              
         ------------------------------------------------------------

  ==> Geometry <==

    Molecular point group: c1
    Full point group: C1

    Geometry (in Angstrom), charge = 0, multiplicity = 1:

       Center              X                  Y                   Z               Mass       
    ------------   -----------------  -----------------  -----------------  -----------------
         C            0.065455593800     0.337271249400     0.086049091300    12.000000000000
         O            1.377251383800     0.337282388700     0.021505773700    15.994914619570
         O            2.056067328700    -0.798305569800    -0.002453088000    15.994914619570
         C           -0.726546054900    -0.918600283400     0.019320437400    12.000000000000
         C           -2.073282515200    -0.963331631400    -0.134627752400    12.000000000000
         C           -0.603542848800     1.719417114700     0.031488286200    12.000000000000
         H           -0.283076546500    -1.834653104900     0.332545003300     1.007825032230
         H           -2.625174340200    -0.071198883400    -0.372879574000     1.007825032230
         H           -2.666404801200    -1.871503378000    -0.212688402500     1.007825032230
         H            0.273746301000     2.353062352000    -0.065660334500     1.007825032230
         H           -1.165205992000     2.124020657300     0.842478752300     1.007825032230
         H           -1.139553421400     1.889956505500    -0.845227823600     1.007825032230

  Nuclear repulsion =  222.466100161653088

  ==> Basis Set <==

  Basis Set: 6-31G*
    Blend: 6-31G*
    Number of shells: 48
    Number of basis functions: 102
    Number of Cartesian functions: 102
    Spherical Harmonics?: false
    Max angular momentum: 2

  ==> DFJKGrad: Density-Fitted SCF Gradients <==

    Gradient:                    1
    J tasked:                  Yes
    K tasked:                  Yes
    wK tasked:                 Yes
    Omega:               2.000E-01
    OpenMP threads:              4
    Integrals threads:           4
    Memory [MiB]:             4291
    Schwarz Cutoff:          1E-12
    Fitting Condition:       1E-10

   => Auxiliary Basis Set <=

  Basis Set: (6-31G* AUX)
    Blend: CC-PVDZ-JKFIT
    Number of shells: 198
    Number of basis functions: 636
    Number of Cartesian functions: 636
    Spherical Harmonics?: false
    Max angular momentum: 3

  ==> DFT Potential <==

   => LibXC <=

    Version 7.0.0
    S. Lehtola, C. Steigemann, M. J.T. Oliveira, and M. A.L. Marques.,  SoftwareX 7, 1–5 (2018) (10.1016/j.softx.2017.11.002)

   => Composite Functional: WB97X-D <= 

    wB97X-D Hyb-GGA Exchange-Correlation Functional

    J.-D. Chai and M. Head-Gordon.,  Phys. Chem. Chem. Phys. 10, 6615-6620 (2008) (10.1039/B810189B)

    Deriv               =              1
    GGA                 =           TRUE
    Meta                =          FALSE

    Exchange Hybrid     =           TRUE
    MP2 Hybrid          =          FALSE

   => Exchange-Correlation Functionals <=

    1.0000   wB97X-D range-separated functional

   => Exact (HF) Exchange <=

    0.7780            HF,LR [omega = 0.2000]
    0.2220               HF 

   => LibXC Density Thresholds  <==

    XC_HYB_GGA_XC_WB97X_D:  1.00E-14 

   => Molecular Quadrature <=

    Radial Scheme          =       TREUTLER
    Pruning Scheme         =           NONE
    Nuclear Scheme         =       TREUTLER

    Blocking Scheme        =         OCTREE
    BS radius alpha        =              1
    Pruning alpha          =              1
    Radial Points          =             75
    Spherical Points       =            302
    Total Points           =         254493
    Total Blocks           =           1925
    Max Points             =            256
    Max Functions          =            100
    Weights Tolerance      =       1.00E-15


  -Total Gradient:
     Atom            X                  Y                   Z
    ------   -----------------  -----------------  -----------------
       1        0.008468113898     0.010709100222     0.009985383358
       2        0.047042028108    -0.011828950962    -0.008757097421
       3        0.000927548461     0.007603247480     0.001359030297
       4        0.016426472420    -0.012066268008    -0.019722874482
       5       -0.018313845908    -0.011759021554     0.013269248897
       6       -0.064235832101     0.012081743907    -0.006744066794
       7       -0.019395366513     0.010247456252     0.004936670338
       8        0.005382088335    -0.008821804303     0.000411968497
       9       -0.007570986113     0.002860790916    -0.007283052521
      10       -0.002449700578    -0.011951768270    -0.000731091276
      11        0.010191980186     0.009577385747    -0.021828033004
      12        0.023728616203     0.003151285127     0.034807352496


*** tstop() called on cst14372 at Tue Apr 21 10:10:36 2026
Module time:
	user time   =       3.91 seconds =       0.07 minutes
	system time =       0.06 seconds =       0.00 minutes
	total time  =          2 seconds =       0.03 minutes
Total time:
	user time   =    1161.24 seconds =      19.35 minutes
	system time =      18.14 seconds =       0.30 minutes
	total time  =        560 seconds =       9.33 minutes

Scratch directory: /tmp/
   => Libint2 <=

    Primary   basis highest AM E, G, H:  6, 6, 3
    Auxiliary basis highest AM E, G, H:  7, 7, 4
    Onebody   basis highest AM E, G, H:  -, -, -
    Solid Harmonics ordering:            Gaussian

*** tstart() called on cst14372
*** at Tue Apr 21 10:10:36 2026

   => Loading Basis Set <=

    Name: 6-31G*
    Role: ORBITAL
    Keyword: BASIS
    atoms 1, 4-6 entry C          line   111 file /Users/jmsmith1/anaconda3/envs/jupyterenv/share/psi4/basis/6-31gs.gbs 
    atoms 2-3    entry O          line   145 file /Users/jmsmith1/anaconda3/envs/jupyterenv/share/psi4/basis/6-31gs.gbs 
    atoms 7-12   entry H          line    44 file /Users/jmsmith1/anaconda3/envs/jupyterenv/share/psi4/basis/6-31gs.gbs 

   => WB97X-D: Empirical Dispersion <=

    Chai and Head-Gordon Dispersion Correction
    Chai, J.-D.; Head-Gordon, M. (2010), J. Chem. Phys., 132: 6615-6620

        s6 =       1.000000


         ---------------------------------------------------------
                                   SCF
               by Justin Turney, Rob Parrish, Andy Simmonett
                          and Daniel G. A. Smith
                              RKS Reference
                        4 Threads,   5722 MiB Core
         ---------------------------------------------------------

  ==> Geometry <==

    Molecular point group: c1
    Full point group: C1

    Geometry (in Angstrom), charge = 0, multiplicity = 1:

       Center              X                  Y                   Z               Mass       
    ------------   -----------------  -----------------  -----------------  -----------------
         C            0.065208131600     0.335916481400     0.088190689000    12.000000000000
         O            1.376635762300     0.338966482300     0.022388533300    15.994914619570
         O            2.058375847700    -0.796396993600    -0.002572794500    15.994914619570
         C           -0.728114770600    -0.920230914600     0.020888058100    12.000000000000
         C           -2.073427163100    -0.964830942400    -0.139202259200    12.000000000000
         C           -0.604191488700     1.719877991800     0.032476123900    12.000000000000
         H           -0.275488967800    -1.835498381900     0.337962737400     1.007825032230
         H           -2.626642137300    -0.069491953400    -0.383802072800     1.007825032230
         H           -2.660717200100    -1.874484805800    -0.214014016000     1.007825032230
         H            0.272299605300     2.355057330700    -0.067552397500     1.007825032230
         H           -1.165943660300     2.120518317700     0.849191445400     1.007825032230
         H           -1.144860959400     1.884791597500    -0.856335433100     1.007825032230

  Running in c1 symmetry.

  Rotational constants: A =      0.18184  B =      0.09388  C =      0.06281 [cm^-1]
  Rotational constants: A =   5451.49386  B =   2814.54719  C =   1882.89815 [MHz]
  Nuclear repulsion =  222.301727824484090

  Charge       = 0
  Multiplicity = 1
  Electrons    = 46
  Nalpha       = 23
  Nbeta        = 23

  ==> Algorithm <==

  SCF Algorithm Type is DF.
  DIIS enabled.
  MOM disabled.
  Fractional occupation disabled.
  Guess Type is SAD.
  Energy threshold   = 1.00e-07
  Density threshold  = 1.00e-07
  Integral threshold = 1.00e-12

  ==> Primary Basis <==

  Basis Set: 6-31G*
    Blend: 6-31G*
    Number of shells: 48
    Number of basis functions: 102
    Number of Cartesian functions: 102
    Spherical Harmonics?: false
    Max angular momentum: 2

  ==> DFT Potential <==

   => LibXC <=

    Version 7.0.0
    S. Lehtola, C. Steigemann, M. J.T. Oliveira, and M. A.L. Marques.,  SoftwareX 7, 1–5 (2018) (10.1016/j.softx.2017.11.002)

   => Composite Functional: WB97X-D <= 

    wB97X-D Hyb-GGA Exchange-Correlation Functional

    J.-D. Chai and M. Head-Gordon.,  Phys. Chem. Chem. Phys. 10, 6615-6620 (2008) (10.1039/B810189B)

    Deriv               =              1
    GGA                 =           TRUE
    Meta                =          FALSE

    Exchange Hybrid     =           TRUE
    MP2 Hybrid          =          FALSE

   => Exchange-Correlation Functionals <=

    1.0000   wB97X-D range-separated functional

   => Exact (HF) Exchange <=

    0.7780            HF,LR [omega = 0.2000]
    0.2220               HF 

   => LibXC Density Thresholds  <==

    XC_HYB_GGA_XC_WB97X_D:  1.00E-14 

   => Molecular Quadrature <=

    Radial Scheme          =       TREUTLER
    Pruning Scheme         =           NONE
    Nuclear Scheme         =       TREUTLER

    Blocking Scheme        =         OCTREE
    BS radius alpha        =              1
    Pruning alpha          =              1
    Radial Points          =             75
    Spherical Points       =            302
    Total Points           =         254531
    Total Blocks           =           1928
    Max Points             =            256
    Max Functions          =            100
    Weights Tolerance      =       1.00E-15

   => Loading Basis Set <=

    Name: (6-31G* AUX)
    Role: JKFIT
    Keyword: DF_BASIS_SCF
    atoms 1, 4-6 entry C          line   121 file /Users/jmsmith1/anaconda3/envs/jupyterenv/share/psi4/basis/cc-pvdz-jkfit.gbs 
    atoms 2-3    entry O          line   221 file /Users/jmsmith1/anaconda3/envs/jupyterenv/share/psi4/basis/cc-pvdz-jkfit.gbs 
    atoms 7-12   entry H          line    51 file /Users/jmsmith1/anaconda3/envs/jupyterenv/share/psi4/basis/cc-pvdz-jkfit.gbs 

  ==> Integral Setup <==

  DFHelper Memory: AOs need 0.151 GiB; user supplied 3.602 GiB. 
  SCF_SUBTYPE=INCORE selected. In-core MEM_DF algorithm will be used.
  Using in-core AOs.

  ==> MemDFJK: Density-Fitted J/K Matrices <==

    J tasked:                   Yes
    K tasked:                   Yes
    wK tasked:                  Yes
    Omega:                2.000E-01
    OpenMP threads:               4
    Memory [MiB]:              3688
    Algorithm:                 Core
    Schwarz Cutoff:           1E-12
    Mask sparsity (%):       1.7878
    Fitting Condition:        1E-10

   => Auxiliary Basis Set <=

  Basis Set: (6-31G* AUX)
    Blend: CC-PVDZ-JKFIT
    Number of shells: 198
    Number of basis functions: 636
    Number of Cartesian functions: 636
    Spherical Harmonics?: false
    Max angular momentum: 3

  Cached 100.0% of DFT collocation blocks in 0.589 [GiB].

  Minimum eigenvalue in the overlap matrix is 3.4933272193E-03.
  Reciprocal condition number of the overlap matrix is 5.1188034591E-04.
    Using symmetric orthogonalization.

  ==> Pre-Iterations <==

  SCF Guess: Superposition of Atomic Densities via on-the-fly atomic UHF (no occupation information).

   -------------------------
    Irrep   Nso     Nmo    
   -------------------------
     A        102     102 
   -------------------------
    Total     102     102
   -------------------------

  ==> Iterations <==

                           Total Energy        Delta E     RMS |[F,P]|

   @DF-RKS iter SAD:  -300.20926153733274   -3.00209e+02   0.00000e+00 
   @DF-RKS iter   1:  -296.86411806773179    3.34514e+00   3.39221e-02 DIIS/ADIIS
   @DF-RKS iter   2:  -274.96812286467917    2.18960e+01   6.30775e-02 DIIS/ADIIS
   @DF-RKS iter   3:  -304.77811613872643   -2.98100e+01   1.68773e-02 DIIS/ADIIS
   @DF-RKS iter   4:  -304.22325539557994    5.54861e-01   1.89910e-02 DIIS/ADIIS
   @DF-RKS iter   5:  -306.10745476100345   -1.88420e+00   3.75901e-03 DIIS/ADIIS
   @DF-RKS iter   6:  -306.16900695770994   -6.15522e-02   2.03164e-03 DIIS/ADIIS
   @DF-RKS iter   7:  -306.18908198987884   -2.00750e-02   3.81110e-04 DIIS/ADIIS
   @DF-RKS iter   8:  -306.18953342639929   -4.51437e-04   2.98970e-04 DIIS/ADIIS
   @DF-RKS iter   9:  -306.18999898586975   -4.65559e-04   6.05189e-05 DIIS
   @DF-RKS iter  10:  -306.19002448416455   -2.54983e-05   2.55506e-05 DIIS
   @DF-RKS iter  11:  -306.19002758486351   -3.10070e-06   1.43508e-05 DIIS
   @DF-RKS iter  12:  -306.19002883880296   -1.25394e-06   6.27655e-06 DIIS
   @DF-RKS iter  13:  -306.19002916649146   -3.27688e-07   1.06984e-06 DIIS
   @DF-RKS iter  14:  -306.19002919401890   -2.75274e-08   5.45236e-07 DIIS
   @DF-RKS iter  15:  -306.19002920156976   -7.55085e-09   2.97444e-07 DIIS
   @DF-RKS iter  16:  -306.19002920882474   -7.25498e-09   7.03187e-08 DIIS
  Energy and wave function converged.


  ==> Post-Iterations <==

   Electrons on quadrature grid:
      Ntotal   =   45.9999760464 ; deviation = -2.395e-05 

    Orbital Energies [Eh]
    ---------------------

    Doubly Occupied:                                                      

       1A    -19.419773     2A    -19.251858     3A    -10.416869  
       4A    -10.336042     5A    -10.335243     6A    -10.323460  
       7A     -1.285647     8A     -0.991475     9A     -0.903864  
      10A     -0.846077    11A     -0.749618    12A     -0.650391  
      13A     -0.614875    14A     -0.591705    15A     -0.578351  
      16A     -0.536090    17A     -0.521901    18A     -0.499978  
      19A     -0.495627    20A     -0.451122    21A     -0.393530  
      22A     -0.307858    23A     -0.293547  

    Virtual:                                                              

      24A     -0.025534    25A      0.105794    26A      0.171972  
      27A      0.178725    28A      0.211377    29A      0.233979  
      30A      0.238210    31A      0.256431    32A      0.259840  
      33A      0.298652    34A      0.340325    35A      0.409724  
      36A      0.430495    37A      0.561901    38A      0.582199  
      39A      0.600979    40A      0.643066    41A      0.653006  
      42A      0.673522    43A      0.699223    44A      0.706888  
      45A      0.740766    46A      0.786489    47A      0.830898  
      48A      0.898428    49A      0.911083    50A      0.929978  
      51A      0.949870    52A      0.950852    53A      0.978520  
      54A      1.015625    55A      1.027307    56A      1.039916  
      57A      1.068497    58A      1.109354    59A      1.142366  
      60A      1.167437    61A      1.201863    62A      1.216588  
      63A      1.352841    64A      1.377418    65A      1.421841  
      66A      1.456704    67A      1.504715    68A      1.605488  
      69A      1.632740    70A      1.700007    71A      1.748778  
      72A      1.767982    73A      1.843004    74A      1.881654  
      75A      1.925361    76A      1.932826    77A      1.969869  
      78A      2.013093    79A      2.059126    80A      2.137201  
      81A      2.200950    82A      2.219620    83A      2.291427  
      84A      2.359983    85A      2.364386    86A      2.424647  
      87A      2.457169    88A      2.507044    89A      2.554925  
      90A      2.580527    91A      2.701027    92A      2.753734  
      93A      2.911338    94A      2.927547    95A      3.120190  
      96A      3.229254    97A      3.601473    98A      4.108293  
      99A      4.144493   100A      4.255508   101A      4.341698  
     102A      4.596330  

    Final Occupation by Irrep:
              A 
    DOCC [    23 ]
    NA   [    23 ]
    NB   [    23 ]

  @DF-RKS Final Energy:  -306.19002920882474

   => Energetics <=

    Nuclear Repulsion Energy =            222.3017278244840895
    One-Electron Energy =                -856.1871053654977004
    Two-Electron Energy =                 355.9658554621050257
    DFT Exchange-Correlation Energy =     -28.2662178240923367
    Empirical Dispersion Energy =          -0.0042893058237347
    VV10 Nonlocal Energy =                  0.0000000000000000
    Total Energy =                       -306.1900292088247397

Computation Completed


Properties will be evaluated at   0.000000,   0.000000,   0.000000 [a0]

Properties computed using the SCF density matrix


 Multipole Moments:

 ------------------------------------------------------------------------------------
     Multipole            Electronic (a.u.)      Nuclear  (a.u.)        Total (a.u.)
 ------------------------------------------------------------------------------------

 L = 1.  Multiply by 2.5417464519 to convert [e a0] to [Debye]
 Dipole X            :         -1.5917182           -0.3106940           -1.9024122
 Dipole Y            :          0.7929838           -0.1023406            0.6906433
 Dipole Z            :          0.3136870           -0.3059621            0.0077250
 Magnitude           :                                                    2.0239120

 ------------------------------------------------------------------------------------

*** tstop() called on cst14372 at Tue Apr 21 10:10:48 2026
Module time:
	user time   =      26.74 seconds =       0.45 minutes
	system time =       0.28 seconds =       0.00 minutes
	total time  =         12 seconds =       0.20 minutes
Total time:
	user time   =    1188.00 seconds =      19.80 minutes
	system time =      18.42 seconds =       0.31 minutes
	total time  =        572 seconds =       9.53 minutes

Scratch directory: /tmp/
gradient() will perform analytic gradient computation.

*** tstart() called on cst14372
*** at Tue Apr 21 10:10:48 2026


         ------------------------------------------------------------
                                   SCF GRAD                          
                          Rob Parrish, Justin Turney,                
                       Andy Simmonett, and Alex Sokolov              
         ------------------------------------------------------------

  ==> Geometry <==

    Molecular point group: c1
    Full point group: C1

    Geometry (in Angstrom), charge = 0, multiplicity = 1:

       Center              X                  Y                   Z               Mass       
    ------------   -----------------  -----------------  -----------------  -----------------
         C            0.065208131600     0.335916481400     0.088190689000    12.000000000000
         O            1.376635762300     0.338966482300     0.022388533300    15.994914619570
         O            2.058375847700    -0.796396993600    -0.002572794500    15.994914619570
         C           -0.728114770600    -0.920230914600     0.020888058100    12.000000000000
         C           -2.073427163100    -0.964830942400    -0.139202259200    12.000000000000
         C           -0.604191488700     1.719877991800     0.032476123900    12.000000000000
         H           -0.275488967800    -1.835498381900     0.337962737400     1.007825032230
         H           -2.626642137300    -0.069491953400    -0.383802072800     1.007825032230
         H           -2.660717200100    -1.874484805800    -0.214014016000     1.007825032230
         H            0.272299605300     2.355057330700    -0.067552397500     1.007825032230
         H           -1.165943660300     2.120518317700     0.849191445400     1.007825032230
         H           -1.144860959400     1.884791597500    -0.856335433100     1.007825032230

  Nuclear repulsion =  222.301727824484090

  ==> Basis Set <==

  Basis Set: 6-31G*
    Blend: 6-31G*
    Number of shells: 48
    Number of basis functions: 102
    Number of Cartesian functions: 102
    Spherical Harmonics?: false
    Max angular momentum: 2

  ==> DFJKGrad: Density-Fitted SCF Gradients <==

    Gradient:                    1
    J tasked:                  Yes
    K tasked:                  Yes
    wK tasked:                 Yes
    Omega:               2.000E-01
    OpenMP threads:              4
    Integrals threads:           4
    Memory [MiB]:             4291
    Schwarz Cutoff:          1E-12
    Fitting Condition:       1E-10

   => Auxiliary Basis Set <=

  Basis Set: (6-31G* AUX)
    Blend: CC-PVDZ-JKFIT
    Number of shells: 198
    Number of basis functions: 636
    Number of Cartesian functions: 636
    Spherical Harmonics?: false
    Max angular momentum: 3

  ==> DFT Potential <==

   => LibXC <=

    Version 7.0.0
    S. Lehtola, C. Steigemann, M. J.T. Oliveira, and M. A.L. Marques.,  SoftwareX 7, 1–5 (2018) (10.1016/j.softx.2017.11.002)

   => Composite Functional: WB97X-D <= 

    wB97X-D Hyb-GGA Exchange-Correlation Functional

    J.-D. Chai and M. Head-Gordon.,  Phys. Chem. Chem. Phys. 10, 6615-6620 (2008) (10.1039/B810189B)

    Deriv               =              1
    GGA                 =           TRUE
    Meta                =          FALSE

    Exchange Hybrid     =           TRUE
    MP2 Hybrid          =          FALSE

   => Exchange-Correlation Functionals <=

    1.0000   wB97X-D range-separated functional

   => Exact (HF) Exchange <=

    0.7780            HF,LR [omega = 0.2000]
    0.2220               HF 

   => LibXC Density Thresholds  <==

    XC_HYB_GGA_XC_WB97X_D:  1.00E-14 

   => Molecular Quadrature <=

    Radial Scheme          =       TREUTLER
    Pruning Scheme         =           NONE
    Nuclear Scheme         =       TREUTLER

    Blocking Scheme        =         OCTREE
    BS radius alpha        =              1
    Pruning alpha          =              1
    Radial Points          =             75
    Spherical Points       =            302
    Total Points           =         254531
    Total Blocks           =           1928
    Max Points             =            256
    Max Functions          =            100
    Weights Tolerance      =       1.00E-15


  -Total Gradient:
     Atom            X                  Y                   Z
    ------   -----------------  -----------------  -----------------
       1        0.008690056093     0.009232400756     0.010468061148
       2        0.046648092392    -0.010442692903    -0.008869839594
       3        0.001334349804     0.006903845497     0.001346300747
       4        0.013189638793    -0.010579658052    -0.020478763734
       5       -0.017626710681    -0.014598649343     0.013433285576
       6       -0.058693960942     0.011198365591    -0.000413669014
       7       -0.017022709999     0.007750220138     0.005782562074
       8        0.003669110752    -0.005722774910    -0.000348351798
       9       -0.006238579073     0.003641697058    -0.006961637525
      10       -0.002054621799    -0.011620572146    -0.000811854801
      11        0.009343961351     0.009889878872    -0.019251863360
      12        0.018988618563     0.004185370640     0.025840935543


*** tstop() called on cst14372 at Tue Apr 21 10:10:50 2026
Module time:
	user time   =       3.85 seconds =       0.06 minutes
	system time =       0.05 seconds =       0.00 minutes
	total time  =          2 seconds =       0.03 minutes
Total time:
	user time   =    1191.87 seconds =      19.86 minutes
	system time =      18.47 seconds =       0.31 minutes
	total time  =        574 seconds =       9.57 minutes

Scratch directory: /tmp/
   => Libint2 <=

    Primary   basis highest AM E, G, H:  6, 6, 3
    Auxiliary basis highest AM E, G, H:  7, 7, 4
    Onebody   basis highest AM E, G, H:  -, -, -
    Solid Harmonics ordering:            Gaussian

*** tstart() called on cst14372
*** at Tue Apr 21 10:10:50 2026

   => Loading Basis Set <=

    Name: 6-31G*
    Role: ORBITAL
    Keyword: BASIS
    atoms 1, 4-6 entry C          line   111 file /Users/jmsmith1/anaconda3/envs/jupyterenv/share/psi4/basis/6-31gs.gbs 
    atoms 2-3    entry O          line   145 file /Users/jmsmith1/anaconda3/envs/jupyterenv/share/psi4/basis/6-31gs.gbs 
    atoms 7-12   entry H          line    44 file /Users/jmsmith1/anaconda3/envs/jupyterenv/share/psi4/basis/6-31gs.gbs 

   => WB97X-D: Empirical Dispersion <=

    Chai and Head-Gordon Dispersion Correction
    Chai, J.-D.; Head-Gordon, M. (2010), J. Chem. Phys., 132: 6615-6620

        s6 =       1.000000


         ---------------------------------------------------------
                                   SCF
               by Justin Turney, Rob Parrish, Andy Simmonett
                          and Daniel G. A. Smith
                              RKS Reference
                        4 Threads,   5722 MiB Core
         ---------------------------------------------------------

  ==> Geometry <==

    Molecular point group: c1
    Full point group: C1

    Geometry (in Angstrom), charge = 0, multiplicity = 1:

       Center              X                  Y                   Z               Mass       
    ------------   -----------------  -----------------  -----------------  -----------------
         C            0.064934982100     0.334532083600     0.090306570700    12.000000000000
         O            1.375917440100     0.340676879500     0.023292461400    15.994914619570
         O            2.060686412800    -0.794499332600    -0.002695683400    15.994914619570
         C           -0.729725030500    -0.921834412000     0.022518322300    12.000000000000
         C           -2.073521092600    -0.966291203600    -0.143825455500    12.000000000000
         C           -0.604671603000     1.720307437700     0.033467275700    12.000000000000
         H           -0.267297932200    -1.836612814700     0.343192609000     1.007825032230
         H           -2.628239645500    -0.067583958600    -0.394735956800     1.007825032230
         H           -2.654802212600    -1.877598242200    -0.215102327100     1.007825032230
         H            0.270920684400     2.357457436600    -0.069420509300     1.007825032230
         H           -1.167005230000     2.116667321700     0.856582615800     1.007825032230
         H           -1.150834883600     1.879471248700    -0.868358227000     1.007825032230

  Running in c1 symmetry.

  Rotational constants: A =      0.18166  B =      0.09377  C =      0.06276 [cm^-1]
  Rotational constants: A =   5446.16821  B =   2811.09449  C =   1881.52604 [MHz]
  Nuclear repulsion =  222.130373726161793

  Charge       = 0
  Multiplicity = 1
  Electrons    = 46
  Nalpha       = 23
  Nbeta        = 23

  ==> Algorithm <==

  SCF Algorithm Type is DF.
  DIIS enabled.
  MOM disabled.
  Fractional occupation disabled.
  Guess Type is SAD.
  Energy threshold   = 1.00e-07
  Density threshold  = 1.00e-07
  Integral threshold = 1.00e-12

  ==> Primary Basis <==

  Basis Set: 6-31G*
    Blend: 6-31G*
    Number of shells: 48
    Number of basis functions: 102
    Number of Cartesian functions: 102
    Spherical Harmonics?: false
    Max angular momentum: 2

  ==> DFT Potential <==

   => LibXC <=

    Version 7.0.0
    S. Lehtola, C. Steigemann, M. J.T. Oliveira, and M. A.L. Marques.,  SoftwareX 7, 1–5 (2018) (10.1016/j.softx.2017.11.002)

   => Composite Functional: WB97X-D <= 

    wB97X-D Hyb-GGA Exchange-Correlation Functional

    J.-D. Chai and M. Head-Gordon.,  Phys. Chem. Chem. Phys. 10, 6615-6620 (2008) (10.1039/B810189B)

    Deriv               =              1
    GGA                 =           TRUE
    Meta                =          FALSE

    Exchange Hybrid     =           TRUE
    MP2 Hybrid          =          FALSE

   => Exchange-Correlation Functionals <=

    1.0000   wB97X-D range-separated functional

   => Exact (HF) Exchange <=

    0.7780            HF,LR [omega = 0.2000]
    0.2220               HF 

   => LibXC Density Thresholds  <==

    XC_HYB_GGA_XC_WB97X_D:  1.00E-14 

   => Molecular Quadrature <=

    Radial Scheme          =       TREUTLER
    Pruning Scheme         =           NONE
    Nuclear Scheme         =       TREUTLER

    Blocking Scheme        =         OCTREE
    BS radius alpha        =              1
    Pruning alpha          =              1
    Radial Points          =             75
    Spherical Points       =            302
    Total Points           =         254557
    Total Blocks           =           1934
    Max Points             =            256
    Max Functions          =            100
    Weights Tolerance      =       1.00E-15

   => Loading Basis Set <=

    Name: (6-31G* AUX)
    Role: JKFIT
    Keyword: DF_BASIS_SCF
    atoms 1, 4-6 entry C          line   121 file /Users/jmsmith1/anaconda3/envs/jupyterenv/share/psi4/basis/cc-pvdz-jkfit.gbs 
    atoms 2-3    entry O          line   221 file /Users/jmsmith1/anaconda3/envs/jupyterenv/share/psi4/basis/cc-pvdz-jkfit.gbs 
    atoms 7-12   entry H          line    51 file /Users/jmsmith1/anaconda3/envs/jupyterenv/share/psi4/basis/cc-pvdz-jkfit.gbs 

  ==> Integral Setup <==

  DFHelper Memory: AOs need 0.151 GiB; user supplied 3.602 GiB. 
  SCF_SUBTYPE=INCORE selected. In-core MEM_DF algorithm will be used.
  Using in-core AOs.

  ==> MemDFJK: Density-Fitted J/K Matrices <==

    J tasked:                   Yes
    K tasked:                   Yes
    wK tasked:                  Yes
    Omega:                2.000E-01
    OpenMP threads:               4
    Memory [MiB]:              3688
    Algorithm:                 Core
    Schwarz Cutoff:           1E-12
    Mask sparsity (%):       1.7878
    Fitting Condition:        1E-10

   => Auxiliary Basis Set <=

  Basis Set: (6-31G* AUX)
    Blend: CC-PVDZ-JKFIT
    Number of shells: 198
    Number of basis functions: 636
    Number of Cartesian functions: 636
    Spherical Harmonics?: false
    Max angular momentum: 3

  Cached 100.0% of DFT collocation blocks in 0.589 [GiB].

  Minimum eigenvalue in the overlap matrix is 3.4925300764E-03.
  Reciprocal condition number of the overlap matrix is 5.1240909297E-04.
    Using symmetric orthogonalization.

  ==> Pre-Iterations <==

  SCF Guess: Superposition of Atomic Densities via on-the-fly atomic UHF (no occupation information).

   -------------------------
    Irrep   Nso     Nmo    
   -------------------------
     A        102     102 
   -------------------------
    Total     102     102
   -------------------------

  ==> Iterations <==

                           Total Energy        Delta E     RMS |[F,P]|

   @DF-RKS iter SAD:  -300.18163542200170   -3.00182e+02   0.00000e+00 
   @DF-RKS iter   1:  -296.87308456484055    3.30855e+00   3.38851e-02 DIIS/ADIIS
   @DF-RKS iter   2:  -274.94871330411462    2.19244e+01   6.30805e-02 DIIS/ADIIS
   @DF-RKS iter   3:  -304.77946901557397   -2.98308e+01   1.68758e-02 DIIS/ADIIS
   @DF-RKS iter   4:  -304.21924847598700    5.60221e-01   1.90062e-02 DIIS/ADIIS
   @DF-RKS iter   5:  -306.10895026411487   -1.88970e+00   3.76074e-03 DIIS/ADIIS
   @DF-RKS iter   6:  -306.17053990011789   -6.15896e-02   2.03107e-03 DIIS/ADIIS
   @DF-RKS iter   7:  -306.19057453442770   -2.00346e-02   3.88108e-04 DIIS/ADIIS
   @DF-RKS iter   8:  -306.19103037130418   -4.55837e-04   3.03536e-04 DIIS/ADIIS
   @DF-RKS iter   9:  -306.19151113226178   -4.80761e-04   5.98385e-05 DIIS
   @DF-RKS iter  10:  -306.19153636648554   -2.52342e-05   2.57190e-05 DIIS
   @DF-RKS iter  11:  -306.19153949347105   -3.12699e-06   1.44530e-05 DIIS
   @DF-RKS iter  12:  -306.19154076709333   -1.27362e-06   6.28570e-06 DIIS
   @DF-RKS iter  13:  -306.19154109749695   -3.30404e-07   1.05464e-06 DIIS
   @DF-RKS iter  14:  -306.19154112515241   -2.76555e-08   5.46226e-07 DIIS
   @DF-RKS iter  15:  -306.19154113273783   -7.58541e-09   2.99245e-07 DIIS
   @DF-RKS iter  16:  -306.19154114003948   -7.30165e-09   7.10675e-08 DIIS
  Energy and wave function converged.


  ==> Post-Iterations <==

   Electrons on quadrature grid:
      Ntotal   =   45.9999790780 ; deviation = -2.092e-05 

    Orbital Energies [Eh]
    ---------------------

    Doubly Occupied:                                                      

       1A    -19.419609     2A    -19.251674     3A    -10.416975  
       4A    -10.336566     5A    -10.335793     6A    -10.325264  
       7A     -1.284954     8A     -0.991111     9A     -0.903745  
      10A     -0.844626    11A     -0.749395    12A     -0.649350  
      13A     -0.614435    14A     -0.590595    15A     -0.577939  
      16A     -0.536207    17A     -0.521092    18A     -0.499890  
      19A     -0.495374    20A     -0.450488    21A     -0.393630  
      22A     -0.307781    23A     -0.293580  

    Virtual:                                                              

      24A     -0.025510    25A      0.105688    26A      0.170717  
      27A      0.178432    28A      0.210688    29A      0.232647  
      30A      0.237394    31A      0.255118    32A      0.257547  
      33A      0.298064    34A      0.339868    35A      0.409117  
      36A      0.429698    37A      0.561809    38A      0.582749  
      39A      0.601396    40A      0.643641    41A      0.653401  
      42A      0.672326    43A      0.699516    44A      0.707642  
      45A      0.740316    46A      0.785930    47A      0.829590  
      48A      0.898122    49A      0.910339    50A      0.929396  
      51A      0.947250    52A      0.950351    53A      0.975715  
      54A      1.013541    55A      1.024203    56A      1.039381  
      57A      1.064406    58A      1.109044    59A      1.142191  
      60A      1.168253    61A      1.201908    62A      1.215889  
      63A      1.353245    64A      1.377093    65A      1.421864  
      66A      1.456547    67A      1.504893    68A      1.604354  
      69A      1.631809    70A      1.698985    71A      1.748364  
      72A      1.768418    73A      1.842487    74A      1.883002  
      75A      1.925343    76A      1.932910    77A      1.970643  
      78A      2.012744    79A      2.058482    80A      2.135529  
      81A      2.200560    82A      2.215888    83A      2.289793  
      84A      2.356979    85A      2.359197    86A      2.419842  
      87A      2.456621    88A      2.504743    89A      2.552231  
      90A      2.577766    91A      2.699635    92A      2.752120  
      93A      2.910371    94A      2.927080    95A      3.119167  
      96A      3.228992    97A      3.600974    98A      4.108006  
      99A      4.143192   100A      4.254004   101A      4.339719  
     102A      4.595453  

    Final Occupation by Irrep:
              A 
    DOCC [    23 ]
    NA   [    23 ]
    NB   [    23 ]

  @DF-RKS Final Energy:  -306.19154114003948

   => Energetics <=

    Nuclear Repulsion Energy =            222.1303737261617925
    One-Electron Energy =                -855.8622994968930016
    Two-Electron Energy =                 355.8030931656004441
    DFT Exchange-Correlation Energy =     -28.2584098727916135
    Empirical Dispersion Energy =          -0.0042986621170987
    VV10 Nonlocal Energy =                  0.0000000000000000
    Total Energy =                       -306.1915411400394760

Computation Completed


Properties will be evaluated at   0.000000,   0.000000,   0.000000 [a0]

Properties computed using the SCF density matrix


 Multipole Moments:

 ------------------------------------------------------------------------------------
     Multipole            Electronic (a.u.)      Nuclear  (a.u.)        Total (a.u.)
 ------------------------------------------------------------------------------------

 L = 1.  Multiply by 2.5417464519 to convert [e a0] to [Debye]
 Dipole X            :         -1.5977892           -0.3067495           -1.9045388
 Dipole Y            :          0.7962659           -0.1105399            0.6857260
 Dipole Z            :          0.3272038           -0.3179791            0.0092247
 Magnitude           :                                                    2.0242463

 ------------------------------------------------------------------------------------

*** tstop() called on cst14372 at Tue Apr 21 10:11:03 2026
Module time:
	user time   =      26.75 seconds =       0.45 minutes
	system time =       0.30 seconds =       0.00 minutes
	total time  =         13 seconds =       0.22 minutes
Total time:
	user time   =    1218.65 seconds =      20.31 minutes
	system time =      18.78 seconds =       0.31 minutes
	total time  =        587 seconds =       9.78 minutes

Scratch directory: /tmp/
gradient() will perform analytic gradient computation.

*** tstart() called on cst14372
*** at Tue Apr 21 10:11:03 2026


         ------------------------------------------------------------
                                   SCF GRAD                          
                          Rob Parrish, Justin Turney,                
                       Andy Simmonett, and Alex Sokolov              
         ------------------------------------------------------------

  ==> Geometry <==

    Molecular point group: c1
    Full point group: C1

    Geometry (in Angstrom), charge = 0, multiplicity = 1:

       Center              X                  Y                   Z               Mass       
    ------------   -----------------  -----------------  -----------------  -----------------
         C            0.064934982100     0.334532083600     0.090306570700    12.000000000000
         O            1.375917440100     0.340676879500     0.023292461400    15.994914619570
         O            2.060686412800    -0.794499332600    -0.002695683400    15.994914619570
         C           -0.729725030500    -0.921834412000     0.022518322300    12.000000000000
         C           -2.073521092600    -0.966291203600    -0.143825455500    12.000000000000
         C           -0.604671603000     1.720307437700     0.033467275700    12.000000000000
         H           -0.267297932200    -1.836612814700     0.343192609000     1.007825032230
         H           -2.628239645500    -0.067583958600    -0.394735956800     1.007825032230
         H           -2.654802212600    -1.877598242200    -0.215102327100     1.007825032230
         H            0.270920684400     2.357457436600    -0.069420509300     1.007825032230
         H           -1.167005230000     2.116667321700     0.856582615800     1.007825032230
         H           -1.150834883600     1.879471248700    -0.868358227000     1.007825032230

  Nuclear repulsion =  222.130373726161793

  ==> Basis Set <==

  Basis Set: 6-31G*
    Blend: 6-31G*
    Number of shells: 48
    Number of basis functions: 102
    Number of Cartesian functions: 102
    Spherical Harmonics?: false
    Max angular momentum: 2

  ==> DFJKGrad: Density-Fitted SCF Gradients <==

    Gradient:                    1
    J tasked:                  Yes
    K tasked:                  Yes
    wK tasked:                 Yes
    Omega:               2.000E-01
    OpenMP threads:              4
    Integrals threads:           4
    Memory [MiB]:             4291
    Schwarz Cutoff:          1E-12
    Fitting Condition:       1E-10

   => Auxiliary Basis Set <=

  Basis Set: (6-31G* AUX)
    Blend: CC-PVDZ-JKFIT
    Number of shells: 198
    Number of basis functions: 636
    Number of Cartesian functions: 636
    Spherical Harmonics?: false
    Max angular momentum: 3

  ==> DFT Potential <==

   => LibXC <=

    Version 7.0.0
    S. Lehtola, C. Steigemann, M. J.T. Oliveira, and M. A.L. Marques.,  SoftwareX 7, 1–5 (2018) (10.1016/j.softx.2017.11.002)

   => Composite Functional: WB97X-D <= 

    wB97X-D Hyb-GGA Exchange-Correlation Functional

    J.-D. Chai and M. Head-Gordon.,  Phys. Chem. Chem. Phys. 10, 6615-6620 (2008) (10.1039/B810189B)

    Deriv               =              1
    GGA                 =           TRUE
    Meta                =          FALSE

    Exchange Hybrid     =           TRUE
    MP2 Hybrid          =          FALSE

   => Exchange-Correlation Functionals <=

    1.0000   wB97X-D range-separated functional

   => Exact (HF) Exchange <=

    0.7780            HF,LR [omega = 0.2000]
    0.2220               HF 

   => LibXC Density Thresholds  <==

    XC_HYB_GGA_XC_WB97X_D:  1.00E-14 

   => Molecular Quadrature <=

    Radial Scheme          =       TREUTLER
    Pruning Scheme         =           NONE
    Nuclear Scheme         =       TREUTLER

    Blocking Scheme        =         OCTREE
    BS radius alpha        =              1
    Pruning alpha          =              1
    Radial Points          =             75
    Spherical Points       =            302
    Total Points           =         254557
    Total Blocks           =           1934
    Max Points             =            256
    Max Functions          =            100
    Weights Tolerance      =       1.00E-15


  -Total Gradient:
     Atom            X                  Y                   Z
    ------   -----------------  -----------------  -----------------
       1        0.008896846001     0.007709598572     0.010967915941
       2        0.046154360696    -0.008996169158    -0.008970050913
       3        0.001766055432     0.006165733757     0.001327927617
       4        0.009720762946    -0.008899612575    -0.021286071417
       5       -0.016859621032    -0.017421563371     0.013602319685
       6       -0.052803216535     0.010202146490     0.005783282641
       7       -0.014447788285     0.005028212358     0.006717143924
       8        0.001919404086    -0.002553339218    -0.001161770584
       9       -0.004899706845     0.004389188899    -0.006615502739
      10       -0.001545839784    -0.011186053626    -0.000901392768
      11        0.008255858925     0.010320261626    -0.016277203747
      12        0.014091490863     0.005116395306     0.016586623744


*** tstop() called on cst14372 at Tue Apr 21 10:11:05 2026
Module time:
	user time   =       3.94 seconds =       0.07 minutes
	system time =       0.05 seconds =       0.00 minutes
	total time  =          2 seconds =       0.03 minutes
Total time:
	user time   =    1222.61 seconds =      20.38 minutes
	system time =      18.83 seconds =       0.31 minutes
	total time  =        589 seconds =       9.82 minutes

Scratch directory: /tmp/
   => Libint2 <=

    Primary   basis highest AM E, G, H:  6, 6, 3
    Auxiliary basis highest AM E, G, H:  7, 7, 4
    Onebody   basis highest AM E, G, H:  -, -, -
    Solid Harmonics ordering:            Gaussian

*** tstart() called on cst14372
*** at Tue Apr 21 10:11:05 2026

   => Loading Basis Set <=

    Name: 6-31G*
    Role: ORBITAL
    Keyword: BASIS
    atoms 1, 4-6 entry C          line   111 file /Users/jmsmith1/anaconda3/envs/jupyterenv/share/psi4/basis/6-31gs.gbs 
    atoms 2-3    entry O          line   145 file /Users/jmsmith1/anaconda3/envs/jupyterenv/share/psi4/basis/6-31gs.gbs 
    atoms 7-12   entry H          line    44 file /Users/jmsmith1/anaconda3/envs/jupyterenv/share/psi4/basis/6-31gs.gbs 

   => WB97X-D: Empirical Dispersion <=

    Chai and Head-Gordon Dispersion Correction
    Chai, J.-D.; Head-Gordon, M. (2010), J. Chem. Phys., 132: 6615-6620

        s6 =       1.000000


         ---------------------------------------------------------
                                   SCF
               by Justin Turney, Rob Parrish, Andy Simmonett
                          and Daniel G. A. Smith
                              RKS Reference
                        4 Threads,   5722 MiB Core
         ---------------------------------------------------------

  ==> Geometry <==

    Molecular point group: c1
    Full point group: C1

    Geometry (in Angstrom), charge = 0, multiplicity = 1:

       Center              X                  Y                   Z               Mass       
    ------------   -----------------  -----------------  -----------------  -----------------
         C            0.064635554800     0.333122709600     0.092394769700    12.000000000000
         O            1.375097440400     0.342410112400     0.024217618800    15.994914619570
         O            2.062997579400    -0.792611424300    -0.002821694100    15.994914619570
         C           -0.731366522000    -0.923415229300     0.024213333700    12.000000000000
         C           -2.073566400400    -0.967703841600    -0.148496907800    12.000000000000
         C           -0.604999794700     1.720708177400     0.034443591300    12.000000000000
         H           -0.258592836200    -1.837902818200     0.348200845700     1.007825032230
         H           -2.629906425800    -0.065584229900    -0.405650777100     1.007825032230
         H           -2.648706863500    -1.880869049300    -0.215964551900     1.007825032230
         H            0.269592432300     2.360247975500    -0.071261120100     1.007825032230
         H           -1.168353594700     2.112452967600     0.864549408900     1.007825032230
         H           -1.157306319300     1.873964206800    -0.880976214400     1.007825032230

  Running in c1 symmetry.

  Rotational constants: A =      0.18148  B =      0.09365  C =      0.06272 [cm^-1]
  Rotational constants: A =   5440.75208  B =   2807.70429  C =   1880.21065 [MHz]
  Nuclear repulsion =  221.954996096618402

  Charge       = 0
  Multiplicity = 1
  Electrons    = 46
  Nalpha       = 23
  Nbeta        = 23

  ==> Algorithm <==

  SCF Algorithm Type is DF.
  DIIS enabled.
  MOM disabled.
  Fractional occupation disabled.
  Guess Type is SAD.
  Energy threshold   = 1.00e-07
  Density threshold  = 1.00e-07
  Integral threshold = 1.00e-12

  ==> Primary Basis <==

  Basis Set: 6-31G*
    Blend: 6-31G*
    Number of shells: 48
    Number of basis functions: 102
    Number of Cartesian functions: 102
    Spherical Harmonics?: false
    Max angular momentum: 2

  ==> DFT Potential <==

   => LibXC <=

    Version 7.0.0
    S. Lehtola, C. Steigemann, M. J.T. Oliveira, and M. A.L. Marques.,  SoftwareX 7, 1–5 (2018) (10.1016/j.softx.2017.11.002)

   => Composite Functional: WB97X-D <= 

    wB97X-D Hyb-GGA Exchange-Correlation Functional

    J.-D. Chai and M. Head-Gordon.,  Phys. Chem. Chem. Phys. 10, 6615-6620 (2008) (10.1039/B810189B)

    Deriv               =              1
    GGA                 =           TRUE
    Meta                =          FALSE

    Exchange Hybrid     =           TRUE
    MP2 Hybrid          =          FALSE

   => Exchange-Correlation Functionals <=

    1.0000   wB97X-D range-separated functional

   => Exact (HF) Exchange <=

    0.7780            HF,LR [omega = 0.2000]
    0.2220               HF 

   => LibXC Density Thresholds  <==

    XC_HYB_GGA_XC_WB97X_D:  1.00E-14 

   => Molecular Quadrature <=

    Radial Scheme          =       TREUTLER
    Pruning Scheme         =           NONE
    Nuclear Scheme         =       TREUTLER

    Blocking Scheme        =         OCTREE
    BS radius alpha        =              1
    Pruning alpha          =              1
    Radial Points          =             75
    Spherical Points       =            302
    Total Points           =         254577
    Total Blocks           =           1938
    Max Points             =            256
    Max Functions          =            100
    Weights Tolerance      =       1.00E-15

   => Loading Basis Set <=

    Name: (6-31G* AUX)
    Role: JKFIT
    Keyword: DF_BASIS_SCF
    atoms 1, 4-6 entry C          line   121 file /Users/jmsmith1/anaconda3/envs/jupyterenv/share/psi4/basis/cc-pvdz-jkfit.gbs 
    atoms 2-3    entry O          line   221 file /Users/jmsmith1/anaconda3/envs/jupyterenv/share/psi4/basis/cc-pvdz-jkfit.gbs 
    atoms 7-12   entry H          line    51 file /Users/jmsmith1/anaconda3/envs/jupyterenv/share/psi4/basis/cc-pvdz-jkfit.gbs 

  ==> Integral Setup <==

  DFHelper Memory: AOs need 0.151 GiB; user supplied 3.602 GiB. 
  SCF_SUBTYPE=INCORE selected. In-core MEM_DF algorithm will be used.
  Using in-core AOs.

  ==> MemDFJK: Density-Fitted J/K Matrices <==

    J tasked:                   Yes
    K tasked:                   Yes
    wK tasked:                  Yes
    Omega:                2.000E-01
    OpenMP threads:               4
    Memory [MiB]:              3688
    Algorithm:                 Core
    Schwarz Cutoff:           1E-12
    Mask sparsity (%):       1.7878
    Fitting Condition:        1E-10

   => Auxiliary Basis Set <=

  Basis Set: (6-31G* AUX)
    Blend: CC-PVDZ-JKFIT
    Number of shells: 198
    Number of basis functions: 636
    Number of Cartesian functions: 636
    Spherical Harmonics?: false
    Max angular momentum: 3

  Cached 100.0% of DFT collocation blocks in 0.589 [GiB].

  Minimum eigenvalue in the overlap matrix is 3.4894671609E-03.
  Reciprocal condition number of the overlap matrix is 5.1262056902E-04.
    Using symmetric orthogonalization.

  ==> Pre-Iterations <==

  SCF Guess: Superposition of Atomic Densities via on-the-fly atomic UHF (no occupation information).

   -------------------------
    Irrep   Nso     Nmo    
   -------------------------
     A        102     102 
   -------------------------
    Total     102     102
   -------------------------

  ==> Iterations <==

                           Total Energy        Delta E     RMS |[F,P]|

   @DF-RKS iter SAD:  -300.15236290101291   -3.00152e+02   0.00000e+00 
   @DF-RKS iter   1:  -296.88074537121844    3.27162e+00   3.38491e-02 DIIS/ADIIS
   @DF-RKS iter   2:  -274.92285817927581    2.19579e+01   6.30904e-02 DIIS/ADIIS
   @DF-RKS iter   3:  -304.77976309651979   -2.98569e+01   1.68776e-02 DIIS/ADIIS
   @DF-RKS iter   4:  -304.21225563574529    5.67507e-01   1.90332e-02 DIIS/ADIIS
   @DF-RKS iter   5:  -306.11005757894196   -1.89780e+00   3.76402e-03 DIIS/ADIIS
   @DF-RKS iter   6:  -306.17172699276728   -6.16694e-02   2.03247e-03 DIIS/ADIIS
   @DF-RKS iter   7:  -306.19175804331314   -2.00311e-02   3.95772e-04 DIIS/ADIIS
   @DF-RKS iter   8:  -306.19222071062660   -4.62667e-04   3.08191e-04 DIIS/ADIIS
   @DF-RKS iter   9:  -306.19271742012921   -4.96710e-04   5.91204e-05 DIIS
   @DF-RKS iter  10:  -306.19274237404699   -2.49539e-05   2.59300e-05 DIIS
   @DF-RKS iter  11:  -306.19274553021916   -3.15617e-06   1.46144e-05 DIIS
   @DF-RKS iter  12:  -306.19274683260562   -1.30239e-06   6.30929e-06 DIIS
   @DF-RKS iter  13:  -306.19274716687295   -3.34267e-07   1.03334e-06 DIIS
   @DF-RKS iter  14:  -306.19274719452841   -2.76555e-08   5.45888e-07 DIIS
   @DF-RKS iter  15:  -306.19274720209830   -7.56989e-09   3.00862e-07 DIIS
   @DF-RKS iter  16:  -306.19274720942832   -7.33002e-09   7.20687e-08 DIIS
  Energy and wave function converged.


  ==> Post-Iterations <==

   Electrons on quadrature grid:
      Ntotal   =   45.9999823604 ; deviation = -1.764e-05 

    Orbital Energies [Eh]
    ---------------------

    Doubly Occupied:                                                      

       1A    -19.419426     2A    -19.251479     3A    -10.417083  
       4A    -10.337149     5A    -10.336346     6A    -10.327219  
       7A     -1.284234     8A     -0.990748     9A     -0.903639  
      10A     -0.843112    11A     -0.749162    12A     -0.648291  
      13A     -0.613962    14A     -0.589492    15A     -0.577494  
      16A     -0.536300    17A     -0.520158    18A     -0.499857  
      19A     -0.494984    20A     -0.449817    21A     -0.393740  
      22A     -0.307697    23A     -0.293609  

    Virtual:                                                              

      24A     -0.025486    25A      0.105588    26A      0.169166  
      27A      0.178171    28A      0.209833    29A      0.231252  
      30A      0.236411    31A      0.253173    32A      0.255813  
      33A      0.297469    34A      0.339397    35A      0.408496  
      36A      0.428906    37A      0.561703    38A      0.583280  
      39A      0.601872    40A      0.644264    41A      0.653853  
      42A      0.671169    43A      0.699837    44A      0.708526  
      45A      0.739894    46A      0.785295    47A      0.828183  
      48A      0.897700    49A      0.909409    50A      0.928601  
      51A      0.944249    52A      0.949691    53A      0.972988  
      54A      1.010407    55A      1.021656    56A      1.038927  
      57A      1.060603    58A      1.108826    59A      1.142172  
      60A      1.169115    61A      1.202001    62A      1.215289  
      63A      1.353686    64A      1.376818    65A      1.421871  
      66A      1.456321    67A      1.505165    68A      1.603041  
      69A      1.630898    70A      1.697774    71A      1.747981  
      72A      1.768876    73A      1.842083    74A      1.884379  
      75A      1.925190    76A      1.933213    77A      1.971504  
      78A      2.012205    79A      2.057811    80A      2.133769  
      81A      2.200022    82A      2.211543    83A      2.288222  
      84A      2.352225    85A      2.354504    86A      2.415063  
      87A      2.456193    88A      2.502637    89A      2.549527  
      90A      2.575209    91A      2.698265    92A      2.750486  
      93A      2.909447    94A      2.926511    95A      3.118186  
      96A      3.228863    97A      3.600485    98A      4.107665  
      99A      4.141911   100A      4.252413   101A      4.337624  
     102A      4.594606  

    Final Occupation by Irrep:
              A 
    DOCC [    23 ]
    NA   [    23 ]
    NB   [    23 ]

  @DF-RKS Final Energy:  -306.19274720942832

   => Energetics <=

    Nuclear Repulsion Energy =            221.9549960966184017
    One-Electron Energy =                -855.5296385228494955
    Two-Electron Energy =                 355.6363392788700821
    DFT Exchange-Correlation Energy =     -28.2501350757177292
    Empirical Dispersion Energy =          -0.0043089863495740
    VV10 Nonlocal Energy =                  0.0000000000000000
    Total Energy =                       -306.1927472094283189

Computation Completed


Properties will be evaluated at   0.000000,   0.000000,   0.000000 [a0]

Properties computed using the SCF density matrix


 Multipole Moments:

 ------------------------------------------------------------------------------------
     Multipole            Electronic (a.u.)      Nuclear  (a.u.)        Total (a.u.)
 ------------------------------------------------------------------------------------

 L = 1.  Multiply by 2.5417464519 to convert [e a0] to [Debye]
 Dipole X            :         -1.6038503           -0.3029163           -1.9067666
 Dipole Y            :          0.7998217           -0.1191105            0.6807113
 Dipole Z            :          0.3408180           -0.3299581            0.0108599
 Magnitude           :                                                    2.0246592

 ------------------------------------------------------------------------------------

*** tstop() called on cst14372 at Tue Apr 21 10:11:18 2026
Module time:
	user time   =      26.82 seconds =       0.45 minutes
	system time =       0.31 seconds =       0.01 minutes
	total time  =         13 seconds =       0.22 minutes
Total time:
	user time   =    1249.45 seconds =      20.82 minutes
	system time =      19.14 seconds =       0.32 minutes
	total time  =        602 seconds =      10.03 minutes

Scratch directory: /tmp/
gradient() will perform analytic gradient computation.

*** tstart() called on cst14372
*** at Tue Apr 21 10:11:18 2026


         ------------------------------------------------------------
                                   SCF GRAD                          
                          Rob Parrish, Justin Turney,                
                       Andy Simmonett, and Alex Sokolov              
         ------------------------------------------------------------

  ==> Geometry <==

    Molecular point group: c1
    Full point group: C1

    Geometry (in Angstrom), charge = 0, multiplicity = 1:

       Center              X                  Y                   Z               Mass       
    ------------   -----------------  -----------------  -----------------  -----------------
         C            0.064635554800     0.333122709600     0.092394769700    12.000000000000
         O            1.375097440400     0.342410112400     0.024217618800    15.994914619570
         O            2.062997579400    -0.792611424300    -0.002821694100    15.994914619570
         C           -0.731366522000    -0.923415229300     0.024213333700    12.000000000000
         C           -2.073566400400    -0.967703841600    -0.148496907800    12.000000000000
         C           -0.604999794700     1.720708177400     0.034443591300    12.000000000000
         H           -0.258592836200    -1.837902818200     0.348200845700     1.007825032230
         H           -2.629906425800    -0.065584229900    -0.405650777100     1.007825032230
         H           -2.648706863500    -1.880869049300    -0.215964551900     1.007825032230
         H            0.269592432300     2.360247975500    -0.071261120100     1.007825032230
         H           -1.168353594700     2.112452967600     0.864549408900     1.007825032230
         H           -1.157306319300     1.873964206800    -0.880976214400     1.007825032230

  Nuclear repulsion =  221.954996096618402

  ==> Basis Set <==

  Basis Set: 6-31G*
    Blend: 6-31G*
    Number of shells: 48
    Number of basis functions: 102
    Number of Cartesian functions: 102
    Spherical Harmonics?: false
    Max angular momentum: 2

  ==> DFJKGrad: Density-Fitted SCF Gradients <==

    Gradient:                    1
    J tasked:                  Yes
    K tasked:                  Yes
    wK tasked:                 Yes
    Omega:               2.000E-01
    OpenMP threads:              4
    Integrals threads:           4
    Memory [MiB]:             4291
    Schwarz Cutoff:          1E-12
    Fitting Condition:       1E-10

   => Auxiliary Basis Set <=

  Basis Set: (6-31G* AUX)
    Blend: CC-PVDZ-JKFIT
    Number of shells: 198
    Number of basis functions: 636
    Number of Cartesian functions: 636
    Spherical Harmonics?: false
    Max angular momentum: 3

  ==> DFT Potential <==

   => LibXC <=

    Version 7.0.0
    S. Lehtola, C. Steigemann, M. J.T. Oliveira, and M. A.L. Marques.,  SoftwareX 7, 1–5 (2018) (10.1016/j.softx.2017.11.002)

   => Composite Functional: WB97X-D <= 

    wB97X-D Hyb-GGA Exchange-Correlation Functional

    J.-D. Chai and M. Head-Gordon.,  Phys. Chem. Chem. Phys. 10, 6615-6620 (2008) (10.1039/B810189B)

    Deriv               =              1
    GGA                 =           TRUE
    Meta                =          FALSE

    Exchange Hybrid     =           TRUE
    MP2 Hybrid          =          FALSE

   => Exchange-Correlation Functionals <=

    1.0000   wB97X-D range-separated functional

   => Exact (HF) Exchange <=

    0.7780            HF,LR [omega = 0.2000]
    0.2220               HF 

   => LibXC Density Thresholds  <==

    XC_HYB_GGA_XC_WB97X_D:  1.00E-14 

   => Molecular Quadrature <=

    Radial Scheme          =       TREUTLER
    Pruning Scheme         =           NONE
    Nuclear Scheme         =       TREUTLER

    Blocking Scheme        =         OCTREE
    BS radius alpha        =              1
    Pruning alpha          =              1
    Radial Points          =             75
    Spherical Points       =            302
    Total Points           =         254577
    Total Blocks           =           1938
    Max Points             =            256
    Max Functions          =            100
    Weights Tolerance      =       1.00E-15


  -Total Gradient:
     Atom            X                  Y                   Z
    ------   -----------------  -----------------  -----------------
       1        0.009090088716     0.006147251421     0.011484778397
       2        0.045563792028    -0.007498455951    -0.009057258762
       3        0.002220934388     0.005393627230     0.001303278496
       4        0.006081656675    -0.007131450356    -0.022107687808
       5       -0.016046743824    -0.020113109721     0.013757660844
       6       -0.046818621314     0.009196197486     0.011546406613
       7       -0.011726980920     0.002189407738     0.007702142167
       8        0.000185528514     0.000597439365    -0.002004214640
       9       -0.003580218291     0.005070585336    -0.006248334797
      10       -0.000932886465    -0.010652421258    -0.001001042521
      11        0.006973085062     0.010828748390    -0.012986105601
      12        0.009251819990     0.005886010200     0.007425363616


*** tstop() called on cst14372 at Tue Apr 21 10:11:20 2026
Module time:
	user time   =       3.69 seconds =       0.06 minutes
	system time =       0.06 seconds =       0.00 minutes
	total time  =          2 seconds =       0.03 minutes
Total time:
	user time   =    1253.16 seconds =      20.89 minutes
	system time =      19.20 seconds =       0.32 minutes
	total time  =        604 seconds =      10.07 minutes

Scratch directory: /tmp/
   => Libint2 <=

    Primary   basis highest AM E, G, H:  6, 6, 3
    Auxiliary basis highest AM E, G, H:  7, 7, 4
    Onebody   basis highest AM E, G, H:  -, -, -
    Solid Harmonics ordering:            Gaussian

*** tstart() called on cst14372
*** at Tue Apr 21 10:11:20 2026

   => Loading Basis Set <=

    Name: 6-31G*
    Role: ORBITAL
    Keyword: BASIS
    atoms 1, 4-6 entry C          line   111 file /Users/jmsmith1/anaconda3/envs/jupyterenv/share/psi4/basis/6-31gs.gbs 
    atoms 2-3    entry O          line   145 file /Users/jmsmith1/anaconda3/envs/jupyterenv/share/psi4/basis/6-31gs.gbs 
    atoms 7-12   entry H          line    44 file /Users/jmsmith1/anaconda3/envs/jupyterenv/share/psi4/basis/6-31gs.gbs 

   => WB97X-D: Empirical Dispersion <=

    Chai and Head-Gordon Dispersion Correction
    Chai, J.-D.; Head-Gordon, M. (2010), J. Chem. Phys., 132: 6615-6620

        s6 =       1.000000


         ---------------------------------------------------------
                                   SCF
               by Justin Turney, Rob Parrish, Andy Simmonett
                          and Daniel G. A. Smith
                              RKS Reference
                        4 Threads,   5722 MiB Core
         ---------------------------------------------------------

  ==> Geometry <==

    Molecular point group: c1
    Full point group: C1

    Geometry (in Angstrom), charge = 0, multiplicity = 1:

       Center              X                  Y                   Z               Mass       
    ------------   -----------------  -----------------  -----------------  -----------------
         C            0.064309291300     0.331693067200     0.094453395900    12.000000000000
         O            1.374176994200     0.344162683600     0.025164082200    15.994914619570
         O            2.065307980200    -0.790731919300    -0.002950758100    15.994914619570
         C           -0.733028499800    -0.924978182500     0.025975310700    12.000000000000
         C           -2.073565342600    -0.969060746300    -0.153216386500    12.000000000000
         C           -0.605193052200     1.721083003800     0.035388202400    12.000000000000
         H           -0.249468001900    -1.839270597300     0.352952245500     1.007825032230
         H           -2.631582532800    -0.063601593000    -0.416515649500     1.007825032230
         H           -2.642477330100    -1.884320479100    -0.216612795900     1.007825032230
         H            0.268294020600     2.363410802200    -0.073070439900     1.007825032230
         H           -1.169944819200     2.107857742900     0.872978068400     1.007825032230
         H           -1.164108204800     1.868244490900    -0.893872457900     1.007825032230

  Running in c1 symmetry.

  Rotational constants: A =      0.18130  B =      0.09354  C =      0.06268 [cm^-1]
  Rotational constants: A =   5435.31952  B =   2804.39278  C =   1878.95764 [MHz]
  Nuclear repulsion =  221.778489191356471

  Charge       = 0
  Multiplicity = 1
  Electrons    = 46
  Nalpha       = 23
  Nbeta        = 23

  ==> Algorithm <==

  SCF Algorithm Type is DF.
  DIIS enabled.
  MOM disabled.
  Fractional occupation disabled.
  Guess Type is SAD.
  Energy threshold   = 1.00e-07
  Density threshold  = 1.00e-07
  Integral threshold = 1.00e-12

  ==> Primary Basis <==

  Basis Set: 6-31G*
    Blend: 6-31G*
    Number of shells: 48
    Number of basis functions: 102
    Number of Cartesian functions: 102
    Spherical Harmonics?: false
    Max angular momentum: 2

  ==> DFT Potential <==

   => LibXC <=

    Version 7.0.0
    S. Lehtola, C. Steigemann, M. J.T. Oliveira, and M. A.L. Marques.,  SoftwareX 7, 1–5 (2018) (10.1016/j.softx.2017.11.002)

   => Composite Functional: WB97X-D <= 

    wB97X-D Hyb-GGA Exchange-Correlation Functional

    J.-D. Chai and M. Head-Gordon.,  Phys. Chem. Chem. Phys. 10, 6615-6620 (2008) (10.1039/B810189B)

    Deriv               =              1
    GGA                 =           TRUE
    Meta                =          FALSE

    Exchange Hybrid     =           TRUE
    MP2 Hybrid          =          FALSE

   => Exchange-Correlation Functionals <=

    1.0000   wB97X-D range-separated functional

   => Exact (HF) Exchange <=

    0.7780            HF,LR [omega = 0.2000]
    0.2220               HF 

   => LibXC Density Thresholds  <==

    XC_HYB_GGA_XC_WB97X_D:  1.00E-14 

   => Molecular Quadrature <=

    Radial Scheme          =       TREUTLER
    Pruning Scheme         =           NONE
    Nuclear Scheme         =       TREUTLER

    Blocking Scheme        =         OCTREE
    BS radius alpha        =              1
    Pruning alpha          =              1
    Radial Points          =             75
    Spherical Points       =            302
    Total Points           =         254609
    Total Blocks           =           1941
    Max Points             =            256
    Max Functions          =            100
    Weights Tolerance      =       1.00E-15

   => Loading Basis Set <=

    Name: (6-31G* AUX)
    Role: JKFIT
    Keyword: DF_BASIS_SCF
    atoms 1, 4-6 entry C          line   121 file /Users/jmsmith1/anaconda3/envs/jupyterenv/share/psi4/basis/cc-pvdz-jkfit.gbs 
    atoms 2-3    entry O          line   221 file /Users/jmsmith1/anaconda3/envs/jupyterenv/share/psi4/basis/cc-pvdz-jkfit.gbs 
    atoms 7-12   entry H          line    51 file /Users/jmsmith1/anaconda3/envs/jupyterenv/share/psi4/basis/cc-pvdz-jkfit.gbs 

  ==> Integral Setup <==

  DFHelper Memory: AOs need 0.151 GiB; user supplied 3.602 GiB. 
  SCF_SUBTYPE=INCORE selected. In-core MEM_DF algorithm will be used.
  Using in-core AOs.

  ==> MemDFJK: Density-Fitted J/K Matrices <==

    J tasked:                   Yes
    K tasked:                   Yes
    wK tasked:                  Yes
    Omega:                2.000E-01
    OpenMP threads:               4
    Memory [MiB]:              3688
    Algorithm:                 Core
    Schwarz Cutoff:           1E-12
    Mask sparsity (%):       1.8070
    Fitting Condition:        1E-10

   => Auxiliary Basis Set <=

  Basis Set: (6-31G* AUX)
    Blend: CC-PVDZ-JKFIT
    Number of shells: 198
    Number of basis functions: 636
    Number of Cartesian functions: 636
    Spherical Harmonics?: false
    Max angular momentum: 3

  Cached 100.0% of DFT collocation blocks in 0.589 [GiB].

  Minimum eigenvalue in the overlap matrix is 3.4845274451E-03.
  Reciprocal condition number of the overlap matrix is 5.1255586865E-04.
    Using symmetric orthogonalization.

  ==> Pre-Iterations <==

  SCF Guess: Superposition of Atomic Densities via on-the-fly atomic UHF (no occupation information).

   -------------------------
    Irrep   Nso     Nmo    
   -------------------------
     A        102     102 
   -------------------------
    Total     102     102
   -------------------------

  ==> Iterations <==

                           Total Energy        Delta E     RMS |[F,P]|

   @DF-RKS iter SAD:  -300.12202227552717   -3.00122e+02   0.00000e+00 
   @DF-RKS iter   1:  -296.88742301553174    3.23460e+00   3.38140e-02 DIIS/ADIIS
   @DF-RKS iter   2:  -274.89215547091766    2.19953e+01   6.31057e-02 DIIS/ADIIS
   @DF-RKS iter   3:  -304.77897433505990   -2.98868e+01   1.68826e-02 DIIS/ADIIS
   @DF-RKS iter   4:  -304.20219086766747    5.76783e-01   1.90722e-02 DIIS/ADIIS
   @DF-RKS iter   5:  -306.11071587840343   -1.90853e+00   3.76886e-03 DIIS/ADIIS
   @DF-RKS iter   6:  -306.17250845367454   -6.17926e-02   2.03587e-03 DIIS/ADIIS
   @DF-RKS iter   7:  -306.19257352203158   -2.00651e-02   4.04017e-04 DIIS/ADIIS
   @DF-RKS iter   8:  -306.19304551049038   -4.71988e-04   3.12873e-04 DIIS/ADIIS
   @DF-RKS iter   9:  -306.19355872654978   -5.13216e-04   5.83719e-05 DIIS
   @DF-RKS iter  10:  -306.19358338628695   -2.46597e-05   2.61815e-05 DIIS
   @DF-RKS iter  11:  -306.19358657474629   -3.18846e-06   1.48323e-05 DIIS
   @DF-RKS iter  12:  -306.19358791470501   -1.33996e-06   6.34577e-06 DIIS
   @DF-RKS iter  13:  -306.19358825369733   -3.38992e-07   1.00596e-06 DIIS
   @DF-RKS iter  14:  -306.19358828121955   -2.75222e-08   5.43511e-07 DIIS
   @DF-RKS iter  15:  -306.19358828874675   -7.52721e-09   3.02006e-07 DIIS
   @DF-RKS iter  16:  -306.19358829604585   -7.29909e-09   7.33270e-08 DIIS
  Energy and wave function converged.


  ==> Post-Iterations <==

   Electrons on quadrature grid:
      Ntotal   =   45.9999857506 ; deviation = -1.425e-05 

    Orbital Energies [Eh]
    ---------------------

    Doubly Occupied:                                                      

       1A    -19.419224     2A    -19.251271     3A    -10.417191  
       4A    -10.337780     5A    -10.336892     6A    -10.329271  
       7A     -1.283489     8A     -0.990384     9A     -0.903552  
      10A     -0.841577    11A     -0.748928    12A     -0.647237  
      13A     -0.613462    14A     -0.588412    15A     -0.577027  
      16A     -0.536361    17A     -0.519146    18A     -0.499889  
      19A     -0.494467    20A     -0.449117    21A     -0.393861  
      22A     -0.307605    23A     -0.293635  

    Virtual:                                                              

      24A     -0.025463    25A      0.105496    26A      0.167363  
      27A      0.177929    28A      0.208820    29A      0.229809  
      30A      0.235232    31A      0.250849    32A      0.254543  
      33A      0.296870    34A      0.338914    35A      0.407861  
      36A      0.428123    37A      0.561588    38A      0.583781  
      39A      0.602378    40A      0.644907    41A      0.654350  
      42A      0.670075    43A      0.700183    44A      0.709525  
      45A      0.739504    46A      0.784559    47A      0.826701  
      48A      0.897122    49A      0.908314    50A      0.927577  
      51A      0.941072    52A      0.948780    53A      0.970564  
      54A      1.006400    55A      1.019799    56A      1.038532  
      57A      1.057182    58A      1.108697    59A      1.142293  
      60A      1.170004    61A      1.202145    62A      1.214796  
      63A      1.354151    64A      1.376591    65A      1.421866  
      66A      1.456034    67A      1.505541    68A      1.601528  
      69A      1.630013    70A      1.696390    71A      1.747626  
      72A      1.769341    73A      1.841810    74A      1.885743  
      75A      1.924940    76A      1.933722    77A      1.972454  
      78A      2.011491    79A      2.057114    80A      2.131966  
      81A      2.199310    82A      2.206685    83A      2.286704  
      84A      2.345249    85A      2.350996    86A      2.410594  
      87A      2.455851    88A      2.500720    89A      2.546878  
      90A      2.572869    91A      2.696932    92A      2.748835  
      93A      2.908566    94A      2.925843    95A      3.117250  
      96A      3.228865    97A      3.600007    98A      4.107279  
      99A      4.140666   100A      4.250765   101A      4.335468  
     102A      4.593799  

    Final Occupation by Irrep:
              A 
    DOCC [    23 ]
    NA   [    23 ]
    NB   [    23 ]

  @DF-RKS Final Energy:  -306.19358829604585

   => Energetics <=

    Nuclear Repulsion Energy =            221.7784891913564707
    One-Electron Energy =                -855.1944487279495206
    Two-Electron Energy =                 355.4682925063327730
    DFT Exchange-Correlation Energy =     -28.2416010983381724
    Empirical Dispersion Energy =          -0.0043201674473974
    VV10 Nonlocal Energy =                  0.0000000000000000
    Total Energy =                       -306.1935882960458457

Computation Completed


Properties will be evaluated at   0.000000,   0.000000,   0.000000 [a0]

Properties computed using the SCF density matrix


 Multipole Moments:

 ------------------------------------------------------------------------------------
     Multipole            Electronic (a.u.)      Nuclear  (a.u.)        Total (a.u.)
 ------------------------------------------------------------------------------------

 L = 1.  Multiply by 2.5417464519 to convert [e a0] to [Debye]
 Dipole X            :         -1.6100306           -0.2990920           -1.9091226
 Dipole Y            :          0.8037831           -0.1281436            0.6756396
 Dipole Z            :          0.3543207           -0.3417216            0.0125990
 Magnitude           :                                                    2.0251905

 ------------------------------------------------------------------------------------

*** tstop() called on cst14372 at Tue Apr 21 10:11:32 2026
Module time:
	user time   =      26.89 seconds =       0.45 minutes
	system time =       0.29 seconds =       0.00 minutes
	total time  =         12 seconds =       0.20 minutes
Total time:
	user time   =    1280.07 seconds =      21.33 minutes
	system time =      19.50 seconds =       0.33 minutes
	total time  =        616 seconds =      10.27 minutes

Scratch directory: /tmp/
gradient() will perform analytic gradient computation.

*** tstart() called on cst14372
*** at Tue Apr 21 10:11:32 2026


         ------------------------------------------------------------
                                   SCF GRAD                          
                          Rob Parrish, Justin Turney,                
                       Andy Simmonett, and Alex Sokolov              
         ------------------------------------------------------------

  ==> Geometry <==

    Molecular point group: c1
    Full point group: C1

    Geometry (in Angstrom), charge = 0, multiplicity = 1:

       Center              X                  Y                   Z               Mass       
    ------------   -----------------  -----------------  -----------------  -----------------
         C            0.064309291300     0.331693067200     0.094453395900    12.000000000000
         O            1.374176994200     0.344162683600     0.025164082200    15.994914619570
         O            2.065307980200    -0.790731919300    -0.002950758100    15.994914619570
         C           -0.733028499800    -0.924978182500     0.025975310700    12.000000000000
         C           -2.073565342600    -0.969060746300    -0.153216386500    12.000000000000
         C           -0.605193052200     1.721083003800     0.035388202400    12.000000000000
         H           -0.249468001900    -1.839270597300     0.352952245500     1.007825032230
         H           -2.631582532800    -0.063601593000    -0.416515649500     1.007825032230
         H           -2.642477330100    -1.884320479100    -0.216612795900     1.007825032230
         H            0.268294020600     2.363410802200    -0.073070439900     1.007825032230
         H           -1.169944819200     2.107857742900     0.872978068400     1.007825032230
         H           -1.164108204800     1.868244490900    -0.893872457900     1.007825032230

  Nuclear repulsion =  221.778489191356471

  ==> Basis Set <==

  Basis Set: 6-31G*
    Blend: 6-31G*
    Number of shells: 48
    Number of basis functions: 102
    Number of Cartesian functions: 102
    Spherical Harmonics?: false
    Max angular momentum: 2

  ==> DFJKGrad: Density-Fitted SCF Gradients <==

    Gradient:                    1
    J tasked:                  Yes
    K tasked:                  Yes
    wK tasked:                 Yes
    Omega:               2.000E-01
    OpenMP threads:              4
    Integrals threads:           4
    Memory [MiB]:             4291
    Schwarz Cutoff:          1E-12
    Fitting Condition:       1E-10

   => Auxiliary Basis Set <=

  Basis Set: (6-31G* AUX)
    Blend: CC-PVDZ-JKFIT
    Number of shells: 198
    Number of basis functions: 636
    Number of Cartesian functions: 636
    Spherical Harmonics?: false
    Max angular momentum: 3

  ==> DFT Potential <==

   => LibXC <=

    Version 7.0.0
    S. Lehtola, C. Steigemann, M. J.T. Oliveira, and M. A.L. Marques.,  SoftwareX 7, 1–5 (2018) (10.1016/j.softx.2017.11.002)

   => Composite Functional: WB97X-D <= 

    wB97X-D Hyb-GGA Exchange-Correlation Functional

    J.-D. Chai and M. Head-Gordon.,  Phys. Chem. Chem. Phys. 10, 6615-6620 (2008) (10.1039/B810189B)

    Deriv               =              1
    GGA                 =           TRUE
    Meta                =          FALSE

    Exchange Hybrid     =           TRUE
    MP2 Hybrid          =          FALSE

   => Exchange-Correlation Functionals <=

    1.0000   wB97X-D range-separated functional

   => Exact (HF) Exchange <=

    0.7780            HF,LR [omega = 0.2000]
    0.2220               HF 

   => LibXC Density Thresholds  <==

    XC_HYB_GGA_XC_WB97X_D:  1.00E-14 

   => Molecular Quadrature <=

    Radial Scheme          =       TREUTLER
    Pruning Scheme         =           NONE
    Nuclear Scheme         =       TREUTLER

    Blocking Scheme        =         OCTREE
    BS radius alpha        =              1
    Pruning alpha          =              1
    Radial Points          =             75
    Spherical Points       =            302
    Total Points           =         254609
    Total Blocks           =           1941
    Max Points             =            256
    Max Functions          =            100
    Weights Tolerance      =       1.00E-15


  -Total Gradient:
     Atom            X                  Y                   Z
    ------   -----------------  -----------------  -----------------
       1        0.009270498570     0.004552263386     0.012017549893
       2        0.044879452094    -0.005958670281    -0.009131085035
       3        0.002698041439     0.004592720305     0.001271760397
       4        0.002336650834    -0.005373266768    -0.022906930735
       5       -0.015217815104    -0.022568172014     0.013880819586
       6       -0.040941266961     0.008260988901     0.016669840747
       7       -0.008916962774    -0.000664613332     0.008699677751
       8       -0.001486471030     0.003650134006    -0.002852423623
       9       -0.002305449631     0.005652953811    -0.005863557957
      10       -0.000228850795    -0.010026046077    -0.001111885922
      11        0.005545039625     0.011373833058    -0.009466737197
      12        0.004633633390     0.006460726660    -0.001344299061


*** tstop() called on cst14372 at Tue Apr 21 10:11:34 2026
Module time:
	user time   =       3.63 seconds =       0.06 minutes
	system time =       0.05 seconds =       0.00 minutes
	total time  =          2 seconds =       0.03 minutes
Total time:
	user time   =    1283.72 seconds =      21.40 minutes
	system time =      19.55 seconds =       0.33 minutes
	total time  =        618 seconds =      10.30 minutes

Scratch directory: /tmp/
   => Libint2 <=

    Primary   basis highest AM E, G, H:  6, 6, 3
    Auxiliary basis highest AM E, G, H:  7, 7, 4
    Onebody   basis highest AM E, G, H:  -, -, -
    Solid Harmonics ordering:            Gaussian

*** tstart() called on cst14372
*** at Tue Apr 21 10:11:34 2026

   => Loading Basis Set <=

    Name: 6-31G*
    Role: ORBITAL
    Keyword: BASIS
    atoms 1, 4-6 entry C          line   111 file /Users/jmsmith1/anaconda3/envs/jupyterenv/share/psi4/basis/6-31gs.gbs 
    atoms 2-3    entry O          line   145 file /Users/jmsmith1/anaconda3/envs/jupyterenv/share/psi4/basis/6-31gs.gbs 
    atoms 7-12   entry H          line    44 file /Users/jmsmith1/anaconda3/envs/jupyterenv/share/psi4/basis/6-31gs.gbs 

   => WB97X-D: Empirical Dispersion <=

    Chai and Head-Gordon Dispersion Correction
    Chai, J.-D.; Head-Gordon, M. (2010), J. Chem. Phys., 132: 6615-6620

        s6 =       1.000000


         ---------------------------------------------------------
                                   SCF
               by Justin Turney, Rob Parrish, Andy Simmonett
                          and Daniel G. A. Smith
                              RKS Reference
                        4 Threads,   5722 MiB Core
         ---------------------------------------------------------

  ==> Geometry <==

    Molecular point group: c1
    Full point group: C1

    Geometry (in Angstrom), charge = 0, multiplicity = 1:

       Center              X                  Y                   Z               Mass       
    ------------   -----------------  -----------------  -----------------  -----------------
         C            0.063955660300     0.330247897800     0.096480627100    12.000000000000
         O            1.373157520300     0.345931084700     0.026131942400    15.994914619570
         O            2.067616319300    -0.788859301500    -0.003082797700    15.994914619570
         C           -0.734699974400    -0.926528155400     0.027806483900    12.000000000000
         C           -2.073520239300    -0.970354566000    -0.157983802900    12.000000000000
         C           -0.605268134700     1.721434537700     0.036286121200    12.000000000000
         H           -0.240020641900    -1.840617706100     0.357411439600     1.007825032230
         H           -2.633210133800    -0.061741575200    -0.427300024700     1.007825032230
         H           -2.636158042000    -1.887972537300    -0.217059892400     1.007825032230
         H            0.267001365300     2.366924595600    -0.074844391000     1.007825032230
         H           -1.171729890500     2.102862714900     0.881747068300     1.007825032230
         H           -1.171081077400     1.862292557900    -0.906743555600     1.007825032230

  Running in c1 symmetry.

  Rotational constants: A =      0.18112  B =      0.09344  C =      0.06264 [cm^-1]
  Rotational constants: A =   5429.94594  B =   2801.17637  C =   1877.77264 [MHz]
  Nuclear repulsion =  221.603593010225751

  Charge       = 0
  Multiplicity = 1
  Electrons    = 46
  Nalpha       = 23
  Nbeta        = 23

  ==> Algorithm <==

  SCF Algorithm Type is DF.
  DIIS enabled.
  MOM disabled.
  Fractional occupation disabled.
  Guess Type is SAD.
  Energy threshold   = 1.00e-07
  Density threshold  = 1.00e-07
  Integral threshold = 1.00e-12

  ==> Primary Basis <==

  Basis Set: 6-31G*
    Blend: 6-31G*
    Number of shells: 48
    Number of basis functions: 102
    Number of Cartesian functions: 102
    Spherical Harmonics?: false
    Max angular momentum: 2

  ==> DFT Potential <==

   => LibXC <=

    Version 7.0.0
    S. Lehtola, C. Steigemann, M. J.T. Oliveira, and M. A.L. Marques.,  SoftwareX 7, 1–5 (2018) (10.1016/j.softx.2017.11.002)

   => Composite Functional: WB97X-D <= 

    wB97X-D Hyb-GGA Exchange-Correlation Functional

    J.-D. Chai and M. Head-Gordon.,  Phys. Chem. Chem. Phys. 10, 6615-6620 (2008) (10.1039/B810189B)

    Deriv               =              1
    GGA                 =           TRUE
    Meta                =          FALSE

    Exchange Hybrid     =           TRUE
    MP2 Hybrid          =          FALSE

   => Exchange-Correlation Functionals <=

    1.0000   wB97X-D range-separated functional

   => Exact (HF) Exchange <=

    0.7780            HF,LR [omega = 0.2000]
    0.2220               HF 

   => LibXC Density Thresholds  <==

    XC_HYB_GGA_XC_WB97X_D:  1.00E-14 

   => Molecular Quadrature <=

    Radial Scheme          =       TREUTLER
    Pruning Scheme         =           NONE
    Nuclear Scheme         =       TREUTLER

    Blocking Scheme        =         OCTREE
    BS radius alpha        =              1
    Pruning alpha          =              1
    Radial Points          =             75
    Spherical Points       =            302
    Total Points           =         254635
    Total Blocks           =           1935
    Max Points             =            256
    Max Functions          =            100
    Weights Tolerance      =       1.00E-15

   => Loading Basis Set <=

    Name: (6-31G* AUX)
    Role: JKFIT
    Keyword: DF_BASIS_SCF
    atoms 1, 4-6 entry C          line   121 file /Users/jmsmith1/anaconda3/envs/jupyterenv/share/psi4/basis/cc-pvdz-jkfit.gbs 
    atoms 2-3    entry O          line   221 file /Users/jmsmith1/anaconda3/envs/jupyterenv/share/psi4/basis/cc-pvdz-jkfit.gbs 
    atoms 7-12   entry H          line    51 file /Users/jmsmith1/anaconda3/envs/jupyterenv/share/psi4/basis/cc-pvdz-jkfit.gbs 

  ==> Integral Setup <==

  DFHelper Memory: AOs need 0.151 GiB; user supplied 3.602 GiB. 
  SCF_SUBTYPE=INCORE selected. In-core MEM_DF algorithm will be used.
  Using in-core AOs.

  ==> MemDFJK: Density-Fitted J/K Matrices <==

    J tasked:                   Yes
    K tasked:                   Yes
    wK tasked:                  Yes
    Omega:                2.000E-01
    OpenMP threads:               4
    Memory [MiB]:              3688
    Algorithm:                 Core
    Schwarz Cutoff:           1E-12
    Mask sparsity (%):       1.8070
    Fitting Condition:        1E-10

   => Auxiliary Basis Set <=

  Basis Set: (6-31G* AUX)
    Blend: CC-PVDZ-JKFIT
    Number of shells: 198
    Number of basis functions: 636
    Number of Cartesian functions: 636
    Spherical Harmonics?: false
    Max angular momentum: 3

  Cached 100.0% of DFT collocation blocks in 0.589 [GiB].

  Minimum eigenvalue in the overlap matrix is 3.4779806755E-03.
  Reciprocal condition number of the overlap matrix is 5.1223988922E-04.
    Using symmetric orthogonalization.

  ==> Pre-Iterations <==

  SCF Guess: Superposition of Atomic Densities via on-the-fly atomic UHF (no occupation information).

   -------------------------
    Irrep   Nso     Nmo    
   -------------------------
     A        102     102 
   -------------------------
    Total     102     102
   -------------------------

  ==> Iterations <==

                           Total Energy        Delta E     RMS |[F,P]|

   @DF-RKS iter SAD:  -300.09119896390268   -3.00091e+02   0.00000e+00 
   @DF-RKS iter   1:  -296.89347429726035    3.19772e+00   3.37799e-02 DIIS/ADIIS
   @DF-RKS iter   2:  -274.85827254883850    2.20352e+01   6.31247e-02 DIIS/ADIIS
   @DF-RKS iter   3:  -304.77714218373137   -2.99189e+01   1.68907e-02 DIIS/ADIIS
   @DF-RKS iter   4:  -304.18893269726908    5.88209e-01   1.91237e-02 DIIS/ADIIS
   @DF-RKS iter   5:  -306.11090780840692   -1.92198e+00   3.77515e-03 DIIS/ADIIS
   @DF-RKS iter   6:  -306.17286525331878   -6.19574e-02   2.04132e-03 DIIS/ADIIS
   @DF-RKS iter   7:  -306.19300342960872   -2.01382e-02   4.12731e-04 DIIS/ADIIS
   @DF-RKS iter   8:  -306.19348719411852   -4.83765e-04   3.17528e-04 DIIS/ADIIS
   @DF-RKS iter   9:  -306.19401726999945   -5.30076e-04   5.76039e-05 DIIS
   @DF-RKS iter  10:  -306.19404162631315   -2.43563e-05   2.64698e-05 DIIS
   @DF-RKS iter  11:  -306.19404485022744   -3.22391e-06   1.51023e-05 DIIS
   @DF-RKS iter  12:  -306.19404623605658   -1.38583e-06   6.39302e-06 DIIS
   @DF-RKS iter  13:  -306.19404658027344   -3.44217e-07   9.72664e-07 DIIS
   @DF-RKS iter  14:  -306.19404660746312   -2.71897e-08   5.38226e-07 DIIS
   @DF-RKS iter  15:  -306.19404661493132   -7.46820e-09   3.02257e-07 DIIS
   @DF-RKS iter  16:  -306.19404662210616   -7.17483e-09   7.48426e-08 DIIS
  Energy and wave function converged.


  ==> Post-Iterations <==

   Electrons on quadrature grid:
      Ntotal   =   45.9999890946 ; deviation = -1.091e-05 

    Orbital Energies [Eh]
    ---------------------

    Doubly Occupied:                                                      

       1A    -19.419001     2A    -19.251050     3A    -10.417299  
       4A    -10.338443     5A    -10.337431     6A    -10.331369  
       7A     -1.282723     8A     -0.990022     9A     -0.903487  
      10A     -0.840054    11A     -0.748698    12A     -0.646211  
      13A     -0.612943    14A     -0.587369    15A     -0.576548  
      16A     -0.536384    17A     -0.518100    18A     -0.499984  
      19A     -0.493842    20A     -0.448395    21A     -0.393993  
      22A     -0.307505    23A     -0.293657  

    Virtual:                                                              

      24A     -0.025437    25A      0.105410    26A      0.165363  
      27A      0.177689    28A      0.207668    29A      0.228326  
      30A      0.233838    31A      0.248589    32A      0.253439  
      33A      0.296268    34A      0.338422    35A      0.407212  
      36A      0.427353    37A      0.561474    38A      0.584248  
      39A      0.602889    40A      0.645544    41A      0.654872  
      42A      0.669067    43A      0.700545    44A      0.710627  
      45A      0.739151    46A      0.783701    47A      0.825169  
      48A      0.896338    49A      0.907105    50A      0.926308  
      51A      0.937929    52A      0.947592    53A      0.968616  
      54A      1.002014    55A      1.018403    56A      1.038187  
      57A      1.054159    58A      1.108650    59A      1.142535  
      60A      1.170900    61A      1.202345    62A      1.214413  
      63A      1.354625    64A      1.376408    65A      1.421851  
      66A      1.455693    67A      1.506030    68A      1.599792  
      69A      1.629160    70A      1.694860    71A      1.747294  
      72A      1.769800    73A      1.841680    74A      1.887064  
      75A      1.924648    76A      1.934404    77A      1.973494  
      78A      2.010627    79A      2.056393    80A      2.130161  
      81A      2.198394    82A      2.201444    83A      2.285203  
      84A      2.337591    85A      2.347491    86A      2.406579  
      87A      2.455561    88A      2.498970    89A      2.544341  
      90A      2.570738    91A      2.695644    92A      2.747171  
      93A      2.907732    94A      2.925080    95A      3.116359  
      96A      3.228993    97A      3.599543    98A      4.106860  
      99A      4.139471   100A      4.249089   101A      4.333302  
     102A      4.593040  

    Final Occupation by Irrep:
              A 
    DOCC [    23 ]
    NA   [    23 ]
    NB   [    23 ]

  @DF-RKS Final Energy:  -306.19404662210616

   => Energetics <=

    Nuclear Repulsion Energy =            221.6035930102257510
    One-Electron Energy =                -854.8618532988937204
    Two-Electron Energy =                 355.3015494513346084
    DFT Exchange-Correlation Energy =     -28.2330037191936825
    Empirical Dispersion Energy =          -0.0043320655790645
    VV10 Nonlocal Energy =                  0.0000000000000000
    Total Energy =                       -306.1940466221061570

Computation Completed


Properties will be evaluated at   0.000000,   0.000000,   0.000000 [a0]

Properties computed using the SCF density matrix


 Multipole Moments:

 ------------------------------------------------------------------------------------
     Multipole            Electronic (a.u.)      Nuclear  (a.u.)        Total (a.u.)
 ------------------------------------------------------------------------------------

 L = 1.  Multiply by 2.5417464519 to convert [e a0] to [Debye]
 Dipole X            :         -1.6164569           -0.2951825           -1.9116393
 Dipole Y            :          0.8082735           -0.1377221            0.6705514
 Dipole Z            :          0.3675165           -0.3531135            0.0144029
 Magnitude           :                                                    2.0258854

 ------------------------------------------------------------------------------------

*** tstop() called on cst14372 at Tue Apr 21 10:11:47 2026
Module time:
	user time   =      26.89 seconds =       0.45 minutes
	system time =       0.29 seconds =       0.00 minutes
	total time  =         13 seconds =       0.22 minutes
Total time:
	user time   =    1310.63 seconds =      21.84 minutes
	system time =      19.85 seconds =       0.33 minutes
	total time  =        631 seconds =      10.52 minutes

Scratch directory: /tmp/
gradient() will perform analytic gradient computation.

*** tstart() called on cst14372
*** at Tue Apr 21 10:11:47 2026


         ------------------------------------------------------------
                                   SCF GRAD                          
                          Rob Parrish, Justin Turney,                
                       Andy Simmonett, and Alex Sokolov              
         ------------------------------------------------------------

  ==> Geometry <==

    Molecular point group: c1
    Full point group: C1

    Geometry (in Angstrom), charge = 0, multiplicity = 1:

       Center              X                  Y                   Z               Mass       
    ------------   -----------------  -----------------  -----------------  -----------------
         C            0.063955660300     0.330247897800     0.096480627100    12.000000000000
         O            1.373157520300     0.345931084700     0.026131942400    15.994914619570
         O            2.067616319300    -0.788859301500    -0.003082797700    15.994914619570
         C           -0.734699974400    -0.926528155400     0.027806483900    12.000000000000
         C           -2.073520239300    -0.970354566000    -0.157983802900    12.000000000000
         C           -0.605268134700     1.721434537700     0.036286121200    12.000000000000
         H           -0.240020641900    -1.840617706100     0.357411439600     1.007825032230
         H           -2.633210133800    -0.061741575200    -0.427300024700     1.007825032230
         H           -2.636158042000    -1.887972537300    -0.217059892400     1.007825032230
         H            0.267001365300     2.366924595600    -0.074844391000     1.007825032230
         H           -1.171729890500     2.102862714900     0.881747068300     1.007825032230
         H           -1.171081077400     1.862292557900    -0.906743555600     1.007825032230

  Nuclear repulsion =  221.603593010225751

  ==> Basis Set <==

  Basis Set: 6-31G*
    Blend: 6-31G*
    Number of shells: 48
    Number of basis functions: 102
    Number of Cartesian functions: 102
    Spherical Harmonics?: false
    Max angular momentum: 2

  ==> DFJKGrad: Density-Fitted SCF Gradients <==

    Gradient:                    1
    J tasked:                  Yes
    K tasked:                  Yes
    wK tasked:                 Yes
    Omega:               2.000E-01
    OpenMP threads:              4
    Integrals threads:           4
    Memory [MiB]:             4291
    Schwarz Cutoff:          1E-12
    Fitting Condition:       1E-10

   => Auxiliary Basis Set <=

  Basis Set: (6-31G* AUX)
    Blend: CC-PVDZ-JKFIT
    Number of shells: 198
    Number of basis functions: 636
    Number of Cartesian functions: 636
    Spherical Harmonics?: false
    Max angular momentum: 3

  ==> DFT Potential <==

   => LibXC <=

    Version 7.0.0
    S. Lehtola, C. Steigemann, M. J.T. Oliveira, and M. A.L. Marques.,  SoftwareX 7, 1–5 (2018) (10.1016/j.softx.2017.11.002)

   => Composite Functional: WB97X-D <= 

    wB97X-D Hyb-GGA Exchange-Correlation Functional

    J.-D. Chai and M. Head-Gordon.,  Phys. Chem. Chem. Phys. 10, 6615-6620 (2008) (10.1039/B810189B)

    Deriv               =              1
    GGA                 =           TRUE
    Meta                =          FALSE

    Exchange Hybrid     =           TRUE
    MP2 Hybrid          =          FALSE

   => Exchange-Correlation Functionals <=

    1.0000   wB97X-D range-separated functional

   => Exact (HF) Exchange <=

    0.7780            HF,LR [omega = 0.2000]
    0.2220               HF 

   => LibXC Density Thresholds  <==

    XC_HYB_GGA_XC_WB97X_D:  1.00E-14 

   => Molecular Quadrature <=

    Radial Scheme          =       TREUTLER
    Pruning Scheme         =           NONE
    Nuclear Scheme         =       TREUTLER

    Blocking Scheme        =         OCTREE
    BS radius alpha        =              1
    Pruning alpha          =              1
    Radial Points          =             75
    Spherical Points       =            302
    Total Points           =         254635
    Total Blocks           =           1935
    Max Points             =            256
    Max Functions          =            100
    Weights Tolerance      =       1.00E-15


  -Total Gradient:
     Atom            X                  Y                   Z
    ------   -----------------  -----------------  -----------------
       1        0.009438022926     0.002931526445     0.012564291783
       2        0.044104594431    -0.004386032967    -0.009191249573
       3        0.003198309118     0.003769137362     0.001232733678
       4       -0.001449450689    -0.003711983541    -0.023649418144
       5       -0.014398208834    -0.024693775599     0.013953954915
       6       -0.035320638983     0.007455762811     0.021033886243
       7       -0.006072217563    -0.003442559237     0.009674208260
       8       -0.003057759838     0.006536047891    -0.003684730532
       9       -0.001099146479     0.006104616101    -0.005464128490
      10        0.000550030276    -0.009315428973    -0.001234628644
      11        0.004022290281     0.011914899387    -0.005808710297
      12        0.000350306400     0.006828148985    -0.009509823466


*** tstop() called on cst14372 at Tue Apr 21 10:11:49 2026
Module time:
	user time   =       3.68 seconds =       0.06 minutes
	system time =       0.06 seconds =       0.00 minutes
	total time  =          2 seconds =       0.03 minutes
Total time:
	user time   =    1314.32 seconds =      21.91 minutes
	system time =      19.91 seconds =       0.33 minutes
	total time  =        633 seconds =      10.55 minutes

Scratch directory: /tmp/
   => Libint2 <=

    Primary   basis highest AM E, G, H:  6, 6, 3
    Auxiliary basis highest AM E, G, H:  7, 7, 4
    Onebody   basis highest AM E, G, H:  -, -, -
    Solid Harmonics ordering:            Gaussian

*** tstart() called on cst14372
*** at Tue Apr 21 10:11:49 2026

   => Loading Basis Set <=

    Name: 6-31G*
    Role: ORBITAL
    Keyword: BASIS
    atoms 1, 4-6 entry C          line   111 file /Users/jmsmith1/anaconda3/envs/jupyterenv/share/psi4/basis/6-31gs.gbs 
    atoms 2-3    entry O          line   145 file /Users/jmsmith1/anaconda3/envs/jupyterenv/share/psi4/basis/6-31gs.gbs 
    atoms 7-12   entry H          line    44 file /Users/jmsmith1/anaconda3/envs/jupyterenv/share/psi4/basis/6-31gs.gbs 

   => WB97X-D: Empirical Dispersion <=

    Chai and Head-Gordon Dispersion Correction
    Chai, J.-D.; Head-Gordon, M. (2010), J. Chem. Phys., 132: 6615-6620

        s6 =       1.000000


         ---------------------------------------------------------
                                   SCF
               by Justin Turney, Rob Parrish, Andy Simmonett
                          and Daniel G. A. Smith
                              RKS Reference
                        4 Threads,   5722 MiB Core
         ---------------------------------------------------------

  ==> Geometry <==

    Molecular point group: c1
    Full point group: C1

    Geometry (in Angstrom), charge = 0, multiplicity = 1:

       Center              X                  Y                   Z               Mass       
    ------------   -----------------  -----------------  -----------------  -----------------
         C            0.063574155500     0.328791960100     0.098474699900    12.000000000000
         O            1.372040608200     0.347711810500     0.027121302300    15.994914619570
         O            2.069921357900    -0.786991913200    -0.003217724300    15.994914619570
         C           -0.736369895900    -0.928069835200     0.029708995700    12.000000000000
         C           -2.073433394500    -0.971578963800    -0.162799138900    12.000000000000
         C           -0.605241113600     1.721765049400     0.037124584600    12.000000000000
         H           -0.230348946900    -1.841848226000     0.361544062400     1.007825032230
         H           -2.634734859100    -0.060104015900    -0.437974375500     1.007825032230
         H           -2.629790861600    -1.891840888100    -0.217319262800     1.007825032230
         H            0.265687698800     2.370765189200    -0.076578569200     1.007825032230
         H           -1.173656493500     2.097448901600     0.890730243800     1.007825032230
         H           -1.178077051500     1.856095746000    -0.919307046300     1.007825032230

  Running in c1 symmetry.

  Rotational constants: A =      0.18095  B =      0.09333  C =      0.06260 [cm^-1]
  Rotational constants: A =   5424.70635  B =   2798.07141  C =   1876.66123 [MHz]
  Nuclear repulsion =  221.432836972216961

  Charge       = 0
  Multiplicity = 1
  Electrons    = 46
  Nalpha       = 23
  Nbeta        = 23

  ==> Algorithm <==

  SCF Algorithm Type is DF.
  DIIS enabled.
  MOM disabled.
  Fractional occupation disabled.
  Guess Type is SAD.
  Energy threshold   = 1.00e-07
  Density threshold  = 1.00e-07
  Integral threshold = 1.00e-12

  ==> Primary Basis <==

  Basis Set: 6-31G*
    Blend: 6-31G*
    Number of shells: 48
    Number of basis functions: 102
    Number of Cartesian functions: 102
    Spherical Harmonics?: false
    Max angular momentum: 2

  ==> DFT Potential <==

   => LibXC <=

    Version 7.0.0
    S. Lehtola, C. Steigemann, M. J.T. Oliveira, and M. A.L. Marques.,  SoftwareX 7, 1–5 (2018) (10.1016/j.softx.2017.11.002)

   => Composite Functional: WB97X-D <= 

    wB97X-D Hyb-GGA Exchange-Correlation Functional

    J.-D. Chai and M. Head-Gordon.,  Phys. Chem. Chem. Phys. 10, 6615-6620 (2008) (10.1039/B810189B)

    Deriv               =              1
    GGA                 =           TRUE
    Meta                =          FALSE

    Exchange Hybrid     =           TRUE
    MP2 Hybrid          =          FALSE

   => Exchange-Correlation Functionals <=

    1.0000   wB97X-D range-separated functional

   => Exact (HF) Exchange <=

    0.7780            HF,LR [omega = 0.2000]
    0.2220               HF 

   => LibXC Density Thresholds  <==

    XC_HYB_GGA_XC_WB97X_D:  1.00E-14 

   => Molecular Quadrature <=

    Radial Scheme          =       TREUTLER
    Pruning Scheme         =           NONE
    Nuclear Scheme         =       TREUTLER

    Blocking Scheme        =         OCTREE
    BS radius alpha        =              1
    Pruning alpha          =              1
    Radial Points          =             75
    Spherical Points       =            302
    Total Points           =         254662
    Total Blocks           =           1937
    Max Points             =            256
    Max Functions          =            100
    Weights Tolerance      =       1.00E-15

   => Loading Basis Set <=

    Name: (6-31G* AUX)
    Role: JKFIT
    Keyword: DF_BASIS_SCF
    atoms 1, 4-6 entry C          line   121 file /Users/jmsmith1/anaconda3/envs/jupyterenv/share/psi4/basis/cc-pvdz-jkfit.gbs 
    atoms 2-3    entry O          line   221 file /Users/jmsmith1/anaconda3/envs/jupyterenv/share/psi4/basis/cc-pvdz-jkfit.gbs 
    atoms 7-12   entry H          line    51 file /Users/jmsmith1/anaconda3/envs/jupyterenv/share/psi4/basis/cc-pvdz-jkfit.gbs 

  ==> Integral Setup <==

  DFHelper Memory: AOs need 0.151 GiB; user supplied 3.602 GiB. 
  SCF_SUBTYPE=INCORE selected. In-core MEM_DF algorithm will be used.
  Using in-core AOs.

  ==> MemDFJK: Density-Fitted J/K Matrices <==

    J tasked:                   Yes
    K tasked:                   Yes
    wK tasked:                  Yes
    Omega:                2.000E-01
    OpenMP threads:               4
    Memory [MiB]:              3688
    Algorithm:                 Core
    Schwarz Cutoff:           1E-12
    Mask sparsity (%):       1.8262
    Fitting Condition:        1E-10

   => Auxiliary Basis Set <=

  Basis Set: (6-31G* AUX)
    Blend: CC-PVDZ-JKFIT
    Number of shells: 198
    Number of basis functions: 636
    Number of Cartesian functions: 636
    Spherical Harmonics?: false
    Max angular momentum: 3

  Cached 100.0% of DFT collocation blocks in 0.589 [GiB].

  Minimum eigenvalue in the overlap matrix is 3.4700441873E-03.
  Reciprocal condition number of the overlap matrix is 5.1169147001E-04.
    Using symmetric orthogonalization.

  ==> Pre-Iterations <==

  SCF Guess: Superposition of Atomic Densities via on-the-fly atomic UHF (no occupation information).

   -------------------------
    Irrep   Nso     Nmo    
   -------------------------
     A        102     102 
   -------------------------
    Total     102     102
   -------------------------

  ==> Iterations <==

                           Total Energy        Delta E     RMS |[F,P]|

   @DF-RKS iter SAD:  -300.06046454030417   -3.00060e+02   0.00000e+00 
   @DF-RKS iter   1:  -296.89927371340161    3.16119e+00   3.37469e-02 DIIS/ADIIS
   @DF-RKS iter   2:  -274.82289749895614    2.20764e+01   6.31458e-02 DIIS/ADIIS
   @DF-RKS iter   3:  -304.77436764787853   -2.99515e+01   1.69017e-02 DIIS/ADIIS
   @DF-RKS iter   4:  -304.17227146288138    6.02096e-01   1.91885e-02 DIIS/ADIIS
   @DF-RKS iter   5:  -306.11065409124052   -1.93838e+00   3.78272e-03 DIIS/ADIIS
   @DF-RKS iter   6:  -306.17281304906186   -6.21590e-02   2.04892e-03 DIIS/ADIIS
   @DF-RKS iter   7:  -306.19306618472024   -2.02531e-02   4.21766e-04 DIIS/ADIIS
   @DF-RKS iter   8:  -306.19356402271893   -4.97838e-04   3.22105e-04 DIIS/ADIIS
   @DF-RKS iter   9:  -306.19411107699074   -5.47054e-04   5.68299e-05 DIIS
   @DF-RKS iter  10:  -306.19413512631468   -2.40493e-05   2.67889e-05 DIIS
   @DF-RKS iter  11:  -306.19413838866097   -3.26235e-06   1.54183e-05 DIIS
   @DF-RKS iter  12:  -306.19413982781276   -1.43915e-06   6.44809e-06 DIIS
   @DF-RKS iter  13:  -306.19414017722102   -3.49408e-07   9.33697e-07 DIIS
   @DF-RKS iter  14:  -306.19414020386495   -2.66439e-08   5.29079e-07 DIIS
   @DF-RKS iter  15:  -306.19414021123919   -7.37424e-09   3.00988e-07 DIIS
   @DF-RKS iter  16:  -306.19414021817556   -6.93638e-09   7.66145e-08 DIIS
  Energy and wave function converged.


  ==> Post-Iterations <==

   Electrons on quadrature grid:
      Ntotal   =   45.9999922448 ; deviation = -7.755e-06 

    Orbital Energies [Eh]
    ---------------------

    Doubly Occupied:                                                      

       1A    -19.418758     2A    -19.250818     3A    -10.417405  
       4A    -10.339117     5A    -10.337962     6A    -10.333465  
       7A     -1.281938     8A     -0.989662     9A     -0.903449  
      10A     -0.838573    11A     -0.748477    12A     -0.645230  
      13A     -0.612416    14A     -0.586371    15A     -0.576067  
      16A     -0.536363    17A     -0.517063    18A     -0.500139  
      19A     -0.493136    20A     -0.447658    21A     -0.394133  
      22A     -0.307399    23A     -0.293674  

    Virtual:                                                              

      24A     -0.025409    25A      0.105332    26A      0.163226  
      27A      0.177441    28A      0.206405    29A      0.226805  
      30A      0.232241    31A      0.246592    32A      0.252406  
      33A      0.295667    34A      0.337923    35A      0.406550  
      36A      0.426596    37A      0.561366    38A      0.584680  
      39A      0.603381    40A      0.646155    41A      0.655390  
      42A      0.668168    43A      0.700915    44A      0.711816  
      45A      0.738836    46A      0.782707    47A      0.823607  
      48A      0.895305    49A      0.905863    50A      0.924796  
      51A      0.935037    52A      0.946157    53A      0.967210  
      54A      0.997658    55A      1.017251    56A      1.037887  
      57A      1.051514    58A      1.108676    59A      1.142876  
      60A      1.171781    61A      1.202601    62A      1.214143  
      63A      1.355092    64A      1.376261    65A      1.421830  
      66A      1.455309    67A      1.506640    68A      1.597816  
      69A      1.628342    70A      1.693213    71A      1.746974  
      72A      1.770247    73A      1.841705    74A      1.888317  
      75A      1.924368    76A      1.935228    77A      1.974624  
      78A      2.009650    79A      2.055656    80A      2.128391  
      81A      2.195862    82A      2.197362    83A      2.283665  
      84A      2.329750    85A      2.343922    86A      2.403043  
      87A      2.455295    88A      2.497357    89A      2.541958  
      90A      2.568800    91A      2.694408    92A      2.745494  
      93A      2.906943    94A      2.924232    95A      3.115516  
      96A      3.229243    97A      3.599094    98A      4.106421  
      99A      4.138340   100A      4.247413   101A      4.331169  
     102A      4.592334  

    Final Occupation by Irrep:
              A 
    DOCC [    23 ]
    NA   [    23 ]
    NB   [    23 ]

  @DF-RKS Final Energy:  -306.19414021817556

   => Energetics <=

    Nuclear Repulsion Energy =            221.4328369722169612
    One-Electron Energy =                -854.5366570966159543
    Two-Electron Energy =                 355.1385472492961526
    DFT Exchange-Correlation Energy =     -28.2245228285022520
    Empirical Dispersion Energy =          -0.0043445145704609
    VV10 Nonlocal Energy =                  0.0000000000000000
    Total Energy =                       -306.1941402181755620

Computation Completed


Properties will be evaluated at   0.000000,   0.000000,   0.000000 [a0]

Properties computed using the SCF density matrix


 Multipole Moments:

 ------------------------------------------------------------------------------------
     Multipole            Electronic (a.u.)      Nuclear  (a.u.)        Total (a.u.)
 ------------------------------------------------------------------------------------

 L = 1.  Multiply by 2.5417464519 to convert [e a0] to [Debye]
 Dipole X            :         -1.6232490           -0.2911053           -1.9143543
 Dipole Y            :          0.8134065           -0.1479180            0.6654885
 Dipole Z            :          0.3802277           -0.3640018            0.0162258
 Magnitude           :                                                    2.0267931

 ------------------------------------------------------------------------------------

*** tstop() called on cst14372 at Tue Apr 21 10:12:02 2026
Module time:
	user time   =      26.60 seconds =       0.44 minutes
	system time =       0.29 seconds =       0.00 minutes
	total time  =         13 seconds =       0.22 minutes
Total time:
	user time   =    1340.94 seconds =      22.35 minutes
	system time =      20.21 seconds =       0.34 minutes
	total time  =        646 seconds =      10.77 minutes

Scratch directory: /tmp/
gradient() will perform analytic gradient computation.

*** tstart() called on cst14372
*** at Tue Apr 21 10:12:02 2026


         ------------------------------------------------------------
                                   SCF GRAD                          
                          Rob Parrish, Justin Turney,                
                       Andy Simmonett, and Alex Sokolov              
         ------------------------------------------------------------

  ==> Geometry <==

    Molecular point group: c1
    Full point group: C1

    Geometry (in Angstrom), charge = 0, multiplicity = 1:

       Center              X                  Y                   Z               Mass       
    ------------   -----------------  -----------------  -----------------  -----------------
         C            0.063574155500     0.328791960100     0.098474699900    12.000000000000
         O            1.372040608200     0.347711810500     0.027121302300    15.994914619570
         O            2.069921357900    -0.786991913200    -0.003217724300    15.994914619570
         C           -0.736369895900    -0.928069835200     0.029708995700    12.000000000000
         C           -2.073433394500    -0.971578963800    -0.162799138900    12.000000000000
         C           -0.605241113600     1.721765049400     0.037124584600    12.000000000000
         H           -0.230348946900    -1.841848226000     0.361544062400     1.007825032230
         H           -2.634734859100    -0.060104015900    -0.437974375500     1.007825032230
         H           -2.629790861600    -1.891840888100    -0.217319262800     1.007825032230
         H            0.265687698800     2.370765189200    -0.076578569200     1.007825032230
         H           -1.173656493500     2.097448901600     0.890730243800     1.007825032230
         H           -1.178077051500     1.856095746000    -0.919307046300     1.007825032230

  Nuclear repulsion =  221.432836972216961

  ==> Basis Set <==

  Basis Set: 6-31G*
    Blend: 6-31G*
    Number of shells: 48
    Number of basis functions: 102
    Number of Cartesian functions: 102
    Spherical Harmonics?: false
    Max angular momentum: 2

  ==> DFJKGrad: Density-Fitted SCF Gradients <==

    Gradient:                    1
    J tasked:                  Yes
    K tasked:                  Yes
    wK tasked:                 Yes
    Omega:               2.000E-01
    OpenMP threads:              4
    Integrals threads:           4
    Memory [MiB]:             4291
    Schwarz Cutoff:          1E-12
    Fitting Condition:       1E-10

   => Auxiliary Basis Set <=

  Basis Set: (6-31G* AUX)
    Blend: CC-PVDZ-JKFIT
    Number of shells: 198
    Number of basis functions: 636
    Number of Cartesian functions: 636
    Spherical Harmonics?: false
    Max angular momentum: 3

  ==> DFT Potential <==

   => LibXC <=

    Version 7.0.0
    S. Lehtola, C. Steigemann, M. J.T. Oliveira, and M. A.L. Marques.,  SoftwareX 7, 1–5 (2018) (10.1016/j.softx.2017.11.002)

   => Composite Functional: WB97X-D <= 

    wB97X-D Hyb-GGA Exchange-Correlation Functional

    J.-D. Chai and M. Head-Gordon.,  Phys. Chem. Chem. Phys. 10, 6615-6620 (2008) (10.1039/B810189B)

    Deriv               =              1
    GGA                 =           TRUE
    Meta                =          FALSE

    Exchange Hybrid     =           TRUE
    MP2 Hybrid          =          FALSE

   => Exchange-Correlation Functionals <=

    1.0000   wB97X-D range-separated functional

   => Exact (HF) Exchange <=

    0.7780            HF,LR [omega = 0.2000]
    0.2220               HF 

   => LibXC Density Thresholds  <==

    XC_HYB_GGA_XC_WB97X_D:  1.00E-14 

   => Molecular Quadrature <=

    Radial Scheme          =       TREUTLER
    Pruning Scheme         =           NONE
    Nuclear Scheme         =       TREUTLER

    Blocking Scheme        =         OCTREE
    BS radius alpha        =              1
    Pruning alpha          =              1
    Radial Points          =             75
    Spherical Points       =            302
    Total Points           =         254662
    Total Blocks           =           1937
    Max Points             =            256
    Max Functions          =            100
    Weights Tolerance      =       1.00E-15


  -Total Gradient:
     Atom            X                  Y                   Z
    ------   -----------------  -----------------  -----------------
       1        0.009591959567     0.001291894620     0.013122369324
       2        0.043242791758    -0.002789765401    -0.009237564807
       3        0.003724097812     0.002929804183     0.001185488120
       4       -0.005213324717    -0.002220974227    -0.024304396319
       5       -0.013609502241    -0.026410715409     0.013960257061
       6       -0.030059192478     0.006820859107     0.024590086754
       7       -0.003243295532    -0.006066170788     0.010594084507
       8       -0.004496647232     0.009198286264    -0.004481686843
       9        0.000017266443     0.006396367678    -0.005052445430
      10        0.001385211409    -0.008530780095    -0.001369514448
      11        0.002453886725     0.012414617258    -0.002098671183
      12       -0.003529837468     0.006992131247    -0.016937657064


*** tstop() called on cst14372 at Tue Apr 21 10:12:03 2026
Module time:
	user time   =       3.63 seconds =       0.06 minutes
	system time =       0.06 seconds =       0.00 minutes
	total time  =          1 seconds =       0.02 minutes
Total time:
	user time   =    1344.59 seconds =      22.41 minutes
	system time =      20.27 seconds =       0.34 minutes
	total time  =        647 seconds =      10.78 minutes

Scratch directory: /tmp/
   => Libint2 <=

    Primary   basis highest AM E, G, H:  6, 6, 3
    Auxiliary basis highest AM E, G, H:  7, 7, 4
    Onebody   basis highest AM E, G, H:  -, -, -
    Solid Harmonics ordering:            Gaussian

*** tstart() called on cst14372
*** at Tue Apr 21 10:12:03 2026

   => Loading Basis Set <=

    Name: 6-31G*
    Role: ORBITAL
    Keyword: BASIS
    atoms 1, 4-6 entry C          line   111 file /Users/jmsmith1/anaconda3/envs/jupyterenv/share/psi4/basis/6-31gs.gbs 
    atoms 2-3    entry O          line   145 file /Users/jmsmith1/anaconda3/envs/jupyterenv/share/psi4/basis/6-31gs.gbs 
    atoms 7-12   entry H          line    44 file /Users/jmsmith1/anaconda3/envs/jupyterenv/share/psi4/basis/6-31gs.gbs 

   => WB97X-D: Empirical Dispersion <=

    Chai and Head-Gordon Dispersion Correction
    Chai, J.-D.; Head-Gordon, M. (2010), J. Chem. Phys., 132: 6615-6620

        s6 =       1.000000


         ---------------------------------------------------------
                                   SCF
               by Justin Turney, Rob Parrish, Andy Simmonett
                          and Daniel G. A. Smith
                              RKS Reference
                        4 Threads,   5722 MiB Core
         ---------------------------------------------------------

  ==> Geometry <==

    Molecular point group: c1
    Full point group: C1

    Geometry (in Angstrom), charge = 0, multiplicity = 1:

       Center              X                  Y                   Z               Mass       
    ------------   -----------------  -----------------  -----------------  -----------------
         C            0.063164296800     0.327330016600     0.100433900200    12.000000000000
         O            1.370828003700     0.349501370200     0.028132273100    15.994914619570
         O            2.072221894200    -0.785127982900    -0.003355436700    15.994914619570
         C           -0.738027329700    -0.929607487700     0.031684808800    12.000000000000
         C           -2.073307027400    -0.972728833000    -0.167662374800    12.000000000000
         C           -0.605127056400     1.722076335500     0.037893187600    12.000000000000
         H           -0.220550347600    -1.842871469800     0.365317782600     1.007825032230
         H           -2.636106891400    -0.058781110100    -0.448510795600     1.007825032230
         H           -2.623414362500    -1.895935841000    -0.217404803200     1.007825032230
         H            0.264324217800     2.374905946900    -0.078268219800     1.007825032230
         H           -1.175670718800     2.091598540300     0.899799779200     1.007825032230
         H           -1.184962192000     1.849648161500    -0.931306003300     1.007825032230

  Running in c1 symmetry.

  Rotational constants: A =      0.18078  B =      0.09323  C =      0.06256 [cm^-1]
  Rotational constants: A =   5419.67375  B =   2795.09375  C =   1875.62882 [MHz]
  Nuclear repulsion =  221.268511916096486

  Charge       = 0
  Multiplicity = 1
  Electrons    = 46
  Nalpha       = 23
  Nbeta        = 23

  ==> Algorithm <==

  SCF Algorithm Type is DF.
  DIIS enabled.
  MOM disabled.
  Fractional occupation disabled.
  Guess Type is SAD.
  Energy threshold   = 1.00e-07
  Density threshold  = 1.00e-07
  Integral threshold = 1.00e-12

  ==> Primary Basis <==

  Basis Set: 6-31G*
    Blend: 6-31G*
    Number of shells: 48
    Number of basis functions: 102
    Number of Cartesian functions: 102
    Spherical Harmonics?: false
    Max angular momentum: 2

  ==> DFT Potential <==

   => LibXC <=

    Version 7.0.0
    S. Lehtola, C. Steigemann, M. J.T. Oliveira, and M. A.L. Marques.,  SoftwareX 7, 1–5 (2018) (10.1016/j.softx.2017.11.002)

   => Composite Functional: WB97X-D <= 

    wB97X-D Hyb-GGA Exchange-Correlation Functional

    J.-D. Chai and M. Head-Gordon.,  Phys. Chem. Chem. Phys. 10, 6615-6620 (2008) (10.1039/B810189B)

    Deriv               =              1
    GGA                 =           TRUE
    Meta                =          FALSE

    Exchange Hybrid     =           TRUE
    MP2 Hybrid          =          FALSE

   => Exchange-Correlation Functionals <=

    1.0000   wB97X-D range-separated functional

   => Exact (HF) Exchange <=

    0.7780            HF,LR [omega = 0.2000]
    0.2220               HF 

   => LibXC Density Thresholds  <==

    XC_HYB_GGA_XC_WB97X_D:  1.00E-14 

   => Molecular Quadrature <=

    Radial Scheme          =       TREUTLER
    Pruning Scheme         =           NONE
    Nuclear Scheme         =       TREUTLER

    Blocking Scheme        =         OCTREE
    BS radius alpha        =              1
    Pruning alpha          =              1
    Radial Points          =             75
    Spherical Points       =            302
    Total Points           =         254697
    Total Blocks           =           1933
    Max Points             =            256
    Max Functions          =            100
    Weights Tolerance      =       1.00E-15

   => Loading Basis Set <=

    Name: (6-31G* AUX)
    Role: JKFIT
    Keyword: DF_BASIS_SCF
    atoms 1, 4-6 entry C          line   121 file /Users/jmsmith1/anaconda3/envs/jupyterenv/share/psi4/basis/cc-pvdz-jkfit.gbs 
    atoms 2-3    entry O          line   221 file /Users/jmsmith1/anaconda3/envs/jupyterenv/share/psi4/basis/cc-pvdz-jkfit.gbs 
    atoms 7-12   entry H          line    51 file /Users/jmsmith1/anaconda3/envs/jupyterenv/share/psi4/basis/cc-pvdz-jkfit.gbs 

  ==> Integral Setup <==

  DFHelper Memory: AOs need 0.151 GiB; user supplied 3.602 GiB. 
  SCF_SUBTYPE=INCORE selected. In-core MEM_DF algorithm will be used.
  Using in-core AOs.

  ==> MemDFJK: Density-Fitted J/K Matrices <==

    J tasked:                   Yes
    K tasked:                   Yes
    wK tasked:                  Yes
    Omega:                2.000E-01
    OpenMP threads:               4
    Memory [MiB]:              3688
    Algorithm:                 Core
    Schwarz Cutoff:           1E-12
    Mask sparsity (%):       1.8262
    Fitting Condition:        1E-10

   => Auxiliary Basis Set <=

  Basis Set: (6-31G* AUX)
    Blend: CC-PVDZ-JKFIT
    Number of shells: 198
    Number of basis functions: 636
    Number of Cartesian functions: 636
    Spherical Harmonics?: false
    Max angular momentum: 3

  Cached 100.0% of DFT collocation blocks in 0.589 [GiB].

  Minimum eigenvalue in the overlap matrix is 3.4609126247E-03.
  Reciprocal condition number of the overlap matrix is 5.1092791667E-04.
    Using symmetric orthogonalization.

  ==> Pre-Iterations <==

  SCF Guess: Superposition of Atomic Densities via on-the-fly atomic UHF (no occupation information).

   -------------------------
    Irrep   Nso     Nmo    
   -------------------------
     A        102     102 
   -------------------------
    Total     102     102
   -------------------------

  ==> Iterations <==

                           Total Energy        Delta E     RMS |[F,P]|

   @DF-RKS iter SAD:  -300.03036078797959   -3.00030e+02   0.00000e+00 
   @DF-RKS iter   1:  -296.90519954280722    3.12516e+00   3.37149e-02 DIIS/ADIIS
   @DF-RKS iter   2:  -274.78768713332460    2.21175e+01   6.31676e-02 DIIS/ADIIS
   @DF-RKS iter   3:  -304.77080861267154   -2.99831e+01   1.69151e-02 DIIS/ADIIS
   @DF-RKS iter   4:  -304.15182646703192    6.18982e-01   1.92688e-02 DIIS/ADIIS
   @DF-RKS iter   5:  -306.11000561727161   -1.95818e+00   3.79123e-03 DIIS/ADIIS
   @DF-RKS iter   6:  -306.17239368927642   -6.23881e-02   2.05886e-03 DIIS/ADIIS
   @DF-RKS iter   7:  -306.19280843957551   -2.04148e-02   4.30922e-04 DIIS/ADIIS
   @DF-RKS iter   8:  -306.19332237326489   -5.13934e-04   3.26542e-04 DIIS/ADIIS
   @DF-RKS iter   9:  -306.19388622619488   -5.63853e-04   5.60680e-05 DIIS
   @DF-RKS iter  10:  -306.19390997252657   -2.37463e-05   2.71326e-05 DIIS
   @DF-RKS iter  11:  -306.19391327601750   -3.30349e-06   1.57743e-05 DIIS
   @DF-RKS iter  12:  -306.19391477506286   -1.49905e-06   6.50770e-06 DIIS
   @DF-RKS iter  13:  -306.19391512902280   -3.53960e-07   8.89344e-07 DIIS
   @DF-RKS iter  14:  -306.19391515480328   -2.57805e-08   5.15183e-07 DIIS
   @DF-RKS iter  15:  -306.19391516210635   -7.30307e-09   2.97184e-07 DIIS
   @DF-RKS iter  16:  -306.19391516860867   -6.50232e-09   7.86449e-08 DIIS
  Energy and wave function converged.


  ==> Post-Iterations <==

   Electrons on quadrature grid:
      Ntotal   =   45.9999950769 ; deviation = -4.923e-06 

    Orbital Energies [Eh]
    ---------------------

    Doubly Occupied:                                                      

       1A    -19.418494     2A    -19.250574     3A    -10.417508  
       4A    -10.339788     5A    -10.338484     6A    -10.335513  
       7A     -1.281134     8A     -0.989304     9A     -0.903439  
      10A     -0.837159    11A     -0.748272    12A     -0.644307  
      13A     -0.611892    14A     -0.585426    15A     -0.575592  
      16A     -0.536295    17A     -0.516072    18A     -0.500349  
      19A     -0.492380    20A     -0.446912    21A     -0.394280  
      22A     -0.307284    23A     -0.293686  

    Virtual:                                                              

      24A     -0.025376    25A      0.105265    26A      0.161013  
      27A      0.177180    28A      0.205070    29A      0.225249  
      30A      0.230489    31A      0.244920    32A      0.251430  
      33A      0.295070    34A      0.337419    35A      0.405876  
      36A      0.425853    37A      0.561270    38A      0.585077  
      39A      0.603835    40A      0.646727    41A      0.655870  
      42A      0.667404    43A      0.701279    44A      0.713080  
      45A      0.738564    46A      0.781574    47A      0.822035  
      48A      0.894018    49A      0.904678    50A      0.923080  
      51A      0.932554    52A      0.944558    53A      0.966317  
      54A      0.993574    55A      1.016227    56A      1.037631  
      57A      1.049211    58A      1.108767    59A      1.143295  
      60A      1.172630    61A      1.202913    62A      1.213984  
      63A      1.355537    64A      1.376142    65A      1.421805  
      66A      1.454890    67A      1.507382    68A      1.595586  
      69A      1.627566    70A      1.691487    71A      1.746655  
      72A      1.770682    73A      1.841889    74A      1.889485  
      75A      1.924149    76A      1.936162    77A      1.975842  
      78A      2.008606    79A      2.054912    80A      2.126685  
      81A      2.190300    82A      2.195998    83A      2.282016  
      84A      2.322123    85A      2.340331    86A      2.399952  
      87A      2.455031    88A      2.495851    89A      2.539756  
      90A      2.567033    91A      2.693230    92A      2.743809  
      93A      2.906203    94A      2.923310    95A      3.114721  
      96A      3.229611    97A      3.598663    98A      4.105976  
      99A      4.137285   100A      4.245762   101A      4.329104  
     102A      4.591685  

    Final Occupation by Irrep:
              A 
    DOCC [    23 ]
    NA   [    23 ]
    NB   [    23 ]

  @DF-RKS Final Energy:  -306.19391516860867

   => Energetics <=

    Nuclear Repulsion Energy =            221.2685119160964859
    One-Electron Energy =                -854.2232800375286388
    Two-Electron Energy =                 354.9815304285826869
    DFT Exchange-Correlation Energy =     -28.2163201490574380
    Empirical Dispersion Energy =          -0.0043573267017692
    VV10 Nonlocal Energy =                  0.0000000000000000
    Total Energy =                       -306.1939151686086689

Computation Completed


Properties will be evaluated at   0.000000,   0.000000,   0.000000 [a0]

Properties computed using the SCF density matrix


 Multipole Moments:

 ------------------------------------------------------------------------------------
     Multipole            Electronic (a.u.)      Nuclear  (a.u.)        Total (a.u.)
 ------------------------------------------------------------------------------------

 L = 1.  Multiply by 2.5417464519 to convert [e a0] to [Debye]
 Dipole X            :         -1.6305164           -0.2867920           -1.9173085
 Dipole Y            :          0.8192821           -0.1587908            0.6604913
 Dipole Z            :          0.3922987           -0.3742800            0.0180187
 Magnitude           :                                                    2.0279658

 ------------------------------------------------------------------------------------

*** tstop() called on cst14372 at Tue Apr 21 10:12:16 2026
Module time:
	user time   =      26.64 seconds =       0.44 minutes
	system time =       0.31 seconds =       0.01 minutes
	total time  =         13 seconds =       0.22 minutes
Total time:
	user time   =    1371.25 seconds =      22.85 minutes
	system time =      20.59 seconds =       0.34 minutes
	total time  =        660 seconds =      11.00 minutes

Scratch directory: /tmp/
gradient() will perform analytic gradient computation.

*** tstart() called on cst14372
*** at Tue Apr 21 10:12:16 2026


         ------------------------------------------------------------
                                   SCF GRAD                          
                          Rob Parrish, Justin Turney,                
                       Andy Simmonett, and Alex Sokolov              
         ------------------------------------------------------------

  ==> Geometry <==

    Molecular point group: c1
    Full point group: C1

    Geometry (in Angstrom), charge = 0, multiplicity = 1:

       Center              X                  Y                   Z               Mass       
    ------------   -----------------  -----------------  -----------------  -----------------
         C            0.063164296800     0.327330016600     0.100433900200    12.000000000000
         O            1.370828003700     0.349501370200     0.028132273100    15.994914619570
         O            2.072221894200    -0.785127982900    -0.003355436700    15.994914619570
         C           -0.738027329700    -0.929607487700     0.031684808800    12.000000000000
         C           -2.073307027400    -0.972728833000    -0.167662374800    12.000000000000
         C           -0.605127056400     1.722076335500     0.037893187600    12.000000000000
         H           -0.220550347600    -1.842871469800     0.365317782600     1.007825032230
         H           -2.636106891400    -0.058781110100    -0.448510795600     1.007825032230
         H           -2.623414362500    -1.895935841000    -0.217404803200     1.007825032230
         H            0.264324217800     2.374905946900    -0.078268219800     1.007825032230
         H           -1.175670718800     2.091598540300     0.899799779200     1.007825032230
         H           -1.184962192000     1.849648161500    -0.931306003300     1.007825032230

  Nuclear repulsion =  221.268511916096486

  ==> Basis Set <==

  Basis Set: 6-31G*
    Blend: 6-31G*
    Number of shells: 48
    Number of basis functions: 102
    Number of Cartesian functions: 102
    Spherical Harmonics?: false
    Max angular momentum: 2

  ==> DFJKGrad: Density-Fitted SCF Gradients <==

    Gradient:                    1
    J tasked:                  Yes
    K tasked:                  Yes
    wK tasked:                 Yes
    Omega:               2.000E-01
    OpenMP threads:              4
    Integrals threads:           4
    Memory [MiB]:             4291
    Schwarz Cutoff:          1E-12
    Fitting Condition:       1E-10

   => Auxiliary Basis Set <=

  Basis Set: (6-31G* AUX)
    Blend: CC-PVDZ-JKFIT
    Number of shells: 198
    Number of basis functions: 636
    Number of Cartesian functions: 636
    Spherical Harmonics?: false
    Max angular momentum: 3

  ==> DFT Potential <==

   => LibXC <=

    Version 7.0.0
    S. Lehtola, C. Steigemann, M. J.T. Oliveira, and M. A.L. Marques.,  SoftwareX 7, 1–5 (2018) (10.1016/j.softx.2017.11.002)

   => Composite Functional: WB97X-D <= 

    wB97X-D Hyb-GGA Exchange-Correlation Functional

    J.-D. Chai and M. Head-Gordon.,  Phys. Chem. Chem. Phys. 10, 6615-6620 (2008) (10.1039/B810189B)

    Deriv               =              1
    GGA                 =           TRUE
    Meta                =          FALSE

    Exchange Hybrid     =           TRUE
    MP2 Hybrid          =          FALSE

   => Exchange-Correlation Functionals <=

    1.0000   wB97X-D range-separated functional

   => Exact (HF) Exchange <=

    0.7780            HF,LR [omega = 0.2000]
    0.2220               HF 

   => LibXC Density Thresholds  <==

    XC_HYB_GGA_XC_WB97X_D:  1.00E-14 

   => Molecular Quadrature <=

    Radial Scheme          =       TREUTLER
    Pruning Scheme         =           NONE
    Nuclear Scheme         =       TREUTLER

    Blocking Scheme        =         OCTREE
    BS radius alpha        =              1
    Pruning alpha          =              1
    Radial Points          =             75
    Spherical Points       =            302
    Total Points           =         254697
    Total Blocks           =           1933
    Max Points             =            256
    Max Functions          =            100
    Weights Tolerance      =       1.00E-15


  -Total Gradient:
     Atom            X                  Y                   Z
    ------   -----------------  -----------------  -----------------
       1        0.009730915330    -0.000359714902     0.013688541488
       2        0.042297385053    -0.001178566424    -0.009269903877
       3        0.004275972799     0.002081026785     0.001129548492
       4       -0.008896635444    -0.000959349672    -0.024845313878
       5       -0.012870395236    -0.027654493559     0.013884012580
       6       -0.025214967139     0.006382158043     0.027351875545
       7       -0.000476038392    -0.008471169924     0.011432332981
       8       -0.005777742518     0.011591716848    -0.005226235010
       9        0.001025711787     0.006503237783    -0.004630220893
      10        0.002256325773    -0.007683862566    -0.001516193142
      11        0.000885551838     0.012840350394     0.001582735225
      12       -0.006973990629     0.006967256403    -0.023558233463


*** tstop() called on cst14372 at Tue Apr 21 10:12:18 2026
Module time:
	user time   =       3.62 seconds =       0.06 minutes
	system time =       0.06 seconds =       0.00 minutes
	total time  =          2 seconds =       0.03 minutes
Total time:
	user time   =    1374.88 seconds =      22.91 minutes
	system time =      20.65 seconds =       0.34 minutes
	total time  =        662 seconds =      11.03 minutes

Scratch directory: /tmp/
   => Libint2 <=

    Primary   basis highest AM E, G, H:  6, 6, 3
    Auxiliary basis highest AM E, G, H:  7, 7, 4
    Onebody   basis highest AM E, G, H:  -, -, -
    Solid Harmonics ordering:            Gaussian

*** tstart() called on cst14372
*** at Tue Apr 21 10:12:18 2026

   => Loading Basis Set <=

    Name: 6-31G*
    Role: ORBITAL
    Keyword: BASIS
    atoms 1, 4-6 entry C          line   111 file /Users/jmsmith1/anaconda3/envs/jupyterenv/share/psi4/basis/6-31gs.gbs 
    atoms 2-3    entry O          line   145 file /Users/jmsmith1/anaconda3/envs/jupyterenv/share/psi4/basis/6-31gs.gbs 
    atoms 7-12   entry H          line    44 file /Users/jmsmith1/anaconda3/envs/jupyterenv/share/psi4/basis/6-31gs.gbs 

   => WB97X-D: Empirical Dispersion <=

    Chai and Head-Gordon Dispersion Correction
    Chai, J.-D.; Head-Gordon, M. (2010), J. Chem. Phys., 132: 6615-6620

        s6 =       1.000000


         ---------------------------------------------------------
                                   SCF
               by Justin Turney, Rob Parrish, Andy Simmonett
                          and Daniel G. A. Smith
                              RKS Reference
                        4 Threads,   5722 MiB Core
         ---------------------------------------------------------

  ==> Geometry <==

    Molecular point group: c1
    Full point group: C1

    Geometry (in Angstrom), charge = 0, multiplicity = 1:

       Center              X                  Y                   Z               Mass       
    ------------   -----------------  -----------------  -----------------  -----------------
         C            0.062725633000     0.325866821700     0.102356556500    12.000000000000
         O            1.369521598100     0.351296296700     0.029164969900    15.994914619570
         O            2.074516747400    -0.783265651300    -0.003495819300    15.994914619570
         C           -0.739661614600    -0.931144774900     0.033735625100    12.000000000000
         C           -2.073143213900    -0.973800470300    -0.172573418300    12.000000000000
         C           -0.604939845700     1.722369639100     0.038583836600    12.000000000000
         H           -0.210719967300    -1.843604187900     0.368703173600     1.007825032230
         H           -2.637281828400    -0.057855872700    -0.458883509400     1.007825032230
         H           -2.617063236800    -1.900261480600    -0.217330803700     1.007825032230
         H            0.262880789000     2.379318177300    -0.079908233700     1.007825032230
         H           -1.177718640900     2.085296203100     0.908828955100     1.007825032230
         H           -1.191617629100     1.842950199600    -0.942511364400     1.007825032230

  Running in c1 symmetry.

  Rotational constants: A =      0.18062  B =      0.09314  C =      0.06253 [cm^-1]
  Rotational constants: A =   5414.91787  B =   2792.25857  C =   1874.68058 [MHz]
  Nuclear repulsion =  221.112662573149748

  Charge       = 0
  Multiplicity = 1
  Electrons    = 46
  Nalpha       = 23
  Nbeta        = 23

  ==> Algorithm <==

  SCF Algorithm Type is DF.
  DIIS enabled.
  MOM disabled.
  Fractional occupation disabled.
  Guess Type is SAD.
  Energy threshold   = 1.00e-07
  Density threshold  = 1.00e-07
  Integral threshold = 1.00e-12

  ==> Primary Basis <==

  Basis Set: 6-31G*
    Blend: 6-31G*
    Number of shells: 48
    Number of basis functions: 102
    Number of Cartesian functions: 102
    Spherical Harmonics?: false
    Max angular momentum: 2

  ==> DFT Potential <==

   => LibXC <=

    Version 7.0.0
    S. Lehtola, C. Steigemann, M. J.T. Oliveira, and M. A.L. Marques.,  SoftwareX 7, 1–5 (2018) (10.1016/j.softx.2017.11.002)

   => Composite Functional: WB97X-D <= 

    wB97X-D Hyb-GGA Exchange-Correlation Functional

    J.-D. Chai and M. Head-Gordon.,  Phys. Chem. Chem. Phys. 10, 6615-6620 (2008) (10.1039/B810189B)

    Deriv               =              1
    GGA                 =           TRUE
    Meta                =          FALSE

    Exchange Hybrid     =           TRUE
    MP2 Hybrid          =          FALSE

   => Exchange-Correlation Functionals <=

    1.0000   wB97X-D range-separated functional

   => Exact (HF) Exchange <=

    0.7780            HF,LR [omega = 0.2000]
    0.2220               HF 

   => LibXC Density Thresholds  <==

    XC_HYB_GGA_XC_WB97X_D:  1.00E-14 

   => Molecular Quadrature <=

    Radial Scheme          =       TREUTLER
    Pruning Scheme         =           NONE
    Nuclear Scheme         =       TREUTLER

    Blocking Scheme        =         OCTREE
    BS radius alpha        =              1
    Pruning alpha          =              1
    Radial Points          =             75
    Spherical Points       =            302
    Total Points           =         254719
    Total Blocks           =           1939
    Max Points             =            256
    Max Functions          =            100
    Weights Tolerance      =       1.00E-15

   => Loading Basis Set <=

    Name: (6-31G* AUX)
    Role: JKFIT
    Keyword: DF_BASIS_SCF
    atoms 1, 4-6 entry C          line   121 file /Users/jmsmith1/anaconda3/envs/jupyterenv/share/psi4/basis/cc-pvdz-jkfit.gbs 
    atoms 2-3    entry O          line   221 file /Users/jmsmith1/anaconda3/envs/jupyterenv/share/psi4/basis/cc-pvdz-jkfit.gbs 
    atoms 7-12   entry H          line    51 file /Users/jmsmith1/anaconda3/envs/jupyterenv/share/psi4/basis/cc-pvdz-jkfit.gbs 

  ==> Integral Setup <==

  DFHelper Memory: AOs need 0.151 GiB; user supplied 3.602 GiB. 
  SCF_SUBTYPE=INCORE selected. In-core MEM_DF algorithm will be used.
  Using in-core AOs.

  ==> MemDFJK: Density-Fitted J/K Matrices <==

    J tasked:                   Yes
    K tasked:                   Yes
    wK tasked:                  Yes
    Omega:                2.000E-01
    OpenMP threads:               4
    Memory [MiB]:              3688
    Algorithm:                 Core
    Schwarz Cutoff:           1E-12
    Mask sparsity (%):       1.8262
    Fitting Condition:        1E-10

   => Auxiliary Basis Set <=

  Basis Set: (6-31G* AUX)
    Blend: CC-PVDZ-JKFIT
    Number of shells: 198
    Number of basis functions: 636
    Number of Cartesian functions: 636
    Spherical Harmonics?: false
    Max angular momentum: 3

  Cached 100.0% of DFT collocation blocks in 0.589 [GiB].

  Minimum eigenvalue in the overlap matrix is 3.4507706985E-03.
  Reciprocal condition number of the overlap matrix is 5.0996689041E-04.
    Using symmetric orthogonalization.

  ==> Pre-Iterations <==

  SCF Guess: Superposition of Atomic Densities via on-the-fly atomic UHF (no occupation information).

   -------------------------
    Irrep   Nso     Nmo    
   -------------------------
     A        102     102 
   -------------------------
    Total     102     102
   -------------------------

  ==> Iterations <==

                           Total Energy        Delta E     RMS |[F,P]|

   @DF-RKS iter SAD:  -300.00138814333326   -3.00001e+02   0.00000e+00 
   @DF-RKS iter   1:  -296.91162069554974    3.08977e+00   3.36842e-02 DIIS/ADIIS
   @DF-RKS iter   2:  -274.75421981893726    2.21574e+01   6.31888e-02 DIIS/ADIIS
   @DF-RKS iter   3:  -304.76667283205455   -3.00125e+01   1.69305e-02 DIIS/ADIIS
   @DF-RKS iter   4:  -304.12691619278837    6.39757e-01   1.93675e-02 DIIS/ADIIS
   @DF-RKS iter   5:  -306.10904508873779   -1.98213e+00   3.79992e-03 DIIS/ADIIS
   @DF-RKS iter   6:  -306.17166528039911   -6.26202e-02   2.07144e-03 DIIS/ADIIS
   @DF-RKS iter   7:  -306.19229631923258   -2.06310e-02   4.39906e-04 DIIS/ADIIS
   @DF-RKS iter   8:  -306.19282787359134   -5.31554e-04   3.30740e-04 DIIS/ADIIS
   @DF-RKS iter   9:  -306.19340789720752   -5.80024e-04   5.53467e-05 DIIS
   @DF-RKS iter  10:  -306.19343135938465   -2.34622e-05   2.74939e-05 DIIS
   @DF-RKS iter  11:  -306.19343470662432   -3.34724e-06   1.61660e-05 DIIS
   @DF-RKS iter  12:  -306.19343627117746   -1.56455e-06   6.56938e-06 DIIS
   @DF-RKS iter  13:  -306.19343662834433   -3.57167e-07   8.40088e-07 DIIS
   @DF-RKS iter  14:  -306.19343665283930   -2.44950e-08   4.95891e-07 DIIS
   @DF-RKS iter  15:  -306.19343666013623   -7.29693e-09   2.88900e-07 DIIS
   @DF-RKS iter  16:  -306.19343666592590   -5.78967e-09   8.09240e-08 DIIS
  Energy and wave function converged.


  ==> Post-Iterations <==

   Electrons on quadrature grid:
      Ntotal   =   45.9999975016 ; deviation = -2.498e-06 

    Orbital Energies [Eh]
    ---------------------

    Doubly Occupied:                                                      

       1A    -19.418208     2A    -19.250316     3A    -10.417606  
       4A    -10.340442     5A    -10.338995     6A    -10.337475  
       7A     -1.280315     8A     -0.988947     9A     -0.903458  
      10A     -0.835830    11A     -0.748087    12A     -0.643451  
      13A     -0.611386    14A     -0.584539    15A     -0.575131  
      16A     -0.536175    17A     -0.515159    18A     -0.500609  
      19A     -0.491606    20A     -0.446164    21A     -0.394434  
      22A     -0.307160    23A     -0.293691  

    Virtual:                                                              

      24A     -0.025336    25A      0.105209    26A      0.158786  
      27A      0.176908    28A      0.203703    29A      0.223666  
      30A      0.228661    31A      0.243562    32A      0.250513  
      33A      0.294482    34A      0.336914    35A      0.405191  
      36A      0.425126    37A      0.561193    38A      0.585441  
      39A      0.604234    40A      0.647250    41A      0.656277  
      42A      0.666799    43A      0.701623    44A      0.714406  
      45A      0.738337    46A      0.780314    47A      0.820464  
      48A      0.892540    49A      0.903610    50A      0.921263  
      51A      0.930524    52A      0.942899    53A      0.965841  
      54A      0.989891    55A      1.015275    56A      1.037420  
      57A      1.047216    58A      1.108917    59A      1.143774  
      60A      1.173428    61A      1.203279    62A      1.213934  
      63A      1.355945    64A      1.376039    65A      1.421781  
      66A      1.454447    67A      1.508268    68A      1.593095  
      69A      1.626834    70A      1.689718    71A      1.746322  
      72A      1.771109    73A      1.842234    74A      1.890563  
      75A      1.924031    76A      1.937182    77A      1.977141  
      78A      2.007557    79A      2.054174    80A      2.125066  
      81A      2.184767    82A      2.194452    83A      2.280169  
      84A      2.315047    85A      2.336770    86A      2.397250  
      87A      2.454750    88A      2.494427    89A      2.537751  
      90A      2.565418    91A      2.692114    92A      2.742122  
      93A      2.905512    94A      2.922331    95A      3.113975  
      96A      3.230092    97A      3.598254    98A      4.105542  
      99A      4.136316   100A      4.244160   101A      4.327136  
     102A      4.591092  

    Final Occupation by Irrep:
              A 
    DOCC [    23 ]
    NA   [    23 ]
    NB   [    23 ]

  @DF-RKS Final Energy:  -306.19343666592590

   => Energetics <=

    Nuclear Repulsion Energy =            221.1126625731497484
    One-Electron Energy =                -853.9257279888822723
    Two-Electron Energy =                 354.8325375419360057
    DFT Exchange-Correlation Energy =     -28.2085384926077900
    Empirical Dispersion Energy =          -0.0043702995215594
    VV10 Nonlocal Energy =                  0.0000000000000000
    Total Energy =                       -306.1934366659259013

Computation Completed


Properties will be evaluated at   0.000000,   0.000000,   0.000000 [a0]

Properties computed using the SCF density matrix


 Multipole Moments:

 ------------------------------------------------------------------------------------
     Multipole            Electronic (a.u.)      Nuclear  (a.u.)        Total (a.u.)
 ------------------------------------------------------------------------------------

 L = 1.  Multiply by 2.5417464519 to convert [e a0] to [Debye]
 Dipole X            :         -1.6383562           -0.2821890           -1.9205452
 Dipole Y            :          0.8259800           -0.1703862            0.6555938
 Dipole Z            :          0.4035978           -0.3838657            0.0197321
 Magnitude           :                                                    2.0294548

 ------------------------------------------------------------------------------------

*** tstop() called on cst14372 at Tue Apr 21 10:12:31 2026
Module time:
	user time   =      26.89 seconds =       0.45 minutes
	system time =       0.30 seconds =       0.01 minutes
	total time  =         13 seconds =       0.22 minutes
Total time:
	user time   =    1401.79 seconds =      23.36 minutes
	system time =      20.95 seconds =       0.35 minutes
	total time  =        675 seconds =      11.25 minutes

Scratch directory: /tmp/
gradient() will perform analytic gradient computation.

*** tstart() called on cst14372
*** at Tue Apr 21 10:12:31 2026


         ------------------------------------------------------------
                                   SCF GRAD                          
                          Rob Parrish, Justin Turney,                
                       Andy Simmonett, and Alex Sokolov              
         ------------------------------------------------------------

  ==> Geometry <==

    Molecular point group: c1
    Full point group: C1

    Geometry (in Angstrom), charge = 0, multiplicity = 1:

       Center              X                  Y                   Z               Mass       
    ------------   -----------------  -----------------  -----------------  -----------------
         C            0.062725633000     0.325866821700     0.102356556500    12.000000000000
         O            1.369521598100     0.351296296700     0.029164969900    15.994914619570
         O            2.074516747400    -0.783265651300    -0.003495819300    15.994914619570
         C           -0.739661614600    -0.931144774900     0.033735625100    12.000000000000
         C           -2.073143213900    -0.973800470300    -0.172573418300    12.000000000000
         C           -0.604939845700     1.722369639100     0.038583836600    12.000000000000
         H           -0.210719967300    -1.843604187900     0.368703173600     1.007825032230
         H           -2.637281828400    -0.057855872700    -0.458883509400     1.007825032230
         H           -2.617063236800    -1.900261480600    -0.217330803700     1.007825032230
         H            0.262880789000     2.379318177300    -0.079908233700     1.007825032230
         H           -1.177718640900     2.085296203100     0.908828955100     1.007825032230
         H           -1.191617629100     1.842950199600    -0.942511364400     1.007825032230

  Nuclear repulsion =  221.112662573149748

  ==> Basis Set <==

  Basis Set: 6-31G*
    Blend: 6-31G*
    Number of shells: 48
    Number of basis functions: 102
    Number of Cartesian functions: 102
    Spherical Harmonics?: false
    Max angular momentum: 2

  ==> DFJKGrad: Density-Fitted SCF Gradients <==

    Gradient:                    1
    J tasked:                  Yes
    K tasked:                  Yes
    wK tasked:                 Yes
    Omega:               2.000E-01
    OpenMP threads:              4
    Integrals threads:           4
    Memory [MiB]:             4291
    Schwarz Cutoff:          1E-12
    Fitting Condition:       1E-10

   => Auxiliary Basis Set <=

  Basis Set: (6-31G* AUX)
    Blend: CC-PVDZ-JKFIT
    Number of shells: 198
    Number of basis functions: 636
    Number of Cartesian functions: 636
    Spherical Harmonics?: false
    Max angular momentum: 3

  ==> DFT Potential <==

   => LibXC <=

    Version 7.0.0
    S. Lehtola, C. Steigemann, M. J.T. Oliveira, and M. A.L. Marques.,  SoftwareX 7, 1–5 (2018) (10.1016/j.softx.2017.11.002)

   => Composite Functional: WB97X-D <= 

    wB97X-D Hyb-GGA Exchange-Correlation Functional

    J.-D. Chai and M. Head-Gordon.,  Phys. Chem. Chem. Phys. 10, 6615-6620 (2008) (10.1039/B810189B)

    Deriv               =              1
    GGA                 =           TRUE
    Meta                =          FALSE

    Exchange Hybrid     =           TRUE
    MP2 Hybrid          =          FALSE

   => Exchange-Correlation Functionals <=

    1.0000   wB97X-D range-separated functional

   => Exact (HF) Exchange <=

    0.7780            HF,LR [omega = 0.2000]
    0.2220               HF 

   => LibXC Density Thresholds  <==

    XC_HYB_GGA_XC_WB97X_D:  1.00E-14 

   => Molecular Quadrature <=

    Radial Scheme          =       TREUTLER
    Pruning Scheme         =           NONE
    Nuclear Scheme         =       TREUTLER

    Blocking Scheme        =         OCTREE
    BS radius alpha        =              1
    Pruning alpha          =              1
    Radial Points          =             75
    Spherical Points       =            302
    Total Points           =         254719
    Total Blocks           =           1939
    Max Points             =            256
    Max Functions          =            100
    Weights Tolerance      =       1.00E-15


  -Total Gradient:
     Atom            X                  Y                   Z
    ------   -----------------  -----------------  -----------------
       1        0.009852668433    -0.002015946743     0.014259113425
       2        0.041271499999     0.000439723606    -0.009288224087
       3        0.004850644119     0.001227240617     0.001065062910
       4       -0.012448038997     0.000027910489    -0.025250065523
       5       -0.012198372125    -0.028375900565     0.013710540919
       6       -0.020812578224     0.006154551896     0.029375250033
       7        0.002189477491    -0.010606985646     0.012166936313
       8       -0.006881365730     0.013681475705    -0.005903694992
       9        0.001912303404     0.006405890689    -0.004198422820
      10        0.003142147598    -0.006787564026    -0.001673748324
      11       -0.000641820852     0.013165243050     0.005163365964
      12       -0.009975233618     0.006773990193    -0.029350007598


*** tstop() called on cst14372 at Tue Apr 21 10:12:33 2026
Module time:
	user time   =       3.76 seconds =       0.06 minutes
	system time =       0.05 seconds =       0.00 minutes
	total time  =          2 seconds =       0.03 minutes
Total time:
	user time   =    1405.57 seconds =      23.43 minutes
	system time =      21.00 seconds =       0.35 minutes
	total time  =        677 seconds =      11.28 minutes

Scratch directory: /tmp/
   => Libint2 <=

    Primary   basis highest AM E, G, H:  6, 6, 3
    Auxiliary basis highest AM E, G, H:  7, 7, 4
    Onebody   basis highest AM E, G, H:  -, -, -
    Solid Harmonics ordering:            Gaussian

*** tstart() called on cst14372
*** at Tue Apr 21 10:12:33 2026

   => Loading Basis Set <=

    Name: 6-31G*
    Role: ORBITAL
    Keyword: BASIS
    atoms 1, 4-6 entry C          line   111 file /Users/jmsmith1/anaconda3/envs/jupyterenv/share/psi4/basis/6-31gs.gbs 
    atoms 2-3    entry O          line   145 file /Users/jmsmith1/anaconda3/envs/jupyterenv/share/psi4/basis/6-31gs.gbs 
    atoms 7-12   entry H          line    44 file /Users/jmsmith1/anaconda3/envs/jupyterenv/share/psi4/basis/6-31gs.gbs 

   => WB97X-D: Empirical Dispersion <=

    Chai and Head-Gordon Dispersion Correction
    Chai, J.-D.; Head-Gordon, M. (2010), J. Chem. Phys., 132: 6615-6620

        s6 =       1.000000


         ---------------------------------------------------------
                                   SCF
               by Justin Turney, Rob Parrish, Andy Simmonett
                          and Daniel G. A. Smith
                              RKS Reference
                        4 Threads,   5722 MiB Core
         ---------------------------------------------------------

  ==> Geometry <==

    Molecular point group: c1
    Full point group: C1

    Geometry (in Angstrom), charge = 0, multiplicity = 1:

       Center              X                  Y                   Z               Mass       
    ------------   -----------------  -----------------  -----------------  -----------------
         C            0.062257749200     0.324407110200     0.104241034000    12.000000000000
         O            1.368123420900     0.353093151900     0.030219507000    15.994914619570
         O            2.076804748800    -0.781402993800    -0.003638741500    15.994914619570
         C           -0.741262498900    -0.932684613000     0.035862814300    12.000000000000
         C           -2.072943833100    -0.974791705000    -0.177532033400    12.000000000000
         C           -0.604692099100     1.722645601600     0.039190578700    12.000000000000
         H           -0.200949297600    -1.843972292100     0.371674416800     1.007825032230
         H           -2.638221343400    -0.057400966400    -0.469069296100     1.007825032230
         H           -2.610767853500    -1.904814983400    -0.217111898900     1.007825032230
         H            0.261326681100     2.383971572400    -0.081493162000     1.007825032230
         H           -1.179747719800     2.078529724200     0.917694575900     1.007825032230
         H           -1.197939755500     1.836007868300    -0.952722569300     1.007825032230

  Running in c1 symmetry.

  Rotational constants: A =      0.18047  B =      0.09305  C =      0.06250 [cm^-1]
  Rotational constants: A =   5410.50411  B =   2789.58007  C =   1873.82136 [MHz]
  Nuclear repulsion =  220.967093816858466

  Charge       = 0
  Multiplicity = 1
  Electrons    = 46
  Nalpha       = 23
  Nbeta        = 23

  ==> Algorithm <==

  SCF Algorithm Type is DF.
  DIIS enabled.
  MOM disabled.
  Fractional occupation disabled.
  Guess Type is SAD.
  Energy threshold   = 1.00e-07
  Density threshold  = 1.00e-07
  Integral threshold = 1.00e-12

  ==> Primary Basis <==

  Basis Set: 6-31G*
    Blend: 6-31G*
    Number of shells: 48
    Number of basis functions: 102
    Number of Cartesian functions: 102
    Spherical Harmonics?: false
    Max angular momentum: 2

  ==> DFT Potential <==

   => LibXC <=

    Version 7.0.0
    S. Lehtola, C. Steigemann, M. J.T. Oliveira, and M. A.L. Marques.,  SoftwareX 7, 1–5 (2018) (10.1016/j.softx.2017.11.002)

   => Composite Functional: WB97X-D <= 

    wB97X-D Hyb-GGA Exchange-Correlation Functional

    J.-D. Chai and M. Head-Gordon.,  Phys. Chem. Chem. Phys. 10, 6615-6620 (2008) (10.1039/B810189B)

    Deriv               =              1
    GGA                 =           TRUE
    Meta                =          FALSE

    Exchange Hybrid     =           TRUE
    MP2 Hybrid          =          FALSE

   => Exchange-Correlation Functionals <=

    1.0000   wB97X-D range-separated functional

   => Exact (HF) Exchange <=

    0.7780            HF,LR [omega = 0.2000]
    0.2220               HF 

   => LibXC Density Thresholds  <==

    XC_HYB_GGA_XC_WB97X_D:  1.00E-14 

   => Molecular Quadrature <=

    Radial Scheme          =       TREUTLER
    Pruning Scheme         =           NONE
    Nuclear Scheme         =       TREUTLER

    Blocking Scheme        =         OCTREE
    BS radius alpha        =              1
    Pruning alpha          =              1
    Radial Points          =             75
    Spherical Points       =            302
    Total Points           =         254733
    Total Blocks           =           1933
    Max Points             =            256
    Max Functions          =            100
    Weights Tolerance      =       1.00E-15

   => Loading Basis Set <=

    Name: (6-31G* AUX)
    Role: JKFIT
    Keyword: DF_BASIS_SCF
    atoms 1, 4-6 entry C          line   121 file /Users/jmsmith1/anaconda3/envs/jupyterenv/share/psi4/basis/cc-pvdz-jkfit.gbs 
    atoms 2-3    entry O          line   221 file /Users/jmsmith1/anaconda3/envs/jupyterenv/share/psi4/basis/cc-pvdz-jkfit.gbs 
    atoms 7-12   entry H          line    51 file /Users/jmsmith1/anaconda3/envs/jupyterenv/share/psi4/basis/cc-pvdz-jkfit.gbs 

  ==> Integral Setup <==

  DFHelper Memory: AOs need 0.151 GiB; user supplied 3.602 GiB. 
  SCF_SUBTYPE=INCORE selected. In-core MEM_DF algorithm will be used.
  Using in-core AOs.

  ==> MemDFJK: Density-Fitted J/K Matrices <==

    J tasked:                   Yes
    K tasked:                   Yes
    wK tasked:                  Yes
    Omega:                2.000E-01
    OpenMP threads:               4
    Memory [MiB]:              3688
    Algorithm:                 Core
    Schwarz Cutoff:           1E-12
    Mask sparsity (%):       1.8262
    Fitting Condition:        1E-10

   => Auxiliary Basis Set <=

  Basis Set: (6-31G* AUX)
    Blend: CC-PVDZ-JKFIT
    Number of shells: 198
    Number of basis functions: 636
    Number of Cartesian functions: 636
    Spherical Harmonics?: false
    Max angular momentum: 3

  Cached 100.0% of DFT collocation blocks in 0.589 [GiB].

  Minimum eigenvalue in the overlap matrix is 3.4397983371E-03.
  Reciprocal condition number of the overlap matrix is 5.0882707296E-04.
    Using symmetric orthogonalization.

  ==> Pre-Iterations <==

  SCF Guess: Superposition of Atomic Densities via on-the-fly atomic UHF (no occupation information).

   -------------------------
    Irrep   Nso     Nmo    
   -------------------------
     A        102     102 
   -------------------------
    Total     102     102
   -------------------------

  ==> Iterations <==

                           Total Energy        Delta E     RMS |[F,P]|

   @DF-RKS iter SAD:  -299.97399829730296   -2.99974e+02   0.00000e+00 
   @DF-RKS iter   1:  -296.91888532291216    3.05511e+00   3.36546e-02 DIIS/ADIIS
   @DF-RKS iter   2:  -274.72395862791581    2.21949e+01   6.32081e-02 DIIS/ADIIS
   @DF-RKS iter   3:  -304.76220915186360   -3.00383e+01   1.69470e-02 DIIS/ADIIS
   @DF-RKS iter   4:  -304.09636081028759    6.65848e-01   1.94902e-02 DIIS/ADIIS
   @DF-RKS iter   5:  -306.10784378684218   -2.01148e+00   3.80842e-03 DIIS/ADIIS
   @DF-RKS iter   6:  -306.17069212770718   -6.28483e-02   2.08714e-03 DIIS/ADIIS
   @DF-RKS iter   7:  -306.19160661601637   -2.09145e-02   4.48389e-04 DIIS/ADIIS
   @DF-RKS iter   8:  -306.19215681990602   -5.50204e-04   3.34604e-04 DIIS/ADIIS
   @DF-RKS iter   9:  -306.19275188130575   -5.95061e-04   5.47132e-05 DIIS
   @DF-RKS iter  10:  -306.19277510003479   -2.32187e-05   2.78768e-05 DIIS
   @DF-RKS iter  11:  -306.19277849551884   -3.39548e-06   1.65986e-05 DIIS
   @DF-RKS iter  12:  -306.19278013203547   -1.63652e-06   6.63187e-06 DIIS
   @DF-RKS iter  13:  -306.19278049048438   -3.58449e-07   7.86720e-07 DIIS
   @DF-RKS iter  14:  -306.19278051315661   -2.26722e-08   4.71356e-07 DIIS
   @DF-RKS iter  15:  -306.19278052060207   -7.44546e-09   2.71652e-07 DIIS
   @DF-RKS iter  16:  -306.19278052528176   -4.67969e-09   8.34089e-08 DIIS
  Energy and wave function converged.


  ==> Post-Iterations <==

   Electrons on quadrature grid:
      Ntotal   =   45.9999994710 ; deviation = -5.290e-07 

    Orbital Energies [Eh]
    ---------------------

    Doubly Occupied:                                                      

       1A    -19.417899     2A    -19.250041     3A    -10.417695  
       4A    -10.341067     5A    -10.339493     6A    -10.339317  
       7A     -1.279482     8A     -0.988591     9A     -0.903508  
      10A     -0.834601    11A     -0.747928    12A     -0.642669  
      13A     -0.610909    14A     -0.583713    15A     -0.574690  
      16A     -0.536003    17A     -0.514352    18A     -0.500912  
      19A     -0.490846    20A     -0.445420    21A     -0.394592  
      22A     -0.307025    23A     -0.293689  

    Virtual:                                                              

      24A     -0.025287    25A      0.105169    26A      0.156608  
      27A      0.176627    28A      0.202349    29A      0.222079  
      30A      0.226837    31A      0.242474    32A      0.249660  
      33A      0.293906    34A      0.336410    35A      0.404498  
      36A      0.424414    37A      0.561138    38A      0.585775  
      39A      0.604568    40A      0.647717    41A      0.656578  
      42A      0.666368    43A      0.701933    44A      0.715781  
      45A      0.738158    46A      0.778949    47A      0.818902  
      48A      0.890995    49A      0.902676    50A      0.919482  
      51A      0.928903    52A      0.941276    53A      0.965670  
      54A      0.986679    55A      1.014371    56A      1.037257  
      57A      1.045497    58A      1.109118    59A      1.144299  
      60A      1.174163    61A      1.203695    62A      1.213992  
      63A      1.356302    64A      1.375940    65A      1.421759  
      66A      1.453990    67A      1.509310    68A      1.590341  
      69A      1.626148    70A      1.687943    71A      1.745964  
      72A      1.771537    73A      1.842740    74A      1.891555  
      75A      1.924047    76A      1.938267    77A      1.978506  
      78A      2.006576    79A      2.053456    80A      2.123547  
      81A      2.179448    82A      2.192705    83A      2.278040  
      84A      2.308775    85A      2.333297    86A      2.394888  
      87A      2.454440    88A      2.493064    89A      2.535944  
      90A      2.563936    91A      2.691065    92A      2.740441  
      93A      2.904873    94A      2.921312    95A      3.113278  
      96A      3.230683    97A      3.597871    98A      4.105134  
      99A      4.135439   100A      4.242627   101A      4.325284  
     102A      4.590553  

    Final Occupation by Irrep:
              A 
    DOCC [    23 ]
    NA   [    23 ]
    NB   [    23 ]

  @DF-RKS Final Energy:  -306.19278052528176

   => Energetics <=

    Nuclear Repulsion Energy =            220.9670938168584655
    One-Electron Energy =                -853.6475832115716003
    Two-Electron Energy =                 354.6933944286382143
    DFT Exchange-Correlation Energy =     -28.2013023352058809
    Empirical Dispersion Energy =          -0.0043832240009387
    VV10 Nonlocal Energy =                  0.0000000000000000
    Total Energy =                       -306.1927805252817620

Computation Completed


Properties will be evaluated at   0.000000,   0.000000,   0.000000 [a0]

Properties computed using the SCF density matrix


 Multipole Moments:

 ------------------------------------------------------------------------------------
     Multipole            Electronic (a.u.)      Nuclear  (a.u.)        Total (a.u.)
 ------------------------------------------------------------------------------------

 L = 1.  Multiply by 2.5417464519 to convert [e a0] to [Debye]
 Dipole X            :         -1.6468507           -0.2772569           -1.9241076
 Dipole Y            :          0.8335601           -0.1827355            0.6508247
 Dipole Z            :          0.4140162           -0.3926992            0.0213171
 Magnitude           :                                                    2.0313092

 ------------------------------------------------------------------------------------

*** tstop() called on cst14372 at Tue Apr 21 10:12:45 2026
Module time:
	user time   =      26.87 seconds =       0.45 minutes
	system time =       0.28 seconds =       0.00 minutes
	total time  =         12 seconds =       0.20 minutes
Total time:
	user time   =    1432.46 seconds =      23.87 minutes
	system time =      21.29 seconds =       0.35 minutes
	total time  =        689 seconds =      11.48 minutes

Scratch directory: /tmp/
gradient() will perform analytic gradient computation.

*** tstart() called on cst14372
*** at Tue Apr 21 10:12:45 2026


         ------------------------------------------------------------
                                   SCF GRAD                          
                          Rob Parrish, Justin Turney,                
                       Andy Simmonett, and Alex Sokolov              
         ------------------------------------------------------------

  ==> Geometry <==

    Molecular point group: c1
    Full point group: C1

    Geometry (in Angstrom), charge = 0, multiplicity = 1:

       Center              X                  Y                   Z               Mass       
    ------------   -----------------  -----------------  -----------------  -----------------
         C            0.062257749200     0.324407110200     0.104241034000    12.000000000000
         O            1.368123420900     0.353093151900     0.030219507000    15.994914619570
         O            2.076804748800    -0.781402993800    -0.003638741500    15.994914619570
         C           -0.741262498900    -0.932684613000     0.035862814300    12.000000000000
         C           -2.072943833100    -0.974791705000    -0.177532033400    12.000000000000
         C           -0.604692099100     1.722645601600     0.039190578700    12.000000000000
         H           -0.200949297600    -1.843972292100     0.371674416800     1.007825032230
         H           -2.638221343400    -0.057400966400    -0.469069296100     1.007825032230
         H           -2.610767853500    -1.904814983400    -0.217111898900     1.007825032230
         H            0.261326681100     2.383971572400    -0.081493162000     1.007825032230
         H           -1.179747719800     2.078529724200     0.917694575900     1.007825032230
         H           -1.197939755500     1.836007868300    -0.952722569300     1.007825032230

  Nuclear repulsion =  220.967093816858466

  ==> Basis Set <==

  Basis Set: 6-31G*
    Blend: 6-31G*
    Number of shells: 48
    Number of basis functions: 102
    Number of Cartesian functions: 102
    Spherical Harmonics?: false
    Max angular momentum: 2

  ==> DFJKGrad: Density-Fitted SCF Gradients <==

    Gradient:                    1
    J tasked:                  Yes
    K tasked:                  Yes
    wK tasked:                 Yes
    Omega:               2.000E-01
    OpenMP threads:              4
    Integrals threads:           4
    Memory [MiB]:             4291
    Schwarz Cutoff:          1E-12
    Fitting Condition:       1E-10

   => Auxiliary Basis Set <=

  Basis Set: (6-31G* AUX)
    Blend: CC-PVDZ-JKFIT
    Number of shells: 198
    Number of basis functions: 636
    Number of Cartesian functions: 636
    Spherical Harmonics?: false
    Max angular momentum: 3

  ==> DFT Potential <==

   => LibXC <=

    Version 7.0.0
    S. Lehtola, C. Steigemann, M. J.T. Oliveira, and M. A.L. Marques.,  SoftwareX 7, 1–5 (2018) (10.1016/j.softx.2017.11.002)

   => Composite Functional: WB97X-D <= 

    wB97X-D Hyb-GGA Exchange-Correlation Functional

    J.-D. Chai and M. Head-Gordon.,  Phys. Chem. Chem. Phys. 10, 6615-6620 (2008) (10.1039/B810189B)

    Deriv               =              1
    GGA                 =           TRUE
    Meta                =          FALSE

    Exchange Hybrid     =           TRUE
    MP2 Hybrid          =          FALSE

   => Exchange-Correlation Functionals <=

    1.0000   wB97X-D range-separated functional

   => Exact (HF) Exchange <=

    0.7780            HF,LR [omega = 0.2000]
    0.2220               HF 

   => LibXC Density Thresholds  <==

    XC_HYB_GGA_XC_WB97X_D:  1.00E-14 

   => Molecular Quadrature <=

    Radial Scheme          =       TREUTLER
    Pruning Scheme         =           NONE
    Nuclear Scheme         =       TREUTLER

    Blocking Scheme        =         OCTREE
    BS radius alpha        =              1
    Pruning alpha          =              1
    Radial Points          =             75
    Spherical Points       =            302
    Total Points           =         254733
    Total Blocks           =           1933
    Max Points             =            256
    Max Functions          =            100
    Weights Tolerance      =       1.00E-15


  -Total Gradient:
     Atom            X                  Y                   Z
    ------   -----------------  -----------------  -----------------
       1        0.009954359039    -0.003669414452     0.014830160076
       2        0.040168412850     0.002057702439    -0.009292550448
       3        0.005444622984     0.000372189856     0.000992422609
       4       -0.015820991597     0.000709030635    -0.025500975173
       5       -0.011611095030    -0.028540996250     0.013426089652
       6       -0.016855466577     0.006144628685     0.030737039689
       7        0.004719686257    -0.012435434108     0.012780672041
       8       -0.007792845033     0.015441275300    -0.006501561068
       9        0.002667840300     0.006091659323    -0.003757276207
      10        0.004021264067    -0.005855497569    -0.001840746571
      11       -0.002092938097     0.013368629778     0.008580742615
      12       -0.012544100023     0.006435184354    -0.034324893955


*** tstop() called on cst14372 at Tue Apr 21 10:12:47 2026
Module time:
	user time   =       3.63 seconds =       0.06 minutes
	system time =       0.06 seconds =       0.00 minutes
	total time  =          2 seconds =       0.03 minutes
Total time:
	user time   =    1436.11 seconds =      23.94 minutes
	system time =      21.35 seconds =       0.36 minutes
	total time  =        691 seconds =      11.52 minutes

Scratch directory: /tmp/
   => Libint2 <=

    Primary   basis highest AM E, G, H:  6, 6, 3
    Auxiliary basis highest AM E, G, H:  7, 7, 4
    Onebody   basis highest AM E, G, H:  -, -, -
    Solid Harmonics ordering:            Gaussian

*** tstart() called on cst14372
*** at Tue Apr 21 10:12:47 2026

   => Loading Basis Set <=

    Name: 6-31G*
    Role: ORBITAL
    Keyword: BASIS
    atoms 1, 4-6 entry C          line   111 file /Users/jmsmith1/anaconda3/envs/jupyterenv/share/psi4/basis/6-31gs.gbs 
    atoms 2-3    entry O          line   145 file /Users/jmsmith1/anaconda3/envs/jupyterenv/share/psi4/basis/6-31gs.gbs 
    atoms 7-12   entry H          line    44 file /Users/jmsmith1/anaconda3/envs/jupyterenv/share/psi4/basis/6-31gs.gbs 

   => WB97X-D: Empirical Dispersion <=

    Chai and Head-Gordon Dispersion Correction
    Chai, J.-D.; Head-Gordon, M. (2010), J. Chem. Phys., 132: 6615-6620

        s6 =       1.000000


         ---------------------------------------------------------
                                   SCF
               by Justin Turney, Rob Parrish, Andy Simmonett
                          and Daniel G. A. Smith
                              RKS Reference
                        4 Threads,   5722 MiB Core
         ---------------------------------------------------------

  ==> Geometry <==

    Molecular point group: c1
    Full point group: C1

    Geometry (in Angstrom), charge = 0, multiplicity = 1:

       Center              X                  Y                   Z               Mass       
    ------------   -----------------  -----------------  -----------------  -----------------
         C            0.061760275500     0.322955586700     0.106085729300    12.000000000000
         O            1.366635635600     0.354888530000     0.031295992200    15.994914619570
         O            2.079084732400    -0.779538041300    -0.003784058200    15.994914619570
         C           -0.742820260800    -0.934229068900     0.038067354100    12.000000000000
         C           -2.072710514700    -0.975701986700    -0.182537769000    12.000000000000
         C           -0.604395155800     1.722904240000     0.039709371100    12.000000000000
         H           -0.191325115200    -1.843912149900     0.374209844800     1.007825032230
         H           -2.638893672700    -0.057477824100    -0.479047835700     1.007825032230
         H           -2.604553986200    -1.909586155800    -0.216763052500     1.007825032230
         H            0.259631302800     2.388834659000    -0.083017249500     1.007825032230
         H           -1.181708000600     2.071290928200     0.926279045400     1.007825032230
         H           -1.203839808700     1.828832039900    -0.961767028900     1.007825032230

  Running in c1 symmetry.

  Rotational constants: A =      0.18034  B =      0.09297  C =      0.06248 [cm^-1]
  Rotational constants: A =   5406.49264  B =   2787.07130  C =   1873.05566 [MHz]
  Nuclear repulsion =  220.833384940847338

  Charge       = 0
  Multiplicity = 1
  Electrons    = 46
  Nalpha       = 23
  Nbeta        = 23

  ==> Algorithm <==

  SCF Algorithm Type is DF.
  DIIS enabled.
  MOM disabled.
  Fractional occupation disabled.
  Guess Type is SAD.
  Energy threshold   = 1.00e-07
  Density threshold  = 1.00e-07
  Integral threshold = 1.00e-12

  ==> Primary Basis <==

  Basis Set: 6-31G*
    Blend: 6-31G*
    Number of shells: 48
    Number of basis functions: 102
    Number of Cartesian functions: 102
    Spherical Harmonics?: false
    Max angular momentum: 2

  ==> DFT Potential <==

   => LibXC <=

    Version 7.0.0
    S. Lehtola, C. Steigemann, M. J.T. Oliveira, and M. A.L. Marques.,  SoftwareX 7, 1–5 (2018) (10.1016/j.softx.2017.11.002)

   => Composite Functional: WB97X-D <= 

    wB97X-D Hyb-GGA Exchange-Correlation Functional

    J.-D. Chai and M. Head-Gordon.,  Phys. Chem. Chem. Phys. 10, 6615-6620 (2008) (10.1039/B810189B)

    Deriv               =              1
    GGA                 =           TRUE
    Meta                =          FALSE

    Exchange Hybrid     =           TRUE
    MP2 Hybrid          =          FALSE

   => Exchange-Correlation Functionals <=

    1.0000   wB97X-D range-separated functional

   => Exact (HF) Exchange <=

    0.7780            HF,LR [omega = 0.2000]
    0.2220               HF 

   => LibXC Density Thresholds  <==

    XC_HYB_GGA_XC_WB97X_D:  1.00E-14 

   => Molecular Quadrature <=

    Radial Scheme          =       TREUTLER
    Pruning Scheme         =           NONE
    Nuclear Scheme         =       TREUTLER

    Blocking Scheme        =         OCTREE
    BS radius alpha        =              1
    Pruning alpha          =              1
    Radial Points          =             75
    Spherical Points       =            302
    Total Points           =         254722
    Total Blocks           =           1938
    Max Points             =            256
    Max Functions          =            100
    Weights Tolerance      =       1.00E-15

   => Loading Basis Set <=

    Name: (6-31G* AUX)
    Role: JKFIT
    Keyword: DF_BASIS_SCF
    atoms 1, 4-6 entry C          line   121 file /Users/jmsmith1/anaconda3/envs/jupyterenv/share/psi4/basis/cc-pvdz-jkfit.gbs 
    atoms 2-3    entry O          line   221 file /Users/jmsmith1/anaconda3/envs/jupyterenv/share/psi4/basis/cc-pvdz-jkfit.gbs 
    atoms 7-12   entry H          line    51 file /Users/jmsmith1/anaconda3/envs/jupyterenv/share/psi4/basis/cc-pvdz-jkfit.gbs 

  ==> Integral Setup <==

  DFHelper Memory: AOs need 0.151 GiB; user supplied 3.603 GiB. 
  SCF_SUBTYPE=INCORE selected. In-core MEM_DF algorithm will be used.
  Using in-core AOs.

  ==> MemDFJK: Density-Fitted J/K Matrices <==

    J tasked:                   Yes
    K tasked:                   Yes
    wK tasked:                  Yes
    Omega:                2.000E-01
    OpenMP threads:               4
    Memory [MiB]:              3688
    Algorithm:                 Core
    Schwarz Cutoff:           1E-12
    Mask sparsity (%):       1.8262
    Fitting Condition:        1E-10

   => Auxiliary Basis Set <=

  Basis Set: (6-31G* AUX)
    Blend: CC-PVDZ-JKFIT
    Number of shells: 198
    Number of basis functions: 636
    Number of Cartesian functions: 636
    Spherical Harmonics?: false
    Max angular momentum: 3

  Cached 100.0% of DFT collocation blocks in 0.588 [GiB].

  Minimum eigenvalue in the overlap matrix is 3.4281723842E-03.
  Reciprocal condition number of the overlap matrix is 5.0752825676E-04.
    Using symmetric orthogonalization.

  ==> Pre-Iterations <==

  SCF Guess: Superposition of Atomic Densities via on-the-fly atomic UHF (no occupation information).

   -------------------------
    Irrep   Nso     Nmo    
   -------------------------
     A        102     102 
   -------------------------
    Total     102     102
   -------------------------

  ==> Iterations <==

                           Total Energy        Delta E     RMS |[F,P]|

   @DF-RKS iter SAD:  -299.94859112103387   -2.99949e+02   0.00000e+00 
   @DF-RKS iter   1:  -296.92731207744447    3.02128e+00   3.36263e-02 DIIS/ADIIS
   @DF-RKS iter   2:  -274.69822226119481    2.22291e+01   6.32245e-02 DIIS/ADIIS
   @DF-RKS iter   3:  -304.75769752596688   -3.00595e+01   1.69639e-02 DIIS/ADIIS
   @DF-RKS iter   4:  -304.05823842979805    6.99459e-01   1.96449e-02 DIIS/ADIIS
   @DF-RKS iter   5:  -306.10647283448151   -2.04823e+00   3.81618e-03 DIIS/ADIIS
   @DF-RKS iter   6:  -306.16953644197304   -6.30636e-02   2.10668e-03 DIIS/ADIIS
   @DF-RKS iter   7:  -306.19082026993294   -2.12838e-02   4.55913e-04 DIIS/ADIIS
   @DF-RKS iter   8:  -306.19138938081522   -5.69111e-04   3.38011e-04 DIIS/ADIIS
   @DF-RKS iter   9:  -306.19199766093413   -6.08280e-04   5.42449e-05 DIIS
   @DF-RKS iter  10:  -306.19202071405277   -2.30531e-05   2.82865e-05 DIIS
   @DF-RKS iter  11:  -306.19202416589400   -3.45184e-06   1.70802e-05 DIIS
   @DF-RKS iter  12:  -306.19202588276113   -1.71687e-06   6.69310e-06 DIIS
   @DF-RKS iter  13:  -306.19202623999126   -3.57230e-07   7.31114e-07 DIIS
   @DF-RKS iter  14:  -306.19202626023088   -2.02396e-08   4.43408e-07 DIIS
   @DF-RKS iter  15:  -306.19202626796539   -7.73451e-09   2.34217e-07 DIIS
   @DF-RKS iter  16:  -306.19202627116198   -3.19659e-09   8.52225e-08 DIIS
  Energy and wave function converged.


  ==> Post-Iterations <==

   Electrons on quadrature grid:
      Ntotal   =   46.0000009769 ; deviation = 9.769e-07 

    Orbital Energies [Eh]
    ---------------------

    Doubly Occupied:                                                      

       1A    -19.417566     2A    -19.249749     3A    -10.417774  
       4A    -10.341655     5A    -10.341006     6A    -10.339974  
       7A     -1.278637     8A     -0.988234     9A     -0.903587  
      10A     -0.833485    11A     -0.747798    12A     -0.641964  
      13A     -0.610475    14A     -0.582950    15A     -0.574274  
      16A     -0.535777    17A     -0.513675    18A     -0.501253  
      19A     -0.490128    20A     -0.444685    21A     -0.394753  
      22A     -0.306877    23A     -0.293676  

    Virtual:                                                              

      24A     -0.025227    25A      0.105149    26A      0.154539  
      27A      0.176343    28A      0.201050    29A      0.220521  
      30A      0.225075    31A      0.241606    32A      0.248878  
      33A      0.293349    34A      0.335911    35A      0.403799  
      36A      0.423716    37A      0.561111    38A      0.586081  
      39A      0.604827    40A      0.648124    41A      0.656758  
      42A      0.666116    43A      0.702192    44A      0.717191  
      45A      0.738028    46A      0.777517    47A      0.817351  
      48A      0.889533    49A      0.901865    50A      0.917861  
      51A      0.927622    52A      0.939756    53A      0.965698  
      54A      0.983978    55A      1.013506    56A      1.037141  
      57A      1.044030    58A      1.109364    59A      1.144855  
      60A      1.174820    61A      1.204156    62A      1.214160  
      63A      1.356593    64A      1.375831    65A      1.421745  
      66A      1.453531    67A      1.510522    68A      1.587332  
      69A      1.625510    70A      1.686193    71A      1.745568  
      72A      1.771979    73A      1.843400    74A      1.892475  
      75A      1.924223    76A      1.939398    77A      1.979909  
      78A      2.005751    79A      2.052780    80A      2.122141  
      81A      2.174481    82A      2.190775    83A      2.275583  
      84A      2.303454    85A      2.329962    86A      2.392829  
      87A      2.454088    88A      2.491749    89A      2.534330  
      90A      2.562573    91A      2.690085    92A      2.738778  
      93A      2.904286    94A      2.920273    95A      3.112629  
      96A      3.231379    97A      3.597517    98A      4.104771  
      99A      4.134659   100A      4.241180   101A      4.323564  
     102A      4.590068  

    Final Occupation by Irrep:
              A 
    DOCC [    23 ]
    NA   [    23 ]
    NB   [    23 ]

  @DF-RKS Final Energy:  -306.19202627116198

   => Energetics <=

    Nuclear Repulsion Energy =            220.8333849408473384
    One-Electron Energy =                -853.3920092406966660
    Two-Electron Energy =                 354.5657130138934576
    DFT Exchange-Correlation Energy =     -28.1947190920663004
    Empirical Dispersion Energy =          -0.0043958931398858
    VV10 Nonlocal Energy =                  0.0000000000000000
    Total Energy =                       -306.1920262711619785

Computation Completed


Properties will be evaluated at   0.000000,   0.000000,   0.000000 [a0]

Properties computed using the SCF density matrix


 Multipole Moments:

 ------------------------------------------------------------------------------------
     Multipole            Electronic (a.u.)      Nuclear  (a.u.)        Total (a.u.)
 ------------------------------------------------------------------------------------

 L = 1.  Multiply by 2.5417464519 to convert [e a0] to [Debye]
 Dipole X            :         -1.6560686           -0.2719699           -1.9280385
 Dipole Y            :          0.8420635           -0.1958549            0.6462085
 Dipole Z            :          0.4234670           -0.4007404            0.0227265
 Magnitude           :                                                    2.0335767

 ------------------------------------------------------------------------------------

*** tstop() called on cst14372 at Tue Apr 21 10:13:00 2026
Module time:
	user time   =      26.87 seconds =       0.45 minutes
	system time =       0.30 seconds =       0.01 minutes
	total time  =         13 seconds =       0.22 minutes
Total time:
	user time   =    1463.00 seconds =      24.38 minutes
	system time =      21.65 seconds =       0.36 minutes
	total time  =        704 seconds =      11.73 minutes

Scratch directory: /tmp/
gradient() will perform analytic gradient computation.

*** tstart() called on cst14372
*** at Tue Apr 21 10:13:00 2026


         ------------------------------------------------------------
                                   SCF GRAD                          
                          Rob Parrish, Justin Turney,                
                       Andy Simmonett, and Alex Sokolov              
         ------------------------------------------------------------

  ==> Geometry <==

    Molecular point group: c1
    Full point group: C1

    Geometry (in Angstrom), charge = 0, multiplicity = 1:

       Center              X                  Y                   Z               Mass       
    ------------   -----------------  -----------------  -----------------  -----------------
         C            0.061760275500     0.322955586700     0.106085729300    12.000000000000
         O            1.366635635600     0.354888530000     0.031295992200    15.994914619570
         O            2.079084732400    -0.779538041300    -0.003784058200    15.994914619570
         C           -0.742820260800    -0.934229068900     0.038067354100    12.000000000000
         C           -2.072710514700    -0.975701986700    -0.182537769000    12.000000000000
         C           -0.604395155800     1.722904240000     0.039709371100    12.000000000000
         H           -0.191325115200    -1.843912149900     0.374209844800     1.007825032230
         H           -2.638893672700    -0.057477824100    -0.479047835700     1.007825032230
         H           -2.604553986200    -1.909586155800    -0.216763052500     1.007825032230
         H            0.259631302800     2.388834659000    -0.083017249500     1.007825032230
         H           -1.181708000600     2.071290928200     0.926279045400     1.007825032230
         H           -1.203839808700     1.828832039900    -0.961767028900     1.007825032230

  Nuclear repulsion =  220.833384940847338

  ==> Basis Set <==

  Basis Set: 6-31G*
    Blend: 6-31G*
    Number of shells: 48
    Number of basis functions: 102
    Number of Cartesian functions: 102
    Spherical Harmonics?: false
    Max angular momentum: 2

  ==> DFJKGrad: Density-Fitted SCF Gradients <==

    Gradient:                    1
    J tasked:                  Yes
    K tasked:                  Yes
    wK tasked:                 Yes
    Omega:               2.000E-01
    OpenMP threads:              4
    Integrals threads:           4
    Memory [MiB]:             4291
    Schwarz Cutoff:          1E-12
    Fitting Condition:       1E-10

   => Auxiliary Basis Set <=

  Basis Set: (6-31G* AUX)
    Blend: CC-PVDZ-JKFIT
    Number of shells: 198
    Number of basis functions: 636
    Number of Cartesian functions: 636
    Spherical Harmonics?: false
    Max angular momentum: 3

  ==> DFT Potential <==

   => LibXC <=

    Version 7.0.0
    S. Lehtola, C. Steigemann, M. J.T. Oliveira, and M. A.L. Marques.,  SoftwareX 7, 1–5 (2018) (10.1016/j.softx.2017.11.002)

   => Composite Functional: WB97X-D <= 

    wB97X-D Hyb-GGA Exchange-Correlation Functional

    J.-D. Chai and M. Head-Gordon.,  Phys. Chem. Chem. Phys. 10, 6615-6620 (2008) (10.1039/B810189B)

    Deriv               =              1
    GGA                 =           TRUE
    Meta                =          FALSE

    Exchange Hybrid     =           TRUE
    MP2 Hybrid          =          FALSE

   => Exchange-Correlation Functionals <=

    1.0000   wB97X-D range-separated functional

   => Exact (HF) Exchange <=

    0.7780            HF,LR [omega = 0.2000]
    0.2220               HF 

   => LibXC Density Thresholds  <==

    XC_HYB_GGA_XC_WB97X_D:  1.00E-14 

   => Molecular Quadrature <=

    Radial Scheme          =       TREUTLER
    Pruning Scheme         =           NONE
    Nuclear Scheme         =       TREUTLER

    Blocking Scheme        =         OCTREE
    BS radius alpha        =              1
    Pruning alpha          =              1
    Radial Points          =             75
    Spherical Points       =            302
    Total Points           =         254722
    Total Blocks           =           1938
    Max Points             =            256
    Max Functions          =            100
    Weights Tolerance      =       1.00E-15


  -Total Gradient:
     Atom            X                  Y                   Z
    ------   -----------------  -----------------  -----------------
       1        0.010033417391    -0.005313588481     0.015397679740
       2        0.038991260864     0.003668266084    -0.009282862006
       3        0.006055388636    -0.000480161932     0.000911761255
       4       -0.018973415379     0.001063196957    -0.025584405711
       5       -0.011127546323    -0.028130376846     0.013017640990
       6       -0.013332273920     0.006352996191     0.031523109413
       7        0.007085607625    -0.013929134667     0.013260699126
       8       -0.008501645817     0.016851547890    -0.007009159296
       9        0.003288296600     0.005555580132    -0.003306280945
      10        0.004872839093    -0.004901671283    -0.002015311184
      11       -0.003438347075     0.013435926533     0.011782406564
      12       -0.014701392325     0.005973600440    -0.038515463746


*** tstop() called on cst14372 at Tue Apr 21 10:13:02 2026
Module time:
	user time   =       3.62 seconds =       0.06 minutes
	system time =       0.06 seconds =       0.00 minutes
	total time  =          2 seconds =       0.03 minutes
Total time:
	user time   =    1466.64 seconds =      24.44 minutes
	system time =      21.71 seconds =       0.36 minutes
	total time  =        706 seconds =      11.77 minutes

Scratch directory: /tmp/
   => Libint2 <=

    Primary   basis highest AM E, G, H:  6, 6, 3
    Auxiliary basis highest AM E, G, H:  7, 7, 4
    Onebody   basis highest AM E, G, H:  -, -, -
    Solid Harmonics ordering:            Gaussian

*** tstart() called on cst14372
*** at Tue Apr 21 10:13:02 2026

   => Loading Basis Set <=

    Name: 6-31G*
    Role: ORBITAL
    Keyword: BASIS
    atoms 1, 4-6 entry C          line   111 file /Users/jmsmith1/anaconda3/envs/jupyterenv/share/psi4/basis/6-31gs.gbs 
    atoms 2-3    entry O          line   145 file /Users/jmsmith1/anaconda3/envs/jupyterenv/share/psi4/basis/6-31gs.gbs 
    atoms 7-12   entry H          line    44 file /Users/jmsmith1/anaconda3/envs/jupyterenv/share/psi4/basis/6-31gs.gbs 

   => WB97X-D: Empirical Dispersion <=

    Chai and Head-Gordon Dispersion Correction
    Chai, J.-D.; Head-Gordon, M. (2010), J. Chem. Phys., 132: 6615-6620

        s6 =       1.000000


         ---------------------------------------------------------
                                   SCF
               by Justin Turney, Rob Parrish, Andy Simmonett
                          and Daniel G. A. Smith
                              RKS Reference
                        4 Threads,   5722 MiB Core
         ---------------------------------------------------------

  ==> Geometry <==

    Molecular point group: c1
    Full point group: C1

    Geometry (in Angstrom), charge = 0, multiplicity = 1:

       Center              X                  Y                   Z               Mass       
    ------------   -----------------  -----------------  -----------------  -----------------
         C            0.061232896600     0.321516919000     0.107889065500    12.000000000000
         O            1.365060539900     0.356679058900     0.032394519600    15.994914619570
         O            2.081355522300    -0.777668803100    -0.003931608700    15.994914619570
         C           -0.744325815300    -0.935779287200     0.040349777000    12.000000000000
         C           -2.072444583600    -0.976532431800    -0.187589885400    12.000000000000
         C           -0.604059108000     1.723144940100     0.040137826500    12.000000000000
         H           -0.181928569600    -1.843371513000     0.376292343900     1.007825032230
         H           -2.639273964800    -0.058135994100    -0.488801991200     1.007825032230
         H           -2.598442722800    -1.914557225200    -0.216299572100     1.007825032230
         H            0.257764921600     2.393875250300    -0.084474482400     1.007825032230
         H           -1.183553107400     2.063576166400     0.934472086600     1.007825032230
         H           -1.209243096000     1.821437717100    -0.969498886100     1.007825032230

  Running in c1 symmetry.

  Rotational constants: A =      0.18022  B =      0.09289  C =      0.06246 [cm^-1]
  Rotational constants: A =   5402.93782  B =   2784.74397  C =   1872.38756 [MHz]
  Nuclear repulsion =  220.712907328770541

  Charge       = 0
  Multiplicity = 1
  Electrons    = 46
  Nalpha       = 23
  Nbeta        = 23

  ==> Algorithm <==

  SCF Algorithm Type is DF.
  DIIS enabled.
  MOM disabled.
  Fractional occupation disabled.
  Guess Type is SAD.
  Energy threshold   = 1.00e-07
  Density threshold  = 1.00e-07
  Integral threshold = 1.00e-12

  ==> Primary Basis <==

  Basis Set: 6-31G*
    Blend: 6-31G*
    Number of shells: 48
    Number of basis functions: 102
    Number of Cartesian functions: 102
    Spherical Harmonics?: false
    Max angular momentum: 2

  ==> DFT Potential <==

   => LibXC <=

    Version 7.0.0
    S. Lehtola, C. Steigemann, M. J.T. Oliveira, and M. A.L. Marques.,  SoftwareX 7, 1–5 (2018) (10.1016/j.softx.2017.11.002)

   => Composite Functional: WB97X-D <= 

    wB97X-D Hyb-GGA Exchange-Correlation Functional

    J.-D. Chai and M. Head-Gordon.,  Phys. Chem. Chem. Phys. 10, 6615-6620 (2008) (10.1039/B810189B)

    Deriv               =              1
    GGA                 =           TRUE
    Meta                =          FALSE

    Exchange Hybrid     =           TRUE
    MP2 Hybrid          =          FALSE

   => Exchange-Correlation Functionals <=

    1.0000   wB97X-D range-separated functional

   => Exact (HF) Exchange <=

    0.7780            HF,LR [omega = 0.2000]
    0.2220               HF 

   => LibXC Density Thresholds  <==

    XC_HYB_GGA_XC_WB97X_D:  1.00E-14 

   => Molecular Quadrature <=

    Radial Scheme          =       TREUTLER
    Pruning Scheme         =           NONE
    Nuclear Scheme         =       TREUTLER

    Blocking Scheme        =         OCTREE
    BS radius alpha        =              1
    Pruning alpha          =              1
    Radial Points          =             75
    Spherical Points       =            302
    Total Points           =         254729
    Total Blocks           =           1945
    Max Points             =            256
    Max Functions          =            100
    Weights Tolerance      =       1.00E-15

   => Loading Basis Set <=

    Name: (6-31G* AUX)
    Role: JKFIT
    Keyword: DF_BASIS_SCF
    atoms 1, 4-6 entry C          line   121 file /Users/jmsmith1/anaconda3/envs/jupyterenv/share/psi4/basis/cc-pvdz-jkfit.gbs 
    atoms 2-3    entry O          line   221 file /Users/jmsmith1/anaconda3/envs/jupyterenv/share/psi4/basis/cc-pvdz-jkfit.gbs 
    atoms 7-12   entry H          line    51 file /Users/jmsmith1/anaconda3/envs/jupyterenv/share/psi4/basis/cc-pvdz-jkfit.gbs 

  ==> Integral Setup <==

  DFHelper Memory: AOs need 0.151 GiB; user supplied 3.602 GiB. 
  SCF_SUBTYPE=INCORE selected. In-core MEM_DF algorithm will be used.
  Using in-core AOs.

  ==> MemDFJK: Density-Fitted J/K Matrices <==

    J tasked:                   Yes
    K tasked:                   Yes
    wK tasked:                  Yes
    Omega:                2.000E-01
    OpenMP threads:               4
    Memory [MiB]:              3688
    Algorithm:                 Core
    Schwarz Cutoff:           1E-12
    Mask sparsity (%):       1.8262
    Fitting Condition:        1E-10

   => Auxiliary Basis Set <=

  Basis Set: (6-31G* AUX)
    Blend: CC-PVDZ-JKFIT
    Number of shells: 198
    Number of basis functions: 636
    Number of Cartesian functions: 636
    Spherical Harmonics?: false
    Max angular momentum: 3

  Cached 100.0% of DFT collocation blocks in 0.589 [GiB].

  Minimum eigenvalue in the overlap matrix is 3.4160666106E-03.
  Reciprocal condition number of the overlap matrix is 5.0609115382E-04.
    Using symmetric orthogonalization.

  ==> Pre-Iterations <==

  SCF Guess: Superposition of Atomic Densities via on-the-fly atomic UHF (no occupation information).

   -------------------------
    Irrep   Nso     Nmo    
   -------------------------
     A        102     102 
   -------------------------
    Total     102     102
   -------------------------

  ==> Iterations <==

                           Total Energy        Delta E     RMS |[F,P]|

   @DF-RKS iter SAD:  -299.92551408691094   -2.99926e+02   0.00000e+00 
   @DF-RKS iter   1:  -296.93718169281487    2.98833e+00   3.35993e-02 DIIS/ADIIS
   @DF-RKS iter   2:  -274.67815963443917    2.22590e+01   6.32371e-02 DIIS/ADIIS
   @DF-RKS iter   3:  -304.75343702187678   -3.00753e+01   1.69799e-02 DIIS/ADIIS
   @DF-RKS iter   4:  -304.00976185353693    7.43675e-01   1.98426e-02 DIIS/ADIIS
   @DF-RKS iter   5:  -306.10497456482392   -2.09521e+00   3.82299e-03 DIIS/ADIIS
   @DF-RKS iter   6:  -306.16825360512490   -6.32790e-02   2.13084e-03 DIIS/ADIIS
   @DF-RKS iter   7:  -306.19001613459835   -2.17625e-02   4.61937e-04 DIIS/ADIIS
   @DF-RKS iter   8:  -306.19060358172817   -5.87447e-04   3.40821e-04 DIIS/ADIIS
   @DF-RKS iter   9:  -306.19122241109710   -6.18829e-04   5.40805e-05 DIIS
   @DF-RKS iter  10:  -306.19124544088953   -2.30298e-05   2.87415e-05 DIIS
   @DF-RKS iter  11:  -306.19124896553842   -3.52465e-06   1.76290e-05 DIIS
   @DF-RKS iter  12:  -306.19125077627785   -1.81074e-06   6.75004e-06 DIIS
   @DF-RKS iter  13:  -306.19125112953799   -3.53260e-07   6.77722e-07 DIIS
   @DF-RKS iter  14:  -306.19125114678423   -1.72462e-08   4.16414e-07 DIIS
   @DF-RKS iter  15:  -306.19125115430234   -7.51811e-09   1.74393e-07 DIIS
   @DF-RKS iter  16:  -306.19125115640406   -2.10173e-09   6.86593e-08 DIIS
  Energy and wave function converged.


  ==> Post-Iterations <==

   Electrons on quadrature grid:
      Ntotal   =   46.0000020401 ; deviation = 2.040e-06 

    Orbital Energies [Eh]
    ---------------------

    Doubly Occupied:                                                      

       1A    -19.417208     2A    -19.249438     3A    -10.417840  
       4A    -10.342518     5A    -10.342198     6A    -10.340435  
       7A     -1.277781     8A     -0.987876     9A     -0.903694  
      10A     -0.832489    11A     -0.747704    12A     -0.641339  
      13A     -0.610095    14A     -0.582252    15A     -0.573887  
      16A     -0.535499    17A     -0.513149    18A     -0.501626  
      19A     -0.489481    20A     -0.443964    21A     -0.394915  
      22A     -0.306715    23A     -0.293653  

    Virtual:                                                              

      24A     -0.025155    25A      0.105153    26A      0.152630  
      27A      0.176064    28A      0.199845    29A      0.219037  
      30A      0.223409    31A      0.240916    32A      0.248173  
      33A      0.292817    34A      0.335418    35A      0.403097  
      36A      0.423029    37A      0.561113    38A      0.586363  
      39A      0.605006    40A      0.648464    41A      0.656822  
      42A      0.666032    43A      0.702382    44A      0.718624  
      45A      0.737950    46A      0.776060    47A      0.815812  
      48A      0.888285    49A      0.901161    50A      0.916479  
      51A      0.926628    52A      0.938377    53A      0.965831  
      54A      0.981815    55A      1.012684    56A      1.037074  
      57A      1.042799    58A      1.109651    59A      1.145432  
      60A      1.175393    61A      1.204656    62A      1.214438  
      63A      1.356802    64A      1.375701    65A      1.421740  
      66A      1.453080    67A      1.511917    68A      1.584080  
      69A      1.624915    70A      1.684496    71A      1.745122  
      72A      1.772450    73A      1.844210    74A      1.893344  
      75A      1.924575    76A      1.940557    77A      1.981305  
      78A      2.005181    79A      2.052167    80A      2.120855  
      81A      2.169981    82A      2.188695    83A      2.272822  
      84A      2.299098    85A      2.326811    86A      2.391051  
      87A      2.453687    88A      2.490470    89A      2.532895  
      90A      2.561317    91A      2.689179    92A      2.737149  
      93A      2.903754    94A      2.919236    95A      3.112027  
      96A      3.232178    97A      3.597198    98A      4.104467  
      99A      4.133980   100A      4.239835   101A      4.321988  
     102A      4.589634  

    Final Occupation by Irrep:
              A 
    DOCC [    23 ]
    NA   [    23 ]
    NB   [    23 ]

  @DF-RKS Final Energy:  -306.19125115640406

   => Energetics <=

    Nuclear Repulsion Energy =            220.7129073287705410
    One-Electron Energy =                -853.1617717868731461
    Two-Electron Energy =                 354.4509019451389804
    DFT Exchange-Correlation Energy =     -28.1888805333627914
    Empirical Dispersion Energy =          -0.0044081100775733
    VV10 Nonlocal Energy =                  0.0000000000000000
    Total Energy =                       -306.1912511564040642

Computation Completed


Properties will be evaluated at   0.000000,   0.000000,   0.000000 [a0]

Properties computed using the SCF density matrix


 Multipole Moments:

 ------------------------------------------------------------------------------------
     Multipole            Electronic (a.u.)      Nuclear  (a.u.)        Total (a.u.)
 ------------------------------------------------------------------------------------

 L = 1.  Multiply by 2.5417464519 to convert [e a0] to [Debye]
 Dipole X            :         -1.6660653           -0.2663148           -1.9323801
 Dipole Y            :          0.8515074           -0.2097458            0.6417616
 Dipole Z            :          0.4318835           -0.4079664            0.0239171
 Magnitude           :                                                    2.0363012

 ------------------------------------------------------------------------------------

*** tstop() called on cst14372 at Tue Apr 21 10:13:15 2026
Module time:
	user time   =      26.64 seconds =       0.44 minutes
	system time =       0.27 seconds =       0.00 minutes
	total time  =         13 seconds =       0.22 minutes
Total time:
	user time   =    1493.30 seconds =      24.89 minutes
	system time =      21.99 seconds =       0.37 minutes
	total time  =        719 seconds =      11.98 minutes

Scratch directory: /tmp/
gradient() will perform analytic gradient computation.

*** tstart() called on cst14372
*** at Tue Apr 21 10:13:15 2026


         ------------------------------------------------------------
                                   SCF GRAD                          
                          Rob Parrish, Justin Turney,                
                       Andy Simmonett, and Alex Sokolov              
         ------------------------------------------------------------

  ==> Geometry <==

    Molecular point group: c1
    Full point group: C1

    Geometry (in Angstrom), charge = 0, multiplicity = 1:

       Center              X                  Y                   Z               Mass       
    ------------   -----------------  -----------------  -----------------  -----------------
         C            0.061232896600     0.321516919000     0.107889065500    12.000000000000
         O            1.365060539900     0.356679058900     0.032394519600    15.994914619570
         O            2.081355522300    -0.777668803100    -0.003931608700    15.994914619570
         C           -0.744325815300    -0.935779287200     0.040349777000    12.000000000000
         C           -2.072444583600    -0.976532431800    -0.187589885400    12.000000000000
         C           -0.604059108000     1.723144940100     0.040137826500    12.000000000000
         H           -0.181928569600    -1.843371513000     0.376292343900     1.007825032230
         H           -2.639273964800    -0.058135994100    -0.488801991200     1.007825032230
         H           -2.598442722800    -1.914557225200    -0.216299572100     1.007825032230
         H            0.257764921600     2.393875250300    -0.084474482400     1.007825032230
         H           -1.183553107400     2.063576166400     0.934472086600     1.007825032230
         H           -1.209243096000     1.821437717100    -0.969498886100     1.007825032230

  Nuclear repulsion =  220.712907328770541

  ==> Basis Set <==

  Basis Set: 6-31G*
    Blend: 6-31G*
    Number of shells: 48
    Number of basis functions: 102
    Number of Cartesian functions: 102
    Spherical Harmonics?: false
    Max angular momentum: 2

  ==> DFJKGrad: Density-Fitted SCF Gradients <==

    Gradient:                    1
    J tasked:                  Yes
    K tasked:                  Yes
    wK tasked:                 Yes
    Omega:               2.000E-01
    OpenMP threads:              4
    Integrals threads:           4
    Memory [MiB]:             4291
    Schwarz Cutoff:          1E-12
    Fitting Condition:       1E-10

   => Auxiliary Basis Set <=

  Basis Set: (6-31G* AUX)
    Blend: CC-PVDZ-JKFIT
    Number of shells: 198
    Number of basis functions: 636
    Number of Cartesian functions: 636
    Spherical Harmonics?: false
    Max angular momentum: 3

  ==> DFT Potential <==

   => LibXC <=

    Version 7.0.0
    S. Lehtola, C. Steigemann, M. J.T. Oliveira, and M. A.L. Marques.,  SoftwareX 7, 1–5 (2018) (10.1016/j.softx.2017.11.002)

   => Composite Functional: WB97X-D <= 

    wB97X-D Hyb-GGA Exchange-Correlation Functional

    J.-D. Chai and M. Head-Gordon.,  Phys. Chem. Chem. Phys. 10, 6615-6620 (2008) (10.1039/B810189B)

    Deriv               =              1
    GGA                 =           TRUE
    Meta                =          FALSE

    Exchange Hybrid     =           TRUE
    MP2 Hybrid          =          FALSE

   => Exchange-Correlation Functionals <=

    1.0000   wB97X-D range-separated functional

   => Exact (HF) Exchange <=

    0.7780            HF,LR [omega = 0.2000]
    0.2220               HF 

   => LibXC Density Thresholds  <==

    XC_HYB_GGA_XC_WB97X_D:  1.00E-14 

   => Molecular Quadrature <=

    Radial Scheme          =       TREUTLER
    Pruning Scheme         =           NONE
    Nuclear Scheme         =       TREUTLER

    Blocking Scheme        =         OCTREE
    BS radius alpha        =              1
    Pruning alpha          =              1
    Radial Points          =             75
    Spherical Points       =            302
    Total Points           =         254729
    Total Blocks           =           1945
    Max Points             =            256
    Max Functions          =            100
    Weights Tolerance      =       1.00E-15


  -Total Gradient:
     Atom            X                  Y                   Z
    ------   -----------------  -----------------  -----------------
       1        0.010087455592    -0.006942546203     0.015957463314
       2        0.037742893236     0.005265076489    -0.009258682965
       3        0.006678211465    -0.001326678066     0.000823185173
       4       -0.021869267018     0.001078341613    -0.025490200831
       5       -0.010768844970    -0.027137993854     0.012472872622
       6       -0.010221557788     0.006776271654     0.031820501056
       7        0.009261204692    -0.015070070507     0.013598097049
       8       -0.009000504472     0.017898089191    -0.007417334163
       9        0.003774755145     0.004800755650    -0.002844321289
      10        0.005677111526    -0.003940188783    -0.002195181916
      11       -0.004654173718     0.013358088777     0.014725380032
      12       -0.016472308780     0.005410378388    -0.041964412652


*** tstop() called on cst14372 at Tue Apr 21 10:13:16 2026
Module time:
	user time   =       3.67 seconds =       0.06 minutes
	system time =       0.06 seconds =       0.00 minutes
	total time  =          1 seconds =       0.02 minutes
Total time:
	user time   =    1496.99 seconds =      24.95 minutes
	system time =      22.05 seconds =       0.37 minutes
	total time  =        720 seconds =      12.00 minutes

Scratch directory: /tmp/
   => Libint2 <=

    Primary   basis highest AM E, G, H:  6, 6, 3
    Auxiliary basis highest AM E, G, H:  7, 7, 4
    Onebody   basis highest AM E, G, H:  -, -, -
    Solid Harmonics ordering:            Gaussian

*** tstart() called on cst14372
*** at Tue Apr 21 10:13:16 2026

   => Loading Basis Set <=

    Name: 6-31G*
    Role: ORBITAL
    Keyword: BASIS
    atoms 1, 4-6 entry C          line   111 file /Users/jmsmith1/anaconda3/envs/jupyterenv/share/psi4/basis/6-31gs.gbs 
    atoms 2-3    entry O          line   145 file /Users/jmsmith1/anaconda3/envs/jupyterenv/share/psi4/basis/6-31gs.gbs 
    atoms 7-12   entry H          line    44 file /Users/jmsmith1/anaconda3/envs/jupyterenv/share/psi4/basis/6-31gs.gbs 

   => WB97X-D: Empirical Dispersion <=

    Chai and Head-Gordon Dispersion Correction
    Chai, J.-D.; Head-Gordon, M. (2010), J. Chem. Phys., 132: 6615-6620

        s6 =       1.000000


         ---------------------------------------------------------
                                   SCF
               by Justin Turney, Rob Parrish, Andy Simmonett
                          and Daniel G. A. Smith
                              RKS Reference
                        4 Threads,   5722 MiB Core
         ---------------------------------------------------------

  ==> Geometry <==

    Molecular point group: c1
    Full point group: C1

    Geometry (in Angstrom), charge = 0, multiplicity = 1:

       Center              X                  Y                   Z               Mass       
    ------------   -----------------  -----------------  -----------------  -----------------
         C            0.060675362300     0.320095733800     0.109649488000    12.000000000000
         O            1.363400569800     0.358461398200     0.033515160600    15.994914619570
         O            2.083615924000    -0.775793287900    -0.004081215900    15.994914619570
         C           -0.745770803800    -0.937335441800     0.042710124900    12.000000000000
         C           -2.072146999700    -0.977285834900    -0.192687277800    12.000000000000
         C           -0.603692864100     1.723366463700     0.040474956600    12.000000000000
         H           -0.172834375600    -1.842310135500     0.377909633100     1.007825032230
         H           -2.639344524600    -0.059412655200    -0.498318038600     1.007825032230
         H           -2.592450551600    -1.919702896800    -0.215737150900     1.007825032230
         H            0.255699350700     2.399060889600    -0.085858650800     1.007825032230
         H           -1.185241044600     2.055386682200     0.942172134200     1.007825032230
         H           -1.214088073200     1.813843366200    -0.975797451900     1.007825032230

  Running in c1 symmetry.

  Rotational constants: A =      0.18012  B =      0.09282  C =      0.06244 [cm^-1]
  Rotational constants: A =   5399.88765  B =   2782.60837  C =   1871.82069 [MHz]
  Nuclear repulsion =  220.606841962427410

  Charge       = 0
  Multiplicity = 1
  Electrons    = 46
  Nalpha       = 23
  Nbeta        = 23

  ==> Algorithm <==

  SCF Algorithm Type is DF.
  DIIS enabled.
  MOM disabled.
  Fractional occupation disabled.
  Guess Type is SAD.
  Energy threshold   = 1.00e-07
  Density threshold  = 1.00e-07
  Integral threshold = 1.00e-12

  ==> Primary Basis <==

  Basis Set: 6-31G*
    Blend: 6-31G*
    Number of shells: 48
    Number of basis functions: 102
    Number of Cartesian functions: 102
    Spherical Harmonics?: false
    Max angular momentum: 2

  ==> DFT Potential <==

   => LibXC <=

    Version 7.0.0
    S. Lehtola, C. Steigemann, M. J.T. Oliveira, and M. A.L. Marques.,  SoftwareX 7, 1–5 (2018) (10.1016/j.softx.2017.11.002)

   => Composite Functional: WB97X-D <= 

    wB97X-D Hyb-GGA Exchange-Correlation Functional

    J.-D. Chai and M. Head-Gordon.,  Phys. Chem. Chem. Phys. 10, 6615-6620 (2008) (10.1039/B810189B)

    Deriv               =              1
    GGA                 =           TRUE
    Meta                =          FALSE

    Exchange Hybrid     =           TRUE
    MP2 Hybrid          =          FALSE

   => Exchange-Correlation Functionals <=

    1.0000   wB97X-D range-separated functional

   => Exact (HF) Exchange <=

    0.7780            HF,LR [omega = 0.2000]
    0.2220               HF 

   => LibXC Density Thresholds  <==

    XC_HYB_GGA_XC_WB97X_D:  1.00E-14 

   => Molecular Quadrature <=

    Radial Scheme          =       TREUTLER
    Pruning Scheme         =           NONE
    Nuclear Scheme         =       TREUTLER

    Blocking Scheme        =         OCTREE
    BS radius alpha        =              1
    Pruning alpha          =              1
    Radial Points          =             75
    Spherical Points       =            302
    Total Points           =         254733
    Total Blocks           =           1944
    Max Points             =            256
    Max Functions          =            100
    Weights Tolerance      =       1.00E-15

   => Loading Basis Set <=

    Name: (6-31G* AUX)
    Role: JKFIT
    Keyword: DF_BASIS_SCF
    atoms 1, 4-6 entry C          line   121 file /Users/jmsmith1/anaconda3/envs/jupyterenv/share/psi4/basis/cc-pvdz-jkfit.gbs 
    atoms 2-3    entry O          line   221 file /Users/jmsmith1/anaconda3/envs/jupyterenv/share/psi4/basis/cc-pvdz-jkfit.gbs 
    atoms 7-12   entry H          line    51 file /Users/jmsmith1/anaconda3/envs/jupyterenv/share/psi4/basis/cc-pvdz-jkfit.gbs 

  ==> Integral Setup <==

  DFHelper Memory: AOs need 0.151 GiB; user supplied 3.602 GiB. 
  SCF_SUBTYPE=INCORE selected. In-core MEM_DF algorithm will be used.
  Using in-core AOs.

  ==> MemDFJK: Density-Fitted J/K Matrices <==

    J tasked:                   Yes
    K tasked:                   Yes
    wK tasked:                  Yes
    Omega:                2.000E-01
    OpenMP threads:               4
    Memory [MiB]:              3688
    Algorithm:                 Core
    Schwarz Cutoff:           1E-12
    Mask sparsity (%):       1.8262
    Fitting Condition:        1E-10

   => Auxiliary Basis Set <=

  Basis Set: (6-31G* AUX)
    Blend: CC-PVDZ-JKFIT
    Number of shells: 198
    Number of basis functions: 636
    Number of Cartesian functions: 636
    Spherical Harmonics?: false
    Max angular momentum: 3

  Cached 100.0% of DFT collocation blocks in 0.589 [GiB].

  Minimum eigenvalue in the overlap matrix is 3.4036508698E-03.
  Reciprocal condition number of the overlap matrix is 5.0453707202E-04.
    Using symmetric orthogonalization.

  ==> Pre-Iterations <==

  SCF Guess: Superposition of Atomic Densities via on-the-fly atomic UHF (no occupation information).

   -------------------------
    Irrep   Nso     Nmo    
   -------------------------
     A        102     102 
   -------------------------
    Total     102     102
   -------------------------

  ==> Iterations <==

                           Total Energy        Delta E     RMS |[F,P]|

   @DF-RKS iter SAD:  -299.90506371184932   -2.99905e+02   0.00000e+00 
   @DF-RKS iter   1:  -296.94872956394892    2.95633e+00   3.35734e-02 DIIS/ADIIS
   @DF-RKS iter   2:  -274.66472921227319    2.22840e+01   6.32453e-02 DIIS/ADIIS
   @DF-RKS iter   3:  -304.74973222778050   -3.00850e+01   1.69941e-02 DIIS/ADIIS
   @DF-RKS iter   4:  -303.94784545112509    8.01887e-01   2.00937e-02 DIIS/ADIIS
   @DF-RKS iter   5:  -306.10335603142079   -2.15551e+00   3.82926e-03 DIIS/ADIIS
   @DF-RKS iter   6:  -306.16689792871904   -6.35419e-02   2.16001e-03 DIIS/ADIIS
   @DF-RKS iter   7:  -306.18926616799655   -2.23682e-02   4.65945e-04 DIIS/ADIIS
   @DF-RKS iter   8:  -306.18987065131046   -6.04483e-04   3.42890e-04 DIIS/ADIIS
   @DF-RKS iter   9:  -306.19049644336246   -6.25792e-04   5.44482e-05 DIIS
   @DF-RKS iter  10:  -306.19051969783453   -2.32545e-05   2.92706e-05 DIIS
   @DF-RKS iter  11:  -306.19052332573671   -3.62790e-06   1.82658e-05 DIIS
   @DF-RKS iter  12:  -306.19052525169320   -1.92596e-06   6.79719e-06 DIIS
   @DF-RKS iter  13:  -306.19052559850138   -3.46808e-07   6.35774e-07 DIIS
   @DF-RKS iter  14:  -306.19052561247815   -1.39768e-08   3.96554e-07 DIIS
   @DF-RKS iter  15:  -306.19052561833769   -5.85953e-09   1.80635e-07 DIIS
   @DF-RKS iter  16:  -306.19052562040076   -2.06308e-09   8.25782e-08 DIIS
  Energy and wave function converged.


  ==> Post-Iterations <==

   Electrons on quadrature grid:
      Ntotal   =   46.0000026947 ; deviation = 2.695e-06 

    Orbital Energies [Eh]
    ---------------------

    Doubly Occupied:                                                      

       1A    -19.416824     2A    -19.249106     3A    -10.417889  
       4A    -10.343833     5A    -10.342695     6A    -10.340874  
       7A     -1.276915     8A     -0.987517     9A     -0.903830  
      10A     -0.831621    11A     -0.747651    12A     -0.640796  
      13A     -0.609780    14A     -0.581619    15A     -0.573533  
      16A     -0.535172    17A     -0.512793    18A     -0.502025  
      19A     -0.488930    20A     -0.443260    21A     -0.395077  
      22A     -0.306537    23A     -0.293617  

    Virtual:                                                              

      24A     -0.025069    25A      0.105185    26A      0.150930  
      27A      0.175797    28A      0.198766    29A      0.217664  
      30A      0.221860    31A      0.240373    32A      0.247549  
      33A      0.292316    34A      0.334935    35A      0.402394  
      36A      0.422353    37A      0.561147    38A      0.586625  
      39A      0.605100    40A      0.648732    41A      0.656793  
      42A      0.666087    43A      0.702486    44A      0.720068  
      45A      0.737926    46A      0.774618    47A      0.814286  
      48A      0.887349    49A      0.900558    50A      0.915379  
      51A      0.925892    52A      0.937153    53A      0.965988  
      54A      0.980209    55A      1.011914    56A      1.037052  
      57A      1.041795    58A      1.109971    59A      1.146018  
      60A      1.175874    61A      1.205184    62A      1.214832  
      63A      1.356914    64A      1.375538    65A      1.421746  
      66A      1.452646    67A      1.513506    68A      1.580604  
      69A      1.624362    70A      1.682873    71A      1.744619  
      72A      1.772965    73A      1.845160    74A      1.894188  
      75A      1.925115    76A      1.941732    77A      1.982633  
      78A      2.004970    79A      2.051644    80A      2.119702  
      81A      2.166028    82A      2.186507    83A      2.269870  
      84A      2.295599    85A      2.323882    86A      2.389541  
      87A      2.453230    88A      2.489223    89A      2.531623  
      90A      2.560159    91A      2.688351    92A      2.735568  
      93A      2.903276    94A      2.918224    95A      3.111472  
      96A      3.233076    97A      3.596915    98A      4.104238  
      99A      4.133403   100A      4.238604   101A      4.320564  
     102A      4.589248  

    Final Occupation by Irrep:
              A 
    DOCC [    23 ]
    NA   [    23 ]
    NB   [    23 ]

  @DF-RKS Final Energy:  -306.19052562040076

   => Energetics <=

    Nuclear Repulsion Energy =            220.6068419624274100
    One-Electron Energy =                -852.9592332290469585
    Two-Electron Energy =                 354.3501469743283110
    DFT Exchange-Correlation Energy =     -28.1838616332010083
    Empirical Dispersion Energy =          -0.0044196949085499
    VV10 Nonlocal Energy =                  0.0000000000000000
    Total Energy =                       -306.1905256204007628

Computation Completed


Properties will be evaluated at   0.000000,   0.000000,   0.000000 [a0]

Properties computed using the SCF density matrix


 Multipole Moments:

 ------------------------------------------------------------------------------------
     Multipole            Electronic (a.u.)      Nuclear  (a.u.)        Total (a.u.)
 ------------------------------------------------------------------------------------

 L = 1.  Multiply by 2.5417464519 to convert [e a0] to [Debye]
 Dipole X            :         -1.6768743           -0.2602892           -1.9371635
 Dipole Y            :          0.8618929           -0.2243943            0.6374986
 Dipole Z            :          0.4392276           -0.4143682            0.0248594
 Magnitude           :                                                    2.0395159

 ------------------------------------------------------------------------------------

*** tstop() called on cst14372 at Tue Apr 21 10:13:29 2026
Module time:
	user time   =      26.63 seconds =       0.44 minutes
	system time =       0.29 seconds =       0.00 minutes
	total time  =         13 seconds =       0.22 minutes
Total time:
	user time   =    1523.64 seconds =      25.39 minutes
	system time =      22.35 seconds =       0.37 minutes
	total time  =        733 seconds =      12.22 minutes

Scratch directory: /tmp/
gradient() will perform analytic gradient computation.

*** tstart() called on cst14372
*** at Tue Apr 21 10:13:29 2026


         ------------------------------------------------------------
                                   SCF GRAD                          
                          Rob Parrish, Justin Turney,                
                       Andy Simmonett, and Alex Sokolov              
         ------------------------------------------------------------

  ==> Geometry <==

    Molecular point group: c1
    Full point group: C1

    Geometry (in Angstrom), charge = 0, multiplicity = 1:

       Center              X                  Y                   Z               Mass       
    ------------   -----------------  -----------------  -----------------  -----------------
         C            0.060675362300     0.320095733800     0.109649488000    12.000000000000
         O            1.363400569800     0.358461398200     0.033515160600    15.994914619570
         O            2.083615924000    -0.775793287900    -0.004081215900    15.994914619570
         C           -0.745770803800    -0.937335441800     0.042710124900    12.000000000000
         C           -2.072146999700    -0.977285834900    -0.192687277800    12.000000000000
         C           -0.603692864100     1.723366463700     0.040474956600    12.000000000000
         H           -0.172834375600    -1.842310135500     0.377909633100     1.007825032230
         H           -2.639344524600    -0.059412655200    -0.498318038600     1.007825032230
         H           -2.592450551600    -1.919702896800    -0.215737150900     1.007825032230
         H            0.255699350700     2.399060889600    -0.085858650800     1.007825032230
         H           -1.185241044600     2.055386682200     0.942172134200     1.007825032230
         H           -1.214088073200     1.813843366200    -0.975797451900     1.007825032230

  Nuclear repulsion =  220.606841962427410

  ==> Basis Set <==

  Basis Set: 6-31G*
    Blend: 6-31G*
    Number of shells: 48
    Number of basis functions: 102
    Number of Cartesian functions: 102
    Spherical Harmonics?: false
    Max angular momentum: 2

  ==> DFJKGrad: Density-Fitted SCF Gradients <==

    Gradient:                    1
    J tasked:                  Yes
    K tasked:                  Yes
    wK tasked:                 Yes
    Omega:               2.000E-01
    OpenMP threads:              4
    Integrals threads:           4
    Memory [MiB]:             4291
    Schwarz Cutoff:          1E-12
    Fitting Condition:       1E-10

   => Auxiliary Basis Set <=

  Basis Set: (6-31G* AUX)
    Blend: CC-PVDZ-JKFIT
    Number of shells: 198
    Number of basis functions: 636
    Number of Cartesian functions: 636
    Spherical Harmonics?: false
    Max angular momentum: 3

  ==> DFT Potential <==

   => LibXC <=

    Version 7.0.0
    S. Lehtola, C. Steigemann, M. J.T. Oliveira, and M. A.L. Marques.,  SoftwareX 7, 1–5 (2018) (10.1016/j.softx.2017.11.002)

   => Composite Functional: WB97X-D <= 

    wB97X-D Hyb-GGA Exchange-Correlation Functional

    J.-D. Chai and M. Head-Gordon.,  Phys. Chem. Chem. Phys. 10, 6615-6620 (2008) (10.1039/B810189B)

    Deriv               =              1
    GGA                 =           TRUE
    Meta                =          FALSE

    Exchange Hybrid     =           TRUE
    MP2 Hybrid          =          FALSE

   => Exchange-Correlation Functionals <=

    1.0000   wB97X-D range-separated functional

   => Exact (HF) Exchange <=

    0.7780            HF,LR [omega = 0.2000]
    0.2220               HF 

   => LibXC Density Thresholds  <==

    XC_HYB_GGA_XC_WB97X_D:  1.00E-14 

   => Molecular Quadrature <=

    Radial Scheme          =       TREUTLER
    Pruning Scheme         =           NONE
    Nuclear Scheme         =       TREUTLER

    Blocking Scheme        =         OCTREE
    BS radius alpha        =              1
    Pruning alpha          =              1
    Radial Points          =             75
    Spherical Points       =            302
    Total Points           =         254733
    Total Blocks           =           1944
    Max Points             =            256
    Max Functions          =            100
    Weights Tolerance      =       1.00E-15


  -Total Gradient:
     Atom            X                  Y                   Z
    ------   -----------------  -----------------  -----------------
       1        0.010112897468    -0.008550349797     0.016506418461
       2        0.036426330432     0.006842173485    -0.009221445953
       3        0.007309289328    -0.002164335537     0.000727689670
       4       -0.024477685452     0.000749054820    -0.025210945212
       5       -0.010556951935    -0.025570494865     0.011780502873
       6       -0.007497745177     0.007408065915     0.031709279639
       7        0.011224820876    -0.015846958945     0.013786838118
       8       -0.009284732036     0.018570521926    -0.007717895403
       9        0.004133388069     0.003838852902    -0.002369987180
      10        0.006415867312    -0.002984969147    -0.002377770947
      11       -0.005721692846     0.013130933505     0.017375330625
      12       -0.017882149596     0.004764201967    -0.044716485326


*** tstop() called on cst14372 at Tue Apr 21 10:13:31 2026
Module time:
	user time   =       3.71 seconds =       0.06 minutes
	system time =       0.06 seconds =       0.00 minutes
	total time  =          2 seconds =       0.03 minutes
Total time:
	user time   =    1527.36 seconds =      25.46 minutes
	system time =      22.41 seconds =       0.37 minutes
	total time  =        735 seconds =      12.25 minutes

Scratch directory: /tmp/
   => Libint2 <=

    Primary   basis highest AM E, G, H:  6, 6, 3
    Auxiliary basis highest AM E, G, H:  7, 7, 4
    Onebody   basis highest AM E, G, H:  -, -, -
    Solid Harmonics ordering:            Gaussian

*** tstart() called on cst14372
*** at Tue Apr 21 10:13:31 2026

   => Loading Basis Set <=

    Name: 6-31G*
    Role: ORBITAL
    Keyword: BASIS
    atoms 1, 4-6 entry C          line   111 file /Users/jmsmith1/anaconda3/envs/jupyterenv/share/psi4/basis/6-31gs.gbs 
    atoms 2-3    entry O          line   145 file /Users/jmsmith1/anaconda3/envs/jupyterenv/share/psi4/basis/6-31gs.gbs 
    atoms 7-12   entry H          line    44 file /Users/jmsmith1/anaconda3/envs/jupyterenv/share/psi4/basis/6-31gs.gbs 

   => WB97X-D: Empirical Dispersion <=

    Chai and Head-Gordon Dispersion Correction
    Chai, J.-D.; Head-Gordon, M. (2010), J. Chem. Phys., 132: 6615-6620

        s6 =       1.000000


         ---------------------------------------------------------
                                   SCF
               by Justin Turney, Rob Parrish, Andy Simmonett
                          and Daniel G. A. Smith
                              RKS Reference
                        4 Threads,   5722 MiB Core
         ---------------------------------------------------------

  ==> Geometry <==

    Molecular point group: c1
    Full point group: C1

    Geometry (in Angstrom), charge = 0, multiplicity = 1:

       Center              X                  Y                   Z               Mass       
    ------------   -----------------  -----------------  -----------------  -----------------
         C            0.060087502100     0.318696613100     0.111365457500    12.000000000000
         O            1.361658307200     0.360232236600     0.034657957500    15.994914619570
         O            2.085864712800    -0.773909525900    -0.004232687100    15.994914619570
         C           -0.747147670000    -0.938896704600     0.045147907000    12.000000000000
         C           -2.071818295600    -0.977966645800    -0.197828400300    12.000000000000
         C           -0.603304225400     1.723566962700     0.040720939000    12.000000000000
         H           -0.164110152200    -1.840700179100     0.379054459500     1.007825032230
         H           -2.639094980400    -0.061332239600    -0.507585868900     1.007825032230
         H           -2.586589622900    -1.924990695200    -0.215091924500     1.007825032230
         H            0.253408589200     2.404359280100    -0.087163423200     1.007825032230
         H           -1.186734825300     2.046728829600     0.949287441500     1.007825032230
         H           -1.218325435400     1.806070346200    -0.980565612600     1.007825032230

  Running in c1 symmetry.

  Rotational constants: A =      0.18004  B =      0.09275  C =      0.06242 [cm^-1]
  Rotational constants: A =   5397.38334  B =   2780.67322  C =   1871.35815 [MHz]
  Nuclear repulsion =  220.516194297423255

  Charge       = 0
  Multiplicity = 1
  Electrons    = 46
  Nalpha       = 23
  Nbeta        = 23

  ==> Algorithm <==

  SCF Algorithm Type is DF.
  DIIS enabled.
  MOM disabled.
  Fractional occupation disabled.
  Guess Type is SAD.
  Energy threshold   = 1.00e-07
  Density threshold  = 1.00e-07
  Integral threshold = 1.00e-12

  ==> Primary Basis <==

  Basis Set: 6-31G*
    Blend: 6-31G*
    Number of shells: 48
    Number of basis functions: 102
    Number of Cartesian functions: 102
    Spherical Harmonics?: false
    Max angular momentum: 2

  ==> DFT Potential <==

   => LibXC <=

    Version 7.0.0
    S. Lehtola, C. Steigemann, M. J.T. Oliveira, and M. A.L. Marques.,  SoftwareX 7, 1–5 (2018) (10.1016/j.softx.2017.11.002)

   => Composite Functional: WB97X-D <= 

    wB97X-D Hyb-GGA Exchange-Correlation Functional

    J.-D. Chai and M. Head-Gordon.,  Phys. Chem. Chem. Phys. 10, 6615-6620 (2008) (10.1039/B810189B)

    Deriv               =              1
    GGA                 =           TRUE
    Meta                =          FALSE

    Exchange Hybrid     =           TRUE
    MP2 Hybrid          =          FALSE

   => Exchange-Correlation Functionals <=

    1.0000   wB97X-D range-separated functional

   => Exact (HF) Exchange <=

    0.7780            HF,LR [omega = 0.2000]
    0.2220               HF 

   => LibXC Density Thresholds  <==

    XC_HYB_GGA_XC_WB97X_D:  1.00E-14 

   => Molecular Quadrature <=

    Radial Scheme          =       TREUTLER
    Pruning Scheme         =           NONE
    Nuclear Scheme         =       TREUTLER

    Blocking Scheme        =         OCTREE
    BS radius alpha        =              1
    Pruning alpha          =              1
    Radial Points          =             75
    Spherical Points       =            302
    Total Points           =         254728
    Total Blocks           =           1940
    Max Points             =            256
    Max Functions          =            100
    Weights Tolerance      =       1.00E-15

   => Loading Basis Set <=

    Name: (6-31G* AUX)
    Role: JKFIT
    Keyword: DF_BASIS_SCF
    atoms 1, 4-6 entry C          line   121 file /Users/jmsmith1/anaconda3/envs/jupyterenv/share/psi4/basis/cc-pvdz-jkfit.gbs 
    atoms 2-3    entry O          line   221 file /Users/jmsmith1/anaconda3/envs/jupyterenv/share/psi4/basis/cc-pvdz-jkfit.gbs 
    atoms 7-12   entry H          line    51 file /Users/jmsmith1/anaconda3/envs/jupyterenv/share/psi4/basis/cc-pvdz-jkfit.gbs 

  ==> Integral Setup <==

  DFHelper Memory: AOs need 0.151 GiB; user supplied 3.602 GiB. 
  SCF_SUBTYPE=INCORE selected. In-core MEM_DF algorithm will be used.
  Using in-core AOs.

  ==> MemDFJK: Density-Fitted J/K Matrices <==

    J tasked:                   Yes
    K tasked:                   Yes
    wK tasked:                  Yes
    Omega:                2.000E-01
    OpenMP threads:               4
    Memory [MiB]:              3688
    Algorithm:                 Core
    Schwarz Cutoff:           1E-12
    Mask sparsity (%):       1.8262
    Fitting Condition:        1E-10

   => Auxiliary Basis Set <=

  Basis Set: (6-31G* AUX)
    Blend: CC-PVDZ-JKFIT
    Number of shells: 198
    Number of basis functions: 636
    Number of Cartesian functions: 636
    Spherical Harmonics?: false
    Max angular momentum: 3

  Cached 100.0% of DFT collocation blocks in 0.589 [GiB].

  Minimum eigenvalue in the overlap matrix is 3.3910899151E-03.
  Reciprocal condition number of the overlap matrix is 5.0288755395E-04.
    Using symmetric orthogonalization.

  ==> Pre-Iterations <==

  SCF Guess: Superposition of Atomic Densities via on-the-fly atomic UHF (no occupation information).

   -------------------------
    Irrep   Nso     Nmo    
   -------------------------
     A        102     102 
   -------------------------
    Total     102     102
   -------------------------

  ==> Iterations <==

                           Total Energy        Delta E     RMS |[F,P]|

   @DF-RKS iter SAD:  -299.88748739789054   -2.99887e+02   0.00000e+00 
   @DF-RKS iter   1:  -296.96213851853236    2.92535e+00   3.35488e-02 DIIS/ADIIS
   @DF-RKS iter   2:  -274.65868065564433    2.23035e+01   6.32486e-02 DIIS/ADIIS
   @DF-RKS iter   3:  -304.74687748484547   -3.00882e+01   1.70052e-02 DIIS/ADIIS
   @DF-RKS iter   4:  -303.87163433389583    8.75243e-01   2.03963e-02 DIIS/ADIIS
   @DF-RKS iter   5:  -306.10166715122875   -2.23003e+00   3.83485e-03 DIIS/ADIIS
   @DF-RKS iter   6:  -306.16554816987934   -6.38810e-02   2.19298e-03 DIIS/ADIIS
   @DF-RKS iter   7:  -306.18863212154429   -2.30840e-02   4.67595e-04 DIIS/ADIIS
   @DF-RKS iter   8:  -306.18925142456447   -6.19303e-04   3.44064e-04 DIIS/ADIIS
   @DF-RKS iter   9:  -306.18987976369920   -6.28339e-04   5.55868e-05 DIIS
   @DF-RKS iter  10:  -306.18990361211775   -2.38484e-05   2.98594e-05 DIIS
   @DF-RKS iter  11:  -306.18990738277114   -3.77065e-06   1.89639e-05 DIIS
   @DF-RKS iter  12:  -306.18990944566798   -2.06290e-06   6.82387e-06 DIIS
   @DF-RKS iter  13:  -306.18990978428701   -3.38619e-07   6.17555e-07 DIIS
   @DF-RKS iter  14:  -306.18990979525216   -1.09652e-08   3.87807e-07 DIIS
   @DF-RKS iter  15:  -306.18990979926031   -4.00814e-09   1.99705e-07 DIIS
   @DF-RKS iter  16:  -306.18990980147976   -2.21945e-09   8.56198e-08 DIIS
  Energy and wave function converged.


  ==> Post-Iterations <==

   Electrons on quadrature grid:
      Ntotal   =   46.0000029684 ; deviation = 2.968e-06 

    Orbital Energies [Eh]
    ---------------------

    Doubly Occupied:                                                      

       1A    -19.416415     2A    -19.248754     3A    -10.417922  
       4A    -10.344928     5A    -10.343137     6A    -10.341290  
       7A     -1.276044     8A     -0.987157     9A     -0.903994  
      10A     -0.830886    11A     -0.747645    12A     -0.640337  
      13A     -0.609537    14A     -0.581053    15A     -0.573218  
      16A     -0.534799    17A     -0.512620    18A     -0.502442  
      19A     -0.488492    20A     -0.442576    21A     -0.395237  
      22A     -0.306344    23A     -0.293570  

    Virtual:                                                              

      24A     -0.024970    25A      0.105250    26A      0.149477  
      27A      0.175550    28A      0.197838    29A      0.216431  
      30A      0.220447    31A      0.239955    32A      0.247015  
      33A      0.291855    34A      0.334462    35A      0.401695  
      36A      0.421685    37A      0.561217    38A      0.586869  
      39A      0.605107    40A      0.648920    41A      0.656704  
      42A      0.666247    43A      0.702490    44A      0.721508  
      45A      0.737957    46A      0.773232    47A      0.812775  
      48A      0.886787    49A      0.900063    50A      0.914580  
      51A      0.925402    52A      0.936083    53A      0.966114  
      54A      0.979167    55A      1.011212    56A      1.037064  
      57A      1.041022    58A      1.110321    59A      1.146604  
      60A      1.176259    61A      1.205732    62A      1.215348  
      63A      1.356912    64A      1.375334    65A      1.421766  
      66A      1.452239    67A      1.515298    68A      1.576927  
      69A      1.623844    70A      1.681340    71A      1.744051  
      72A      1.773537    73A      1.846243    74A      1.895035  
      75A      1.925844    76A      1.942910    77A      1.983826  
      78A      2.005212    79A      2.051247    80A      2.118709  
      81A      2.162665    82A      2.184268    83A      2.266892  
      84A      2.292782    85A      2.321200    86A      2.388296  
      87A      2.452710    88A      2.488003    89A      2.530497  
      90A      2.559094    91A      2.687605    92A      2.734054  
      93A      2.902851    94A      2.917263    95A      3.110960  
      96A      3.234069    97A      3.596672    98A      4.104096  
      99A      4.132929   100A      4.237500   101A      4.319303  
     102A      4.588909  

    Final Occupation by Irrep:
              A 
    DOCC [    23 ]
    NA   [    23 ]
    NB   [    23 ]

  @DF-RKS Final Energy:  -306.18990980147976

   => Energetics <=

    Nuclear Repulsion Energy =            220.5161942974232545
    One-Electron Energy =                -852.7864299885070523
    Two-Electron Energy =                 354.2644856455715399
    DFT Exchange-Correlation Energy =     -28.1797292662370751
    Empirical Dispersion Energy =          -0.0044304897303743
    VV10 Nonlocal Energy =                  0.0000000000000000
    Total Energy =                       -306.1899098014797573

Computation Completed


Properties will be evaluated at   0.000000,   0.000000,   0.000000 [a0]

Properties computed using the SCF density matrix


 Multipole Moments:

 ------------------------------------------------------------------------------------
     Multipole            Electronic (a.u.)      Nuclear  (a.u.)        Total (a.u.)
 ------------------------------------------------------------------------------------

 L = 1.  Multiply by 2.5417464519 to convert [e a0] to [Debye]
 Dipole X            :         -1.6885161           -0.2539006           -1.9424167
 Dipole Y            :          0.8731947           -0.2397715            0.6334232
 Dipole Z            :          0.4454716           -0.4199488            0.0255228
 Magnitude           :                                                    2.0432472

 ------------------------------------------------------------------------------------

*** tstop() called on cst14372 at Tue Apr 21 10:13:44 2026
Module time:
	user time   =      26.84 seconds =       0.45 minutes
	system time =       0.29 seconds =       0.00 minutes
	total time  =         13 seconds =       0.22 minutes
Total time:
	user time   =    1554.22 seconds =      25.90 minutes
	system time =      22.72 seconds =       0.38 minutes
	total time  =        748 seconds =      12.47 minutes

Scratch directory: /tmp/
gradient() will perform analytic gradient computation.

*** tstart() called on cst14372
*** at Tue Apr 21 10:13:44 2026


         ------------------------------------------------------------
                                   SCF GRAD                          
                          Rob Parrish, Justin Turney,                
                       Andy Simmonett, and Alex Sokolov              
         ------------------------------------------------------------

  ==> Geometry <==

    Molecular point group: c1
    Full point group: C1

    Geometry (in Angstrom), charge = 0, multiplicity = 1:

       Center              X                  Y                   Z               Mass       
    ------------   -----------------  -----------------  -----------------  -----------------
         C            0.060087502100     0.318696613100     0.111365457500    12.000000000000
         O            1.361658307200     0.360232236600     0.034657957500    15.994914619570
         O            2.085864712800    -0.773909525900    -0.004232687100    15.994914619570
         C           -0.747147670000    -0.938896704600     0.045147907000    12.000000000000
         C           -2.071818295600    -0.977966645800    -0.197828400300    12.000000000000
         C           -0.603304225400     1.723566962700     0.040720939000    12.000000000000
         H           -0.164110152200    -1.840700179100     0.379054459500     1.007825032230
         H           -2.639094980400    -0.061332239600    -0.507585868900     1.007825032230
         H           -2.586589622900    -1.924990695200    -0.215091924500     1.007825032230
         H            0.253408589200     2.404359280100    -0.087163423200     1.007825032230
         H           -1.186734825300     2.046728829600     0.949287441500     1.007825032230
         H           -1.218325435400     1.806070346200    -0.980565612600     1.007825032230

  Nuclear repulsion =  220.516194297423255

  ==> Basis Set <==

  Basis Set: 6-31G*
    Blend: 6-31G*
    Number of shells: 48
    Number of basis functions: 102
    Number of Cartesian functions: 102
    Spherical Harmonics?: false
    Max angular momentum: 2

  ==> DFJKGrad: Density-Fitted SCF Gradients <==

    Gradient:                    1
    J tasked:                  Yes
    K tasked:                  Yes
    wK tasked:                 Yes
    Omega:               2.000E-01
    OpenMP threads:              4
    Integrals threads:           4
    Memory [MiB]:             4291
    Schwarz Cutoff:          1E-12
    Fitting Condition:       1E-10

   => Auxiliary Basis Set <=

  Basis Set: (6-31G* AUX)
    Blend: CC-PVDZ-JKFIT
    Number of shells: 198
    Number of basis functions: 636
    Number of Cartesian functions: 636
    Spherical Harmonics?: false
    Max angular momentum: 3

  ==> DFT Potential <==

   => LibXC <=

    Version 7.0.0
    S. Lehtola, C. Steigemann, M. J.T. Oliveira, and M. A.L. Marques.,  SoftwareX 7, 1–5 (2018) (10.1016/j.softx.2017.11.002)

   => Composite Functional: WB97X-D <= 

    wB97X-D Hyb-GGA Exchange-Correlation Functional

    J.-D. Chai and M. Head-Gordon.,  Phys. Chem. Chem. Phys. 10, 6615-6620 (2008) (10.1039/B810189B)

    Deriv               =              1
    GGA                 =           TRUE
    Meta                =          FALSE

    Exchange Hybrid     =           TRUE
    MP2 Hybrid          =          FALSE

   => Exchange-Correlation Functionals <=

    1.0000   wB97X-D range-separated functional

   => Exact (HF) Exchange <=

    0.7780            HF,LR [omega = 0.2000]
    0.2220               HF 

   => LibXC Density Thresholds  <==

    XC_HYB_GGA_XC_WB97X_D:  1.00E-14 

   => Molecular Quadrature <=

    Radial Scheme          =       TREUTLER
    Pruning Scheme         =           NONE
    Nuclear Scheme         =       TREUTLER

    Blocking Scheme        =         OCTREE
    BS radius alpha        =              1
    Pruning alpha          =              1
    Radial Points          =             75
    Spherical Points       =            302
    Total Points           =         254728
    Total Blocks           =           1940
    Max Points             =            256
    Max Functions          =            100
    Weights Tolerance      =       1.00E-15


  -Total Gradient:
     Atom            X                  Y                   Z
    ------   -----------------  -----------------  -----------------
       1        0.010109149990    -0.010131635627     0.017040172294
       2        0.035043020156     0.008393629687    -0.009169839832
       3        0.007948886951    -0.002988802290     0.000624962695
       4       -0.026766932469     0.000076584312    -0.024741838978
       5       -0.010517704971    -0.023446102886     0.010929946860
       6       -0.005135971745     0.008238874453     0.031258791236
       7        0.012960457901    -0.016253924062     0.013823462347
       8       -0.009351695237     0.018861596445    -0.007903844806
       9        0.004374530977     0.002688780529    -0.001881521425
      10        0.007073056603    -0.002049181126    -0.002560436973
      11       -0.006626931559     0.012754761444     0.019705791089
      12       -0.018954122228     0.004051529277    -0.046814507852


*** tstop() called on cst14372 at Tue Apr 21 10:13:46 2026
Module time:
	user time   =       3.61 seconds =       0.06 minutes
	system time =       0.05 seconds =       0.00 minutes
	total time  =          2 seconds =       0.03 minutes
Total time:
	user time   =    1557.85 seconds =      25.96 minutes
	system time =      22.77 seconds =       0.38 minutes
	total time  =        750 seconds =      12.50 minutes
