
Scratch directory: /tmp/
   => Libint2 <=

    Primary   basis highest AM E, G, H:  6, 6, 3
    Auxiliary basis highest AM E, G, H:  7, 7, 4
    Onebody   basis highest AM E, G, H:  -, -, -
    Solid Harmonics ordering:            Gaussian

*** tstart() called on cst14372
*** at Tue Apr 21 11:00:47 2026

   => Loading Basis Set <=

    Name: 6-31G*
    Role: ORBITAL
    Keyword: BASIS
    atoms 1, 4-6 entry C          line   111 file /Users/jmsmith1/anaconda3/envs/jupyterenv/share/psi4/basis/6-31gs.gbs 
    atoms 2-3    entry O          line   145 file /Users/jmsmith1/anaconda3/envs/jupyterenv/share/psi4/basis/6-31gs.gbs 
    atoms 7-12   entry H          line    44 file /Users/jmsmith1/anaconda3/envs/jupyterenv/share/psi4/basis/6-31gs.gbs 

   => WB97X-D: Empirical Dispersion <=

    Chai and Head-Gordon Dispersion Correction
    Chai, J.-D.; Head-Gordon, M. (2010), J. Chem. Phys., 132: 6615-6620

        s6 =       1.000000


         ---------------------------------------------------------
                                   SCF
               by Justin Turney, Rob Parrish, Andy Simmonett
                          and Daniel G. A. Smith
                              RKS Reference
                        4 Threads,   5722 MiB Core
         ---------------------------------------------------------

  ==> Geometry <==

    Molecular point group: c1
    Full point group: Cs

    Geometry (in Angstrom), charge = 0, multiplicity = 1:

       Center              X                  Y                   Z               Mass       
    ------------   -----------------  -----------------  -----------------  -----------------
         C            0.065716817100     0.347867548800     0.000000000000    12.000000000000
         O            1.339680923500     0.303640258600     0.000000000000    15.994914619570
         O            1.976763214300    -0.879292553800     0.000000000000    15.994914619570
         C           -0.712245739600    -0.872352197800     0.000000000000    12.000000000000
         C           -2.050082731400    -0.880178568900     0.000000000000    12.000000000000
         C           -0.508309047300     1.725724149500     0.000000000000    12.000000000000
         H           -0.122316006500    -1.781447880900     0.000000000000     1.007825032230
         H           -2.643062043100     0.030765865400     0.000000000000     1.007825032230
         H           -2.600647644000    -1.815209108700     0.000000000000     1.007825032230
         H            0.298040000600     2.461022688000     0.000000000000     1.007825032230
         H           -1.134878873300     1.883074900400     0.884711575500     1.007825032230
         H           -1.134878873300     1.883074900400    -0.884711575500     1.007825032230

  Running in c1 symmetry.

  Rotational constants: A =      0.18567  B =      0.09973  C =      0.06568 [cm^-1]
  Rotational constants: A =   5566.28365  B =   2989.82069  C =   1968.97777 [MHz]
  Nuclear repulsion =  226.031004634387983

  Charge       = 0
  Multiplicity = 1
  Electrons    = 46
  Nalpha       = 23
  Nbeta        = 23

  ==> Algorithm <==

  SCF Algorithm Type is DF.
  DIIS enabled.
  MOM disabled.
  Fractional occupation disabled.
  Guess Type is SAD.
  Energy threshold   = 1.00e-07
  Density threshold  = 1.00e-07
  Integral threshold = 1.00e-12

  ==> Primary Basis <==

  Basis Set: 6-31G*
    Blend: 6-31G*
    Number of shells: 48
    Number of basis functions: 102
    Number of Cartesian functions: 102
    Spherical Harmonics?: false
    Max angular momentum: 2

  ==> DFT Potential <==

   => LibXC <=

    Version 7.0.0
    S. Lehtola, C. Steigemann, M. J.T. Oliveira, and M. A.L. Marques.,  SoftwareX 7, 1–5 (2018) (10.1016/j.softx.2017.11.002)

   => Composite Functional: WB97X-D <= 

    wB97X-D Hyb-GGA Exchange-Correlation Functional

    J.-D. Chai and M. Head-Gordon.,  Phys. Chem. Chem. Phys. 10, 6615-6620 (2008) (10.1039/B810189B)

    Deriv               =              1
    GGA                 =           TRUE
    Meta                =          FALSE

    Exchange Hybrid     =           TRUE
    MP2 Hybrid          =          FALSE

   => Exchange-Correlation Functionals <=

    1.0000   wB97X-D range-separated functional

   => Exact (HF) Exchange <=

    0.7780            HF,LR [omega = 0.2000]
    0.2220               HF 

   => LibXC Density Thresholds  <==

    XC_HYB_GGA_XC_WB97X_D:  1.00E-14 

   => Molecular Quadrature <=

    Radial Scheme          =       TREUTLER
    Pruning Scheme         =           NONE
    Nuclear Scheme         =       TREUTLER

    Blocking Scheme        =         OCTREE
    BS radius alpha        =              1
    Pruning alpha          =              1
    Radial Points          =             75
    Spherical Points       =            302
    Total Points           =         254274
    Total Blocks           =           1936
    Max Points             =            256
    Max Functions          =            100
    Weights Tolerance      =       1.00E-15

   => Loading Basis Set <=

    Name: (6-31G* AUX)
    Role: JKFIT
    Keyword: DF_BASIS_SCF
    atoms 1, 4-6 entry C          line   121 file /Users/jmsmith1/anaconda3/envs/jupyterenv/share/psi4/basis/cc-pvdz-jkfit.gbs 
    atoms 2-3    entry O          line   221 file /Users/jmsmith1/anaconda3/envs/jupyterenv/share/psi4/basis/cc-pvdz-jkfit.gbs 
    atoms 7-12   entry H          line    51 file /Users/jmsmith1/anaconda3/envs/jupyterenv/share/psi4/basis/cc-pvdz-jkfit.gbs 

  ==> Integral Setup <==

  DFHelper Memory: AOs need 0.151 GiB; user supplied 3.596 GiB. 
  SCF_SUBTYPE=INCORE selected. In-core MEM_DF algorithm will be used.
  Using in-core AOs.

  ==> MemDFJK: Density-Fitted J/K Matrices <==

    J tasked:                   Yes
    K tasked:                   Yes
    wK tasked:                  Yes
    Omega:                2.000E-01
    OpenMP threads:               4
    Memory [MiB]:              3682
    Algorithm:                 Core
    Schwarz Cutoff:           1E-12
    Mask sparsity (%):       1.5186
    Fitting Condition:        1E-10

   => Auxiliary Basis Set <=

  Basis Set: (6-31G* AUX)
    Blend: CC-PVDZ-JKFIT
    Number of shells: 198
    Number of basis functions: 636
    Number of Cartesian functions: 636
    Spherical Harmonics?: false
    Max angular momentum: 3

  Cached 100.0% of DFT collocation blocks in 0.595 [GiB].

  Minimum eigenvalue in the overlap matrix is 2.6963707111E-03.
  Reciprocal condition number of the overlap matrix is 3.8507004376E-04.
    Using symmetric orthogonalization.

  ==> Pre-Iterations <==

  SCF Guess: Superposition of Atomic Densities via on-the-fly atomic UHF (no occupation information).

   -------------------------
    Irrep   Nso     Nmo    
   -------------------------
     A        102     102 
   -------------------------
    Total     102     102
   -------------------------

  ==> Iterations <==

                           Total Energy        Delta E     RMS |[F,P]|

   @DF-RKS iter SAD:  -300.35321325613927   -3.00353e+02   0.00000e+00 
   @DF-RKS iter   1:  -296.71653419624937    3.63668e+00   3.46232e-02 ADIIS/DIIS
   @DF-RKS iter   2:  -274.33026143482397    2.23863e+01   6.52171e-02 ADIIS/DIIS
   @DF-RKS iter   3:  -304.78764758163641   -3.04574e+01   1.69402e-02 ADIIS/DIIS
   @DF-RKS iter   4:  -304.28596630070655    5.01681e-01   1.84698e-02 ADIIS/DIIS
   @DF-RKS iter   5:  -306.11460928452544   -1.82864e+00   4.12639e-03 ADIIS/DIIS
   @DF-RKS iter   6:  -306.19130198442031   -7.66927e-02   1.90337e-03 ADIIS/DIIS
   @DF-RKS iter   7:  -306.20856016218011   -1.72582e-02   4.66273e-04 ADIIS/DIIS
   @DF-RKS iter   8:  -306.20915518330730   -5.95021e-04   3.34314e-04 ADIIS/DIIS
   @DF-RKS iter   9:  -306.20973156204167   -5.76379e-04   5.89333e-05 DIIS
   @DF-RKS iter  10:  -306.20975402783426   -2.24658e-05   2.23612e-05 DIIS
   @DF-RKS iter  11:  -306.20975647104154   -2.44321e-06   1.04632e-05 DIIS
   @DF-RKS iter  12:  -306.20975715080959   -6.79768e-07   3.99331e-06 DIIS
   @DF-RKS iter  13:  -306.20975726953799   -1.18728e-07   6.96994e-07 DIIS
   @DF-RKS iter  14:  -306.20975727380772   -4.26974e-09   2.53979e-07 DIIS
   @DF-RKS iter  15:  -306.20975727420199   -3.94266e-10   5.78234e-08 DIIS
  Energy and wave function converged.


  ==> Post-Iterations <==

   Electrons on quadrature grid:
      Ntotal   =   46.0000265475 ; deviation = 2.655e-05 

    Orbital Energies [Eh]
    ---------------------

    Doubly Occupied:                                                      

       1A    -19.409799     2A    -19.241521     3A    -10.406330  
       4A    -10.336909     5A    -10.328722     6A    -10.328454  
       7A     -1.283503     8A     -0.994289     9A     -0.911842  
      10A     -0.846829    11A     -0.754569    12A     -0.641329  
      13A     -0.618638    14A     -0.591317    15A     -0.584120  
      16A     -0.532794    17A     -0.515293    18A     -0.510122  
      19A     -0.499101    20A     -0.450227    21A     -0.398174  
      22A     -0.302104    23A     -0.290566  

    Virtual:                                                              

      24A     -0.020552    25A      0.124112    26A      0.164357  
      27A      0.179940    28A      0.212173    29A      0.233429  
      30A      0.236505    31A      0.237386    32A      0.267207  
      33A      0.318516    34A      0.357661    35A      0.404409  
      36A      0.433147    37A      0.563077    38A      0.588562  
      39A      0.608673    40A      0.643973    41A      0.675589  
      42A      0.682487    43A      0.697398    44A      0.734680  
      45A      0.756595    46A      0.772371    47A      0.818009  
      48A      0.910111    49A      0.913291    50A      0.931279  
      51A      0.931441    52A      0.956498    53A      0.991053  
      54A      1.009819    55A      1.029308    56A      1.037431  
      57A      1.069516    58A      1.131090    59A      1.149750  
      60A      1.185669    61A      1.223574    62A      1.269688  
      63A      1.383968    64A      1.388876    65A      1.425600  
      66A      1.430337    67A      1.540496    68A      1.573626  
      69A      1.635231    70A      1.706074    71A      1.741446  
      72A      1.826825    73A      1.878329    74A      1.934305  
      75A      1.951419    76A      1.964249    77A      2.024549  
      78A      2.032247    79A      2.078329    80A      2.160928  
      81A      2.169124    82A      2.213609    83A      2.287581  
      84A      2.340377    85A      2.344550    86A      2.443166  
      87A      2.460804    88A      2.555436    89A      2.563601  
      90A      2.602320    91A      2.710251    92A      2.770900  
      93A      2.952045    94A      2.960268    95A      3.184546  
      96A      3.277210    97A      3.633182    98A      4.119674  
      99A      4.180935   100A      4.277126   101A      4.357040  
     102A      4.621834  

    Final Occupation by Irrep:
              A 
    DOCC [    23 ]
    NA   [    23 ]
    NB   [    23 ]

  @DF-RKS Final Energy:  -306.20975727420199

   => Energetics <=

    Nuclear Repulsion Energy =            226.0310046343879833
    One-Electron Energy =                -863.6999984174242400
    Two-Electron Energy =                 359.7634555851115010
    DFT Exchange-Correlation Energy =     -28.2998173230884369
    Empirical Dispersion Energy =          -0.0044017531887587
    VV10 Nonlocal Energy =                  0.0000000000000000
    Total Energy =                       -306.2097572742019906

Computation Completed


Properties will be evaluated at   0.000000,   0.000000,   0.000000 [a0]

Properties computed using the SCF density matrix


 Multipole Moments:

 ------------------------------------------------------------------------------------
     Multipole            Electronic (a.u.)      Nuclear  (a.u.)        Total (a.u.)
 ------------------------------------------------------------------------------------

 L = 1.  Multiply by 2.5417464519 to convert [e a0] to [Debye]
 Dipole X            :         -1.8686020           -0.0674907           -1.9360927
 Dipole Y            :          0.8120545           -0.0332051            0.7788494
 Dipole Z            :          0.0000000            0.0000000            0.0000000
 Magnitude           :                                                    2.0868784

 ------------------------------------------------------------------------------------

*** tstop() called on cst14372 at Tue Apr 21 11:01:00 2026
Module time:
	user time   =      25.81 seconds =       0.43 minutes
	system time =       0.41 seconds =       0.01 minutes
	total time  =         13 seconds =       0.22 minutes
Total time:
	user time   =      25.81 seconds =       0.43 minutes
	system time =       0.41 seconds =       0.01 minutes
	total time  =         13 seconds =       0.22 minutes

Scratch directory: /tmp/
gradient() will perform analytic gradient computation.

*** tstart() called on cst14372
*** at Tue Apr 21 11:01:00 2026


         ------------------------------------------------------------
                                   SCF GRAD                          
                          Rob Parrish, Justin Turney,                
                       Andy Simmonett, and Alex Sokolov              
         ------------------------------------------------------------

  ==> Geometry <==

    Molecular point group: c1
    Full point group: Cs

    Geometry (in Angstrom), charge = 0, multiplicity = 1:

       Center              X                  Y                   Z               Mass       
    ------------   -----------------  -----------------  -----------------  -----------------
         C            0.065716817100     0.347867548800     0.000000000000    12.000000000000
         O            1.339680923500     0.303640258600     0.000000000000    15.994914619570
         O            1.976763214300    -0.879292553800     0.000000000000    15.994914619570
         C           -0.712245739600    -0.872352197800     0.000000000000    12.000000000000
         C           -2.050082731400    -0.880178568900     0.000000000000    12.000000000000
         C           -0.508309047300     1.725724149500     0.000000000000    12.000000000000
         H           -0.122316006500    -1.781447880900     0.000000000000     1.007825032230
         H           -2.643062043100     0.030765865400     0.000000000000     1.007825032230
         H           -2.600647644000    -1.815209108700     0.000000000000     1.007825032230
         H            0.298040000600     2.461022688000     0.000000000000     1.007825032230
         H           -1.134878873300     1.883074900400     0.884711575500     1.007825032230
         H           -1.134878873300     1.883074900400    -0.884711575500     1.007825032230

  Nuclear repulsion =  226.031004634387983

  ==> Basis Set <==

  Basis Set: 6-31G*
    Blend: 6-31G*
    Number of shells: 48
    Number of basis functions: 102
    Number of Cartesian functions: 102
    Spherical Harmonics?: false
    Max angular momentum: 2

  ==> DFJKGrad: Density-Fitted SCF Gradients <==

    Gradient:                    1
    J tasked:                  Yes
    K tasked:                  Yes
    wK tasked:                 Yes
    Omega:               2.000E-01
    OpenMP threads:              4
    Integrals threads:           4
    Memory [MiB]:             4291
    Schwarz Cutoff:          1E-12
    Fitting Condition:       1E-10

   => Auxiliary Basis Set <=

  Basis Set: (6-31G* AUX)
    Blend: CC-PVDZ-JKFIT
    Number of shells: 198
    Number of basis functions: 636
    Number of Cartesian functions: 636
    Spherical Harmonics?: false
    Max angular momentum: 3

  ==> DFT Potential <==

   => LibXC <=

    Version 7.0.0
    S. Lehtola, C. Steigemann, M. J.T. Oliveira, and M. A.L. Marques.,  SoftwareX 7, 1–5 (2018) (10.1016/j.softx.2017.11.002)

   => Composite Functional: WB97X-D <= 

    wB97X-D Hyb-GGA Exchange-Correlation Functional

    J.-D. Chai and M. Head-Gordon.,  Phys. Chem. Chem. Phys. 10, 6615-6620 (2008) (10.1039/B810189B)

    Deriv               =              1
    GGA                 =           TRUE
    Meta                =          FALSE

    Exchange Hybrid     =           TRUE
    MP2 Hybrid          =          FALSE

   => Exchange-Correlation Functionals <=

    1.0000   wB97X-D range-separated functional

   => Exact (HF) Exchange <=

    0.7780            HF,LR [omega = 0.2000]
    0.2220               HF 

   => LibXC Density Thresholds  <==

    XC_HYB_GGA_XC_WB97X_D:  1.00E-14 

   => Molecular Quadrature <=

    Radial Scheme          =       TREUTLER
    Pruning Scheme         =           NONE
    Nuclear Scheme         =       TREUTLER

    Blocking Scheme        =         OCTREE
    BS radius alpha        =              1
    Pruning alpha          =              1
    Radial Points          =             75
    Spherical Points       =            302
    Total Points           =         254274
    Total Blocks           =           1936
    Max Points             =            256
    Max Functions          =            100
    Weights Tolerance      =       1.00E-15


  -Total Gradient:
     Atom            X                  Y                   Z
    ------   -----------------  -----------------  -----------------
       1        0.000015449327     0.000017748244     0.000000000000
       2        0.000059314525    -0.000180423272    -0.000000000004
       3       -0.000078260366     0.000190810962    -0.000000000001
       4       -0.000031451389    -0.000058069073     0.000000000014
       5        0.000011693180    -0.000025106265     0.000000000002
       6       -0.000020848479     0.000000055039     0.000000000113
       7        0.000014690043     0.000009454668    -0.000000000002
       8        0.000006779011    -0.000051286613    -0.000000000010
       9        0.000007805644    -0.000012224713    -0.000000000001
      10       -0.000022342003    -0.000019994578    -0.000000000088
      11       -0.000012356111    -0.000020038676    -0.000020062442
      12       -0.000012356066    -0.000020038689     0.000020062420


*** tstop() called on cst14372 at Tue Apr 21 11:01:02 2026
Module time:
	user time   =       3.85 seconds =       0.06 minutes
	system time =       0.08 seconds =       0.00 minutes
	total time  =          2 seconds =       0.03 minutes
Total time:
	user time   =      29.67 seconds =       0.49 minutes
	system time =       0.49 seconds =       0.01 minutes
	total time  =         15 seconds =       0.25 minutes

Scratch directory: /tmp/
   => Libint2 <=

    Primary   basis highest AM E, G, H:  6, 6, 3
    Auxiliary basis highest AM E, G, H:  7, 7, 4
    Onebody   basis highest AM E, G, H:  -, -, -
    Solid Harmonics ordering:            Gaussian

*** tstart() called on cst14372
*** at Tue Apr 21 11:01:02 2026

   => Loading Basis Set <=

    Name: 6-31G*
    Role: ORBITAL
    Keyword: BASIS
    atoms 1, 4-6 entry C          line   111 file /Users/jmsmith1/anaconda3/envs/jupyterenv/share/psi4/basis/6-31gs.gbs 
    atoms 2-3    entry O          line   145 file /Users/jmsmith1/anaconda3/envs/jupyterenv/share/psi4/basis/6-31gs.gbs 
    atoms 7-12   entry H          line    44 file /Users/jmsmith1/anaconda3/envs/jupyterenv/share/psi4/basis/6-31gs.gbs 

   => WB97X-D: Empirical Dispersion <=

    Chai and Head-Gordon Dispersion Correction
    Chai, J.-D.; Head-Gordon, M. (2010), J. Chem. Phys., 132: 6615-6620

        s6 =       1.000000


         ---------------------------------------------------------
                                   SCF
               by Justin Turney, Rob Parrish, Andy Simmonett
                          and Daniel G. A. Smith
                              RKS Reference
                        4 Threads,   5722 MiB Core
         ---------------------------------------------------------

  ==> Geometry <==

    Molecular point group: c1
    Full point group: C1

    Geometry (in Angstrom), charge = 0, multiplicity = 1:

       Center              X                  Y                   Z               Mass       
    ------------   -----------------  -----------------  -----------------  -----------------
         C            0.065770265400     0.348621839000     0.003347883100    12.000000000000
         O            1.342386049400     0.304186549100     0.000607090100    15.994914619570
         O            1.979625352700    -0.875950226500    -0.000049973300    15.994914619570
         C           -0.712044491800    -0.872645557000    -0.000239943900    12.000000000000
         C           -2.050850178200    -0.885143945000    -0.004297492600    12.000000000000
         C           -0.511668024000     1.723660302100     0.002273417800    12.000000000000
         H           -0.133963573900    -1.795957626100     0.017563608100     1.007825032230
         H           -2.647120648400     0.032717735800    -0.014587056100     1.007825032230
         H           -2.608250212000    -1.812775223900    -0.011542009800     1.007825032230
         H            0.300672258000     2.455541818800    -0.001983786300     1.007825032230
         H           -1.143118723000     1.904878487300     0.885822589800     1.007825032230
         H           -1.148190981900     1.893424486600    -0.897030892200     1.007825032230

  Running in c1 symmetry.

  Rotational constants: A =      0.18544  B =      0.09943  C =      0.06553 [cm^-1]
  Rotational constants: A =   5559.49434  B =   2980.82215  C =   1964.60428 [MHz]
  Nuclear repulsion =  225.727604490654755

  Charge       = 0
  Multiplicity = 1
  Electrons    = 46
  Nalpha       = 23
  Nbeta        = 23

  ==> Algorithm <==

  SCF Algorithm Type is DF.
  DIIS enabled.
  MOM disabled.
  Fractional occupation disabled.
  Guess Type is SAD.
  Energy threshold   = 1.00e-07
  Density threshold  = 1.00e-07
  Integral threshold = 1.00e-12

  ==> Primary Basis <==

  Basis Set: 6-31G*
    Blend: 6-31G*
    Number of shells: 48
    Number of basis functions: 102
    Number of Cartesian functions: 102
    Spherical Harmonics?: false
    Max angular momentum: 2

  ==> DFT Potential <==

   => LibXC <=

    Version 7.0.0
    S. Lehtola, C. Steigemann, M. J.T. Oliveira, and M. A.L. Marques.,  SoftwareX 7, 1–5 (2018) (10.1016/j.softx.2017.11.002)

   => Composite Functional: WB97X-D <= 

    wB97X-D Hyb-GGA Exchange-Correlation Functional

    J.-D. Chai and M. Head-Gordon.,  Phys. Chem. Chem. Phys. 10, 6615-6620 (2008) (10.1039/B810189B)

    Deriv               =              1
    GGA                 =           TRUE
    Meta                =          FALSE

    Exchange Hybrid     =           TRUE
    MP2 Hybrid          =          FALSE

   => Exchange-Correlation Functionals <=

    1.0000   wB97X-D range-separated functional

   => Exact (HF) Exchange <=

    0.7780            HF,LR [omega = 0.2000]
    0.2220               HF 

   => LibXC Density Thresholds  <==

    XC_HYB_GGA_XC_WB97X_D:  1.00E-14 

   => Molecular Quadrature <=

    Radial Scheme          =       TREUTLER
    Pruning Scheme         =           NONE
    Nuclear Scheme         =       TREUTLER

    Blocking Scheme        =         OCTREE
    BS radius alpha        =              1
    Pruning alpha          =              1
    Radial Points          =             75
    Spherical Points       =            302
    Total Points           =         254274
    Total Blocks           =           1927
    Max Points             =            256
    Max Functions          =            100
    Weights Tolerance      =       1.00E-15

   => Loading Basis Set <=

    Name: (6-31G* AUX)
    Role: JKFIT
    Keyword: DF_BASIS_SCF
    atoms 1, 4-6 entry C          line   121 file /Users/jmsmith1/anaconda3/envs/jupyterenv/share/psi4/basis/cc-pvdz-jkfit.gbs 
    atoms 2-3    entry O          line   221 file /Users/jmsmith1/anaconda3/envs/jupyterenv/share/psi4/basis/cc-pvdz-jkfit.gbs 
    atoms 7-12   entry H          line    51 file /Users/jmsmith1/anaconda3/envs/jupyterenv/share/psi4/basis/cc-pvdz-jkfit.gbs 

  ==> Integral Setup <==

  DFHelper Memory: AOs need 0.151 GiB; user supplied 3.597 GiB. 
  SCF_SUBTYPE=INCORE selected. In-core MEM_DF algorithm will be used.
  Using in-core AOs.

  ==> MemDFJK: Density-Fitted J/K Matrices <==

    J tasked:                   Yes
    K tasked:                   Yes
    wK tasked:                  Yes
    Omega:                2.000E-01
    OpenMP threads:               4
    Memory [MiB]:              3683
    Algorithm:                 Core
    Schwarz Cutoff:           1E-12
    Mask sparsity (%):       1.5186
    Fitting Condition:        1E-10

   => Auxiliary Basis Set <=

  Basis Set: (6-31G* AUX)
    Blend: CC-PVDZ-JKFIT
    Number of shells: 198
    Number of basis functions: 636
    Number of Cartesian functions: 636
    Spherical Harmonics?: false
    Max angular momentum: 3

  Cached 100.0% of DFT collocation blocks in 0.594 [GiB].

  Minimum eigenvalue in the overlap matrix is 2.7337823050E-03.
  Reciprocal condition number of the overlap matrix is 3.9145255245E-04.
    Using symmetric orthogonalization.

  ==> Pre-Iterations <==

  SCF Guess: Superposition of Atomic Densities via on-the-fly atomic UHF (no occupation information).

   -------------------------
    Irrep   Nso     Nmo    
   -------------------------
     A        102     102 
   -------------------------
    Total     102     102
   -------------------------

  ==> Iterations <==

                           Total Energy        Delta E     RMS |[F,P]|

   @DF-RKS iter SAD:  -300.32064890716981   -3.00321e+02   0.00000e+00 
   @DF-RKS iter   1:  -296.66941907411575    3.65123e+00   3.46374e-02 ADIIS/DIIS
   @DF-RKS iter   2:  -274.16968662246791    2.24997e+01   6.52633e-02 ADIIS/DIIS
   @DF-RKS iter   3:  -304.77279053941328   -3.06031e+01   1.70017e-02 ADIIS/DIIS
   @DF-RKS iter   4:  -304.22703362606796    5.45757e-01   1.87832e-02 ADIIS/DIIS
   @DF-RKS iter   5:  -306.11448737350969   -1.88745e+00   4.09973e-03 ADIIS/DIIS
   @DF-RKS iter   6:  -306.18966909659650   -7.51817e-02   1.96684e-03 ADIIS/DIIS
   @DF-RKS iter   7:  -306.20811702166509   -1.84479e-02   4.59802e-04 ADIIS/DIIS
   @DF-RKS iter   8:  -306.20870564469840   -5.88623e-04   3.32553e-04 ADIIS/DIIS
   @DF-RKS iter   9:  -306.20927869379324   -5.73049e-04   5.69793e-05 DIIS
   @DF-RKS iter  10:  -306.20930061757770   -2.19238e-05   2.31119e-05 DIIS
   @DF-RKS iter  11:  -306.20930311086204   -2.49328e-06   1.18427e-05 DIIS
   @DF-RKS iter  12:  -306.20930394325535   -8.32393e-07   4.55444e-06 DIIS
   @DF-RKS iter  13:  -306.20930409204777   -1.48792e-07   6.51372e-07 DIIS
   @DF-RKS iter  14:  -306.20930409628710   -4.23933e-09   2.39071e-07 DIIS
   @DF-RKS iter  15:  -306.20930409670814   -4.21039e-10   7.26095e-08 DIIS
  Energy and wave function converged.


  ==> Post-Iterations <==

   Electrons on quadrature grid:
      Ntotal   =   46.0000177582 ; deviation = 1.776e-05 

    Orbital Energies [Eh]
    ---------------------

    Doubly Occupied:                                                      

       1A    -19.410632     2A    -19.242504     3A    -10.406909  
       4A    -10.337061     5A    -10.331001     6A    -10.329465  
       7A     -1.284123     8A     -0.994627     9A     -0.910958  
      10A     -0.845172    11A     -0.753661    12A     -0.641164  
      13A     -0.618293    14A     -0.591299    15A     -0.583257  
      16A     -0.533363    17A     -0.512849    18A     -0.507674  
      19A     -0.498042    20A     -0.451037    21A     -0.397804  
      22A     -0.302608    23A     -0.290757  

    Virtual:                                                              

      24A     -0.021121    25A      0.122765    26A      0.162851  
      27A      0.178505    28A      0.211716    29A      0.232404  
      30A      0.234068    31A      0.237668    32A      0.266385  
      33A      0.317486    34A      0.356710    35A      0.406000  
      36A      0.434618    37A      0.562276    38A      0.588245  
      39A      0.609076    40A      0.646685    41A      0.675717  
      42A      0.680707    43A      0.698634    44A      0.733832  
      45A      0.755058    46A      0.775303    47A      0.815742  
      48A      0.908776    49A      0.910768    50A      0.923000  
      51A      0.929742    52A      0.954704    53A      0.988161  
      54A      1.005687    55A      1.028442    56A      1.034916  
      57A      1.065163    58A      1.129887    59A      1.148490  
      60A      1.185346    61A      1.220670    62A      1.269467  
      63A      1.381165    64A      1.391021    65A      1.424487  
      66A      1.430632    67A      1.540760    68A      1.574907  
      69A      1.635275    70A      1.705259    71A      1.742494  
      72A      1.824262    73A      1.875980    74A      1.932474  
      75A      1.949233    76A      1.960754    77A      2.022278  
      78A      2.028456    79A      2.077334    80A      2.150800  
      81A      2.166563    82A      2.211747    83A      2.287875  
      84A      2.334317    85A      2.345160    86A      2.439495  
      87A      2.460042    88A      2.554445    89A      2.563967  
      90A      2.600835    91A      2.709655    92A      2.770654  
      93A      2.950044    94A      2.957869    95A      3.182522  
      96A      3.275801    97A      3.631355    98A      4.117701  
      99A      4.179304   100A      4.274182   101A      4.355345  
     102A      4.621457  

    Final Occupation by Irrep:
              A 
    DOCC [    23 ]
    NA   [    23 ]
    NB   [    23 ]

  @DF-RKS Final Energy:  -306.20930409670814

   => Energetics <=

    Nuclear Repulsion Energy =            225.7276044906547554
    One-Electron Energy =                -863.1049646747927682
    Two-Electron Energy =                 359.4602541786422307
    DFT Exchange-Correlation Energy =     -28.2877958852878137
    Empirical Dispersion Energy =          -0.0044022059244446
    VV10 Nonlocal Energy =                  0.0000000000000000
    Total Energy =                       -306.2093040967081379

Computation Completed


Properties will be evaluated at   0.000000,   0.000000,   0.000000 [a0]

Properties computed using the SCF density matrix


 Multipole Moments:

 ------------------------------------------------------------------------------------
     Multipole            Electronic (a.u.)      Nuclear  (a.u.)        Total (a.u.)
 ------------------------------------------------------------------------------------

 L = 1.  Multiply by 2.5417464519 to convert [e a0] to [Debye]
 Dipole X            :         -1.8216966           -0.1070251           -1.9287217
 Dipole Y            :          0.7893089           -0.0176196            0.7716892
 Dipole Z            :          0.0228749           -0.0204042            0.0024707
 Magnitude           :                                                    2.0773728

 ------------------------------------------------------------------------------------

*** tstop() called on cst14372 at Tue Apr 21 11:01:14 2026
Module time:
	user time   =      25.72 seconds =       0.43 minutes
	system time =       0.40 seconds =       0.01 minutes
	total time  =         12 seconds =       0.20 minutes
Total time:
	user time   =      55.42 seconds =       0.92 minutes
	system time =       0.90 seconds =       0.01 minutes
	total time  =         27 seconds =       0.45 minutes

Scratch directory: /tmp/
gradient() will perform analytic gradient computation.

*** tstart() called on cst14372
*** at Tue Apr 21 11:01:14 2026


         ------------------------------------------------------------
                                   SCF GRAD                          
                          Rob Parrish, Justin Turney,                
                       Andy Simmonett, and Alex Sokolov              
         ------------------------------------------------------------

  ==> Geometry <==

    Molecular point group: c1
    Full point group: C1

    Geometry (in Angstrom), charge = 0, multiplicity = 1:

       Center              X                  Y                   Z               Mass       
    ------------   -----------------  -----------------  -----------------  -----------------
         C            0.065770265400     0.348621839000     0.003347883100    12.000000000000
         O            1.342386049400     0.304186549100     0.000607090100    15.994914619570
         O            1.979625352700    -0.875950226500    -0.000049973300    15.994914619570
         C           -0.712044491800    -0.872645557000    -0.000239943900    12.000000000000
         C           -2.050850178200    -0.885143945000    -0.004297492600    12.000000000000
         C           -0.511668024000     1.723660302100     0.002273417800    12.000000000000
         H           -0.133963573900    -1.795957626100     0.017563608100     1.007825032230
         H           -2.647120648400     0.032717735800    -0.014587056100     1.007825032230
         H           -2.608250212000    -1.812775223900    -0.011542009800     1.007825032230
         H            0.300672258000     2.455541818800    -0.001983786300     1.007825032230
         H           -1.143118723000     1.904878487300     0.885822589800     1.007825032230
         H           -1.148190981900     1.893424486600    -0.897030892200     1.007825032230

  Nuclear repulsion =  225.727604490654755

  ==> Basis Set <==

  Basis Set: 6-31G*
    Blend: 6-31G*
    Number of shells: 48
    Number of basis functions: 102
    Number of Cartesian functions: 102
    Spherical Harmonics?: false
    Max angular momentum: 2

  ==> DFJKGrad: Density-Fitted SCF Gradients <==

    Gradient:                    1
    J tasked:                  Yes
    K tasked:                  Yes
    wK tasked:                 Yes
    Omega:               2.000E-01
    OpenMP threads:              4
    Integrals threads:           4
    Memory [MiB]:             4291
    Schwarz Cutoff:          1E-12
    Fitting Condition:       1E-10

   => Auxiliary Basis Set <=

  Basis Set: (6-31G* AUX)
    Blend: CC-PVDZ-JKFIT
    Number of shells: 198
    Number of basis functions: 636
    Number of Cartesian functions: 636
    Spherical Harmonics?: false
    Max angular momentum: 3

  ==> DFT Potential <==

   => LibXC <=

    Version 7.0.0
    S. Lehtola, C. Steigemann, M. J.T. Oliveira, and M. A.L. Marques.,  SoftwareX 7, 1–5 (2018) (10.1016/j.softx.2017.11.002)

   => Composite Functional: WB97X-D <= 

    wB97X-D Hyb-GGA Exchange-Correlation Functional

    J.-D. Chai and M. Head-Gordon.,  Phys. Chem. Chem. Phys. 10, 6615-6620 (2008) (10.1039/B810189B)

    Deriv               =              1
    GGA                 =           TRUE
    Meta                =          FALSE

    Exchange Hybrid     =           TRUE
    MP2 Hybrid          =          FALSE

   => Exchange-Correlation Functionals <=

    1.0000   wB97X-D range-separated functional

   => Exact (HF) Exchange <=

    0.7780            HF,LR [omega = 0.2000]
    0.2220               HF 

   => LibXC Density Thresholds  <==

    XC_HYB_GGA_XC_WB97X_D:  1.00E-14 

   => Molecular Quadrature <=

    Radial Scheme          =       TREUTLER
    Pruning Scheme         =           NONE
    Nuclear Scheme         =       TREUTLER

    Blocking Scheme        =         OCTREE
    BS radius alpha        =              1
    Pruning alpha          =              1
    Radial Points          =             75
    Spherical Points       =            302
    Total Points           =         254274
    Total Blocks           =           1927
    Max Points             =            256
    Max Functions          =            100
    Weights Tolerance      =       1.00E-15


  -Total Gradient:
     Atom            X                  Y                   Z
    ------   -----------------  -----------------  -----------------
       1       -0.000144955219     0.002720313707     0.000246373089
       2        0.003269907285    -0.001941487121    -0.000388228575
       3       -0.000259086703     0.000924479311     0.000106376959
       4        0.000067320665     0.005244561563    -0.001782337731
       5        0.001638961308    -0.008291759899     0.001176457286
       6        0.005995229721    -0.006210063931     0.006872832895
       7        0.000452026830    -0.004555069451     0.000908699387
       8       -0.002732904641     0.003966660778    -0.000136898785
       9       -0.000014883759     0.002188607713    -0.000534319943
      10        0.001115843487     0.000392615686     0.000196638078
      11       -0.002446549477     0.002426589256     0.002397175860
      12       -0.007095623346     0.002828023222    -0.009045467264


*** tstop() called on cst14372 at Tue Apr 21 11:01:16 2026
Module time:
	user time   =       3.76 seconds =       0.06 minutes
	system time =       0.06 seconds =       0.00 minutes
	total time  =          2 seconds =       0.03 minutes
Total time:
	user time   =      59.20 seconds =       0.99 minutes
	system time =       0.96 seconds =       0.02 minutes
	total time  =         29 seconds =       0.48 minutes

Scratch directory: /tmp/
   => Libint2 <=

    Primary   basis highest AM E, G, H:  6, 6, 3
    Auxiliary basis highest AM E, G, H:  7, 7, 4
    Onebody   basis highest AM E, G, H:  -, -, -
    Solid Harmonics ordering:            Gaussian

*** tstart() called on cst14372
*** at Tue Apr 21 11:01:16 2026

   => Loading Basis Set <=

    Name: 6-31G*
    Role: ORBITAL
    Keyword: BASIS
    atoms 1, 4-6 entry C          line   111 file /Users/jmsmith1/anaconda3/envs/jupyterenv/share/psi4/basis/6-31gs.gbs 
    atoms 2-3    entry O          line   145 file /Users/jmsmith1/anaconda3/envs/jupyterenv/share/psi4/basis/6-31gs.gbs 
    atoms 7-12   entry H          line    44 file /Users/jmsmith1/anaconda3/envs/jupyterenv/share/psi4/basis/6-31gs.gbs 

   => WB97X-D: Empirical Dispersion <=

    Chai and Head-Gordon Dispersion Correction
    Chai, J.-D.; Head-Gordon, M. (2010), J. Chem. Phys., 132: 6615-6620

        s6 =       1.000000


         ---------------------------------------------------------
                                   SCF
               by Justin Turney, Rob Parrish, Andy Simmonett
                          and Daniel G. A. Smith
                              RKS Reference
                        4 Threads,   5722 MiB Core
         ---------------------------------------------------------

  ==> Geometry <==

    Molecular point group: c1
    Full point group: C1

    Geometry (in Angstrom), charge = 0, multiplicity = 1:

       Center              X                  Y                   Z               Mass       
    ------------   -----------------  -----------------  -----------------  -----------------
         C            0.065824172700     0.349368819500     0.006697538400    12.000000000000
         O            1.345086081500     0.304737461700     0.001215474000    15.994914619570
         O            1.982490178100    -0.872607426200    -0.000100214700    15.994914619570
         C           -0.711843289400    -0.872954306000    -0.000474909700    12.000000000000
         C           -2.051622936000    -0.890089019300    -0.008601578400    12.000000000000
         C           -0.515046837500     1.721612888000     0.004528640400    12.000000000000
         H           -0.145635368300    -1.810321123200     0.035108928700     1.007825032230
         H           -2.651088060100     0.034534320100    -0.029180220200     1.007825032230
         H           -2.615857909800    -1.810414976100    -0.023074168000     1.007825032230
         H            0.303268004900     2.450043347600    -0.003975823400     1.007825032230
         H           -1.151280353600     1.926614610700     0.886851795600     1.007825032230
         H           -1.161268378100     1.903684269900    -0.909047546500     1.007825032230

  Running in c1 symmetry.

  Rotational constants: A =      0.18521  B =      0.09913  C =      0.06539 [cm^-1]
  Rotational constants: A =   5552.51967  B =   2971.82625  C =   1960.22052 [MHz]
  Nuclear repulsion =  225.425980836867666

  Charge       = 0
  Multiplicity = 1
  Electrons    = 46
  Nalpha       = 23
  Nbeta        = 23

  ==> Algorithm <==

  SCF Algorithm Type is DF.
  DIIS enabled.
  MOM disabled.
  Fractional occupation disabled.
  Guess Type is SAD.
  Energy threshold   = 1.00e-07
  Density threshold  = 1.00e-07
  Integral threshold = 1.00e-12

  ==> Primary Basis <==

  Basis Set: 6-31G*
    Blend: 6-31G*
    Number of shells: 48
    Number of basis functions: 102
    Number of Cartesian functions: 102
    Spherical Harmonics?: false
    Max angular momentum: 2

  ==> DFT Potential <==

   => LibXC <=

    Version 7.0.0
    S. Lehtola, C. Steigemann, M. J.T. Oliveira, and M. A.L. Marques.,  SoftwareX 7, 1–5 (2018) (10.1016/j.softx.2017.11.002)

   => Composite Functional: WB97X-D <= 

    wB97X-D Hyb-GGA Exchange-Correlation Functional

    J.-D. Chai and M. Head-Gordon.,  Phys. Chem. Chem. Phys. 10, 6615-6620 (2008) (10.1039/B810189B)

    Deriv               =              1
    GGA                 =           TRUE
    Meta                =          FALSE

    Exchange Hybrid     =           TRUE
    MP2 Hybrid          =          FALSE

   => Exchange-Correlation Functionals <=

    1.0000   wB97X-D range-separated functional

   => Exact (HF) Exchange <=

    0.7780            HF,LR [omega = 0.2000]
    0.2220               HF 

   => LibXC Density Thresholds  <==

    XC_HYB_GGA_XC_WB97X_D:  1.00E-14 

   => Molecular Quadrature <=

    Radial Scheme          =       TREUTLER
    Pruning Scheme         =           NONE
    Nuclear Scheme         =       TREUTLER

    Blocking Scheme        =         OCTREE
    BS radius alpha        =              1
    Pruning alpha          =              1
    Radial Points          =             75
    Spherical Points       =            302
    Total Points           =         254327
    Total Blocks           =           1913
    Max Points             =            256
    Max Functions          =            100
    Weights Tolerance      =       1.00E-15

   => Loading Basis Set <=

    Name: (6-31G* AUX)
    Role: JKFIT
    Keyword: DF_BASIS_SCF
    atoms 1, 4-6 entry C          line   121 file /Users/jmsmith1/anaconda3/envs/jupyterenv/share/psi4/basis/cc-pvdz-jkfit.gbs 
    atoms 2-3    entry O          line   221 file /Users/jmsmith1/anaconda3/envs/jupyterenv/share/psi4/basis/cc-pvdz-jkfit.gbs 
    atoms 7-12   entry H          line    51 file /Users/jmsmith1/anaconda3/envs/jupyterenv/share/psi4/basis/cc-pvdz-jkfit.gbs 

  ==> Integral Setup <==

  DFHelper Memory: AOs need 0.151 GiB; user supplied 3.597 GiB. 
  SCF_SUBTYPE=INCORE selected. In-core MEM_DF algorithm will be used.
  Using in-core AOs.

  ==> MemDFJK: Density-Fitted J/K Matrices <==

    J tasked:                   Yes
    K tasked:                   Yes
    wK tasked:                  Yes
    Omega:                2.000E-01
    OpenMP threads:               4
    Memory [MiB]:              3683
    Algorithm:                 Core
    Schwarz Cutoff:           1E-12
    Mask sparsity (%):       1.5186
    Fitting Condition:        1E-10

   => Auxiliary Basis Set <=

  Basis Set: (6-31G* AUX)
    Blend: CC-PVDZ-JKFIT
    Number of shells: 198
    Number of basis functions: 636
    Number of Cartesian functions: 636
    Spherical Harmonics?: false
    Max angular momentum: 3

  Cached 100.0% of DFT collocation blocks in 0.594 [GiB].

  Minimum eigenvalue in the overlap matrix is 2.7723845716E-03.
  Reciprocal condition number of the overlap matrix is 3.9801346211E-04.
    Using symmetric orthogonalization.

  ==> Pre-Iterations <==

  SCF Guess: Superposition of Atomic Densities via on-the-fly atomic UHF (no occupation information).

   -------------------------
    Irrep   Nso     Nmo    
   -------------------------
     A        102     102 
   -------------------------
    Total     102     102
   -------------------------

  ==> Iterations <==

                           Total Energy        Delta E     RMS |[F,P]|

   @DF-RKS iter SAD:  -300.28797680700865   -3.00288e+02   0.00000e+00 
   @DF-RKS iter   1:  -296.62161563997665    3.66636e+00   3.46505e-02 ADIIS/DIIS
   @DF-RKS iter   2:  -274.01675694530678    2.26049e+01   6.53170e-02 ADIIS/DIIS
   @DF-RKS iter   3:  -304.75761061391216   -3.07409e+01   1.70558e-02 ADIIS/DIIS
   @DF-RKS iter   4:  -304.11869723759435    6.38913e-01   1.93241e-02 ADIIS/DIIS
   @DF-RKS iter   5:  -306.11345909819988   -1.99476e+00   4.05858e-03 ADIIS/DIIS
   @DF-RKS iter   6:  -306.18653025319196   -7.30712e-02   2.06028e-03 ADIIS/DIIS
   @DF-RKS iter   7:  -306.20683314180218   -2.03029e-02   4.46819e-04 ADIIS/DIIS
   @DF-RKS iter   8:  -306.20741421801557   -5.81076e-04   3.27814e-04 ADIIS/DIIS
   @DF-RKS iter   9:  -306.20797231902742   -5.58101e-04   5.60579e-05 DIIS
   @DF-RKS iter  10:  -306.20799443659331   -2.21176e-05   2.43066e-05 DIIS
   @DF-RKS iter  11:  -306.20799710522721   -2.66863e-06   1.37218e-05 DIIS
   @DF-RKS iter  12:  -306.20799820762943   -1.10240e-06   5.23286e-06 DIIS
   @DF-RKS iter  13:  -306.20799840767273   -2.00043e-07   5.70005e-07 DIIS
   @DF-RKS iter  14:  -306.20799841421041   -6.53768e-09   2.40015e-07 DIIS
   @DF-RKS iter  15:  -306.20799841569902   -1.48862e-09   1.22718e-07 DIIS
   @DF-RKS iter  16:  -306.20799841647067   -7.71649e-10   5.34942e-08 DIIS
  Energy and wave function converged.


  ==> Post-Iterations <==

   Electrons on quadrature grid:
      Ntotal   =   46.0000062466 ; deviation = 6.247e-06 

    Orbital Energies [Eh]
    ---------------------

    Doubly Occupied:                                                      

       1A    -19.411487     2A    -19.243528     3A    -10.407520  
       4A    -10.337248     5A    -10.333524     6A    -10.330271  
       7A     -1.284798     8A     -0.994991     9A     -0.910096  
      10A     -0.843606    11A     -0.752805    12A     -0.641030  
      13A     -0.617901    14A     -0.591329    15A     -0.582497  
      16A     -0.533922    17A     -0.510460    18A     -0.505162  
      19A     -0.496987    20A     -0.451655    21A     -0.397420  
      22A     -0.303142    23A     -0.290969  

    Virtual:                                                              

      24A     -0.021726    25A      0.121269    26A      0.161149  
      27A      0.177100    28A      0.210938    29A      0.231089  
      30A      0.231935    31A      0.238035    32A      0.265478  
      33A      0.316517    34A      0.355765    35A      0.407589  
      36A      0.436006    37A      0.561472    38A      0.587904  
      39A      0.609515    40A      0.649157    41A      0.675213  
      42A      0.679619    43A      0.699852    44A      0.733039  
      45A      0.753654    46A      0.778209    47A      0.813641  
      48A      0.904583    49A      0.909636    50A      0.915951  
      51A      0.927977    52A      0.953160    53A      0.985090  
      54A      1.001448    55A      1.027574    56A      1.032942  
      57A      1.061339    58A      1.128685    59A      1.147088  
      60A      1.184862    61A      1.217916    62A      1.268644  
      63A      1.378287    64A      1.392840    65A      1.422752  
      66A      1.431629    67A      1.539682    68A      1.577495  
      69A      1.635540    70A      1.703949    71A      1.743741  
      72A      1.821573    73A      1.873477    74A      1.930281  
      75A      1.946849    76A      1.957261    77A      2.019188  
      78A      2.024155    79A      2.076295    80A      2.141558  
      81A      2.163647    82A      2.209971    83A      2.288019  
      84A      2.328909    85A      2.345752    86A      2.436050  
      87A      2.459352    88A      2.553300    89A      2.564592  
      90A      2.599188    91A      2.709110    92A      2.770609  
      93A      2.947979    94A      2.955527    95A      3.180326  
      96A      3.274329    97A      3.629476    98A      4.115707  
      99A      4.177641   100A      4.271241   101A      4.353627  
     102A      4.620995  

    Final Occupation by Irrep:
              A 
    DOCC [    23 ]
    NA   [    23 ]
    NB   [    23 ]

  @DF-RKS Final Energy:  -306.20799841647067

   => Energetics <=

    Nuclear Repulsion Energy =            225.4259808368676659
    One-Electron Energy =                -862.5110166801105152
    Two-Electron Energy =                 359.1572280869057749
    DFT Exchange-Correlation Energy =     -28.2757884984543537
    Empirical Dispersion Energy =          -0.0044021616792339
    VV10 Nonlocal Energy =                  0.0000000000000000
    Total Energy =                       -306.2079984164706730

Computation Completed


Properties will be evaluated at   0.000000,   0.000000,   0.000000 [a0]

Properties computed using the SCF density matrix


 Multipole Moments:

 ------------------------------------------------------------------------------------
     Multipole            Electronic (a.u.)      Nuclear  (a.u.)        Total (a.u.)
 ------------------------------------------------------------------------------------

 L = 1.  Multiply by 2.5417464519 to convert [e a0] to [Debye]
 Dipole X            :         -1.7745472           -0.1462371           -1.9207843
 Dipole Y            :          0.7667851           -0.0022468            0.7645383
 Dipole Z            :          0.0457595           -0.0406231            0.0051364
 Magnitude           :                                                    2.0673552

 ------------------------------------------------------------------------------------

*** tstop() called on cst14372 at Tue Apr 21 11:01:29 2026
Module time:
	user time   =      27.05 seconds =       0.45 minutes
	system time =       0.32 seconds =       0.01 minutes
	total time  =         13 seconds =       0.22 minutes
Total time:
	user time   =      86.27 seconds =       1.44 minutes
	system time =       1.29 seconds =       0.02 minutes
	total time  =         42 seconds =       0.70 minutes

Scratch directory: /tmp/
gradient() will perform analytic gradient computation.

*** tstart() called on cst14372
*** at Tue Apr 21 11:01:29 2026


         ------------------------------------------------------------
                                   SCF GRAD                          
                          Rob Parrish, Justin Turney,                
                       Andy Simmonett, and Alex Sokolov              
         ------------------------------------------------------------

  ==> Geometry <==

    Molecular point group: c1
    Full point group: C1

    Geometry (in Angstrom), charge = 0, multiplicity = 1:

       Center              X                  Y                   Z               Mass       
    ------------   -----------------  -----------------  -----------------  -----------------
         C            0.065824172700     0.349368819500     0.006697538400    12.000000000000
         O            1.345086081500     0.304737461700     0.001215474000    15.994914619570
         O            1.982490178100    -0.872607426200    -0.000100214700    15.994914619570
         C           -0.711843289400    -0.872954306000    -0.000474909700    12.000000000000
         C           -2.051622936000    -0.890089019300    -0.008601578400    12.000000000000
         C           -0.515046837500     1.721612888000     0.004528640400    12.000000000000
         H           -0.145635368300    -1.810321123200     0.035108928700     1.007825032230
         H           -2.651088060100     0.034534320100    -0.029180220200     1.007825032230
         H           -2.615857909800    -1.810414976100    -0.023074168000     1.007825032230
         H            0.303268004900     2.450043347600    -0.003975823400     1.007825032230
         H           -1.151280353600     1.926614610700     0.886851795600     1.007825032230
         H           -1.161268378100     1.903684269900    -0.909047546500     1.007825032230

  Nuclear repulsion =  225.425980836867666

  ==> Basis Set <==

  Basis Set: 6-31G*
    Blend: 6-31G*
    Number of shells: 48
    Number of basis functions: 102
    Number of Cartesian functions: 102
    Spherical Harmonics?: false
    Max angular momentum: 2

  ==> DFJKGrad: Density-Fitted SCF Gradients <==

    Gradient:                    1
    J tasked:                  Yes
    K tasked:                  Yes
    wK tasked:                 Yes
    Omega:               2.000E-01
    OpenMP threads:              4
    Integrals threads:           4
    Memory [MiB]:             4291
    Schwarz Cutoff:          1E-12
    Fitting Condition:       1E-10

   => Auxiliary Basis Set <=

  Basis Set: (6-31G* AUX)
    Blend: CC-PVDZ-JKFIT
    Number of shells: 198
    Number of basis functions: 636
    Number of Cartesian functions: 636
    Spherical Harmonics?: false
    Max angular momentum: 3

  ==> DFT Potential <==

   => LibXC <=

    Version 7.0.0
    S. Lehtola, C. Steigemann, M. J.T. Oliveira, and M. A.L. Marques.,  SoftwareX 7, 1–5 (2018) (10.1016/j.softx.2017.11.002)

   => Composite Functional: WB97X-D <= 

    wB97X-D Hyb-GGA Exchange-Correlation Functional

    J.-D. Chai and M. Head-Gordon.,  Phys. Chem. Chem. Phys. 10, 6615-6620 (2008) (10.1039/B810189B)

    Deriv               =              1
    GGA                 =           TRUE
    Meta                =          FALSE

    Exchange Hybrid     =           TRUE
    MP2 Hybrid          =          FALSE

   => Exchange-Correlation Functionals <=

    1.0000   wB97X-D range-separated functional

   => Exact (HF) Exchange <=

    0.7780            HF,LR [omega = 0.2000]
    0.2220               HF 

   => LibXC Density Thresholds  <==

    XC_HYB_GGA_XC_WB97X_D:  1.00E-14 

   => Molecular Quadrature <=

    Radial Scheme          =       TREUTLER
    Pruning Scheme         =           NONE
    Nuclear Scheme         =       TREUTLER

    Blocking Scheme        =         OCTREE
    BS radius alpha        =              1
    Pruning alpha          =              1
    Radial Points          =             75
    Spherical Points       =            302
    Total Points           =         254327
    Total Blocks           =           1913
    Max Points             =            256
    Max Functions          =            100
    Weights Tolerance      =       1.00E-15


  -Total Gradient:
     Atom            X                  Y                   Z
    ------   -----------------  -----------------  -----------------
       1       -0.000289976975     0.005361035518     0.000482909302
       2        0.006418736572    -0.003708050308    -0.000778565777
       3       -0.000423268459     0.001680873294     0.000209197863
       4        0.000263660957     0.010639494856    -0.003658530054
       5        0.003099590649    -0.016200110027     0.002413872134
       6        0.011200531678    -0.012370875149     0.012548959522
       7        0.000866836954    -0.009137752227     0.001881510689
       8       -0.005315276499     0.007733407074    -0.000354561436
       9       -0.000056348718     0.004300601119    -0.001052864750
      10        0.002274491126     0.000784163733     0.000382838753
      11       -0.004917947193     0.004985623467     0.004830334392
      12       -0.013306609336     0.005564905862    -0.016938604846


*** tstop() called on cst14372 at Tue Apr 21 11:01:31 2026
Module time:
	user time   =       3.76 seconds =       0.06 minutes
	system time =       0.06 seconds =       0.00 minutes
	total time  =          2 seconds =       0.03 minutes
Total time:
	user time   =      90.04 seconds =       1.50 minutes
	system time =       1.35 seconds =       0.02 minutes
	total time  =         44 seconds =       0.73 minutes

Scratch directory: /tmp/
   => Libint2 <=

    Primary   basis highest AM E, G, H:  6, 6, 3
    Auxiliary basis highest AM E, G, H:  7, 7, 4
    Onebody   basis highest AM E, G, H:  -, -, -
    Solid Harmonics ordering:            Gaussian

*** tstart() called on cst14372
*** at Tue Apr 21 11:01:31 2026

   => Loading Basis Set <=

    Name: 6-31G*
    Role: ORBITAL
    Keyword: BASIS
    atoms 1, 4-6 entry C          line   111 file /Users/jmsmith1/anaconda3/envs/jupyterenv/share/psi4/basis/6-31gs.gbs 
    atoms 2-3    entry O          line   145 file /Users/jmsmith1/anaconda3/envs/jupyterenv/share/psi4/basis/6-31gs.gbs 
    atoms 7-12   entry H          line    44 file /Users/jmsmith1/anaconda3/envs/jupyterenv/share/psi4/basis/6-31gs.gbs 

   => WB97X-D: Empirical Dispersion <=

    Chai and Head-Gordon Dispersion Correction
    Chai, J.-D.; Head-Gordon, M. (2010), J. Chem. Phys., 132: 6615-6620

        s6 =       1.000000


         ---------------------------------------------------------
                                   SCF
               by Justin Turney, Rob Parrish, Andy Simmonett
                          and Daniel G. A. Smith
                              RKS Reference
                        4 Threads,   5722 MiB Core
         ---------------------------------------------------------

  ==> Geometry <==

    Molecular point group: c1
    Full point group: C1

    Geometry (in Angstrom), charge = 0, multiplicity = 1:

       Center              X                  Y                   Z               Mass       
    ------------   -----------------  -----------------  -----------------  -----------------
         C            0.065878961100     0.350100875200     0.010048418000    12.000000000000
         O            1.347774286100     0.305296858800     0.001826025000    15.994914619570
         O            1.985358164900    -0.869265660400    -0.000150949800    15.994914619570
         C           -0.711642692300    -0.873294076400    -0.000699475400    12.000000000000
         C           -2.052405265600    -0.894991097100    -0.012916015700    12.000000000000
         C           -0.518460698000     1.719599660200     0.006749324300    12.000000000000
         H           -0.157346178300    -1.824380867400     0.052603121300     1.007825032230
         H           -2.654875350200     0.036085742600    -0.043772582500     1.007825032230
         H           -2.623469619000    -1.808201130100    -0.034579057200     1.007825032230
         H            0.305787377800     2.444513541900    -0.005982616500     1.007825032230
         H           -1.159278841600     1.948195881700     0.887715297200     1.007825032230
         H           -1.173897307300     1.913760250800    -0.920489702700     1.007825032230

  Running in c1 symmetry.

  Rotational constants: A =      0.18498  B =      0.09883  C =      0.06524 [cm^-1]
  Rotational constants: A =   5545.43544  B =   2962.86409  C =   1955.83910 [MHz]
  Nuclear repulsion =  225.128907384373235

  Charge       = 0
  Multiplicity = 1
  Electrons    = 46
  Nalpha       = 23
  Nbeta        = 23

  ==> Algorithm <==

  SCF Algorithm Type is DF.
  DIIS enabled.
  MOM disabled.
  Fractional occupation disabled.
  Guess Type is SAD.
  Energy threshold   = 1.00e-07
  Density threshold  = 1.00e-07
  Integral threshold = 1.00e-12

  ==> Primary Basis <==

  Basis Set: 6-31G*
    Blend: 6-31G*
    Number of shells: 48
    Number of basis functions: 102
    Number of Cartesian functions: 102
    Spherical Harmonics?: false
    Max angular momentum: 2

  ==> DFT Potential <==

   => LibXC <=

    Version 7.0.0
    S. Lehtola, C. Steigemann, M. J.T. Oliveira, and M. A.L. Marques.,  SoftwareX 7, 1–5 (2018) (10.1016/j.softx.2017.11.002)

   => Composite Functional: WB97X-D <= 

    wB97X-D Hyb-GGA Exchange-Correlation Functional

    J.-D. Chai and M. Head-Gordon.,  Phys. Chem. Chem. Phys. 10, 6615-6620 (2008) (10.1039/B810189B)

    Deriv               =              1
    GGA                 =           TRUE
    Meta                =          FALSE

    Exchange Hybrid     =           TRUE
    MP2 Hybrid          =          FALSE

   => Exchange-Correlation Functionals <=

    1.0000   wB97X-D range-separated functional

   => Exact (HF) Exchange <=

    0.7780            HF,LR [omega = 0.2000]
    0.2220               HF 

   => LibXC Density Thresholds  <==

    XC_HYB_GGA_XC_WB97X_D:  1.00E-14 

   => Molecular Quadrature <=

    Radial Scheme          =       TREUTLER
    Pruning Scheme         =           NONE
    Nuclear Scheme         =       TREUTLER

    Blocking Scheme        =         OCTREE
    BS radius alpha        =              1
    Pruning alpha          =              1
    Radial Points          =             75
    Spherical Points       =            302
    Total Points           =         254361
    Total Blocks           =           1923
    Max Points             =            256
    Max Functions          =            100
    Weights Tolerance      =       1.00E-15

   => Loading Basis Set <=

    Name: (6-31G* AUX)
    Role: JKFIT
    Keyword: DF_BASIS_SCF
    atoms 1, 4-6 entry C          line   121 file /Users/jmsmith1/anaconda3/envs/jupyterenv/share/psi4/basis/cc-pvdz-jkfit.gbs 
    atoms 2-3    entry O          line   221 file /Users/jmsmith1/anaconda3/envs/jupyterenv/share/psi4/basis/cc-pvdz-jkfit.gbs 
    atoms 7-12   entry H          line    51 file /Users/jmsmith1/anaconda3/envs/jupyterenv/share/psi4/basis/cc-pvdz-jkfit.gbs 

  ==> Integral Setup <==

  DFHelper Memory: AOs need 0.151 GiB; user supplied 3.598 GiB. 
  SCF_SUBTYPE=INCORE selected. In-core MEM_DF algorithm will be used.
  Using in-core AOs.

  ==> MemDFJK: Density-Fitted J/K Matrices <==

    J tasked:                   Yes
    K tasked:                   Yes
    wK tasked:                  Yes
    Omega:                2.000E-01
    OpenMP threads:               4
    Memory [MiB]:              3683
    Algorithm:                 Core
    Schwarz Cutoff:           1E-12
    Mask sparsity (%):       1.5379
    Fitting Condition:        1E-10

   => Auxiliary Basis Set <=

  Basis Set: (6-31G* AUX)
    Blend: CC-PVDZ-JKFIT
    Number of shells: 198
    Number of basis functions: 636
    Number of Cartesian functions: 636
    Spherical Harmonics?: false
    Max angular momentum: 3

  Cached 100.0% of DFT collocation blocks in 0.593 [GiB].

  Minimum eigenvalue in the overlap matrix is 2.8115671125E-03.
  Reciprocal condition number of the overlap matrix is 4.0465586803E-04.
    Using symmetric orthogonalization.

  ==> Pre-Iterations <==

  SCF Guess: Superposition of Atomic Densities via on-the-fly atomic UHF (no occupation information).

   -------------------------
    Irrep   Nso     Nmo    
   -------------------------
     A        102     102 
   -------------------------
    Total     102     102
   -------------------------

  ==> Iterations <==

                           Total Energy        Delta E     RMS |[F,P]|

   @DF-RKS iter SAD:  -300.25582098619486   -3.00256e+02   0.00000e+00 
   @DF-RKS iter   1:  -296.57423535953063    3.68159e+00   3.46619e-02 ADIIS/DIIS
   @DF-RKS iter   2:  -273.88160851084467    2.26926e+01   6.53733e-02 ADIIS/DIIS
   @DF-RKS iter   3:  -304.74527606199609   -3.08637e+01   1.70839e-02 ADIIS/DIIS
   @DF-RKS iter   4:  -303.89731715172309    8.47959e-01   2.03283e-02 ADIIS/DIIS
   @DF-RKS iter   5:  -306.11078927096833   -2.21347e+00   4.00229e-03 ADIIS/DIIS
   @DF-RKS iter   6:  -306.18146045032046   -7.06712e-02   2.20184e-03 ADIIS/DIIS
   @DF-RKS iter   7:  -306.20482673342588   -2.33663e-02   4.19875e-04 ADIIS/DIIS
   @DF-RKS iter   8:  -306.20540993094158   -5.83198e-04   3.13395e-04 ADIIS/DIIS
   @DF-RKS iter   9:  -306.20591734542990   -5.07414e-04   6.15526e-05 DIIS
   @DF-RKS iter  10:  -306.20594308066302   -2.57352e-05   2.63245e-05 DIIS
   @DF-RKS iter  11:  -306.20594629889342   -3.21823e-06   1.64357e-05 DIIS
   @DF-RKS iter  12:  -306.20594794408828   -1.64519e-06   5.98727e-06 DIIS
   @DF-RKS iter  13:  -306.20594823373364   -2.89645e-07   7.03094e-07 DIIS
   @DF-RKS iter  14:  -306.20594824979617   -1.60625e-08   4.21071e-07 DIIS
   @DF-RKS iter  15:  -306.20594825565485   -5.85868e-09   2.43730e-07 DIIS
   @DF-RKS iter  16:  -306.20594825958204   -3.92720e-09   8.02777e-08 DIIS
  Energy and wave function converged.


  ==> Post-Iterations <==

   Electrons on quadrature grid:
      Ntotal   =   45.9999943567 ; deviation = -5.643e-06 

    Orbital Energies [Eh]
    ---------------------

    Doubly Occupied:                                                      

       1A    -19.412354     2A    -19.244577     3A    -10.408153  
       4A    -10.337462     5A    -10.335976     6A    -10.331125  
       7A     -1.285521     8A     -0.995374     9A     -0.909263  
      10A     -0.842156    11A     -0.752007    12A     -0.640945  
      13A     -0.617469    14A     -0.591393    15A     -0.581852  
      16A     -0.534445    17A     -0.508166    18A     -0.502658  
      19A     -0.495986    20A     -0.452063    21A     -0.397025  
      22A     -0.303696    23A     -0.291196  

    Virtual:                                                              

      24A     -0.022360    25A      0.119641    26A      0.159307  
      27A      0.175760    28A      0.209840    29A      0.229124  
      30A      0.230752    31A      0.238322    32A      0.264495  
      33A      0.315629    34A      0.354832    35A      0.409153  
      36A      0.437302    37A      0.560681    38A      0.587554  
      39A      0.609972    40A      0.651352    41A      0.673730  
      42A      0.679577    43A      0.701029    44A      0.732283  
      45A      0.752416    46A      0.780978    47A      0.811820  
      48A      0.898628    49A      0.908701    50A      0.910746  
      51A      0.926193    52A      0.951802    53A      0.981859  
      54A      0.997216    55A      1.026667    56A      1.031495  
      57A      1.057975    58A      1.127474    59A      1.145571  
      60A      1.184212    61A      1.215343    62A      1.267229  
      63A      1.375458    64A      1.394245    65A      1.421144  
      66A      1.432668    67A      1.537508    68A      1.581002  
      69A      1.636036    70A      1.702239    71A      1.745117  
      72A      1.818775    73A      1.870857    74A      1.927666  
      75A      1.944316    76A      1.953872    77A      2.015186  
      78A      2.019442    79A      2.075235    80A      2.133563  
      81A      2.160487    82A      2.208376    83A      2.288033  
      84A      2.324341    85A      2.346136    86A      2.432889  
      87A      2.458718    88A      2.552053    89A      2.565357  
      90A      2.597407    91A      2.708615    92A      2.770729  
      93A      2.945857    94A      2.953283    95A      3.177962  
      96A      3.272777    97A      3.627574    98A      4.113719  
      99A      4.175959   100A      4.268360   101A      4.351902  
     102A      4.620440  

    Final Occupation by Irrep:
              A 
    DOCC [    23 ]
    NA   [    23 ]
    NB   [    23 ]

  @DF-RKS Final Energy:  -306.20594825958204

   => Energetics <=

    Nuclear Repulsion Energy =            225.1289073843732353
    One-Electron Energy =                -861.9236657639278292
    Two-Electron Energy =                 358.8572110556826260
    DFT Exchange-Correlation Energy =     -28.2639994190502506
    Empirical Dispersion Energy =          -0.0044015166597764
    VV10 Nonlocal Energy =                  0.0000000000000000
    Total Energy =                       -306.2059482595820441

Computation Completed


Properties will be evaluated at   0.000000,   0.000000,   0.000000 [a0]

Properties computed using the SCF density matrix


 Multipole Moments:

 ------------------------------------------------------------------------------------
     Multipole            Electronic (a.u.)      Nuclear  (a.u.)        Total (a.u.)
 ------------------------------------------------------------------------------------

 L = 1.  Multiply by 2.5417464519 to convert [e a0] to [Debye]
 Dipole X            :         -1.7276133           -0.1848123           -1.9124256
 Dipole Y            :          0.7447917            0.0126898            0.7574815
 Dipole Z            :          0.0684212           -0.0604928            0.0079283
 Magnitude           :                                                    2.0569912

 ------------------------------------------------------------------------------------

*** tstop() called on cst14372 at Tue Apr 21 11:01:44 2026
Module time:
	user time   =      26.76 seconds =       0.45 minutes
	system time =       0.33 seconds =       0.01 minutes
	total time  =         13 seconds =       0.22 minutes
Total time:
	user time   =     116.82 seconds =       1.95 minutes
	system time =       1.69 seconds =       0.03 minutes
	total time  =         57 seconds =       0.95 minutes

Scratch directory: /tmp/
gradient() will perform analytic gradient computation.

*** tstart() called on cst14372
*** at Tue Apr 21 11:01:44 2026


         ------------------------------------------------------------
                                   SCF GRAD                          
                          Rob Parrish, Justin Turney,                
                       Andy Simmonett, and Alex Sokolov              
         ------------------------------------------------------------

  ==> Geometry <==

    Molecular point group: c1
    Full point group: C1

    Geometry (in Angstrom), charge = 0, multiplicity = 1:

       Center              X                  Y                   Z               Mass       
    ------------   -----------------  -----------------  -----------------  -----------------
         C            0.065878961100     0.350100875200     0.010048418000    12.000000000000
         O            1.347774286100     0.305296858800     0.001826025000    15.994914619570
         O            1.985358164900    -0.869265660400    -0.000150949800    15.994914619570
         C           -0.711642692300    -0.873294076400    -0.000699475400    12.000000000000
         C           -2.052405265600    -0.894991097100    -0.012916015700    12.000000000000
         C           -0.518460698000     1.719599660200     0.006749324300    12.000000000000
         H           -0.157346178300    -1.824380867400     0.052603121300     1.007825032230
         H           -2.654875350200     0.036085742600    -0.043772582500     1.007825032230
         H           -2.623469619000    -1.808201130100    -0.034579057200     1.007825032230
         H            0.305787377800     2.444513541900    -0.005982616500     1.007825032230
         H           -1.159278841600     1.948195881700     0.887715297200     1.007825032230
         H           -1.173897307300     1.913760250800    -0.920489702700     1.007825032230

  Nuclear repulsion =  225.128907384373235

  ==> Basis Set <==

  Basis Set: 6-31G*
    Blend: 6-31G*
    Number of shells: 48
    Number of basis functions: 102
    Number of Cartesian functions: 102
    Spherical Harmonics?: false
    Max angular momentum: 2

  ==> DFJKGrad: Density-Fitted SCF Gradients <==

    Gradient:                    1
    J tasked:                  Yes
    K tasked:                  Yes
    wK tasked:                 Yes
    Omega:               2.000E-01
    OpenMP threads:              4
    Integrals threads:           4
    Memory [MiB]:             4291
    Schwarz Cutoff:          1E-12
    Fitting Condition:       1E-10

   => Auxiliary Basis Set <=

  Basis Set: (6-31G* AUX)
    Blend: CC-PVDZ-JKFIT
    Number of shells: 198
    Number of basis functions: 636
    Number of Cartesian functions: 636
    Spherical Harmonics?: false
    Max angular momentum: 3

  ==> DFT Potential <==

   => LibXC <=

    Version 7.0.0
    S. Lehtola, C. Steigemann, M. J.T. Oliveira, and M. A.L. Marques.,  SoftwareX 7, 1–5 (2018) (10.1016/j.softx.2017.11.002)

   => Composite Functional: WB97X-D <= 

    wB97X-D Hyb-GGA Exchange-Correlation Functional

    J.-D. Chai and M. Head-Gordon.,  Phys. Chem. Chem. Phys. 10, 6615-6620 (2008) (10.1039/B810189B)

    Deriv               =              1
    GGA                 =           TRUE
    Meta                =          FALSE

    Exchange Hybrid     =           TRUE
    MP2 Hybrid          =          FALSE

   => Exchange-Correlation Functionals <=

    1.0000   wB97X-D range-separated functional

   => Exact (HF) Exchange <=

    0.7780            HF,LR [omega = 0.2000]
    0.2220               HF 

   => LibXC Density Thresholds  <==

    XC_HYB_GGA_XC_WB97X_D:  1.00E-14 

   => Molecular Quadrature <=

    Radial Scheme          =       TREUTLER
    Pruning Scheme         =           NONE
    Nuclear Scheme         =       TREUTLER

    Blocking Scheme        =         OCTREE
    BS radius alpha        =              1
    Pruning alpha          =              1
    Radial Points          =             75
    Spherical Points       =            302
    Total Points           =         254361
    Total Blocks           =           1923
    Max Points             =            256
    Max Functions          =            100
    Weights Tolerance      =       1.00E-15


  -Total Gradient:
     Atom            X                  Y                   Z
    ------   -----------------  -----------------  -----------------
       1       -0.000415793039     0.007924800677     0.000710238125
       2        0.009503331704    -0.005471400022    -0.001167400271
       3       -0.000588414333     0.002461271738     0.000305889274
       4        0.000597272650     0.015997645848    -0.005617865240
       5        0.004371878458    -0.023607723376     0.003700191301
       6        0.015568158807    -0.018380166955     0.017125705819
       7        0.001193507910    -0.013636281655     0.002910776860
       8       -0.007690713536     0.011172449785    -0.000640096198
       9       -0.000146835032     0.006269212502    -0.001555200618
      10        0.003430962907     0.001136735595     0.000553035950
      11       -0.007359570906     0.007635576582     0.007189724766
      12       -0.018649383084     0.008149712756    -0.023665522888


*** tstop() called on cst14372 at Tue Apr 21 11:01:46 2026
Module time:
	user time   =       3.84 seconds =       0.06 minutes
	system time =       0.06 seconds =       0.00 minutes
	total time  =          2 seconds =       0.03 minutes
Total time:
	user time   =     120.67 seconds =       2.01 minutes
	system time =       1.75 seconds =       0.03 minutes
	total time  =         59 seconds =       0.98 minutes

Scratch directory: /tmp/
   => Libint2 <=

    Primary   basis highest AM E, G, H:  6, 6, 3
    Auxiliary basis highest AM E, G, H:  7, 7, 4
    Onebody   basis highest AM E, G, H:  -, -, -
    Solid Harmonics ordering:            Gaussian

*** tstart() called on cst14372
*** at Tue Apr 21 11:01:46 2026

   => Loading Basis Set <=

    Name: 6-31G*
    Role: ORBITAL
    Keyword: BASIS
    atoms 1, 4-6 entry C          line   111 file /Users/jmsmith1/anaconda3/envs/jupyterenv/share/psi4/basis/6-31gs.gbs 
    atoms 2-3    entry O          line   145 file /Users/jmsmith1/anaconda3/envs/jupyterenv/share/psi4/basis/6-31gs.gbs 
    atoms 7-12   entry H          line    44 file /Users/jmsmith1/anaconda3/envs/jupyterenv/share/psi4/basis/6-31gs.gbs 

   => WB97X-D: Empirical Dispersion <=

    Chai and Head-Gordon Dispersion Correction
    Chai, J.-D.; Head-Gordon, M. (2010), J. Chem. Phys., 132: 6615-6620

        s6 =       1.000000


         ---------------------------------------------------------
                                   SCF
               by Justin Turney, Rob Parrish, Andy Simmonett
                          and Daniel G. A. Smith
                              RKS Reference
                        4 Threads,   5722 MiB Core
         ---------------------------------------------------------

  ==> Geometry <==

    Molecular point group: c1
    Full point group: C1

    Geometry (in Angstrom), charge = 0, multiplicity = 1:

       Center              X                  Y                   Z               Mass       
    ------------   -----------------  -----------------  -----------------  -----------------
         C            0.065934999100     0.350810626900     0.013400094300    12.000000000000
         O            1.350444137700     0.305868615400     0.002439631000    15.994914619570
         O            1.988229870100    -0.865926396700    -0.000202392500    15.994914619570
         C           -0.711443652500    -0.873680418200    -0.000907979400    12.000000000000
         C           -2.053200909000    -0.899829047500    -0.017244829300    12.000000000000
         C           -0.521922503300     1.717637894400     0.008922352000    12.000000000000
         H           -0.169108097100    -1.837982493900     0.070011857600     1.007825032230
         H           -2.658400742100     0.037253338900    -0.058355296000     1.007825032230
         H           -2.631082743400    -1.806201518000    -0.046040124100     1.007825032230
         H            0.308190619300     2.438939844200    -0.008010182000     1.007825032230
         H           -1.167030430200     1.969532296900     0.888331683100     1.007825032230
         H           -1.185894085300     1.923563861800    -0.931125777200     1.007825032230

  Running in c1 symmetry.

  Rotational constants: A =      0.18474  B =      0.09853  C =      0.06509 [cm^-1]
  Rotational constants: A =   5538.31600  B =   2953.96432  C =   1951.47232 [MHz]
  Nuclear repulsion =  224.838768600234147

  Charge       = 0
  Multiplicity = 1
  Electrons    = 46
  Nalpha       = 23
  Nbeta        = 23

  ==> Algorithm <==

  SCF Algorithm Type is DF.
  DIIS enabled.
  MOM disabled.
  Fractional occupation disabled.
  Guess Type is SAD.
  Energy threshold   = 1.00e-07
  Density threshold  = 1.00e-07
  Integral threshold = 1.00e-12

  ==> Primary Basis <==

  Basis Set: 6-31G*
    Blend: 6-31G*
    Number of shells: 48
    Number of basis functions: 102
    Number of Cartesian functions: 102
    Spherical Harmonics?: false
    Max angular momentum: 2

  ==> DFT Potential <==

   => LibXC <=

    Version 7.0.0
    S. Lehtola, C. Steigemann, M. J.T. Oliveira, and M. A.L. Marques.,  SoftwareX 7, 1–5 (2018) (10.1016/j.softx.2017.11.002)

   => Composite Functional: WB97X-D <= 

    wB97X-D Hyb-GGA Exchange-Correlation Functional

    J.-D. Chai and M. Head-Gordon.,  Phys. Chem. Chem. Phys. 10, 6615-6620 (2008) (10.1039/B810189B)

    Deriv               =              1
    GGA                 =           TRUE
    Meta                =          FALSE

    Exchange Hybrid     =           TRUE
    MP2 Hybrid          =          FALSE

   => Exchange-Correlation Functionals <=

    1.0000   wB97X-D range-separated functional

   => Exact (HF) Exchange <=

    0.7780            HF,LR [omega = 0.2000]
    0.2220               HF 

   => LibXC Density Thresholds  <==

    XC_HYB_GGA_XC_WB97X_D:  1.00E-14 

   => Molecular Quadrature <=

    Radial Scheme          =       TREUTLER
    Pruning Scheme         =           NONE
    Nuclear Scheme         =       TREUTLER

    Blocking Scheme        =         OCTREE
    BS radius alpha        =              1
    Pruning alpha          =              1
    Radial Points          =             75
    Spherical Points       =            302
    Total Points           =         254381
    Total Blocks           =           1938
    Max Points             =            256
    Max Functions          =            100
    Weights Tolerance      =       1.00E-15

   => Loading Basis Set <=

    Name: (6-31G* AUX)
    Role: JKFIT
    Keyword: DF_BASIS_SCF
    atoms 1, 4-6 entry C          line   121 file /Users/jmsmith1/anaconda3/envs/jupyterenv/share/psi4/basis/cc-pvdz-jkfit.gbs 
    atoms 2-3    entry O          line   221 file /Users/jmsmith1/anaconda3/envs/jupyterenv/share/psi4/basis/cc-pvdz-jkfit.gbs 
    atoms 7-12   entry H          line    51 file /Users/jmsmith1/anaconda3/envs/jupyterenv/share/psi4/basis/cc-pvdz-jkfit.gbs 

  ==> Integral Setup <==

  DFHelper Memory: AOs need 0.151 GiB; user supplied 3.598 GiB. 
  SCF_SUBTYPE=INCORE selected. In-core MEM_DF algorithm will be used.
  Using in-core AOs.

  ==> MemDFJK: Density-Fitted J/K Matrices <==

    J tasked:                   Yes
    K tasked:                   Yes
    wK tasked:                  Yes
    Omega:                2.000E-01
    OpenMP threads:               4
    Memory [MiB]:              3684
    Algorithm:                 Core
    Schwarz Cutoff:           1E-12
    Mask sparsity (%):       1.5379
    Fitting Condition:        1E-10

   => Auxiliary Basis Set <=

  Basis Set: (6-31G* AUX)
    Blend: CC-PVDZ-JKFIT
    Number of shells: 198
    Number of basis functions: 636
    Number of Cartesian functions: 636
    Spherical Harmonics?: false
    Max angular momentum: 3

  Cached 100.0% of DFT collocation blocks in 0.593 [GiB].

  Minimum eigenvalue in the overlap matrix is 2.8506230861E-03.
  Reciprocal condition number of the overlap matrix is 4.1126947224E-04.
    Using symmetric orthogonalization.

  ==> Pre-Iterations <==

  SCF Guess: Superposition of Atomic Densities via on-the-fly atomic UHF (no occupation information).

   -------------------------
    Irrep   Nso     Nmo    
   -------------------------
     A        102     102 
   -------------------------
    Total     102     102
   -------------------------

  ==> Iterations <==

                           Total Energy        Delta E     RMS |[F,P]|

   @DF-RKS iter SAD:  -300.22474633680582   -3.00225e+02   0.00000e+00 
   @DF-RKS iter   1:  -296.52831351496491    3.69643e+00   3.46711e-02 ADIIS/DIIS
   @DF-RKS iter   2:  -273.79131721958095    2.27370e+01   6.54223e-02 ADIIS/DIIS
   @DF-RKS iter   3:  -304.74456716921088   -3.09532e+01   1.70338e-02 ADIIS/DIIS
   @DF-RKS iter   4:  -303.61215566962176    1.13241e+00   2.14494e-02 ADIIS/DIIS
   @DF-RKS iter   5:  -306.10595523819063   -2.49380e+00   3.96597e-03 ADIIS/DIIS
   @DF-RKS iter   6:  -306.17572541168920   -6.97702e-02   2.33155e-03 ADIIS/DIIS
   @DF-RKS iter   7:  -306.20222289808663   -2.64975e-02   3.84086e-04 ADIIS/DIIS
   @DF-RKS iter   8:  -306.20284239940628   -6.19501e-04   2.80930e-04 ADIIS/DIIS
   @DF-RKS iter   9:  -306.20324620993574   -4.03811e-04   7.78094e-05 DIIS
   @DF-RKS iter  10:  -306.20328118535474   -3.49754e-05   2.82138e-05 DIIS
   @DF-RKS iter  11:  -306.20328518086927   -3.99551e-06   1.88311e-05 DIIS
   @DF-RKS iter  12:  -306.20328741186654   -2.23100e-06   6.45339e-06 DIIS
   @DF-RKS iter  13:  -306.20328776506841   -3.53202e-07   9.97525e-07 DIIS
   @DF-RKS iter  14:  -306.20328779013442   -2.50660e-08   5.91302e-07 DIIS
   @DF-RKS iter  15:  -306.20328780051699   -1.03826e-08   3.44105e-07 DIIS
   @DF-RKS iter  16:  -306.20328780929685   -8.77986e-09   9.59240e-08 DIIS
  Energy and wave function converged.


  ==> Post-Iterations <==

   Electrons on quadrature grid:
      Ntotal   =   45.9999841134 ; deviation = -1.589e-05 

    Orbital Energies [Eh]
    ---------------------

    Doubly Occupied:                                                      

       1A    -19.413230     2A    -19.245653     3A    -10.408804  
       4A    -10.338308     5A    -10.337693     6A    -10.331998  
       7A     -1.286284     8A     -0.995769     9A     -0.908460  
      10A     -0.840837    11A     -0.751266    12A     -0.640919  
      13A     -0.617007    14A     -0.591483    15A     -0.581323  
      16A     -0.534910    17A     -0.506000    18A     -0.500220  
      19A     -0.495073    20A     -0.452250    21A     -0.396617  
      22A     -0.304277    23A     -0.291437  

    Virtual:                                                              

      24A     -0.023013    25A      0.117907    26A      0.157396  
      27A      0.174500    28A      0.208472    29A      0.227191  
      30A      0.229907    31A      0.238519    32A      0.263449  
      33A      0.314838    34A      0.353915    35A      0.410675  
      36A      0.438512    37A      0.559921    38A      0.587208  
      39A      0.610435    40A      0.653258    41A      0.671698  
      42A      0.680140    43A      0.702144    44A      0.731546  
      45A      0.751365    46A      0.783489    47A      0.810401  
      48A      0.892196    49A      0.906086    50A      0.908357  
      51A      0.924435    52A      0.950586    53A      0.978510  
      54A      0.993087    55A      1.025742    56A      1.030486  
      57A      1.055006    58A      1.126239    59A      1.143982  
      60A      1.183389    61A      1.212964    62A      1.265249  
      63A      1.372758    64A      1.395181    65A      1.419854  
      66A      1.433631    67A      1.534555    68A      1.584986  
      69A      1.636774    70A      1.700232    71A      1.746557  
      72A      1.815886    73A      1.868165    74A      1.924595  
      75A      1.941681    76A      1.950648    77A      2.009737  
      78A      2.015015    79A      2.074204    80A      2.127001  
      81A      2.157211    82A      2.207034    83A      2.287949  
      84A      2.320556    85A      2.346291    86A      2.430040  
      87A      2.458133    88A      2.550735    89A      2.566175  
      90A      2.595520    91A      2.708168    92A      2.770979  
      93A      2.943688    94A      2.951158    95A      3.175434  
      96A      3.271127    97A      3.625662    98A      4.111762  
      99A      4.174269   100A      4.265582   101A      4.350180  
     102A      4.619787  

    Final Occupation by Irrep:
              A 
    DOCC [    23 ]
    NA   [    23 ]
    NB   [    23 ]

  @DF-RKS Final Energy:  -306.20328780929685

   => Energetics <=

    Nuclear Repulsion Energy =            224.8387686002341468
    One-Electron Energy =                -861.3478122350479680
    Two-Electron Energy =                 358.5627603237044241
    DFT Exchange-Correlation Energy =     -28.2526043251577796
    Empirical Dispersion Energy =          -0.0044001730296704
    VV10 Nonlocal Energy =                  0.0000000000000000
    Total Energy =                       -306.2032878092968531

Computation Completed


Properties will be evaluated at   0.000000,   0.000000,   0.000000 [a0]

Properties computed using the SCF density matrix


 Multipole Moments:

 ------------------------------------------------------------------------------------
     Multipole            Electronic (a.u.)      Nuclear  (a.u.)        Total (a.u.)
 ------------------------------------------------------------------------------------

 L = 1.  Multiply by 2.5417464519 to convert [e a0] to [Debye]
 Dipole X            :         -1.6812926           -0.2224695           -1.9037621
 Dipole Y            :          0.7236538            0.0269804            0.7506342
 Dipole Z            :          0.0906703           -0.0798827            0.0107876
 Magnitude           :                                                    2.0464307

 ------------------------------------------------------------------------------------

*** tstop() called on cst14372 at Tue Apr 21 11:01:59 2026
Module time:
	user time   =      27.00 seconds =       0.45 minutes
	system time =       0.36 seconds =       0.01 minutes
	total time  =         13 seconds =       0.22 minutes
Total time:
	user time   =     147.69 seconds =       2.46 minutes
	system time =       2.12 seconds =       0.04 minutes
	total time  =         72 seconds =       1.20 minutes

Scratch directory: /tmp/
gradient() will perform analytic gradient computation.

*** tstart() called on cst14372
*** at Tue Apr 21 11:01:59 2026


         ------------------------------------------------------------
                                   SCF GRAD                          
                          Rob Parrish, Justin Turney,                
                       Andy Simmonett, and Alex Sokolov              
         ------------------------------------------------------------

  ==> Geometry <==

    Molecular point group: c1
    Full point group: C1

    Geometry (in Angstrom), charge = 0, multiplicity = 1:

       Center              X                  Y                   Z               Mass       
    ------------   -----------------  -----------------  -----------------  -----------------
         C            0.065934999100     0.350810626900     0.013400094300    12.000000000000
         O            1.350444137700     0.305868615400     0.002439631000    15.994914619570
         O            1.988229870100    -0.865926396700    -0.000202392500    15.994914619570
         C           -0.711443652500    -0.873680418200    -0.000907979400    12.000000000000
         C           -2.053200909000    -0.899829047500    -0.017244829300    12.000000000000
         C           -0.521922503300     1.717637894400     0.008922352000    12.000000000000
         H           -0.169108097100    -1.837982493900     0.070011857600     1.007825032230
         H           -2.658400742100     0.037253338900    -0.058355296000     1.007825032230
         H           -2.631082743400    -1.806201518000    -0.046040124100     1.007825032230
         H            0.308190619300     2.438939844200    -0.008010182000     1.007825032230
         H           -1.167030430200     1.969532296900     0.888331683100     1.007825032230
         H           -1.185894085300     1.923563861800    -0.931125777200     1.007825032230

  Nuclear repulsion =  224.838768600234147

  ==> Basis Set <==

  Basis Set: 6-31G*
    Blend: 6-31G*
    Number of shells: 48
    Number of basis functions: 102
    Number of Cartesian functions: 102
    Spherical Harmonics?: false
    Max angular momentum: 2

  ==> DFJKGrad: Density-Fitted SCF Gradients <==

    Gradient:                    1
    J tasked:                  Yes
    K tasked:                  Yes
    wK tasked:                 Yes
    Omega:               2.000E-01
    OpenMP threads:              4
    Integrals threads:           4
    Memory [MiB]:             4291
    Schwarz Cutoff:          1E-12
    Fitting Condition:       1E-10

   => Auxiliary Basis Set <=

  Basis Set: (6-31G* AUX)
    Blend: CC-PVDZ-JKFIT
    Number of shells: 198
    Number of basis functions: 636
    Number of Cartesian functions: 636
    Spherical Harmonics?: false
    Max angular momentum: 3

  ==> DFT Potential <==

   => LibXC <=

    Version 7.0.0
    S. Lehtola, C. Steigemann, M. J.T. Oliveira, and M. A.L. Marques.,  SoftwareX 7, 1–5 (2018) (10.1016/j.softx.2017.11.002)

   => Composite Functional: WB97X-D <= 

    wB97X-D Hyb-GGA Exchange-Correlation Functional

    J.-D. Chai and M. Head-Gordon.,  Phys. Chem. Chem. Phys. 10, 6615-6620 (2008) (10.1039/B810189B)

    Deriv               =              1
    GGA                 =           TRUE
    Meta                =          FALSE

    Exchange Hybrid     =           TRUE
    MP2 Hybrid          =          FALSE

   => Exchange-Correlation Functionals <=

    1.0000   wB97X-D range-separated functional

   => Exact (HF) Exchange <=

    0.7780            HF,LR [omega = 0.2000]
    0.2220               HF 

   => LibXC Density Thresholds  <==

    XC_HYB_GGA_XC_WB97X_D:  1.00E-14 

   => Molecular Quadrature <=

    Radial Scheme          =       TREUTLER
    Pruning Scheme         =           NONE
    Nuclear Scheme         =       TREUTLER

    Blocking Scheme        =         OCTREE
    BS radius alpha        =              1
    Pruning alpha          =              1
    Radial Points          =             75
    Spherical Points       =            302
    Total Points           =         254381
    Total Blocks           =           1938
    Max Points             =            256
    Max Functions          =            100
    Weights Tolerance      =       1.00E-15


  -Total Gradient:
     Atom            X                  Y                   Z
    ------   -----------------  -----------------  -----------------
       1       -0.000518517193     0.010399742300     0.000930702118
       2        0.012521349957    -0.007231939727    -0.001555794300
       3       -0.000703828974     0.003280774189     0.000405924941
       4        0.001120740357     0.021202574155    -0.007630280828
       5        0.005450708257    -0.030403690015     0.005023107626
       6        0.019114590187    -0.024154698215     0.020747017976
       7        0.001417708205    -0.017948629686     0.004002096117
       8       -0.009823055101     0.014228558780    -0.000979525992
       9       -0.000316267481     0.008043771190    -0.002042252176
      10        0.004562710791     0.001433784367     0.000702930996
      11       -0.009709055553     0.010342395489     0.009397868144
      12       -0.023169283646     0.010558475455    -0.029289262447


*** tstop() called on cst14372 at Tue Apr 21 11:02:01 2026
Module time:
	user time   =       3.77 seconds =       0.06 minutes
	system time =       0.07 seconds =       0.00 minutes
	total time  =          2 seconds =       0.03 minutes
Total time:
	user time   =     151.47 seconds =       2.52 minutes
	system time =       2.19 seconds =       0.04 minutes
	total time  =         74 seconds =       1.23 minutes

Scratch directory: /tmp/
   => Libint2 <=

    Primary   basis highest AM E, G, H:  6, 6, 3
    Auxiliary basis highest AM E, G, H:  7, 7, 4
    Onebody   basis highest AM E, G, H:  -, -, -
    Solid Harmonics ordering:            Gaussian

*** tstart() called on cst14372
*** at Tue Apr 21 11:02:01 2026

   => Loading Basis Set <=

    Name: 6-31G*
    Role: ORBITAL
    Keyword: BASIS
    atoms 1, 4-6 entry C          line   111 file /Users/jmsmith1/anaconda3/envs/jupyterenv/share/psi4/basis/6-31gs.gbs 
    atoms 2-3    entry O          line   145 file /Users/jmsmith1/anaconda3/envs/jupyterenv/share/psi4/basis/6-31gs.gbs 
    atoms 7-12   entry H          line    44 file /Users/jmsmith1/anaconda3/envs/jupyterenv/share/psi4/basis/6-31gs.gbs 

   => WB97X-D: Empirical Dispersion <=

    Chai and Head-Gordon Dispersion Correction
    Chai, J.-D.; Head-Gordon, M. (2010), J. Chem. Phys., 132: 6615-6620

        s6 =       1.000000


         ---------------------------------------------------------
                                   SCF
               by Justin Turney, Rob Parrish, Andy Simmonett
                          and Daniel G. A. Smith
                              RKS Reference
                        4 Threads,   5722 MiB Core
         ---------------------------------------------------------

  ==> Geometry <==

    Molecular point group: c1
    Full point group: C1

    Geometry (in Angstrom), charge = 0, multiplicity = 1:

       Center              X                  Y                   Z               Mass       
    ------------   -----------------  -----------------  -----------------  -----------------
         C            0.065992590200     0.351490960900     0.016752246400    12.000000000000
         O            1.353089316500     0.306456620400     0.003057196300    15.994914619570
         O            1.991105818800    -0.862591102100    -0.000254765400    15.994914619570
         C           -0.711247667000    -0.874128468600    -0.001094604400    12.000000000000
         C           -2.054013074600    -0.904583607500    -0.021592268100    12.000000000000
         C           -0.525442883600     1.715744158400     0.011037408600    12.000000000000
         H           -0.180930010000    -1.850978209100     0.087299081300     1.007825032230
         H           -2.661590822000     0.037931516700    -0.072918026900     1.007825032230
         H           -2.638692161800    -1.804477320400    -0.057441620300     1.007825032230
         H            0.310438835700     2.433311448300    -0.010063897400     1.007825032230
         H           -1.174454632300     1.990532334100     0.888624665100     1.007825032230
         H           -1.197103455400     1.933012742700    -0.940762174300     1.007825032230

  Running in c1 symmetry.

  Rotational constants: A =      0.18450  B =      0.09824  C =      0.06495 [cm^-1]
  Rotational constants: A =   5531.23282  B =   2945.15303  C =   1947.13203 [MHz]
  Nuclear repulsion =  224.557590235194141

  Charge       = 0
  Multiplicity = 1
  Electrons    = 46
  Nalpha       = 23
  Nbeta        = 23

  ==> Algorithm <==

  SCF Algorithm Type is DF.
  DIIS enabled.
  MOM disabled.
  Fractional occupation disabled.
  Guess Type is SAD.
  Energy threshold   = 1.00e-07
  Density threshold  = 1.00e-07
  Integral threshold = 1.00e-12

  ==> Primary Basis <==

  Basis Set: 6-31G*
    Blend: 6-31G*
    Number of shells: 48
    Number of basis functions: 102
    Number of Cartesian functions: 102
    Spherical Harmonics?: false
    Max angular momentum: 2

  ==> DFT Potential <==

   => LibXC <=

    Version 7.0.0
    S. Lehtola, C. Steigemann, M. J.T. Oliveira, and M. A.L. Marques.,  SoftwareX 7, 1–5 (2018) (10.1016/j.softx.2017.11.002)

   => Composite Functional: WB97X-D <= 

    wB97X-D Hyb-GGA Exchange-Correlation Functional

    J.-D. Chai and M. Head-Gordon.,  Phys. Chem. Chem. Phys. 10, 6615-6620 (2008) (10.1039/B810189B)

    Deriv               =              1
    GGA                 =           TRUE
    Meta                =          FALSE

    Exchange Hybrid     =           TRUE
    MP2 Hybrid          =          FALSE

   => Exchange-Correlation Functionals <=

    1.0000   wB97X-D range-separated functional

   => Exact (HF) Exchange <=

    0.7780            HF,LR [omega = 0.2000]
    0.2220               HF 

   => LibXC Density Thresholds  <==

    XC_HYB_GGA_XC_WB97X_D:  1.00E-14 

   => Molecular Quadrature <=

    Radial Scheme          =       TREUTLER
    Pruning Scheme         =           NONE
    Nuclear Scheme         =       TREUTLER

    Blocking Scheme        =         OCTREE
    BS radius alpha        =              1
    Pruning alpha          =              1
    Radial Points          =             75
    Spherical Points       =            302
    Total Points           =         254430
    Total Blocks           =           1938
    Max Points             =            256
    Max Functions          =            100
    Weights Tolerance      =       1.00E-15

   => Loading Basis Set <=

    Name: (6-31G* AUX)
    Role: JKFIT
    Keyword: DF_BASIS_SCF
    atoms 1, 4-6 entry C          line   121 file /Users/jmsmith1/anaconda3/envs/jupyterenv/share/psi4/basis/cc-pvdz-jkfit.gbs 
    atoms 2-3    entry O          line   221 file /Users/jmsmith1/anaconda3/envs/jupyterenv/share/psi4/basis/cc-pvdz-jkfit.gbs 
    atoms 7-12   entry H          line    51 file /Users/jmsmith1/anaconda3/envs/jupyterenv/share/psi4/basis/cc-pvdz-jkfit.gbs 

  ==> Integral Setup <==

  DFHelper Memory: AOs need 0.151 GiB; user supplied 3.599 GiB. 
  SCF_SUBTYPE=INCORE selected. In-core MEM_DF algorithm will be used.
  Using in-core AOs.

  ==> MemDFJK: Density-Fitted J/K Matrices <==

    J tasked:                   Yes
    K tasked:                   Yes
    wK tasked:                  Yes
    Omega:                2.000E-01
    OpenMP threads:               4
    Memory [MiB]:              3684
    Algorithm:                 Core
    Schwarz Cutoff:           1E-12
    Mask sparsity (%):       1.5571
    Fitting Condition:        1E-10

   => Auxiliary Basis Set <=

  Basis Set: (6-31G* AUX)
    Blend: CC-PVDZ-JKFIT
    Number of shells: 198
    Number of basis functions: 636
    Number of Cartesian functions: 636
    Spherical Harmonics?: false
    Max angular momentum: 3

  Cached 100.0% of DFT collocation blocks in 0.592 [GiB].

  Minimum eigenvalue in the overlap matrix is 2.8887074259E-03.
  Reciprocal condition number of the overlap matrix is 4.1772436365E-04.
    Using symmetric orthogonalization.

  ==> Pre-Iterations <==

  SCF Guess: Superposition of Atomic Densities via on-the-fly atomic UHF (no occupation information).

   -------------------------
    Irrep   Nso     Nmo    
   -------------------------
     A        102     102 
   -------------------------
    Total     102     102
   -------------------------

  ==> Iterations <==

                           Total Energy        Delta E     RMS |[F,P]|

   @DF-RKS iter SAD:  -300.19525129265594   -3.00195e+02   0.00000e+00 
   @DF-RKS iter   1:  -296.48477267190304    3.71048e+00   3.46778e-02 ADIIS/DIIS
   @DF-RKS iter   2:  -273.84635614317000    2.26384e+01   6.53944e-02 ADIIS/DIIS
   @DF-RKS iter   3:  -304.78132271014147   -3.09350e+01   1.67571e-02 ADIIS/DIIS
   @DF-RKS iter   4:  -303.90972346867648    8.71599e-01   2.03322e-02 ADIIS/DIIS
   @DF-RKS iter   5:  -306.10525984611030   -2.19554e+00   3.96875e-03 ADIIS/DIIS
   @DF-RKS iter   6:  -306.17449059698237   -6.92308e-02   2.24532e-03 ADIIS/DIIS
   @DF-RKS iter   7:  -306.19925607965797   -2.47655e-02   3.43045e-04 ADIIS/DIIS
   @DF-RKS iter   8:  -306.19982497645282   -5.68897e-04   2.44363e-04 ADIIS/DIIS
   @DF-RKS iter   9:  -306.20013144222867   -3.06466e-04   7.75247e-05 DIIS
   @DF-RKS iter  10:  -306.20016346007742   -3.20178e-05   2.38103e-05 DIIS
   @DF-RKS iter  11:  -306.20016631647428   -2.85640e-06   1.50511e-05 DIIS
   @DF-RKS iter  12:  -306.20016765381888   -1.33734e-06   6.09988e-06 DIIS
   @DF-RKS iter  13:  -306.20016793335742   -2.79539e-07   7.99696e-07 DIIS
   @DF-RKS iter  14:  -306.20016794651343   -1.31560e-08   4.14714e-07 DIIS
   @DF-RKS iter  15:  -306.20016795048656   -3.97313e-09   2.27695e-07 DIIS
   @DF-RKS iter  16:  -306.20016795414796   -3.66140e-09   7.78787e-08 DIIS
  Energy and wave function converged.


  ==> Post-Iterations <==

   Electrons on quadrature grid:
      Ntotal   =   45.9999767709 ; deviation = -2.323e-05 

    Orbital Energies [Eh]
    ---------------------

    Doubly Occupied:                                                      

       1A    -19.414104     2A    -19.246722     3A    -10.409462  
       4A    -10.340481     5A    -10.337937     6A    -10.332884  
       7A     -1.287073     8A     -0.996161     9A     -0.907692  
      10A     -0.839655    11A     -0.750583    12A     -0.640956  
      13A     -0.616533    14A     -0.591594    15A     -0.580899  
      16A     -0.535304    17A     -0.503991    18A     -0.497907  
      19A     -0.494269    20A     -0.452222    21A     -0.396201  
      22A     -0.304855    23A     -0.291681  

    Virtual:                                                              

      24A     -0.023674    25A      0.116103    26A      0.155492  
      27A      0.173328    28A      0.206924    29A      0.225476  
      30A      0.229222    31A      0.238634    32A      0.262359  
      33A      0.314144    34A      0.353020    35A      0.412132  
      36A      0.439611    37A      0.559207    38A      0.586875  
      39A      0.610877    40A      0.654872    41A      0.669486  
      42A      0.680950    43A      0.703175    44A      0.730801  
      45A      0.750513    46A      0.785619    47A      0.809517  
      48A      0.886142    49A      0.902547    50A      0.907415  
      51A      0.922741    52A      0.949475    53A      0.975093  
      54A      0.989146    55A      1.024861    56A      1.029784  
      57A      1.052367    58A      1.124969    59A      1.142359  
      60A      1.182413    61A      1.210779    62A      1.262779  
      63A      1.370249    64A      1.395628    65A      1.418931  
      66A      1.434527    67A      1.531085    68A      1.589088  
      69A      1.637765    70A      1.698037    71A      1.748011  
      72A      1.812922    73A      1.865447    74A      1.921086  
      75A      1.938983    76A      1.947614    77A      2.002837  
      78A      2.011233    79A      2.073250    80A      2.121846  
      81A      2.153959    82A      2.205986    83A      2.287806  
      84A      2.317449    85A      2.346219    86A      2.427525  
      87A      2.457597    88A      2.549364    89A      2.566990  
      90A      2.593559    91A      2.707771    92A      2.771310  
      93A      2.941500    94A      2.949159    95A      3.172764  
      96A      3.269375    97A      3.623771    98A      4.109862  
      99A      4.172573   100A      4.262939   101A      4.348464  
     102A      4.619030  

    Final Occupation by Irrep:
              A 
    DOCC [    23 ]
    NA   [    23 ]
    NB   [    23 ]

  @DF-RKS Final Energy:  -306.20016795414796

   => Energetics <=

    Nuclear Repulsion Energy =            224.5575902351941409
    One-Electron Energy =                -860.7877794729334937
    Two-Electron Energy =                 358.2761766178180096
    DFT Exchange-Correlation Energy =     -28.2417572926051115
    Empirical Dispersion Energy =          -0.0043980416215812
    VV10 Nonlocal Energy =                  0.0000000000000000
    Total Energy =                       -306.2001679541479575

Computation Completed


Properties will be evaluated at   0.000000,   0.000000,   0.000000 [a0]

Properties computed using the SCF density matrix


 Multipole Moments:

 ------------------------------------------------------------------------------------
     Multipole            Electronic (a.u.)      Nuclear  (a.u.)        Total (a.u.)
 ------------------------------------------------------------------------------------

 L = 1.  Multiply by 2.5417464519 to convert [e a0] to [Debye]
 Dipole X            :         -1.6360435           -0.2589631           -1.8950066
 Dipole Y            :          0.7035707            0.0404305            0.7440012
 Dipole Z            :          0.1123269           -0.0986925            0.0136344
 Magnitude           :                                                    2.0358717

 ------------------------------------------------------------------------------------

*** tstop() called on cst14372 at Tue Apr 21 11:02:13 2026
Module time:
	user time   =      26.90 seconds =       0.45 minutes
	system time =       0.32 seconds =       0.01 minutes
	total time  =         12 seconds =       0.20 minutes
Total time:
	user time   =     178.39 seconds =       2.97 minutes
	system time =       2.51 seconds =       0.04 minutes
	total time  =         86 seconds =       1.43 minutes

Scratch directory: /tmp/
gradient() will perform analytic gradient computation.

*** tstart() called on cst14372
*** at Tue Apr 21 11:02:13 2026


         ------------------------------------------------------------
                                   SCF GRAD                          
                          Rob Parrish, Justin Turney,                
                       Andy Simmonett, and Alex Sokolov              
         ------------------------------------------------------------

  ==> Geometry <==

    Molecular point group: c1
    Full point group: C1

    Geometry (in Angstrom), charge = 0, multiplicity = 1:

       Center              X                  Y                   Z               Mass       
    ------------   -----------------  -----------------  -----------------  -----------------
         C            0.065992590200     0.351490960900     0.016752246400    12.000000000000
         O            1.353089316500     0.306456620400     0.003057196300    15.994914619570
         O            1.991105818800    -0.862591102100    -0.000254765400    15.994914619570
         C           -0.711247667000    -0.874128468600    -0.001094604400    12.000000000000
         C           -2.054013074600    -0.904583607500    -0.021592268100    12.000000000000
         C           -0.525442883600     1.715744158400     0.011037408600    12.000000000000
         H           -0.180930010000    -1.850978209100     0.087299081300     1.007825032230
         H           -2.661590822000     0.037931516700    -0.072918026900     1.007825032230
         H           -2.638692161800    -1.804477320400    -0.057441620300     1.007825032230
         H            0.310438835700     2.433311448300    -0.010063897400     1.007825032230
         H           -1.174454632300     1.990532334100     0.888624665100     1.007825032230
         H           -1.197103455400     1.933012742700    -0.940762174300     1.007825032230

  Nuclear repulsion =  224.557590235194141

  ==> Basis Set <==

  Basis Set: 6-31G*
    Blend: 6-31G*
    Number of shells: 48
    Number of basis functions: 102
    Number of Cartesian functions: 102
    Spherical Harmonics?: false
    Max angular momentum: 2

  ==> DFJKGrad: Density-Fitted SCF Gradients <==

    Gradient:                    1
    J tasked:                  Yes
    K tasked:                  Yes
    wK tasked:                 Yes
    Omega:               2.000E-01
    OpenMP threads:              4
    Integrals threads:           4
    Memory [MiB]:             4291
    Schwarz Cutoff:          1E-12
    Fitting Condition:       1E-10

   => Auxiliary Basis Set <=

  Basis Set: (6-31G* AUX)
    Blend: CC-PVDZ-JKFIT
    Number of shells: 198
    Number of basis functions: 636
    Number of Cartesian functions: 636
    Spherical Harmonics?: false
    Max angular momentum: 3

  ==> DFT Potential <==

   => LibXC <=

    Version 7.0.0
    S. Lehtola, C. Steigemann, M. J.T. Oliveira, and M. A.L. Marques.,  SoftwareX 7, 1–5 (2018) (10.1016/j.softx.2017.11.002)

   => Composite Functional: WB97X-D <= 

    wB97X-D Hyb-GGA Exchange-Correlation Functional

    J.-D. Chai and M. Head-Gordon.,  Phys. Chem. Chem. Phys. 10, 6615-6620 (2008) (10.1039/B810189B)

    Deriv               =              1
    GGA                 =           TRUE
    Meta                =          FALSE

    Exchange Hybrid     =           TRUE
    MP2 Hybrid          =          FALSE

   => Exchange-Correlation Functionals <=

    1.0000   wB97X-D range-separated functional

   => Exact (HF) Exchange <=

    0.7780            HF,LR [omega = 0.2000]
    0.2220               HF 

   => LibXC Density Thresholds  <==

    XC_HYB_GGA_XC_WB97X_D:  1.00E-14 

   => Molecular Quadrature <=

    Radial Scheme          =       TREUTLER
    Pruning Scheme         =           NONE
    Nuclear Scheme         =       TREUTLER

    Blocking Scheme        =         OCTREE
    BS radius alpha        =              1
    Pruning alpha          =              1
    Radial Points          =             75
    Spherical Points       =            302
    Total Points           =         254430
    Total Blocks           =           1938
    Max Points             =            256
    Max Functions          =            100
    Weights Tolerance      =       1.00E-15


  -Total Gradient:
     Atom            X                  Y                   Z
    ------   -----------------  -----------------  -----------------
       1       -0.000591596028     0.012770755993     0.001145602932
       2        0.015471185624    -0.008969252989    -0.001943198667
       3       -0.000871590303     0.004101727949     0.000510948120
       4        0.001788490480     0.026143623706    -0.009669284773
       5        0.006342978221    -0.036493761994     0.006370458015
       6        0.021883260349    -0.029628447222     0.023575944651
       7        0.001448418533    -0.022012564735     0.005151283318
       8       -0.011690666642     0.016865689341    -0.001357969883
       9       -0.000592284116     0.009579678120    -0.002516293078
      10        0.005647587656     0.001660409123     0.000829727783
      11       -0.011912564173     0.013060717907     0.011392185427
      12       -0.026933313082     0.012779617490    -0.033902503787


*** tstop() called on cst14372 at Tue Apr 21 11:02:15 2026
Module time:
	user time   =       3.75 seconds =       0.06 minutes
	system time =       0.06 seconds =       0.00 minutes
	total time  =          2 seconds =       0.03 minutes
Total time:
	user time   =     182.16 seconds =       3.04 minutes
	system time =       2.57 seconds =       0.04 minutes
	total time  =         88 seconds =       1.47 minutes

Scratch directory: /tmp/
   => Libint2 <=

    Primary   basis highest AM E, G, H:  6, 6, 3
    Auxiliary basis highest AM E, G, H:  7, 7, 4
    Onebody   basis highest AM E, G, H:  -, -, -
    Solid Harmonics ordering:            Gaussian

*** tstart() called on cst14372
*** at Tue Apr 21 11:02:15 2026

   => Loading Basis Set <=

    Name: 6-31G*
    Role: ORBITAL
    Keyword: BASIS
    atoms 1, 4-6 entry C          line   111 file /Users/jmsmith1/anaconda3/envs/jupyterenv/share/psi4/basis/6-31gs.gbs 
    atoms 2-3    entry O          line   145 file /Users/jmsmith1/anaconda3/envs/jupyterenv/share/psi4/basis/6-31gs.gbs 
    atoms 7-12   entry H          line    44 file /Users/jmsmith1/anaconda3/envs/jupyterenv/share/psi4/basis/6-31gs.gbs 

   => WB97X-D: Empirical Dispersion <=

    Chai and Head-Gordon Dispersion Correction
    Chai, J.-D.; Head-Gordon, M. (2010), J. Chem. Phys., 132: 6615-6620

        s6 =       1.000000


         ---------------------------------------------------------
                                   SCF
               by Justin Turney, Rob Parrish, Andy Simmonett
                          and Daniel G. A. Smith
                              RKS Reference
                        4 Threads,   5722 MiB Core
         ---------------------------------------------------------

  ==> Geometry <==

    Molecular point group: c1
    Full point group: C1

    Geometry (in Angstrom), charge = 0, multiplicity = 1:

       Center              X                  Y                   Z               Mass       
    ------------   -----------------  -----------------  -----------------  -----------------
         C            0.066051954200     0.352135068100     0.020104649900    12.000000000000
         O            1.355703703400     0.307064733600     0.003679639500    15.994914619570
         O            1.993986720200    -0.859261169000    -0.000308303900    15.994914619570
         C           -0.711056647800    -0.874652639000    -0.001253451200    12.000000000000
         C           -2.054844456900    -0.909237635100    -0.025962763800    12.000000000000
         C           -0.529030325400     1.713934134200     0.013086501100    12.000000000000
         H           -0.192814435400    -1.863228832200     0.104427096600     1.007825032230
         H           -2.664381241800     0.038028945500    -0.087449431400     1.007825032230
         H           -2.646289255200    -1.803081562700    -0.068768492200     1.007825032230
         H            0.312494734500     2.427619819900    -0.012148403800     1.007825032230
         H           -1.181476028300     2.011104422600     0.888525195700     1.007825032230
         H           -1.207396182900     1.942031078500    -0.949239981900     1.007825032230

  Running in c1 symmetry.

  Rotational constants: A =      0.18427  B =      0.09795  C =      0.06481 [cm^-1]
  Rotational constants: A =   5524.25369  B =   2936.45341  C =   1942.82947 [MHz]
  Nuclear repulsion =  224.287075820229063

  Charge       = 0
  Multiplicity = 1
  Electrons    = 46
  Nalpha       = 23
  Nbeta        = 23

  ==> Algorithm <==

  SCF Algorithm Type is DF.
  DIIS enabled.
  MOM disabled.
  Fractional occupation disabled.
  Guess Type is SAD.
  Energy threshold   = 1.00e-07
  Density threshold  = 1.00e-07
  Integral threshold = 1.00e-12

  ==> Primary Basis <==

  Basis Set: 6-31G*
    Blend: 6-31G*
    Number of shells: 48
    Number of basis functions: 102
    Number of Cartesian functions: 102
    Spherical Harmonics?: false
    Max angular momentum: 2

  ==> DFT Potential <==

   => LibXC <=

    Version 7.0.0
    S. Lehtola, C. Steigemann, M. J.T. Oliveira, and M. A.L. Marques.,  SoftwareX 7, 1–5 (2018) (10.1016/j.softx.2017.11.002)

   => Composite Functional: WB97X-D <= 

    wB97X-D Hyb-GGA Exchange-Correlation Functional

    J.-D. Chai and M. Head-Gordon.,  Phys. Chem. Chem. Phys. 10, 6615-6620 (2008) (10.1039/B810189B)

    Deriv               =              1
    GGA                 =           TRUE
    Meta                =          FALSE

    Exchange Hybrid     =           TRUE
    MP2 Hybrid          =          FALSE

   => Exchange-Correlation Functionals <=

    1.0000   wB97X-D range-separated functional

   => Exact (HF) Exchange <=

    0.7780            HF,LR [omega = 0.2000]
    0.2220               HF 

   => LibXC Density Thresholds  <==

    XC_HYB_GGA_XC_WB97X_D:  1.00E-14 

   => Molecular Quadrature <=

    Radial Scheme          =       TREUTLER
    Pruning Scheme         =           NONE
    Nuclear Scheme         =       TREUTLER

    Blocking Scheme        =         OCTREE
    BS radius alpha        =              1
    Pruning alpha          =              1
    Radial Points          =             75
    Spherical Points       =            302
    Total Points           =         254470
    Total Blocks           =           1927
    Max Points             =            256
    Max Functions          =            100
    Weights Tolerance      =       1.00E-15

   => Loading Basis Set <=

    Name: (6-31G* AUX)
    Role: JKFIT
    Keyword: DF_BASIS_SCF
    atoms 1, 4-6 entry C          line   121 file /Users/jmsmith1/anaconda3/envs/jupyterenv/share/psi4/basis/cc-pvdz-jkfit.gbs 
    atoms 2-3    entry O          line   221 file /Users/jmsmith1/anaconda3/envs/jupyterenv/share/psi4/basis/cc-pvdz-jkfit.gbs 
    atoms 7-12   entry H          line    51 file /Users/jmsmith1/anaconda3/envs/jupyterenv/share/psi4/basis/cc-pvdz-jkfit.gbs 

  ==> Integral Setup <==

  DFHelper Memory: AOs need 0.151 GiB; user supplied 3.599 GiB. 
  SCF_SUBTYPE=INCORE selected. In-core MEM_DF algorithm will be used.
  Using in-core AOs.

  ==> MemDFJK: Density-Fitted J/K Matrices <==

    J tasked:                   Yes
    K tasked:                   Yes
    wK tasked:                  Yes
    Omega:                2.000E-01
    OpenMP threads:               4
    Memory [MiB]:              3685
    Algorithm:                 Core
    Schwarz Cutoff:           1E-12
    Mask sparsity (%):       1.5571
    Fitting Condition:        1E-10

   => Auxiliary Basis Set <=

  Basis Set: (6-31G* AUX)
    Blend: CC-PVDZ-JKFIT
    Number of shells: 198
    Number of basis functions: 636
    Number of Cartesian functions: 636
    Spherical Harmonics?: false
    Max angular momentum: 3

  Cached 100.0% of DFT collocation blocks in 0.592 [GiB].

  Minimum eigenvalue in the overlap matrix is 2.9247912154E-03.
  Reciprocal condition number of the overlap matrix is 4.2386415383E-04.
    Using symmetric orthogonalization.

  ==> Pre-Iterations <==

  SCF Guess: Superposition of Atomic Densities via on-the-fly atomic UHF (no occupation information).

   -------------------------
    Irrep   Nso     Nmo    
   -------------------------
     A        102     102 
   -------------------------
    Total     102     102
   -------------------------

  ==> Iterations <==

                           Total Energy        Delta E     RMS |[F,P]|

   @DF-RKS iter SAD:  -300.16776631116676   -3.00168e+02   0.00000e+00 
   @DF-RKS iter   1:  -296.44439862177717    3.72337e+00   3.46818e-02 ADIIS/DIIS
   @DF-RKS iter   2:  -274.29582104648284    2.21486e+01   6.47173e-02 ADIIS/DIIS
   @DF-RKS iter   3:  -304.90090559419116   -3.06051e+01   1.60296e-02 ADIIS/DIIS
   @DF-RKS iter   4:  -304.60482339708750    2.96082e-01   1.71108e-02 ADIIS/DIIS
   @DF-RKS iter   5:  -306.09680604526358   -1.49198e+00   4.22794e-03 ADIIS/DIIS
   @DF-RKS iter   6:  -306.17892843493081   -8.21224e-02   1.84600e-03 ADIIS/DIIS
   @DF-RKS iter   7:  -306.19606759953552   -1.71392e-02   2.83945e-04 ADIIS/DIIS
   @DF-RKS iter   8:  -306.19656848621997   -5.00887e-04   1.93652e-04 ADIIS/DIIS
   @DF-RKS iter   9:  -306.19668967671277   -1.21190e-04   9.95389e-05 DIIS
   @DF-RKS iter  10:  -306.19673933100319   -4.96543e-05   2.68778e-05 DIIS
   @DF-RKS iter  11:  -306.19674279340569   -3.46240e-06   4.76754e-06 DIIS
   @DF-RKS iter  12:  -306.19674298585414   -1.92448e-07   1.70388e-06 DIIS
   @DF-RKS iter  13:  -306.19674301587310   -3.00190e-08   5.95157e-07 DIIS
   @DF-RKS iter  14:  -306.19674301950221   -3.62911e-09   2.29717e-07 DIIS
   @DF-RKS iter  15:  -306.19674302014420   -6.41990e-10   5.05246e-08 DIIS
  Energy and wave function converged.


  ==> Post-Iterations <==

   Electrons on quadrature grid:
      Ntotal   =   45.9999726858 ; deviation = -2.731e-05 

    Orbital Energies [Eh]
    ---------------------

    Doubly Occupied:                                                      

       1A    -19.414971     2A    -19.247788     3A    -10.410123  
       4A    -10.342466     5A    -10.338184     6A    -10.333761  
       7A     -1.287882     8A     -0.996543     9A     -0.906958  
      10A     -0.838615    11A     -0.749954    12A     -0.641057  
      13A     -0.616065    14A     -0.591727    15A     -0.580568  
      16A     -0.535619    17A     -0.502174    18A     -0.495785  
      19A     -0.493548    20A     -0.452000    21A     -0.395777  
      22A     -0.305436    23A     -0.291927  

    Virtual:                                                              

      24A     -0.024334    25A      0.114269    26A      0.153662  
      27A      0.172246    28A      0.205309    29A      0.223978  
      30A      0.228668    31A      0.238672    32A      0.261251  
      33A      0.313536    34A      0.352150    35A      0.413507  
      36A      0.440602    37A      0.558552    38A      0.586558  
      39A      0.611284    40A      0.656198    41A      0.667234  
      42A      0.681863    43A      0.704107    44A      0.730033  
      45A      0.749858    46A      0.787276    47A      0.809258  
      48A      0.880819    49A      0.899256    50A      0.906561  
      51A      0.921140    52A      0.948440    53A      0.971661  
      54A      0.985463    55A      1.024057    56A      1.029274  
      57A      1.050005    58A      1.123644    59A      1.140748  
      60A      1.181294    61A      1.208780    62A      1.259885  
      63A      1.367951    64A      1.395615    65A      1.418338  
      66A      1.435395    67A      1.527286    68A      1.593044  
      69A      1.639005    70A      1.695755    71A      1.749440  
      72A      1.809902    73A      1.862751    74A      1.917197  
      75A      1.936210    76A      1.944764    77A      1.995204  
      78A      2.007861    79A      2.072406    80A      2.117913  
      81A      2.150879    82A      2.205241    83A      2.287650  
      84A      2.314908    85A      2.345928    86A      2.425333  
      87A      2.457107    88A      2.547942    89A      2.567764  
      90A      2.591550    91A      2.707420    92A      2.771678  
      93A      2.939302    94A      2.947278    95A      3.169962  
      96A      3.267518    97A      3.621904    98A      4.108035  
      99A      4.170877   100A      4.260445   101A      4.346761  
     102A      4.618166  

    Final Occupation by Irrep:
              A 
    DOCC [    23 ]
    NA   [    23 ]
    NB   [    23 ]

  @DF-RKS Final Energy:  -306.19674302014420

   => Energetics <=

    Nuclear Repulsion Energy =            224.2870758202290631
    One-Electron Energy =                -860.2471859487785650
    Two-Electron Energy =                 357.9993416635547874
    DFT Exchange-Correlation Energy =     -28.2315795111159886
    Empirical Dispersion Energy =          -0.0043950440334624
    VV10 Nonlocal Energy =                  0.0000000000000000
    Total Energy =                       -306.1967430201441971

Computation Completed


Properties will be evaluated at   0.000000,   0.000000,   0.000000 [a0]

Properties computed using the SCF density matrix


 Multipole Moments:

 ------------------------------------------------------------------------------------
     Multipole            Electronic (a.u.)      Nuclear  (a.u.)        Total (a.u.)
 ------------------------------------------------------------------------------------

 L = 1.  Multiply by 2.5417464519 to convert [e a0] to [Debye]
 Dipole X            :         -1.5922415           -0.2940714           -1.8863129
 Dipole Y            :          0.6848832            0.0528669            0.7377501
 Dipole Z            :          0.1332247           -0.1168488            0.0163759
 Magnitude           :                                                    2.0255172

 ------------------------------------------------------------------------------------

*** tstop() called on cst14372 at Tue Apr 21 11:02:27 2026
Module time:
	user time   =      25.53 seconds =       0.43 minutes
	system time =       0.27 seconds =       0.00 minutes
	total time  =         12 seconds =       0.20 minutes
Total time:
	user time   =     207.71 seconds =       3.46 minutes
	system time =       2.84 seconds =       0.05 minutes
	total time  =        100 seconds =       1.67 minutes

Scratch directory: /tmp/
gradient() will perform analytic gradient computation.

*** tstart() called on cst14372
*** at Tue Apr 21 11:02:27 2026


         ------------------------------------------------------------
                                   SCF GRAD                          
                          Rob Parrish, Justin Turney,                
                       Andy Simmonett, and Alex Sokolov              
         ------------------------------------------------------------

  ==> Geometry <==

    Molecular point group: c1
    Full point group: C1

    Geometry (in Angstrom), charge = 0, multiplicity = 1:

       Center              X                  Y                   Z               Mass       
    ------------   -----------------  -----------------  -----------------  -----------------
         C            0.066051954200     0.352135068100     0.020104649900    12.000000000000
         O            1.355703703400     0.307064733600     0.003679639500    15.994914619570
         O            1.993986720200    -0.859261169000    -0.000308303900    15.994914619570
         C           -0.711056647800    -0.874652639000    -0.001253451200    12.000000000000
         C           -2.054844456900    -0.909237635100    -0.025962763800    12.000000000000
         C           -0.529030325400     1.713934134200     0.013086501100    12.000000000000
         H           -0.192814435400    -1.863228832200     0.104427096600     1.007825032230
         H           -2.664381241800     0.038028945500    -0.087449431400     1.007825032230
         H           -2.646289255200    -1.803081562700    -0.068768492200     1.007825032230
         H            0.312494734500     2.427619819900    -0.012148403800     1.007825032230
         H           -1.181476028300     2.011104422600     0.888525195700     1.007825032230
         H           -1.207396182900     1.942031078500    -0.949239981900     1.007825032230

  Nuclear repulsion =  224.287075820229063

  ==> Basis Set <==

  Basis Set: 6-31G*
    Blend: 6-31G*
    Number of shells: 48
    Number of basis functions: 102
    Number of Cartesian functions: 102
    Spherical Harmonics?: false
    Max angular momentum: 2

  ==> DFJKGrad: Density-Fitted SCF Gradients <==

    Gradient:                    1
    J tasked:                  Yes
    K tasked:                  Yes
    wK tasked:                 Yes
    Omega:               2.000E-01
    OpenMP threads:              4
    Integrals threads:           4
    Memory [MiB]:             4291
    Schwarz Cutoff:          1E-12
    Fitting Condition:       1E-10

   => Auxiliary Basis Set <=

  Basis Set: (6-31G* AUX)
    Blend: CC-PVDZ-JKFIT
    Number of shells: 198
    Number of basis functions: 636
    Number of Cartesian functions: 636
    Spherical Harmonics?: false
    Max angular momentum: 3

  ==> DFT Potential <==

   => LibXC <=

    Version 7.0.0
    S. Lehtola, C. Steigemann, M. J.T. Oliveira, and M. A.L. Marques.,  SoftwareX 7, 1–5 (2018) (10.1016/j.softx.2017.11.002)

   => Composite Functional: WB97X-D <= 

    wB97X-D Hyb-GGA Exchange-Correlation Functional

    J.-D. Chai and M. Head-Gordon.,  Phys. Chem. Chem. Phys. 10, 6615-6620 (2008) (10.1039/B810189B)

    Deriv               =              1
    GGA                 =           TRUE
    Meta                =          FALSE

    Exchange Hybrid     =           TRUE
    MP2 Hybrid          =          FALSE

   => Exchange-Correlation Functionals <=

    1.0000   wB97X-D range-separated functional

   => Exact (HF) Exchange <=

    0.7780            HF,LR [omega = 0.2000]
    0.2220               HF 

   => LibXC Density Thresholds  <==

    XC_HYB_GGA_XC_WB97X_D:  1.00E-14 

   => Molecular Quadrature <=

    Radial Scheme          =       TREUTLER
    Pruning Scheme         =           NONE
    Nuclear Scheme         =       TREUTLER

    Blocking Scheme        =         OCTREE
    BS radius alpha        =              1
    Pruning alpha          =              1
    Radial Points          =             75
    Spherical Points       =            302
    Total Points           =         254470
    Total Blocks           =           1927
    Max Points             =            256
    Max Functions          =            100
    Weights Tolerance      =       1.00E-15


  -Total Gradient:
     Atom            X                  Y                   Z
    ------   -----------------  -----------------  -----------------
       1       -0.000631220132     0.015027605293     0.001356207288
       2        0.018354640995    -0.010687164749    -0.002327443435
       3       -0.001027102183     0.004942885297     0.000603014003
       4        0.002643586820     0.030731056770    -0.011706292513
       5        0.007064066371    -0.041817520132     0.007731803836
       6        0.023930371269    -0.034749996284     0.025772743030
       7        0.001273704524    -0.025744229257     0.006346944477
       8       -0.013278514322     0.019062627549    -0.001760485602
       9       -0.000999184994     0.010840842661    -0.002980863333
      10        0.006664740506     0.001803583786     0.000932144448
      11       -0.013928210108     0.015740295687     0.013125767424
      12       -0.030017068761     0.014811360745    -0.037609292553


*** tstop() called on cst14372 at Tue Apr 21 11:02:29 2026
Module time:
	user time   =       3.74 seconds =       0.06 minutes
	system time =       0.06 seconds =       0.00 minutes
	total time  =          2 seconds =       0.03 minutes
Total time:
	user time   =     211.46 seconds =       3.52 minutes
	system time =       2.90 seconds =       0.05 minutes
	total time  =        102 seconds =       1.70 minutes

Scratch directory: /tmp/
   => Libint2 <=

    Primary   basis highest AM E, G, H:  6, 6, 3
    Auxiliary basis highest AM E, G, H:  7, 7, 4
    Onebody   basis highest AM E, G, H:  -, -, -
    Solid Harmonics ordering:            Gaussian

*** tstart() called on cst14372
*** at Tue Apr 21 11:02:29 2026

   => Loading Basis Set <=

    Name: 6-31G*
    Role: ORBITAL
    Keyword: BASIS
    atoms 1, 4-6 entry C          line   111 file /Users/jmsmith1/anaconda3/envs/jupyterenv/share/psi4/basis/6-31gs.gbs 
    atoms 2-3    entry O          line   145 file /Users/jmsmith1/anaconda3/envs/jupyterenv/share/psi4/basis/6-31gs.gbs 
    atoms 7-12   entry H          line    44 file /Users/jmsmith1/anaconda3/envs/jupyterenv/share/psi4/basis/6-31gs.gbs 

   => WB97X-D: Empirical Dispersion <=

    Chai and Head-Gordon Dispersion Correction
    Chai, J.-D.; Head-Gordon, M. (2010), J. Chem. Phys., 132: 6615-6620

        s6 =       1.000000


         ---------------------------------------------------------
                                   SCF
               by Justin Turney, Rob Parrish, Andy Simmonett
                          and Daniel G. A. Smith
                              RKS Reference
                        4 Threads,   5722 MiB Core
         ---------------------------------------------------------

  ==> Geometry <==

    Molecular point group: c1
    Full point group: C1

    Geometry (in Angstrom), charge = 0, multiplicity = 1:

       Center              X                  Y                   Z               Mass       
    ------------   -----------------  -----------------  -----------------  -----------------
         C            0.066113216300     0.352736467000     0.023457164200    12.000000000000
         O            1.358281365200     0.307696794600     0.004307887800    15.994914619570
         O            1.996873320300    -0.855937965400    -0.000363216800    15.994914619570
         C           -0.710873048200    -0.875266363000    -0.001378616000    12.000000000000
         C           -2.055697280200    -0.913776262200    -0.030360892600    12.000000000000
         C           -0.532691329600     1.712222483100     0.015063484500    12.000000000000
         H           -0.204757081400    -1.874606567000     0.121356892100     1.007825032230
         H           -2.666717191300     0.037469232400    -0.101937626900     1.007825032230
         H           -2.653861042000    -1.802057905700    -0.080006220700     1.007825032230
         H            0.314323314700     2.421859155000    -0.014267558500     1.007825032230
         H           -1.188025645600     2.031158564000     0.887973044100     1.007825032230
         H           -1.216666342400     1.950549589100    -0.956431265200     1.007825032230

  Running in c1 symmetry.

  Rotational constants: A =      0.18404  B =      0.09766  C =      0.06466 [cm^-1]
  Rotational constants: A =   5517.44146  B =   2927.88587  C =   1938.57515 [MHz]
  Nuclear repulsion =  224.028646589190942

  Charge       = 0
  Multiplicity = 1
  Electrons    = 46
  Nalpha       = 23
  Nbeta        = 23

  ==> Algorithm <==

  SCF Algorithm Type is DF.
  DIIS enabled.
  MOM disabled.
  Fractional occupation disabled.
  Guess Type is SAD.
  Energy threshold   = 1.00e-07
  Density threshold  = 1.00e-07
  Integral threshold = 1.00e-12

  ==> Primary Basis <==

  Basis Set: 6-31G*
    Blend: 6-31G*
    Number of shells: 48
    Number of basis functions: 102
    Number of Cartesian functions: 102
    Spherical Harmonics?: false
    Max angular momentum: 2

  ==> DFT Potential <==

   => LibXC <=

    Version 7.0.0
    S. Lehtola, C. Steigemann, M. J.T. Oliveira, and M. A.L. Marques.,  SoftwareX 7, 1–5 (2018) (10.1016/j.softx.2017.11.002)

   => Composite Functional: WB97X-D <= 

    wB97X-D Hyb-GGA Exchange-Correlation Functional

    J.-D. Chai and M. Head-Gordon.,  Phys. Chem. Chem. Phys. 10, 6615-6620 (2008) (10.1039/B810189B)

    Deriv               =              1
    GGA                 =           TRUE
    Meta                =          FALSE

    Exchange Hybrid     =           TRUE
    MP2 Hybrid          =          FALSE

   => Exchange-Correlation Functionals <=

    1.0000   wB97X-D range-separated functional

   => Exact (HF) Exchange <=

    0.7780            HF,LR [omega = 0.2000]
    0.2220               HF 

   => LibXC Density Thresholds  <==

    XC_HYB_GGA_XC_WB97X_D:  1.00E-14 

   => Molecular Quadrature <=

    Radial Scheme          =       TREUTLER
    Pruning Scheme         =           NONE
    Nuclear Scheme         =       TREUTLER

    Blocking Scheme        =         OCTREE
    BS radius alpha        =              1
    Pruning alpha          =              1
    Radial Points          =             75
    Spherical Points       =            302
    Total Points           =         254516
    Total Blocks           =           1933
    Max Points             =            256
    Max Functions          =            100
    Weights Tolerance      =       1.00E-15

   => Loading Basis Set <=

    Name: (6-31G* AUX)
    Role: JKFIT
    Keyword: DF_BASIS_SCF
    atoms 1, 4-6 entry C          line   121 file /Users/jmsmith1/anaconda3/envs/jupyterenv/share/psi4/basis/cc-pvdz-jkfit.gbs 
    atoms 2-3    entry O          line   221 file /Users/jmsmith1/anaconda3/envs/jupyterenv/share/psi4/basis/cc-pvdz-jkfit.gbs 
    atoms 7-12   entry H          line    51 file /Users/jmsmith1/anaconda3/envs/jupyterenv/share/psi4/basis/cc-pvdz-jkfit.gbs 

  ==> Integral Setup <==

  DFHelper Memory: AOs need 0.151 GiB; user supplied 3.599 GiB. 
  SCF_SUBTYPE=INCORE selected. In-core MEM_DF algorithm will be used.
  Using in-core AOs.

  ==> MemDFJK: Density-Fitted J/K Matrices <==

    J tasked:                   Yes
    K tasked:                   Yes
    wK tasked:                  Yes
    Omega:                2.000E-01
    OpenMP threads:               4
    Memory [MiB]:              3685
    Algorithm:                 Core
    Schwarz Cutoff:           1E-12
    Mask sparsity (%):       1.5571
    Fitting Condition:        1E-10

   => Auxiliary Basis Set <=

  Basis Set: (6-31G* AUX)
    Blend: CC-PVDZ-JKFIT
    Number of shells: 198
    Number of basis functions: 636
    Number of Cartesian functions: 636
    Spherical Harmonics?: false
    Max angular momentum: 3

  Cached 100.0% of DFT collocation blocks in 0.592 [GiB].

  Minimum eigenvalue in the overlap matrix is 2.9577026510E-03.
  Reciprocal condition number of the overlap matrix is 4.2951163906E-04.
    Using symmetric orthogonalization.

  ==> Pre-Iterations <==

  SCF Guess: Superposition of Atomic Densities via on-the-fly atomic UHF (no occupation information).

   -------------------------
    Irrep   Nso     Nmo    
   -------------------------
     A        102     102 
   -------------------------
    Total     102     102
   -------------------------

  ==> Iterations <==

                           Total Energy        Delta E     RMS |[F,P]|

   @DF-RKS iter SAD:  -300.14265632821150   -3.00143e+02   0.00000e+00 
   @DF-RKS iter   1:  -296.40782643332767    3.73483e+00   3.46832e-02 ADIIS/DIIS
   @DF-RKS iter   2:  -274.58438049711606    2.18234e+01   6.37314e-02 ADIIS/DIIS
   @DF-RKS iter   3:  -304.98521616230227   -3.04008e+01   1.55016e-02 ADIIS/DIIS
   @DF-RKS iter   4:  -305.00667118286941   -2.14550e-02   1.52401e-02 ADIIS/DIIS
   @DF-RKS iter   5:  -306.08423682674930   -1.07757e+00   4.49675e-03 ADIIS/DIIS
   @DF-RKS iter   6:  -306.17811963767429   -9.38828e-02   1.70959e-03 ADIIS/DIIS
   @DF-RKS iter   7:  -306.19221865625303   -1.40990e-02   4.08243e-04 ADIIS/DIIS
   @DF-RKS iter   8:  -306.19289809737722   -6.79441e-04   2.31204e-04 ADIIS/DIIS
   @DF-RKS iter   9:  -306.19309344159711   -1.95344e-04   1.15632e-04 ADIIS/DIIS
   @DF-RKS iter  10:  -306.19315315360234   -5.97120e-05   4.45974e-05 DIIS
   @DF-RKS iter  11:  -306.19316260617472   -9.45257e-06   8.28840e-06 DIIS
   @DF-RKS iter  12:  -306.19316295237826   -3.46204e-07   1.77862e-06 DIIS
   @DF-RKS iter  13:  -306.19316297510659   -2.27283e-08   7.27102e-07 DIIS
   @DF-RKS iter  14:  -306.19316297942885   -4.32226e-09   2.86308e-07 DIIS
   @DF-RKS iter  15:  -306.19316298015150   -7.22650e-10   1.01809e-07 DIIS
   @DF-RKS iter  16:  -306.19316298022949   -7.79892e-11   1.11471e-08 DIIS
  Energy and wave function converged.


  ==> Post-Iterations <==

   Electrons on quadrature grid:
      Ntotal   =   45.9999714754 ; deviation = -2.852e-05 

    Orbital Energies [Eh]
    ---------------------

    Doubly Occupied:                                                      

       1A    -19.415826     2A    -19.248835     3A    -10.410781  
       4A    -10.344234     5A    -10.338428     6A    -10.334617  
       7A     -1.288701     8A     -0.996907     9A     -0.906263  
      10A     -0.837717    11A     -0.749377    12A     -0.641219  
      13A     -0.615624    14A     -0.591883    15A     -0.580319  
      16A     -0.535851    17A     -0.500584    18A     -0.494011  
      19A     -0.492764    20A     -0.451616    21A     -0.395349  
      22A     -0.306009    23A     -0.292171  

    Virtual:                                                              

      24A     -0.024982    25A      0.112445    26A      0.151966  
      27A      0.171253    28A      0.203741    29A      0.222683  
      30A      0.228222    31A      0.238641    32A      0.260151  
      33A      0.312999    34A      0.351308    35A      0.414785  
      36A      0.441473    37A      0.557968    38A      0.586262  
      39A      0.611637    40A      0.657231    41A      0.665022  
      42A      0.682815    43A      0.704927    44A      0.729229  
      45A      0.749390    46A      0.788452    47A      0.809641  
      48A      0.876322    49A      0.896236    50A      0.905767  
      51A      0.919651    52A      0.947457    53A      0.968269  
      54A      0.982096    55A      1.023339    56A      1.028876  
      57A      1.047880    58A      1.122247    59A      1.139196  
      60A      1.180058    61A      1.206949    62A      1.256656  
      63A      1.365871    64A      1.395211    65A      1.418000  
      66A      1.436272    67A      1.523301    68A      1.596684  
      69A      1.640467    70A      1.693489    71A      1.750821  
      72A      1.806837    73A      1.860125    74A      1.913006  
      75A      1.933321    76A      1.942089    77A      1.987487  
      78A      2.004775    79A      2.071676    80A      2.114941  
      81A      2.148126    82A      2.204787    83A      2.287525  
      84A      2.312842    85A      2.345435    86A      2.423446  
      87A      2.456665    88A      2.546474    89A      2.568477  
      90A      2.589522    91A      2.707112    92A      2.772040  
      93A      2.937113    94A      2.945503    95A      3.167048  
      96A      3.265558    97A      3.620077    98A      4.106301  
      99A      4.169183   100A      4.258112   101A      4.345075  
     102A      4.617198  

    Final Occupation by Irrep:
              A 
    DOCC [    23 ]
    NA   [    23 ]
    NB   [    23 ]

  @DF-RKS Final Energy:  -306.19316298022949

   => Energetics <=

    Nuclear Repulsion Energy =            224.0286465891909415
    One-Electron Energy =                -859.7291699222359966
    Two-Electron Energy =                 357.7339274242672218
    DFT Exchange-Correlation Energy =     -28.2221759557394272
    Empirical Dispersion Energy =          -0.0043911157121897
    VV10 Nonlocal Energy =                  0.0000000000000000
    Total Energy =                       -306.1931629802294879

Computation Completed


Properties will be evaluated at   0.000000,   0.000000,   0.000000 [a0]

Properties computed using the SCF density matrix


 Multipole Moments:

 ------------------------------------------------------------------------------------
     Multipole            Electronic (a.u.)      Nuclear  (a.u.)        Total (a.u.)
 ------------------------------------------------------------------------------------

 L = 1.  Multiply by 2.5417464519 to convert [e a0] to [Debye]
 Dipole X            :         -1.5502791           -0.3275975           -1.8778767
 Dipole Y            :          0.6678242            0.0641385            0.7319628
 Dipole Z            :          0.1532409           -0.1343001            0.0189409
 Magnitude           :                                                    2.0155766

 ------------------------------------------------------------------------------------

*** tstop() called on cst14372 at Tue Apr 21 11:02:42 2026
Module time:
	user time   =      26.97 seconds =       0.45 minutes
	system time =       0.31 seconds =       0.01 minutes
	total time  =         13 seconds =       0.22 minutes
Total time:
	user time   =     238.45 seconds =       3.97 minutes
	system time =       3.21 seconds =       0.05 minutes
	total time  =        115 seconds =       1.92 minutes

Scratch directory: /tmp/
gradient() will perform analytic gradient computation.

*** tstart() called on cst14372
*** at Tue Apr 21 11:02:42 2026


         ------------------------------------------------------------
                                   SCF GRAD                          
                          Rob Parrish, Justin Turney,                
                       Andy Simmonett, and Alex Sokolov              
         ------------------------------------------------------------

  ==> Geometry <==

    Molecular point group: c1
    Full point group: C1

    Geometry (in Angstrom), charge = 0, multiplicity = 1:

       Center              X                  Y                   Z               Mass       
    ------------   -----------------  -----------------  -----------------  -----------------
         C            0.066113216300     0.352736467000     0.023457164200    12.000000000000
         O            1.358281365200     0.307696794600     0.004307887800    15.994914619570
         O            1.996873320300    -0.855937965400    -0.000363216800    15.994914619570
         C           -0.710873048200    -0.875266363000    -0.001378616000    12.000000000000
         C           -2.055697280200    -0.913776262200    -0.030360892600    12.000000000000
         C           -0.532691329600     1.712222483100     0.015063484500    12.000000000000
         H           -0.204757081400    -1.874606567000     0.121356892100     1.007825032230
         H           -2.666717191300     0.037469232400    -0.101937626900     1.007825032230
         H           -2.653861042000    -1.802057905700    -0.080006220700     1.007825032230
         H            0.314323314700     2.421859155000    -0.014267558500     1.007825032230
         H           -1.188025645600     2.031158564000     0.887973044100     1.007825032230
         H           -1.216666342400     1.950549589100    -0.956431265200     1.007825032230

  Nuclear repulsion =  224.028646589190942

  ==> Basis Set <==

  Basis Set: 6-31G*
    Blend: 6-31G*
    Number of shells: 48
    Number of basis functions: 102
    Number of Cartesian functions: 102
    Spherical Harmonics?: false
    Max angular momentum: 2

  ==> DFJKGrad: Density-Fitted SCF Gradients <==

    Gradient:                    1
    J tasked:                  Yes
    K tasked:                  Yes
    wK tasked:                 Yes
    Omega:               2.000E-01
    OpenMP threads:              4
    Integrals threads:           4
    Memory [MiB]:             4291
    Schwarz Cutoff:          1E-12
    Fitting Condition:       1E-10

   => Auxiliary Basis Set <=

  Basis Set: (6-31G* AUX)
    Blend: CC-PVDZ-JKFIT
    Number of shells: 198
    Number of basis functions: 636
    Number of Cartesian functions: 636
    Spherical Harmonics?: false
    Max angular momentum: 3

  ==> DFT Potential <==

   => LibXC <=

    Version 7.0.0
    S. Lehtola, C. Steigemann, M. J.T. Oliveira, and M. A.L. Marques.,  SoftwareX 7, 1–5 (2018) (10.1016/j.softx.2017.11.002)

   => Composite Functional: WB97X-D <= 

    wB97X-D Hyb-GGA Exchange-Correlation Functional

    J.-D. Chai and M. Head-Gordon.,  Phys. Chem. Chem. Phys. 10, 6615-6620 (2008) (10.1039/B810189B)

    Deriv               =              1
    GGA                 =           TRUE
    Meta                =          FALSE

    Exchange Hybrid     =           TRUE
    MP2 Hybrid          =          FALSE

   => Exchange-Correlation Functionals <=

    1.0000   wB97X-D range-separated functional

   => Exact (HF) Exchange <=

    0.7780            HF,LR [omega = 0.2000]
    0.2220               HF 

   => LibXC Density Thresholds  <==

    XC_HYB_GGA_XC_WB97X_D:  1.00E-14 

   => Molecular Quadrature <=

    Radial Scheme          =       TREUTLER
    Pruning Scheme         =           NONE
    Nuclear Scheme         =       TREUTLER

    Blocking Scheme        =         OCTREE
    BS radius alpha        =              1
    Pruning alpha          =              1
    Radial Points          =             75
    Spherical Points       =            302
    Total Points           =         254516
    Total Blocks           =           1933
    Max Points             =            256
    Max Functions          =            100
    Weights Tolerance      =       1.00E-15


  -Total Gradient:
     Atom            X                  Y                   Z
    ------   -----------------  -----------------  -----------------
       1       -0.000632771269     0.017161973720     0.001564308123
       2        0.021168610968    -0.012375236805    -0.002709599503
       3       -0.001207446482     0.005784713934     0.000689661665
       4        0.003657989319     0.034892394704    -0.013711396065
       5        0.007633283949    -0.046333750466     0.009097674227
       6        0.025318905818    -0.039477818630     0.027482212945
       7        0.000860810741    -0.029085378807     0.007575655841
       8       -0.014580468964     0.020810306134    -0.002173047905
       9       -0.001555664184     0.011801907673    -0.003440367508
      10        0.007594805066     0.001852737428     0.001010236993
      11       -0.015726919359     0.018332588739     0.014565469098
      12       -0.032495811114     0.016657782422    -0.040512750987


*** tstop() called on cst14372 at Tue Apr 21 11:02:44 2026
Module time:
	user time   =       3.83 seconds =       0.06 minutes
	system time =       0.08 seconds =       0.00 minutes
	total time  =          2 seconds =       0.03 minutes
Total time:
	user time   =     242.30 seconds =       4.04 minutes
	system time =       3.29 seconds =       0.05 minutes
	total time  =        117 seconds =       1.95 minutes

Scratch directory: /tmp/
   => Libint2 <=

    Primary   basis highest AM E, G, H:  6, 6, 3
    Auxiliary basis highest AM E, G, H:  7, 7, 4
    Onebody   basis highest AM E, G, H:  -, -, -
    Solid Harmonics ordering:            Gaussian

*** tstart() called on cst14372
*** at Tue Apr 21 11:02:44 2026

   => Loading Basis Set <=

    Name: 6-31G*
    Role: ORBITAL
    Keyword: BASIS
    atoms 1, 4-6 entry C          line   111 file /Users/jmsmith1/anaconda3/envs/jupyterenv/share/psi4/basis/6-31gs.gbs 
    atoms 2-3    entry O          line   145 file /Users/jmsmith1/anaconda3/envs/jupyterenv/share/psi4/basis/6-31gs.gbs 
    atoms 7-12   entry H          line    44 file /Users/jmsmith1/anaconda3/envs/jupyterenv/share/psi4/basis/6-31gs.gbs 

   => WB97X-D: Empirical Dispersion <=

    Chai and Head-Gordon Dispersion Correction
    Chai, J.-D.; Head-Gordon, M. (2010), J. Chem. Phys., 132: 6615-6620

        s6 =       1.000000


         ---------------------------------------------------------
                                   SCF
               by Justin Turney, Rob Parrish, Andy Simmonett
                          and Daniel G. A. Smith
                              RKS Reference
                        4 Threads,   5722 MiB Core
         ---------------------------------------------------------

  ==> Geometry <==

    Molecular point group: c1
    Full point group: C1

    Geometry (in Angstrom), charge = 0, multiplicity = 1:

       Center              X                  Y                   Z               Mass       
    ------------   -----------------  -----------------  -----------------  -----------------
         C            0.066176392800     0.353289021400     0.026809716600    12.000000000000
         O            1.360816548500     0.308356601200     0.004942878200    15.994914619570
         O            1.999766474200    -0.852622803800    -0.000419702800    15.994914619570
         C           -0.710699784000    -0.875981894600    -0.001464273200    12.000000000000
         C           -2.056573354000    -0.918186988600    -0.034791337100    12.000000000000
         C           -0.536430586900     1.710622742600     0.016963631700    12.000000000000
         H           -0.216745671400    -1.884996882300     0.138048519100     1.007825032230
         H           -2.668553562800     0.036191183200    -0.116370620200     1.007825032230
         H           -2.661389497100    -1.801439804300    -0.091140621600     1.007825032230
         H            0.315892503300     2.416026760600    -0.016424433400     1.007825032230
         H           -1.194041891100     2.050607874400     0.886917899000     1.007825032230
         H           -1.224828615300     1.958505311000    -0.962235393800     1.007825032230

  Running in c1 symmetry.

  Rotational constants: A =      0.18382  B =      0.09738  C =      0.06452 [cm^-1]
  Rotational constants: A =   5510.85321  B =   2919.46802  C =   1934.37872 [MHz]
  Nuclear repulsion =  223.783479268295480

  Charge       = 0
  Multiplicity = 1
  Electrons    = 46
  Nalpha       = 23
  Nbeta        = 23

  ==> Algorithm <==

  SCF Algorithm Type is DF.
  DIIS enabled.
  MOM disabled.
  Fractional occupation disabled.
  Guess Type is SAD.
  Energy threshold   = 1.00e-07
  Density threshold  = 1.00e-07
  Integral threshold = 1.00e-12

  ==> Primary Basis <==

  Basis Set: 6-31G*
    Blend: 6-31G*
    Number of shells: 48
    Number of basis functions: 102
    Number of Cartesian functions: 102
    Spherical Harmonics?: false
    Max angular momentum: 2

  ==> DFT Potential <==

   => LibXC <=

    Version 7.0.0
    S. Lehtola, C. Steigemann, M. J.T. Oliveira, and M. A.L. Marques.,  SoftwareX 7, 1–5 (2018) (10.1016/j.softx.2017.11.002)

   => Composite Functional: WB97X-D <= 

    wB97X-D Hyb-GGA Exchange-Correlation Functional

    J.-D. Chai and M. Head-Gordon.,  Phys. Chem. Chem. Phys. 10, 6615-6620 (2008) (10.1039/B810189B)

    Deriv               =              1
    GGA                 =           TRUE
    Meta                =          FALSE

    Exchange Hybrid     =           TRUE
    MP2 Hybrid          =          FALSE

   => Exchange-Correlation Functionals <=

    1.0000   wB97X-D range-separated functional

   => Exact (HF) Exchange <=

    0.7780            HF,LR [omega = 0.2000]
    0.2220               HF 

   => LibXC Density Thresholds  <==

    XC_HYB_GGA_XC_WB97X_D:  1.00E-14 

   => Molecular Quadrature <=

    Radial Scheme          =       TREUTLER
    Pruning Scheme         =           NONE
    Nuclear Scheme         =       TREUTLER

    Blocking Scheme        =         OCTREE
    BS radius alpha        =              1
    Pruning alpha          =              1
    Radial Points          =             75
    Spherical Points       =            302
    Total Points           =         254556
    Total Blocks           =           1938
    Max Points             =            256
    Max Functions          =            100
    Weights Tolerance      =       1.00E-15

   => Loading Basis Set <=

    Name: (6-31G* AUX)
    Role: JKFIT
    Keyword: DF_BASIS_SCF
    atoms 1, 4-6 entry C          line   121 file /Users/jmsmith1/anaconda3/envs/jupyterenv/share/psi4/basis/cc-pvdz-jkfit.gbs 
    atoms 2-3    entry O          line   221 file /Users/jmsmith1/anaconda3/envs/jupyterenv/share/psi4/basis/cc-pvdz-jkfit.gbs 
    atoms 7-12   entry H          line    51 file /Users/jmsmith1/anaconda3/envs/jupyterenv/share/psi4/basis/cc-pvdz-jkfit.gbs 

  ==> Integral Setup <==

  DFHelper Memory: AOs need 0.151 GiB; user supplied 3.600 GiB. 
  SCF_SUBTYPE=INCORE selected. In-core MEM_DF algorithm will be used.
  Using in-core AOs.

  ==> MemDFJK: Density-Fitted J/K Matrices <==

    J tasked:                   Yes
    K tasked:                   Yes
    wK tasked:                  Yes
    Omega:                2.000E-01
    OpenMP threads:               4
    Memory [MiB]:              3685
    Algorithm:                 Core
    Schwarz Cutoff:           1E-12
    Mask sparsity (%):       1.5571
    Fitting Condition:        1E-10

   => Auxiliary Basis Set <=

  Basis Set: (6-31G* AUX)
    Blend: CC-PVDZ-JKFIT
    Number of shells: 198
    Number of basis functions: 636
    Number of Cartesian functions: 636
    Spherical Harmonics?: false
    Max angular momentum: 3

  Cached 100.0% of DFT collocation blocks in 0.591 [GiB].

  Minimum eigenvalue in the overlap matrix is 2.9864288501E-03.
  Reciprocal condition number of the overlap matrix is 4.3451253020E-04.
    Using symmetric orthogonalization.

  ==> Pre-Iterations <==

  SCF Guess: Superposition of Atomic Densities via on-the-fly atomic UHF (no occupation information).

   -------------------------
    Irrep   Nso     Nmo    
   -------------------------
     A        102     102 
   -------------------------
    Total     102     102
   -------------------------

  ==> Iterations <==

                           Total Energy        Delta E     RMS |[F,P]|

   @DF-RKS iter SAD:  -300.12022537147084   -3.00120e+02   0.00000e+00 
   @DF-RKS iter   1:  -296.37553882669471    3.74469e+00   3.46821e-02 ADIIS/DIIS
   @DF-RKS iter   2:  -274.56013265994682    2.18154e+01   6.34826e-02 ADIIS/DIIS
   @DF-RKS iter   3:  -304.99348454301810   -3.04334e+01   1.54045e-02 ADIIS/DIIS
   @DF-RKS iter   4:  -305.13190539998061   -1.38421e-01   1.46018e-02 ADIIS/DIIS
   @DF-RKS iter   5:  -306.07915497785922   -9.47250e-01   4.55831e-03 ADIIS/DIIS
   @DF-RKS iter   6:  -306.17493678241385   -9.57818e-02   1.69615e-03 ADIIS/DIIS
   @DF-RKS iter   7:  -306.18849773197996   -1.35609e-02   4.54330e-04 ADIIS/DIIS
   @DF-RKS iter   8:  -306.18933700138354   -8.39269e-04   2.09034e-04 ADIIS/DIIS
   @DF-RKS iter   9:  -306.18950381200722   -1.66811e-04   1.13739e-04 ADIIS/DIIS
   @DF-RKS iter  10:  -306.18955959106245   -5.57791e-05   4.80356e-05 DIIS
   @DF-RKS iter  11:  -306.18957056032997   -1.09693e-05   8.29096e-06 DIIS
   @DF-RKS iter  12:  -306.18957090393548   -3.43606e-07   1.84079e-06 DIIS
   @DF-RKS iter  13:  -306.18957092776719   -2.38317e-08   7.67508e-07 DIIS
   @DF-RKS iter  14:  -306.18957093248565   -4.71846e-09   3.05017e-07 DIIS
   @DF-RKS iter  15:  -306.18957093327299   -7.87338e-10   1.06256e-07 DIIS
   @DF-RKS iter  16:  -306.18957093334450   -7.15090e-11   9.74566e-09 DIIS
  Energy and wave function converged.


  ==> Post-Iterations <==

   Electrons on quadrature grid:
      Ntotal   =   45.9999723184 ; deviation = -2.768e-05 

    Orbital Energies [Eh]
    ---------------------

    Doubly Occupied:                                                      

       1A    -19.416659     2A    -19.249852     3A    -10.411431  
       4A    -10.345766     5A    -10.338660     6A    -10.335433  
       7A     -1.289518     8A     -0.997242     9A     -0.905604  
      10A     -0.836960    11A     -0.748849    12A     -0.641438  
      13A     -0.615223    14A     -0.592064    15A     -0.580134  
      16A     -0.536002    17A     -0.499268    18A     -0.492954  
      19A     -0.491524    20A     -0.451111    21A     -0.394918  
      22A     -0.306565    23A     -0.292408  

    Virtual:                                                              

      24A     -0.025607    25A      0.110676    26A      0.150450  
      27A      0.170351    28A      0.202315    29A      0.221584  
      30A      0.227861    31A      0.238549    32A      0.259089  
      33A      0.312523    34A      0.350498    35A      0.415953  
      36A      0.442228    37A      0.557463    38A      0.585986  
      39A      0.611930    40A      0.657922    41A      0.662961  
      42A      0.683766    43A      0.705629    44A      0.728388  
      45A      0.749094    46A      0.789244    47A      0.810584  
      48A      0.872634    49A      0.893511    50A      0.905080  
      51A      0.918290    52A      0.946507    53A      0.964973  
      54A      0.979091    55A      1.022697    56A      1.028545  
      57A      1.045963    58A      1.120764    59A      1.137742  
      60A      1.178725    61A      1.205269    62A      1.253176  
      63A      1.364001    64A      1.394509    65A      1.417820  
      66A      1.437194    67A      1.519246    68A      1.599906  
      69A      1.642093    70A      1.691348    71A      1.752137  
      72A      1.803737    73A      1.857615    74A      1.908584  
      75A      1.930283    76A      1.939577    77A      1.980184  
      78A      2.001938    79A      2.071048    80A      2.112674  
      81A      2.145853    82A      2.204593    83A      2.287475  
      84A      2.311185    85A      2.344765    86A      2.421829  
      87A      2.456273    88A      2.544962    89A      2.569121  
      90A      2.587500    91A      2.706847    92A      2.772362  
      93A      2.934951    94A      2.943819    95A      3.164039  
      96A      3.263505    97A      3.618306    98A      4.104674  
      99A      4.167491   100A      4.255945   101A      4.343416  
     102A      4.616128  

    Final Occupation by Irrep:
              A 
    DOCC [    23 ]
    NA   [    23 ]
    NB   [    23 ]

  @DF-RKS Final Energy:  -306.18957093334450

   => Energetics <=

    Nuclear Repulsion Energy =            223.7834792682954799
    One-Electron Energy =                -859.2363853171315213
    Two-Electron Energy =                 357.4813652682719862
    DFT Exchange-Correlation Energy =     -28.2136439443084832
    Empirical Dispersion Energy =          -0.0043862084720234
    VV10 Nonlocal Energy =                  0.0000000000000000
    Total Energy =                       -306.1895709333444984

Computation Completed


Properties will be evaluated at   0.000000,   0.000000,   0.000000 [a0]

Properties computed using the SCF density matrix


 Multipole Moments:

 ------------------------------------------------------------------------------------
     Multipole            Electronic (a.u.)      Nuclear  (a.u.)        Total (a.u.)
 ------------------------------------------------------------------------------------

 L = 1.  Multiply by 2.5417464519 to convert [e a0] to [Debye]
 Dipole X            :         -1.5104778           -0.3593627           -1.8698405
 Dipole Y            :          0.6526061            0.0741190            0.7267252
 Dipole Z            :          0.1722779           -0.1510133            0.0212645
 Magnitude           :                                                    2.0062116

 ------------------------------------------------------------------------------------

*** tstop() called on cst14372 at Tue Apr 21 11:02:57 2026
Module time:
	user time   =      27.01 seconds =       0.45 minutes
	system time =       0.39 seconds =       0.01 minutes
	total time  =         13 seconds =       0.22 minutes
Total time:
	user time   =     269.33 seconds =       4.49 minutes
	system time =       3.68 seconds =       0.06 minutes
	total time  =        130 seconds =       2.17 minutes

Scratch directory: /tmp/
gradient() will perform analytic gradient computation.

*** tstart() called on cst14372
*** at Tue Apr 21 11:02:57 2026


         ------------------------------------------------------------
                                   SCF GRAD                          
                          Rob Parrish, Justin Turney,                
                       Andy Simmonett, and Alex Sokolov              
         ------------------------------------------------------------

  ==> Geometry <==

    Molecular point group: c1
    Full point group: C1

    Geometry (in Angstrom), charge = 0, multiplicity = 1:

       Center              X                  Y                   Z               Mass       
    ------------   -----------------  -----------------  -----------------  -----------------
         C            0.066176392800     0.353289021400     0.026809716600    12.000000000000
         O            1.360816548500     0.308356601200     0.004942878200    15.994914619570
         O            1.999766474200    -0.852622803800    -0.000419702800    15.994914619570
         C           -0.710699784000    -0.875981894600    -0.001464273200    12.000000000000
         C           -2.056573354000    -0.918186988600    -0.034791337100    12.000000000000
         C           -0.536430586900     1.710622742600     0.016963631700    12.000000000000
         H           -0.216745671400    -1.884996882300     0.138048519100     1.007825032230
         H           -2.668553562800     0.036191183200    -0.116370620200     1.007825032230
         H           -2.661389497100    -1.801439804300    -0.091140621600     1.007825032230
         H            0.315892503300     2.416026760600    -0.016424433400     1.007825032230
         H           -1.194041891100     2.050607874400     0.886917899000     1.007825032230
         H           -1.224828615300     1.958505311000    -0.962235393800     1.007825032230

  Nuclear repulsion =  223.783479268295480

  ==> Basis Set <==

  Basis Set: 6-31G*
    Blend: 6-31G*
    Number of shells: 48
    Number of basis functions: 102
    Number of Cartesian functions: 102
    Spherical Harmonics?: false
    Max angular momentum: 2

  ==> DFJKGrad: Density-Fitted SCF Gradients <==

    Gradient:                    1
    J tasked:                  Yes
    K tasked:                  Yes
    wK tasked:                 Yes
    Omega:               2.000E-01
    OpenMP threads:              4
    Integrals threads:           4
    Memory [MiB]:             4291
    Schwarz Cutoff:          1E-12
    Fitting Condition:       1E-10

   => Auxiliary Basis Set <=

  Basis Set: (6-31G* AUX)
    Blend: CC-PVDZ-JKFIT
    Number of shells: 198
    Number of basis functions: 636
    Number of Cartesian functions: 636
    Spherical Harmonics?: false
    Max angular momentum: 3

  ==> DFT Potential <==

   => LibXC <=

    Version 7.0.0
    S. Lehtola, C. Steigemann, M. J.T. Oliveira, and M. A.L. Marques.,  SoftwareX 7, 1–5 (2018) (10.1016/j.softx.2017.11.002)

   => Composite Functional: WB97X-D <= 

    wB97X-D Hyb-GGA Exchange-Correlation Functional

    J.-D. Chai and M. Head-Gordon.,  Phys. Chem. Chem. Phys. 10, 6615-6620 (2008) (10.1039/B810189B)

    Deriv               =              1
    GGA                 =           TRUE
    Meta                =          FALSE

    Exchange Hybrid     =           TRUE
    MP2 Hybrid          =          FALSE

   => Exchange-Correlation Functionals <=

    1.0000   wB97X-D range-separated functional

   => Exact (HF) Exchange <=

    0.7780            HF,LR [omega = 0.2000]
    0.2220               HF 

   => LibXC Density Thresholds  <==

    XC_HYB_GGA_XC_WB97X_D:  1.00E-14 

   => Molecular Quadrature <=

    Radial Scheme          =       TREUTLER
    Pruning Scheme         =           NONE
    Nuclear Scheme         =       TREUTLER

    Blocking Scheme        =         OCTREE
    BS radius alpha        =              1
    Pruning alpha          =              1
    Radial Points          =             75
    Spherical Points       =            302
    Total Points           =         254556
    Total Blocks           =           1938
    Max Points             =            256
    Max Functions          =            100
    Weights Tolerance      =       1.00E-15


  -Total Gradient:
     Atom            X                  Y                   Z
    ------   -----------------  -----------------  -----------------
       1       -0.000593385720     0.019168002300     0.001770739407
       2        0.023915860290    -0.014026827606    -0.003088508675
       3       -0.001405947967     0.006629695987     0.000775022273
       4        0.004826318494     0.038575868335    -0.015663993674
       5        0.008068561764    -0.050023213797     0.010459359480
       6        0.026109086941    -0.043776282872     0.028825533847
       7        0.000214316142    -0.031985611675     0.008811329873
       8       -0.015593593631     0.022106048797    -0.002582307926
       9       -0.002273807185     0.012448675831    -0.003899650169
      10        0.008420554241     0.001799532174     0.001065247487
      11       -0.017290227429     0.020796296520     0.015688106079
      12       -0.034437960552     0.018325970313    -0.042706277714


*** tstop() called on cst14372 at Tue Apr 21 11:02:59 2026
Module time:
	user time   =       3.79 seconds =       0.06 minutes
	system time =       0.06 seconds =       0.00 minutes
	total time  =          2 seconds =       0.03 minutes
Total time:
	user time   =     273.13 seconds =       4.55 minutes
	system time =       3.74 seconds =       0.06 minutes
	total time  =        132 seconds =       2.20 minutes

Scratch directory: /tmp/
   => Libint2 <=

    Primary   basis highest AM E, G, H:  6, 6, 3
    Auxiliary basis highest AM E, G, H:  7, 7, 4
    Onebody   basis highest AM E, G, H:  -, -, -
    Solid Harmonics ordering:            Gaussian

*** tstart() called on cst14372
*** at Tue Apr 21 11:02:59 2026

   => Loading Basis Set <=

    Name: 6-31G*
    Role: ORBITAL
    Keyword: BASIS
    atoms 1, 4-6 entry C          line   111 file /Users/jmsmith1/anaconda3/envs/jupyterenv/share/psi4/basis/6-31gs.gbs 
    atoms 2-3    entry O          line   145 file /Users/jmsmith1/anaconda3/envs/jupyterenv/share/psi4/basis/6-31gs.gbs 
    atoms 7-12   entry H          line    44 file /Users/jmsmith1/anaconda3/envs/jupyterenv/share/psi4/basis/6-31gs.gbs 

   => WB97X-D: Empirical Dispersion <=

    Chai and Head-Gordon Dispersion Correction
    Chai, J.-D.; Head-Gordon, M. (2010), J. Chem. Phys., 132: 6615-6620

        s6 =       1.000000


         ---------------------------------------------------------
                                   SCF
               by Justin Turney, Rob Parrish, Andy Simmonett
                          and Daniel G. A. Smith
                              RKS Reference
                        4 Threads,   5722 MiB Core
         ---------------------------------------------------------

  ==> Geometry <==

    Molecular point group: c1
    Full point group: C1

    Geometry (in Angstrom), charge = 0, multiplicity = 1:

       Center              X                  Y                   Z               Mass       
    ------------   -----------------  -----------------  -----------------  -----------------
         C            0.066241383500     0.353786949900     0.030162285900    12.000000000000
         O            1.363303658400     0.309047895300     0.005585552700    15.994914619570
         O            2.002667119600    -0.849316962300    -0.000477959200    15.994914619570
         C           -0.710540221800    -0.876810164200    -0.001504729200    12.000000000000
         C           -2.057474122300    -0.922459709100    -0.039258846000    12.000000000000
         C           -0.540251139800     1.709147239700     0.018783270200    12.000000000000
         H           -0.228760037600    -1.894300120200     0.154461888700     1.007825032230
         H           -2.669855011200     0.034148855300    -0.130736697700     1.007825032230
         H           -2.668851086300    -1.801250042800    -0.102157620100     1.007825032230
         H            0.317173718700     2.410123365600    -0.018621350700     1.007825032230
         H           -1.199471115900     2.069369859300     0.885320137400     1.007825032230
         H           -1.231815825600     1.965841269600    -0.966575713500     1.007825032230

  Running in c1 symmetry.

  Rotational constants: A =      0.18361  B =      0.09711  C =      0.06439 [cm^-1]
  Rotational constants: A =   5504.53940  B =   2911.21479  C =   1930.24894 [MHz]
  Nuclear repulsion =  223.552541227594077

  Charge       = 0
  Multiplicity = 1
  Electrons    = 46
  Nalpha       = 23
  Nbeta        = 23

  ==> Algorithm <==

  SCF Algorithm Type is DF.
  DIIS enabled.
  MOM disabled.
  Fractional occupation disabled.
  Guess Type is SAD.
  Energy threshold   = 1.00e-07
  Density threshold  = 1.00e-07
  Integral threshold = 1.00e-12

  ==> Primary Basis <==

  Basis Set: 6-31G*
    Blend: 6-31G*
    Number of shells: 48
    Number of basis functions: 102
    Number of Cartesian functions: 102
    Spherical Harmonics?: false
    Max angular momentum: 2

  ==> DFT Potential <==

   => LibXC <=

    Version 7.0.0
    S. Lehtola, C. Steigemann, M. J.T. Oliveira, and M. A.L. Marques.,  SoftwareX 7, 1–5 (2018) (10.1016/j.softx.2017.11.002)

   => Composite Functional: WB97X-D <= 

    wB97X-D Hyb-GGA Exchange-Correlation Functional

    J.-D. Chai and M. Head-Gordon.,  Phys. Chem. Chem. Phys. 10, 6615-6620 (2008) (10.1039/B810189B)

    Deriv               =              1
    GGA                 =           TRUE
    Meta                =          FALSE

    Exchange Hybrid     =           TRUE
    MP2 Hybrid          =          FALSE

   => Exchange-Correlation Functionals <=

    1.0000   wB97X-D range-separated functional

   => Exact (HF) Exchange <=

    0.7780            HF,LR [omega = 0.2000]
    0.2220               HF 

   => LibXC Density Thresholds  <==

    XC_HYB_GGA_XC_WB97X_D:  1.00E-14 

   => Molecular Quadrature <=

    Radial Scheme          =       TREUTLER
    Pruning Scheme         =           NONE
    Nuclear Scheme         =       TREUTLER

    Blocking Scheme        =         OCTREE
    BS radius alpha        =              1
    Pruning alpha          =              1
    Radial Points          =             75
    Spherical Points       =            302
    Total Points           =         254585
    Total Blocks           =           1941
    Max Points             =            256
    Max Functions          =            100
    Weights Tolerance      =       1.00E-15

   => Loading Basis Set <=

    Name: (6-31G* AUX)
    Role: JKFIT
    Keyword: DF_BASIS_SCF
    atoms 1, 4-6 entry C          line   121 file /Users/jmsmith1/anaconda3/envs/jupyterenv/share/psi4/basis/cc-pvdz-jkfit.gbs 
    atoms 2-3    entry O          line   221 file /Users/jmsmith1/anaconda3/envs/jupyterenv/share/psi4/basis/cc-pvdz-jkfit.gbs 
    atoms 7-12   entry H          line    51 file /Users/jmsmith1/anaconda3/envs/jupyterenv/share/psi4/basis/cc-pvdz-jkfit.gbs 

  ==> Integral Setup <==

  DFHelper Memory: AOs need 0.151 GiB; user supplied 3.600 GiB. 
  SCF_SUBTYPE=INCORE selected. In-core MEM_DF algorithm will be used.
  Using in-core AOs.

  ==> MemDFJK: Density-Fitted J/K Matrices <==

    J tasked:                   Yes
    K tasked:                   Yes
    wK tasked:                  Yes
    Omega:                2.000E-01
    OpenMP threads:               4
    Memory [MiB]:              3686
    Algorithm:                 Core
    Schwarz Cutoff:           1E-12
    Mask sparsity (%):       1.6340
    Fitting Condition:        1E-10

   => Auxiliary Basis Set <=

  Basis Set: (6-31G* AUX)
    Blend: CC-PVDZ-JKFIT
    Number of shells: 198
    Number of basis functions: 636
    Number of Cartesian functions: 636
    Spherical Harmonics?: false
    Max angular momentum: 3

  Cached 100.0% of DFT collocation blocks in 0.591 [GiB].

  Minimum eigenvalue in the overlap matrix is 3.0107161444E-03.
  Reciprocal condition number of the overlap matrix is 4.3882320189E-04.
    Using symmetric orthogonalization.

  ==> Pre-Iterations <==

  SCF Guess: Superposition of Atomic Densities via on-the-fly atomic UHF (no occupation information).

   -------------------------
    Irrep   Nso     Nmo    
   -------------------------
     A        102     102 
   -------------------------
    Total     102     102
   -------------------------

  ==> Iterations <==

                           Total Energy        Delta E     RMS |[F,P]|

   @DF-RKS iter SAD:  -300.10072239038863   -3.00101e+02   0.00000e+00 
   @DF-RKS iter   1:  -296.34787528536009    3.75285e+00   3.46787e-02 ADIIS/DIIS
   @DF-RKS iter   2:  -274.50873023689434    2.18391e+01   6.34254e-02 ADIIS/DIIS
   @DF-RKS iter   3:  -304.98500616923940   -3.04763e+01   1.54107e-02 ADIIS/DIIS
   @DF-RKS iter   4:  -305.15891976166341   -1.73914e-01   1.44382e-02 ADIIS/DIIS
   @DF-RKS iter   5:  -306.07389717586443   -9.14977e-01   4.60191e-03 ADIIS/DIIS
   @DF-RKS iter   6:  -306.17138168069448   -9.74845e-02   1.70362e-03 ADIIS/DIIS
   @DF-RKS iter   7:  -306.18495913467700   -1.35775e-02   4.72101e-04 ADIIS/DIIS
   @DF-RKS iter   8:  -306.18586595134440   -9.06817e-04   2.04513e-04 ADIIS/DIIS
   @DF-RKS iter   9:  -306.18602803550613   -1.62084e-04   1.12896e-04 ADIIS/DIIS
   @DF-RKS iter  10:  -306.18608271063079   -5.46751e-05   4.86087e-05 DIIS
   @DF-RKS iter  11:  -306.18609397725527   -1.12666e-05   8.08910e-06 DIIS
   @DF-RKS iter  12:  -306.18609430539408   -3.28139e-07   1.77105e-06 DIIS
   @DF-RKS iter  13:  -306.18609432783580   -2.24417e-08   7.46246e-07 DIIS
   @DF-RKS iter  14:  -306.18609433232530   -4.48949e-09   2.98638e-07 DIIS
   @DF-RKS iter  15:  -306.18609433307097   -7.45672e-10   1.05355e-07 DIIS
   @DF-RKS iter  16:  -306.18609433313850   -6.75300e-11   9.82952e-09 DIIS
  Energy and wave function converged.


  ==> Post-Iterations <==

   Electrons on quadrature grid:
      Ntotal   =   45.9999742667 ; deviation = -2.573e-05 

    Orbital Energies [Eh]
    ---------------------

    Doubly Occupied:                                                      

       1A    -19.417467     2A    -19.250838     3A    -10.412071  
       4A    -10.347044     5A    -10.338871     6A    -10.336190  
       7A     -1.290326     8A     -0.997545     9A     -0.904981  
      10A     -0.836340    11A     -0.748364    12A     -0.641709  
      13A     -0.614878    14A     -0.592273    15A     -0.580003  
      16A     -0.536076    17A     -0.498274    18A     -0.492313  
      19A     -0.490083    20A     -0.450529    21A     -0.394486  
      22A     -0.307107    23A     -0.292636  

    Virtual:                                                              

      24A     -0.026200    25A      0.108998    26A      0.149152  
      27A      0.169546    28A      0.201108    29A      0.220683  
      30A      0.227567    31A      0.238401    32A      0.258095  
      33A      0.312090    34A      0.349722    35A      0.417005  
      36A      0.442872    37A      0.557043    38A      0.585727  
      39A      0.612158    40A      0.658042    41A      0.661324  
      42A      0.684689    43A      0.706209    44A      0.727516  
      45A      0.748946    46A      0.789810    47A      0.811939  
      48A      0.869696    49A      0.891111    50A      0.904554  
      51A      0.917066    52A      0.945569    53A      0.961815  
      54A      0.976488    55A      1.022112    56A      1.028246  
      57A      1.044245    58A      1.119187    59A      1.136418  
      60A      1.177317    61A      1.203722    62A      1.249520  
      63A      1.362319    64A      1.393593    65A      1.417716  
      66A      1.438180    67A      1.515217    68A      1.602669  
      69A      1.643777    70A      1.689449    71A      1.753381  
      72A      1.800613    73A      1.855267    74A      1.903986  
      75A      1.927100    76A      1.937210    77A      1.973649  
      78A      1.999336    79A      2.070504    80A      2.110904  
      81A      2.144201    82A      2.204619    83A      2.287544  
      84A      2.309897    85A      2.343944    86A      2.420438  
      87A      2.455934    88A      2.543409    89A      2.569696  
      90A      2.585507    91A      2.706622    92A      2.772616  
      93A      2.932823    94A      2.942209    95A      3.160951  
      96A      3.261368    97A      3.616589    98A      4.103166  
      99A      4.165803   100A      4.253945   101A      4.341795  
     102A      4.614966  

    Final Occupation by Irrep:
              A 
    DOCC [    23 ]
    NA   [    23 ]
    NB   [    23 ]

  @DF-RKS Final Energy:  -306.18609433313850

   => Energetics <=

    Nuclear Repulsion Energy =            223.5525412275940766
    One-Electron Energy =                -858.7710068692414325
    Two-Electron Energy =                 357.2428126199843064
    DFT Exchange-Correlation Energy =     -28.2060610184456984
    Empirical Dispersion Energy =          -0.0043802930297587
    VV10 Nonlocal Energy =                  0.0000000000000000
    Total Energy =                       -306.1860943331384988

Computation Completed


Properties will be evaluated at   0.000000,   0.000000,   0.000000 [a0]

Properties computed using the SCF density matrix


 Multipole Moments:

 ------------------------------------------------------------------------------------
     Multipole            Electronic (a.u.)      Nuclear  (a.u.)        Total (a.u.)
 ------------------------------------------------------------------------------------

 L = 1.  Multiply by 2.5417464519 to convert [e a0] to [Debye]
 Dipole X            :         -1.4731272           -0.3892037           -1.8623309
 Dipole Y            :          0.6394515            0.0827068            0.7221583
 Dipole Z            :          0.1902475           -0.1669700            0.0232775
 Magnitude           :                                                    1.9975812

 ------------------------------------------------------------------------------------

*** tstop() called on cst14372 at Tue Apr 21 11:03:12 2026
Module time:
	user time   =      26.90 seconds =       0.45 minutes
	system time =       0.35 seconds =       0.01 minutes
	total time  =         13 seconds =       0.22 minutes
Total time:
	user time   =     300.05 seconds =       5.00 minutes
	system time =       4.10 seconds =       0.07 minutes
	total time  =        145 seconds =       2.42 minutes

Scratch directory: /tmp/
gradient() will perform analytic gradient computation.

*** tstart() called on cst14372
*** at Tue Apr 21 11:03:12 2026


         ------------------------------------------------------------
                                   SCF GRAD                          
                          Rob Parrish, Justin Turney,                
                       Andy Simmonett, and Alex Sokolov              
         ------------------------------------------------------------

  ==> Geometry <==

    Molecular point group: c1
    Full point group: C1

    Geometry (in Angstrom), charge = 0, multiplicity = 1:

       Center              X                  Y                   Z               Mass       
    ------------   -----------------  -----------------  -----------------  -----------------
         C            0.066241383500     0.353786949900     0.030162285900    12.000000000000
         O            1.363303658400     0.309047895300     0.005585552700    15.994914619570
         O            2.002667119600    -0.849316962300    -0.000477959200    15.994914619570
         C           -0.710540221800    -0.876810164200    -0.001504729200    12.000000000000
         C           -2.057474122300    -0.922459709100    -0.039258846000    12.000000000000
         C           -0.540251139800     1.709147239700     0.018783270200    12.000000000000
         H           -0.228760037600    -1.894300120200     0.154461888700     1.007825032230
         H           -2.669855011200     0.034148855300    -0.130736697700     1.007825032230
         H           -2.668851086300    -1.801250042800    -0.102157620100     1.007825032230
         H            0.317173718700     2.410123365600    -0.018621350700     1.007825032230
         H           -1.199471115900     2.069369859300     0.885320137400     1.007825032230
         H           -1.231815825600     1.965841269600    -0.966575713500     1.007825032230

  Nuclear repulsion =  223.552541227594077

  ==> Basis Set <==

  Basis Set: 6-31G*
    Blend: 6-31G*
    Number of shells: 48
    Number of basis functions: 102
    Number of Cartesian functions: 102
    Spherical Harmonics?: false
    Max angular momentum: 2

  ==> DFJKGrad: Density-Fitted SCF Gradients <==

    Gradient:                    1
    J tasked:                  Yes
    K tasked:                  Yes
    wK tasked:                 Yes
    Omega:               2.000E-01
    OpenMP threads:              4
    Integrals threads:           4
    Memory [MiB]:             4291
    Schwarz Cutoff:          1E-12
    Fitting Condition:       1E-10

   => Auxiliary Basis Set <=

  Basis Set: (6-31G* AUX)
    Blend: CC-PVDZ-JKFIT
    Number of shells: 198
    Number of basis functions: 636
    Number of Cartesian functions: 636
    Spherical Harmonics?: false
    Max angular momentum: 3

  ==> DFT Potential <==

   => LibXC <=

    Version 7.0.0
    S. Lehtola, C. Steigemann, M. J.T. Oliveira, and M. A.L. Marques.,  SoftwareX 7, 1–5 (2018) (10.1016/j.softx.2017.11.002)

   => Composite Functional: WB97X-D <= 

    wB97X-D Hyb-GGA Exchange-Correlation Functional

    J.-D. Chai and M. Head-Gordon.,  Phys. Chem. Chem. Phys. 10, 6615-6620 (2008) (10.1039/B810189B)

    Deriv               =              1
    GGA                 =           TRUE
    Meta                =          FALSE

    Exchange Hybrid     =           TRUE
    MP2 Hybrid          =          FALSE

   => Exchange-Correlation Functionals <=

    1.0000   wB97X-D range-separated functional

   => Exact (HF) Exchange <=

    0.7780            HF,LR [omega = 0.2000]
    0.2220               HF 

   => LibXC Density Thresholds  <==

    XC_HYB_GGA_XC_WB97X_D:  1.00E-14 

   => Molecular Quadrature <=

    Radial Scheme          =       TREUTLER
    Pruning Scheme         =           NONE
    Nuclear Scheme         =       TREUTLER

    Blocking Scheme        =         OCTREE
    BS radius alpha        =              1
    Pruning alpha          =              1
    Radial Points          =             75
    Spherical Points       =            302
    Total Points           =         254585
    Total Blocks           =           1941
    Max Points             =            256
    Max Functions          =            100
    Weights Tolerance      =       1.00E-15


  -Total Gradient:
     Atom            X                  Y                   Z
    ------   -----------------  -----------------  -----------------
       1       -0.000510390970     0.021041536357     0.001978145067
       2        0.026597996656    -0.015639974499    -0.003465328859
       3       -0.001586566022     0.007489676286     0.000858888906
       4        0.006160181332     0.041743289771    -0.017549258007
       5        0.008383513066    -0.052886954902     0.011808650396
       6        0.026354926236    -0.047614181052     0.029898371604
       7       -0.000637350467    -0.034402931417     0.010019589291
       8       -0.016317775931     0.022952161735    -0.002975312007
       9       -0.003157860593     0.012779616064    -0.004363959706
      10        0.009127082728     0.001638138588     0.001099169010
      11       -0.018607926899     0.023100320951     0.016477738071
      12       -0.035902926468     0.019824493349    -0.044270486572


*** tstop() called on cst14372 at Tue Apr 21 11:03:14 2026
Module time:
	user time   =       3.77 seconds =       0.06 minutes
	system time =       0.06 seconds =       0.00 minutes
	total time  =          2 seconds =       0.03 minutes
Total time:
	user time   =     303.83 seconds =       5.06 minutes
	system time =       4.16 seconds =       0.07 minutes
	total time  =        147 seconds =       2.45 minutes

Scratch directory: /tmp/
   => Libint2 <=

    Primary   basis highest AM E, G, H:  6, 6, 3
    Auxiliary basis highest AM E, G, H:  7, 7, 4
    Onebody   basis highest AM E, G, H:  -, -, -
    Solid Harmonics ordering:            Gaussian

*** tstart() called on cst14372
*** at Tue Apr 21 11:03:14 2026

   => Loading Basis Set <=

    Name: 6-31G*
    Role: ORBITAL
    Keyword: BASIS
    atoms 1, 4-6 entry C          line   111 file /Users/jmsmith1/anaconda3/envs/jupyterenv/share/psi4/basis/6-31gs.gbs 
    atoms 2-3    entry O          line   145 file /Users/jmsmith1/anaconda3/envs/jupyterenv/share/psi4/basis/6-31gs.gbs 
    atoms 7-12   entry H          line    44 file /Users/jmsmith1/anaconda3/envs/jupyterenv/share/psi4/basis/6-31gs.gbs 

   => WB97X-D: Empirical Dispersion <=

    Chai and Head-Gordon Dispersion Correction
    Chai, J.-D.; Head-Gordon, M. (2010), J. Chem. Phys., 132: 6615-6620

        s6 =       1.000000


         ---------------------------------------------------------
                                   SCF
               by Justin Turney, Rob Parrish, Andy Simmonett
                          and Daniel G. A. Smith
                              RKS Reference
                        4 Threads,   5722 MiB Core
         ---------------------------------------------------------

  ==> Geometry <==

    Molecular point group: c1
    Full point group: C1

    Geometry (in Angstrom), charge = 0, multiplicity = 1:

       Center              X                  Y                   Z               Mass       
    ------------   -----------------  -----------------  -----------------  -----------------
         C            0.066307962900     0.354224830900     0.033514875800    12.000000000000
         O            1.365737237300     0.309774357700     0.006236858300    15.994914619570
         O            2.005576184000    -0.846021728900    -0.000538181700    15.994914619570
         C           -0.710398215600    -0.877760671600    -0.001494461500    12.000000000000
         C           -2.058400698900    -0.926586681300    -0.043768189800    12.000000000000
         C           -0.544154520400     1.707807018400     0.020519492200    12.000000000000
         H           -0.240773014700    -1.902432824200     0.170557836700     1.007825032230
         H           -2.670595927200     0.031311459100    -0.145024785900     1.007825032230
         H           -2.676216556700    -1.801500696100    -0.113042997800     1.007825032230
         H            0.318142357700     2.404153356900    -0.020859941200     1.007825032230
         H           -1.204267900900     2.087367323300     0.883151357600     1.007825032230
         H           -1.237576801000     1.972506099600    -0.969396683600     1.007825032230

  Running in c1 symmetry.

  Rotational constants: A =      0.18341  B =      0.09684  C =      0.06425 [cm^-1]
  Rotational constants: A =   5498.54316  B =   2903.13856  C =   1926.19355 [MHz]
  Nuclear repulsion =  223.336621196341099

  Charge       = 0
  Multiplicity = 1
  Electrons    = 46
  Nalpha       = 23
  Nbeta        = 23

  ==> Algorithm <==

  SCF Algorithm Type is DF.
  DIIS enabled.
  MOM disabled.
  Fractional occupation disabled.
  Guess Type is SAD.
  Energy threshold   = 1.00e-07
  Density threshold  = 1.00e-07
  Integral threshold = 1.00e-12

  ==> Primary Basis <==

  Basis Set: 6-31G*
    Blend: 6-31G*
    Number of shells: 48
    Number of basis functions: 102
    Number of Cartesian functions: 102
    Spherical Harmonics?: false
    Max angular momentum: 2

  ==> DFT Potential <==

   => LibXC <=

    Version 7.0.0
    S. Lehtola, C. Steigemann, M. J.T. Oliveira, and M. A.L. Marques.,  SoftwareX 7, 1–5 (2018) (10.1016/j.softx.2017.11.002)

   => Composite Functional: WB97X-D <= 

    wB97X-D Hyb-GGA Exchange-Correlation Functional

    J.-D. Chai and M. Head-Gordon.,  Phys. Chem. Chem. Phys. 10, 6615-6620 (2008) (10.1039/B810189B)

    Deriv               =              1
    GGA                 =           TRUE
    Meta                =          FALSE

    Exchange Hybrid     =           TRUE
    MP2 Hybrid          =          FALSE

   => Exchange-Correlation Functionals <=

    1.0000   wB97X-D range-separated functional

   => Exact (HF) Exchange <=

    0.7780            HF,LR [omega = 0.2000]
    0.2220               HF 

   => LibXC Density Thresholds  <==

    XC_HYB_GGA_XC_WB97X_D:  1.00E-14 

   => Molecular Quadrature <=

    Radial Scheme          =       TREUTLER
    Pruning Scheme         =           NONE
    Nuclear Scheme         =       TREUTLER

    Blocking Scheme        =         OCTREE
    BS radius alpha        =              1
    Pruning alpha          =              1
    Radial Points          =             75
    Spherical Points       =            302
    Total Points           =         254621
    Total Blocks           =           1936
    Max Points             =            256
    Max Functions          =            100
    Weights Tolerance      =       1.00E-15

   => Loading Basis Set <=

    Name: (6-31G* AUX)
    Role: JKFIT
    Keyword: DF_BASIS_SCF
    atoms 1, 4-6 entry C          line   121 file /Users/jmsmith1/anaconda3/envs/jupyterenv/share/psi4/basis/cc-pvdz-jkfit.gbs 
    atoms 2-3    entry O          line   221 file /Users/jmsmith1/anaconda3/envs/jupyterenv/share/psi4/basis/cc-pvdz-jkfit.gbs 
    atoms 7-12   entry H          line    51 file /Users/jmsmith1/anaconda3/envs/jupyterenv/share/psi4/basis/cc-pvdz-jkfit.gbs 

  ==> Integral Setup <==

  DFHelper Memory: AOs need 0.151 GiB; user supplied 3.600 GiB. 
  SCF_SUBTYPE=INCORE selected. In-core MEM_DF algorithm will be used.
  Using in-core AOs.

  ==> MemDFJK: Density-Fitted J/K Matrices <==

    J tasked:                   Yes
    K tasked:                   Yes
    wK tasked:                  Yes
    Omega:                2.000E-01
    OpenMP threads:               4
    Memory [MiB]:              3686
    Algorithm:                 Core
    Schwarz Cutoff:           1E-12
    Mask sparsity (%):       1.6532
    Fitting Condition:        1E-10

   => Auxiliary Basis Set <=

  Basis Set: (6-31G* AUX)
    Blend: CC-PVDZ-JKFIT
    Number of shells: 198
    Number of basis functions: 636
    Number of Cartesian functions: 636
    Spherical Harmonics?: false
    Max angular momentum: 3

  Cached 100.0% of DFT collocation blocks in 0.591 [GiB].

  Minimum eigenvalue in the overlap matrix is 3.0314069981E-03.
  Reciprocal condition number of the overlap matrix is 4.4256081152E-04.
    Using symmetric orthogonalization.

  ==> Pre-Iterations <==

  SCF Guess: Superposition of Atomic Densities via on-the-fly atomic UHF (no occupation information).

   -------------------------
    Irrep   Nso     Nmo    
   -------------------------
     A        102     102 
   -------------------------
    Total     102     102
   -------------------------

  ==> Iterations <==

                           Total Energy        Delta E     RMS |[F,P]|

   @DF-RKS iter SAD:  -300.08434704250465   -3.00084e+02   0.00000e+00 
   @DF-RKS iter   1:  -296.32504786778020    3.75930e+00   3.46731e-02 ADIIS/DIIS
   @DF-RKS iter   2:  -274.46739505882124    2.18577e+01   6.34090e-02 ADIIS/DIIS
   @DF-RKS iter   3:  -304.97329902049097   -3.05059e+01   1.54398e-02 ADIIS/DIIS
   @DF-RKS iter   4:  -305.15872514507794   -1.85426e-01   1.44181e-02 ADIIS/DIIS
   @DF-RKS iter   5:  -306.06844644802374   -9.09721e-01   4.64613e-03 ADIIS/DIIS
   @DF-RKS iter   6:  -306.16790860866575   -9.94622e-02   1.71712e-03 ADIIS/DIIS
   @DF-RKS iter   7:  -306.18165605208998   -1.37474e-02   4.84106e-04 ADIIS/DIIS
   @DF-RKS iter   8:  -306.18261112197229   -9.55070e-04   2.04609e-04 ADIIS/DIIS
   @DF-RKS iter   9:  -306.18277465982175   -1.63538e-04   1.12802e-04 ADIIS/DIIS
   @DF-RKS iter  10:  -306.18282931406827   -5.46542e-05   4.87781e-05 DIIS
   @DF-RKS iter  11:  -306.18284069211961   -1.13781e-05   7.93709e-06 DIIS
   @DF-RKS iter  12:  -306.18284100894130   -3.16822e-07   1.68979e-06 DIIS
   @DF-RKS iter  13:  -306.18284102980624   -2.08649e-08   7.14539e-07 DIIS
   @DF-RKS iter  14:  -306.18284103397264   -4.16640e-09   2.87543e-07 DIIS
   @DF-RKS iter  15:  -306.18284103467204   -6.99401e-10   1.03953e-07 DIIS
   @DF-RKS iter  16:  -306.18284103474605   -7.40101e-11   1.04430e-08 DIIS
  Energy and wave function converged.


  ==> Post-Iterations <==

   Electrons on quadrature grid:
      Ntotal   =   45.9999764761 ; deviation = -2.352e-05 

    Orbital Energies [Eh]
    ---------------------

    Doubly Occupied:                                                      

       1A    -19.418244     2A    -19.251787     3A    -10.412698  
       4A    -10.348055     5A    -10.339054     6A    -10.336873  
       7A     -1.291115     8A     -0.997808     9A     -0.904394  
      10A     -0.835855    11A     -0.747921    12A     -0.642029  
      13A     -0.614600    14A     -0.592514    15A     -0.579913  
      16A     -0.536082    17A     -0.497629    18A     -0.491712  
      19A     -0.488781    20A     -0.449916    21A     -0.394056  
      22A     -0.307633    23A     -0.292854  

    Virtual:                                                              

      24A     -0.026752    25A      0.107441    26A      0.148104  
      27A      0.168843    28A      0.200174    29A      0.219986  
      30A      0.227325    31A      0.238208    32A      0.257200  
      33A      0.311682    34A      0.348980    35A      0.417934  
      36A      0.443402    37A      0.556711    38A      0.585481  
      39A      0.612315    40A      0.657128    41A      0.660609  
      42A      0.685560    43A      0.706668    44A      0.726617  
      45A      0.748911    46A      0.790306    47A      0.813559  
      48A      0.867434    49A      0.889065    50A      0.904232  
      51A      0.915993    52A      0.944624    53A      0.958833  
      54A      0.974314    55A      1.021559    56A      1.027963  
      57A      1.042728    58A      1.117517    59A      1.135245  
      60A      1.175854    61A      1.202291    62A      1.245758  
      63A      1.360803    64A      1.392537    65A      1.417631  
      66A      1.439241    67A      1.511302    68A      1.604980  
      69A      1.645373    70A      1.687924    71A      1.754547  
      72A      1.797470    73A      1.853120    74A      1.899255  
      75A      1.923826    76A      1.934977    77A      1.968080  
      78A      1.996961    79A      2.070017    80A      2.109487  
      81A      2.143284    82A      2.204819    83A      2.287771  
      84A      2.308964    85A      2.343007    86A      2.419226  
      87A      2.455655    88A      2.541818    89A      2.570205  
      90A      2.583570    91A      2.706434    92A      2.772784  
      93A      2.930739    94A      2.940656    95A      3.157800  
      96A      3.259156    97A      3.614930    98A      4.101786  
      99A      4.164121   100A      4.252116   101A      4.340225  
     102A      4.613722  

    Final Occupation by Irrep:
              A 
    DOCC [    23 ]
    NA   [    23 ]
    NB   [    23 ]

  @DF-RKS Final Energy:  -306.18284103474605

   => Energetics <=

    Nuclear Repulsion Energy =            223.3366211963410990
    One-Electron Energy =                -858.3348454382542059
    Two-Electron Energy =                 357.0192491755107653
    DFT Exchange-Correlation Energy =     -28.1994926070403338
    Empirical Dispersion Energy =          -0.0043733613033525
    VV10 Nonlocal Energy =                  0.0000000000000000
    Total Energy =                       -306.1828410347460476

Computation Completed


Properties will be evaluated at   0.000000,   0.000000,   0.000000 [a0]

Properties computed using the SCF density matrix


 Multipole Moments:

 ------------------------------------------------------------------------------------
     Multipole            Electronic (a.u.)      Nuclear  (a.u.)        Total (a.u.)
 ------------------------------------------------------------------------------------

 L = 1.  Multiply by 2.5417464519 to convert [e a0] to [Debye]
 Dipole X            :         -1.4384918           -0.4169743           -1.8554661
 Dipole Y            :          0.6285119            0.0898238            0.7183357
 Dipole Z            :          0.2070779           -0.1821611            0.0249168
 Magnitude           :                                                    1.9898195

 ------------------------------------------------------------------------------------

*** tstop() called on cst14372 at Tue Apr 21 11:03:26 2026
Module time:
	user time   =      26.97 seconds =       0.45 minutes
	system time =       0.36 seconds =       0.01 minutes
	total time  =         12 seconds =       0.20 minutes
Total time:
	user time   =     330.82 seconds =       5.51 minutes
	system time =       4.53 seconds =       0.08 minutes
	total time  =        159 seconds =       2.65 minutes

Scratch directory: /tmp/
gradient() will perform analytic gradient computation.

*** tstart() called on cst14372
*** at Tue Apr 21 11:03:27 2026


         ------------------------------------------------------------
                                   SCF GRAD                          
                          Rob Parrish, Justin Turney,                
                       Andy Simmonett, and Alex Sokolov              
         ------------------------------------------------------------

  ==> Geometry <==

    Molecular point group: c1
    Full point group: C1

    Geometry (in Angstrom), charge = 0, multiplicity = 1:

       Center              X                  Y                   Z               Mass       
    ------------   -----------------  -----------------  -----------------  -----------------
         C            0.066307962900     0.354224830900     0.033514875800    12.000000000000
         O            1.365737237300     0.309774357700     0.006236858300    15.994914619570
         O            2.005576184000    -0.846021728900    -0.000538181700    15.994914619570
         C           -0.710398215600    -0.877760671600    -0.001494461500    12.000000000000
         C           -2.058400698900    -0.926586681300    -0.043768189800    12.000000000000
         C           -0.544154520400     1.707807018400     0.020519492200    12.000000000000
         H           -0.240773014700    -1.902432824200     0.170557836700     1.007825032230
         H           -2.670595927200     0.031311459100    -0.145024785900     1.007825032230
         H           -2.676216556700    -1.801500696100    -0.113042997800     1.007825032230
         H            0.318142357700     2.404153356900    -0.020859941200     1.007825032230
         H           -1.204267900900     2.087367323300     0.883151357600     1.007825032230
         H           -1.237576801000     1.972506099600    -0.969396683600     1.007825032230

  Nuclear repulsion =  223.336621196341099

  ==> Basis Set <==

  Basis Set: 6-31G*
    Blend: 6-31G*
    Number of shells: 48
    Number of basis functions: 102
    Number of Cartesian functions: 102
    Spherical Harmonics?: false
    Max angular momentum: 2

  ==> DFJKGrad: Density-Fitted SCF Gradients <==

    Gradient:                    1
    J tasked:                  Yes
    K tasked:                  Yes
    wK tasked:                 Yes
    Omega:               2.000E-01
    OpenMP threads:              4
    Integrals threads:           4
    Memory [MiB]:             4291
    Schwarz Cutoff:          1E-12
    Fitting Condition:       1E-10

   => Auxiliary Basis Set <=

  Basis Set: (6-31G* AUX)
    Blend: CC-PVDZ-JKFIT
    Number of shells: 198
    Number of basis functions: 636
    Number of Cartesian functions: 636
    Spherical Harmonics?: false
    Max angular momentum: 3

  ==> DFT Potential <==

   => LibXC <=

    Version 7.0.0
    S. Lehtola, C. Steigemann, M. J.T. Oliveira, and M. A.L. Marques.,  SoftwareX 7, 1–5 (2018) (10.1016/j.softx.2017.11.002)

   => Composite Functional: WB97X-D <= 

    wB97X-D Hyb-GGA Exchange-Correlation Functional

    J.-D. Chai and M. Head-Gordon.,  Phys. Chem. Chem. Phys. 10, 6615-6620 (2008) (10.1039/B810189B)

    Deriv               =              1
    GGA                 =           TRUE
    Meta                =          FALSE

    Exchange Hybrid     =           TRUE
    MP2 Hybrid          =          FALSE

   => Exchange-Correlation Functionals <=

    1.0000   wB97X-D range-separated functional

   => Exact (HF) Exchange <=

    0.7780            HF,LR [omega = 0.2000]
    0.2220               HF 

   => LibXC Density Thresholds  <==

    XC_HYB_GGA_XC_WB97X_D:  1.00E-14 

   => Molecular Quadrature <=

    Radial Scheme          =       TREUTLER
    Pruning Scheme         =           NONE
    Nuclear Scheme         =       TREUTLER

    Blocking Scheme        =         OCTREE
    BS radius alpha        =              1
    Pruning alpha          =              1
    Radial Points          =             75
    Spherical Points       =            302
    Total Points           =         254621
    Total Blocks           =           1936
    Max Points             =            256
    Max Functions          =            100
    Weights Tolerance      =       1.00E-15


  -Total Gradient:
     Atom            X                  Y                   Z
    ------   -----------------  -----------------  -----------------
       1       -0.000381347308     0.022777287801     0.002188668566
       2        0.029216221969    -0.017210527411    -0.003839607514
       3       -0.001737727886     0.008364708219     0.000935173072
       4        0.007655259892     0.044367979728    -0.019355987261
       5        0.008584338067    -0.054938962283     0.013136887625
       6        0.026101540242    -0.050961953463     0.030771829946
       7       -0.001667378800    -0.036311616737     0.011164534705
       8       -0.016754795562     0.023353463892    -0.003339795256
       9       -0.004203947765     0.012804873432    -0.004837978117
      10        0.009701876245     0.001365097716     0.001114551978
      11       -0.019674483976     0.025222147459     0.016923088103
      12       -0.036938869032     0.021161336915    -0.045270242357


*** tstop() called on cst14372 at Tue Apr 21 11:03:29 2026
Module time:
	user time   =       4.22 seconds =       0.07 minutes
	system time =       0.09 seconds =       0.00 minutes
	total time  =          2 seconds =       0.03 minutes
Total time:
	user time   =     335.05 seconds =       5.58 minutes
	system time =       4.62 seconds =       0.08 minutes
	total time  =        162 seconds =       2.70 minutes

Scratch directory: /tmp/
   => Libint2 <=

    Primary   basis highest AM E, G, H:  6, 6, 3
    Auxiliary basis highest AM E, G, H:  7, 7, 4
    Onebody   basis highest AM E, G, H:  -, -, -
    Solid Harmonics ordering:            Gaussian

*** tstart() called on cst14372
*** at Tue Apr 21 11:03:29 2026

   => Loading Basis Set <=

    Name: 6-31G*
    Role: ORBITAL
    Keyword: BASIS
    atoms 1, 4-6 entry C          line   111 file /Users/jmsmith1/anaconda3/envs/jupyterenv/share/psi4/basis/6-31gs.gbs 
    atoms 2-3    entry O          line   145 file /Users/jmsmith1/anaconda3/envs/jupyterenv/share/psi4/basis/6-31gs.gbs 
    atoms 7-12   entry H          line    44 file /Users/jmsmith1/anaconda3/envs/jupyterenv/share/psi4/basis/6-31gs.gbs 

   => WB97X-D: Empirical Dispersion <=

    Chai and Head-Gordon Dispersion Correction
    Chai, J.-D.; Head-Gordon, M. (2010), J. Chem. Phys., 132: 6615-6620

        s6 =       1.000000


         ---------------------------------------------------------
                                   SCF
               by Justin Turney, Rob Parrish, Andy Simmonett
                          and Daniel G. A. Smith
                              RKS Reference
                        4 Threads,   5722 MiB Core
         ---------------------------------------------------------

  ==> Geometry <==

    Molecular point group: c1
    Full point group: C1

    Geometry (in Angstrom), charge = 0, multiplicity = 1:

       Center              X                  Y                   Z               Mass       
    ------------   -----------------  -----------------  -----------------  -----------------
         C            0.066375772300     0.354597611600     0.036867487000    12.000000000000
         O            1.368111941700     0.310539597000     0.006897742500    15.994914619570
         O            2.008494540100    -0.842738424700    -0.000600550600    15.994914619570
         C           -0.710278098900    -0.878841407900    -0.001428146900    12.000000000000
         C           -2.059353880400    -0.930562453000    -0.048324109200    12.000000000000
         C           -0.548140854700     1.706611769500     0.022169934500    12.000000000000
         H           -0.252751259200    -1.909328528700     0.186299228300     1.007825032230
         H           -2.670760360600     0.027663201800    -0.159224771900     1.007825032230
         H           -2.683450994200    -1.802193475700    -0.123782148300     1.007825032230
         H            0.318778207100     2.398124945600    -0.023141218000     1.007825032230
         H           -1.208395190600     2.104528976900     0.880394773700     1.007825032230
         H           -1.242074645600     1.978453693400    -0.970661592400     1.007825032230

  Running in c1 symmetry.

  Rotational constants: A =      0.18322  B =      0.09658  C =      0.06412 [cm^-1]
  Rotational constants: A =   5492.89979  B =   2895.24935  C =   1922.21933 [MHz]
  Nuclear repulsion =  223.136353943304670

  Charge       = 0
  Multiplicity = 1
  Electrons    = 46
  Nalpha       = 23
  Nbeta        = 23

  ==> Algorithm <==

  SCF Algorithm Type is DF.
  DIIS enabled.
  MOM disabled.
  Fractional occupation disabled.
  Guess Type is SAD.
  Energy threshold   = 1.00e-07
  Density threshold  = 1.00e-07
  Integral threshold = 1.00e-12

  ==> Primary Basis <==

  Basis Set: 6-31G*
    Blend: 6-31G*
    Number of shells: 48
    Number of basis functions: 102
    Number of Cartesian functions: 102
    Spherical Harmonics?: false
    Max angular momentum: 2

  ==> DFT Potential <==

   => LibXC <=

    Version 7.0.0
    S. Lehtola, C. Steigemann, M. J.T. Oliveira, and M. A.L. Marques.,  SoftwareX 7, 1–5 (2018) (10.1016/j.softx.2017.11.002)

   => Composite Functional: WB97X-D <= 

    wB97X-D Hyb-GGA Exchange-Correlation Functional

    J.-D. Chai and M. Head-Gordon.,  Phys. Chem. Chem. Phys. 10, 6615-6620 (2008) (10.1039/B810189B)

    Deriv               =              1
    GGA                 =           TRUE
    Meta                =          FALSE

    Exchange Hybrid     =           TRUE
    MP2 Hybrid          =          FALSE

   => Exchange-Correlation Functionals <=

    1.0000   wB97X-D range-separated functional

   => Exact (HF) Exchange <=

    0.7780            HF,LR [omega = 0.2000]
    0.2220               HF 

   => LibXC Density Thresholds  <==

    XC_HYB_GGA_XC_WB97X_D:  1.00E-14 

   => Molecular Quadrature <=

    Radial Scheme          =       TREUTLER
    Pruning Scheme         =           NONE
    Nuclear Scheme         =       TREUTLER

    Blocking Scheme        =         OCTREE
    BS radius alpha        =              1
    Pruning alpha          =              1
    Radial Points          =             75
    Spherical Points       =            302
    Total Points           =         254663
    Total Blocks           =           1934
    Max Points             =            256
    Max Functions          =            100
    Weights Tolerance      =       1.00E-15

   => Loading Basis Set <=

    Name: (6-31G* AUX)
    Role: JKFIT
    Keyword: DF_BASIS_SCF
    atoms 1, 4-6 entry C          line   121 file /Users/jmsmith1/anaconda3/envs/jupyterenv/share/psi4/basis/cc-pvdz-jkfit.gbs 
    atoms 2-3    entry O          line   221 file /Users/jmsmith1/anaconda3/envs/jupyterenv/share/psi4/basis/cc-pvdz-jkfit.gbs 
    atoms 7-12   entry H          line    51 file /Users/jmsmith1/anaconda3/envs/jupyterenv/share/psi4/basis/cc-pvdz-jkfit.gbs 

  ==> Integral Setup <==

  DFHelper Memory: AOs need 0.151 GiB; user supplied 3.601 GiB. 
  SCF_SUBTYPE=INCORE selected. In-core MEM_DF algorithm will be used.
  Using in-core AOs.

  ==> MemDFJK: Density-Fitted J/K Matrices <==

    J tasked:                   Yes
    K tasked:                   Yes
    wK tasked:                  Yes
    Omega:                2.000E-01
    OpenMP threads:               4
    Memory [MiB]:              3686
    Algorithm:                 Core
    Schwarz Cutoff:           1E-12
    Mask sparsity (%):       1.6532
    Fitting Condition:        1E-10

   => Auxiliary Basis Set <=

  Basis Set: (6-31G* AUX)
    Blend: CC-PVDZ-JKFIT
    Number of shells: 198
    Number of basis functions: 636
    Number of Cartesian functions: 636
    Spherical Harmonics?: false
    Max angular momentum: 3

  Cached 100.0% of DFT collocation blocks in 0.590 [GiB].

  Minimum eigenvalue in the overlap matrix is 3.0499817878E-03.
  Reciprocal condition number of the overlap matrix is 4.4593738683E-04.
    Using symmetric orthogonalization.

  ==> Pre-Iterations <==

  SCF Guess: Superposition of Atomic Densities via on-the-fly atomic UHF (no occupation information).

   -------------------------
    Irrep   Nso     Nmo    
   -------------------------
     A        102     102 
   -------------------------
    Total     102     102
   -------------------------

  ==> Iterations <==

                           Total Energy        Delta E     RMS |[F,P]|

   @DF-RKS iter SAD:  -300.07125468943747   -3.00071e+02   0.00000e+00 
   @DF-RKS iter   1:  -296.30715966665070    3.76410e+00   3.46657e-02 ADIIS/DIIS
   @DF-RKS iter   2:  -274.44121433202724    2.18659e+01   6.34001e-02 ADIIS/DIIS
   @DF-RKS iter   3:  -304.96156888246344   -3.05204e+01   1.54733e-02 ADIIS/DIIS
   @DF-RKS iter   4:  -305.14978998329758   -1.88221e-01   1.44476e-02 ADIIS/DIIS
   @DF-RKS iter   5:  -306.06329619234197   -9.13506e-01   4.68740e-03 ADIIS/DIIS
   @DF-RKS iter   6:  -306.16469421168881   -1.01398e-01   1.73292e-03 ADIIS/DIIS
   @DF-RKS iter   7:  -306.17866854269630   -1.39743e-02   4.94126e-04 ADIIS/DIIS
   @DF-RKS iter   8:  -306.17966540230213   -9.96860e-04   2.06082e-04 ADIIS/DIIS
   @DF-RKS iter   9:  -306.17983236782686   -1.66966e-04   1.12861e-04 ADIIS/DIIS
   @DF-RKS iter  10:  -306.17988728189016   -5.49141e-05   4.88067e-05 DIIS
   @DF-RKS iter  11:  -306.17989870958814   -1.14277e-05   7.80666e-06 DIIS
   @DF-RKS iter  12:  -306.17989901718209   -3.07594e-07   1.61027e-06 DIIS
   @DF-RKS iter  13:  -306.17989903657889   -1.93968e-08   6.80494e-07 DIIS
   @DF-RKS iter  14:  -306.17989904041593   -3.83704e-09   2.74303e-07 DIIS
   @DF-RKS iter  15:  -306.17989904106776   -6.51823e-10   1.02003e-07 DIIS
   @DF-RKS iter  16:  -306.17989904113557   -6.78142e-11   1.12768e-08 DIIS
  Energy and wave function converged.


  ==> Post-Iterations <==

   Electrons on quadrature grid:
      Ntotal   =   45.9999783293 ; deviation = -2.167e-05 

    Orbital Energies [Eh]
    ---------------------

    Doubly Occupied:                                                      

       1A    -19.418984     2A    -19.252683     3A    -10.413307  
       4A    -10.348786     5A    -10.339205     6A    -10.337470  
       7A     -1.291875     8A     -0.998023     9A     -0.903844  
      10A     -0.835499    11A     -0.747521    12A     -0.642397  
      13A     -0.614395    14A     -0.592789    15A     -0.579851  
      16A     -0.536029    17A     -0.497310    18A     -0.491096  
      19A     -0.487679    20A     -0.449315    21A     -0.393629  
      22A     -0.308127    23A     -0.293056  

    Virtual:                                                              

      24A     -0.027255    25A      0.106029    26A      0.147332  
      27A      0.168250    28A      0.199545    29A      0.219508  
      30A      0.227125    31A      0.237987    32A      0.256426  
      33A      0.311280    34A      0.348275    35A      0.418734  
      36A      0.443814    37A      0.556469    38A      0.585245  
      39A      0.612392    40A      0.655505    41A      0.660521  
      42A      0.686365    43A      0.707006    44A      0.725688  
      45A      0.748962    46A      0.790846    47A      0.815339  
      48A      0.865779    49A      0.887396    50A      0.904147  
      51A      0.915090    52A      0.943655    53A      0.956064  
      54A      0.972597    55A      1.021026    56A      1.027686  
      57A      1.041432    58A      1.115766    59A      1.134231  
      60A      1.174363    61A      1.200962    62A      1.241958  
      63A      1.359432    64A      1.391395    65A      1.417538  
      66A      1.440377    67A      1.507580    68A      1.606881  
      69A      1.646710    70A      1.686910    71A      1.755632  
      72A      1.794309    73A      1.851206    74A      1.894441  
      75A      1.920562    76A      1.932881    77A      1.963528  
      78A      1.994804    79A      2.069561    80A      2.108357  
      81A      2.143178    82A      2.205144    83A      2.288198  
      84A      2.308389    85A      2.341989    86A      2.418152  
      87A      2.455441    88A      2.540194    89A      2.570654  
      90A      2.581718    91A      2.706283    92A      2.772853  
      93A      2.928711    94A      2.939147    95A      3.154610  
      96A      3.256884    97A      3.613342    98A      4.100545  
      99A      4.162446   100A      4.250461   101A      4.338722  
     102A      4.612407  

    Final Occupation by Irrep:
              A 
    DOCC [    23 ]
    NA   [    23 ]
    NB   [    23 ]

  @DF-RKS Final Energy:  -306.17989904113557

   => Energetics <=

    Nuclear Repulsion Energy =            223.1363539433046697
    One-Electron Energy =                -857.9294242637147363
    Two-Electron Energy =                 356.8115360396516280
    DFT Exchange-Correlation Energy =     -28.1939993321481310
    Empirical Dispersion Energy =          -0.0043654282290230
    VV10 Nonlocal Energy =                  0.0000000000000000
    Total Energy =                       -306.1798990411355703

Computation Completed


Properties will be evaluated at   0.000000,   0.000000,   0.000000 [a0]

Properties computed using the SCF density matrix


 Multipole Moments:

 ------------------------------------------------------------------------------------
     Multipole            Electronic (a.u.)      Nuclear  (a.u.)        Total (a.u.)
 ------------------------------------------------------------------------------------

 L = 1.  Multiply by 2.5417464519 to convert [e a0] to [Debye]
 Dipole X            :         -1.4068053           -0.4425451           -1.8493504
 Dipole Y            :          0.6198343            0.0954148            0.7152491
 Dipole Z            :          0.2227254           -0.1965829            0.0261425
 Magnitude           :                                                    1.9830183

 ------------------------------------------------------------------------------------

*** tstop() called on cst14372 at Tue Apr 21 11:03:42 2026
Module time:
	user time   =      26.67 seconds =       0.44 minutes
	system time =       0.36 seconds =       0.01 minutes
	total time  =         13 seconds =       0.22 minutes
Total time:
	user time   =     361.75 seconds =       6.03 minutes
	system time =       4.99 seconds =       0.08 minutes
	total time  =        175 seconds =       2.92 minutes

Scratch directory: /tmp/
gradient() will perform analytic gradient computation.

*** tstart() called on cst14372
*** at Tue Apr 21 11:03:42 2026


         ------------------------------------------------------------
                                   SCF GRAD                          
                          Rob Parrish, Justin Turney,                
                       Andy Simmonett, and Alex Sokolov              
         ------------------------------------------------------------

  ==> Geometry <==

    Molecular point group: c1
    Full point group: C1

    Geometry (in Angstrom), charge = 0, multiplicity = 1:

       Center              X                  Y                   Z               Mass       
    ------------   -----------------  -----------------  -----------------  -----------------
         C            0.066375772300     0.354597611600     0.036867487000    12.000000000000
         O            1.368111941700     0.310539597000     0.006897742500    15.994914619570
         O            2.008494540100    -0.842738424700    -0.000600550600    15.994914619570
         C           -0.710278098900    -0.878841407900    -0.001428146900    12.000000000000
         C           -2.059353880400    -0.930562453000    -0.048324109200    12.000000000000
         C           -0.548140854700     1.706611769500     0.022169934500    12.000000000000
         H           -0.252751259200    -1.909328528700     0.186299228300     1.007825032230
         H           -2.670760360600     0.027663201800    -0.159224771900     1.007825032230
         H           -2.683450994200    -1.802193475700    -0.123782148300     1.007825032230
         H            0.318778207100     2.398124945600    -0.023141218000     1.007825032230
         H           -1.208395190600     2.104528976900     0.880394773700     1.007825032230
         H           -1.242074645600     1.978453693400    -0.970661592400     1.007825032230

  Nuclear repulsion =  223.136353943304670

  ==> Basis Set <==

  Basis Set: 6-31G*
    Blend: 6-31G*
    Number of shells: 48
    Number of basis functions: 102
    Number of Cartesian functions: 102
    Spherical Harmonics?: false
    Max angular momentum: 2

  ==> DFJKGrad: Density-Fitted SCF Gradients <==

    Gradient:                    1
    J tasked:                  Yes
    K tasked:                  Yes
    wK tasked:                 Yes
    Omega:               2.000E-01
    OpenMP threads:              4
    Integrals threads:           4
    Memory [MiB]:             4291
    Schwarz Cutoff:          1E-12
    Fitting Condition:       1E-10

   => Auxiliary Basis Set <=

  Basis Set: (6-31G* AUX)
    Blend: CC-PVDZ-JKFIT
    Number of shells: 198
    Number of basis functions: 636
    Number of Cartesian functions: 636
    Spherical Harmonics?: false
    Max angular momentum: 3

  ==> DFT Potential <==

   => LibXC <=

    Version 7.0.0
    S. Lehtola, C. Steigemann, M. J.T. Oliveira, and M. A.L. Marques.,  SoftwareX 7, 1–5 (2018) (10.1016/j.softx.2017.11.002)

   => Composite Functional: WB97X-D <= 

    wB97X-D Hyb-GGA Exchange-Correlation Functional

    J.-D. Chai and M. Head-Gordon.,  Phys. Chem. Chem. Phys. 10, 6615-6620 (2008) (10.1039/B810189B)

    Deriv               =              1
    GGA                 =           TRUE
    Meta                =          FALSE

    Exchange Hybrid     =           TRUE
    MP2 Hybrid          =          FALSE

   => Exchange-Correlation Functionals <=

    1.0000   wB97X-D range-separated functional

   => Exact (HF) Exchange <=

    0.7780            HF,LR [omega = 0.2000]
    0.2220               HF 

   => LibXC Density Thresholds  <==

    XC_HYB_GGA_XC_WB97X_D:  1.00E-14 

   => Molecular Quadrature <=

    Radial Scheme          =       TREUTLER
    Pruning Scheme         =           NONE
    Nuclear Scheme         =       TREUTLER

    Blocking Scheme        =         OCTREE
    BS radius alpha        =              1
    Pruning alpha          =              1
    Radial Points          =             75
    Spherical Points       =            302
    Total Points           =         254663
    Total Blocks           =           1934
    Max Points             =            256
    Max Functions          =            100
    Weights Tolerance      =       1.00E-15


  -Total Gradient:
     Atom            X                  Y                   Z
    ------   -----------------  -----------------  -----------------
       1       -0.000205198688     0.024371476275     0.002404545048
       2        0.031770087879    -0.018727163420    -0.004212128936
       3       -0.001896222992     0.009233246290     0.001007394648
       4        0.009272364868     0.046433556503    -0.021070845483
       5        0.008668542322    -0.056202331486     0.014434109187
       6        0.025384515763    -0.053791625665     0.031494889690
       7       -0.002859342660    -0.037702120018     0.012217537116
       8       -0.016907552831     0.023315853155    -0.003664223350
       9       -0.005399990128     0.012545527405    -0.005325248169
      10        0.010134881286     0.000979556671     0.001114251775
      11       -0.020486630825     0.027144905189     0.017016440068
      12       -0.037582027939     0.022342567002    -0.045753650033


*** tstop() called on cst14372 at Tue Apr 21 11:03:43 2026
Module time:
	user time   =       3.78 seconds =       0.06 minutes
	system time =       0.07 seconds =       0.00 minutes
	total time  =          1 seconds =       0.02 minutes
Total time:
	user time   =     365.55 seconds =       6.09 minutes
	system time =       5.06 seconds =       0.08 minutes
	total time  =        176 seconds =       2.93 minutes

Scratch directory: /tmp/
   => Libint2 <=

    Primary   basis highest AM E, G, H:  6, 6, 3
    Auxiliary basis highest AM E, G, H:  7, 7, 4
    Onebody   basis highest AM E, G, H:  -, -, -
    Solid Harmonics ordering:            Gaussian

*** tstart() called on cst14372
*** at Tue Apr 21 11:03:44 2026

   => Loading Basis Set <=

    Name: 6-31G*
    Role: ORBITAL
    Keyword: BASIS
    atoms 1, 4-6 entry C          line   111 file /Users/jmsmith1/anaconda3/envs/jupyterenv/share/psi4/basis/6-31gs.gbs 
    atoms 2-3    entry O          line   145 file /Users/jmsmith1/anaconda3/envs/jupyterenv/share/psi4/basis/6-31gs.gbs 
    atoms 7-12   entry H          line    44 file /Users/jmsmith1/anaconda3/envs/jupyterenv/share/psi4/basis/6-31gs.gbs 

   => WB97X-D: Empirical Dispersion <=

    Chai and Head-Gordon Dispersion Correction
    Chai, J.-D.; Head-Gordon, M. (2010), J. Chem. Phys., 132: 6615-6620

        s6 =       1.000000


         ---------------------------------------------------------
                                   SCF
               by Justin Turney, Rob Parrish, Andy Simmonett
                          and Daniel G. A. Smith
                              RKS Reference
                        4 Threads,   5722 MiB Core
         ---------------------------------------------------------

  ==> Geometry <==

    Molecular point group: c1
    Full point group: C1

    Geometry (in Angstrom), charge = 0, multiplicity = 1:

       Center              X                  Y                   Z               Mass       
    ------------   -----------------  -----------------  -----------------  -----------------
         C            0.066444316200     0.354900613200     0.040220084400    12.000000000000
         O            1.370422522300     0.311347120800     0.007569150200    15.994914619570
         O            2.011423064200    -0.839468383300    -0.000665238100    15.994914619570
         C           -0.710184575200    -0.880058801000    -0.001300698200    12.000000000000
         C           -2.060334130900    -0.934383766400    -0.052931253100    12.000000000000
         C           -0.552208933100     1.705569761700     0.023732624200    12.000000000000
         H           -0.264655693800    -1.914938028500     0.201651806800     1.007825032230
         H           -2.670341927200     0.023203130400    -0.173327788200     1.007825032230
         H           -2.690514155500    -1.803320435100    -0.134359862600     1.007825032230
         H            0.319065782400     2.392050254200    -0.025465656600     1.007825032230
         H           -1.211824368600     2.120789857200     0.877045514600     1.007825032230
         H           -1.245285459400     1.983642928700    -0.970350900300     1.007825032230

  Running in c1 symmetry.

  Rotational constants: A =      0.18305  B =      0.09632  C =      0.06399 [cm^-1]
  Rotational constants: A =   5487.63649  B =   2887.55487  C =   1918.33204 [MHz]
  Nuclear repulsion =  222.952237818743782

  Charge       = 0
  Multiplicity = 1
  Electrons    = 46
  Nalpha       = 23
  Nbeta        = 23

  ==> Algorithm <==

  SCF Algorithm Type is DF.
  DIIS enabled.
  MOM disabled.
  Fractional occupation disabled.
  Guess Type is SAD.
  Energy threshold   = 1.00e-07
  Density threshold  = 1.00e-07
  Integral threshold = 1.00e-12

  ==> Primary Basis <==

  Basis Set: 6-31G*
    Blend: 6-31G*
    Number of shells: 48
    Number of basis functions: 102
    Number of Cartesian functions: 102
    Spherical Harmonics?: false
    Max angular momentum: 2

  ==> DFT Potential <==

   => LibXC <=

    Version 7.0.0
    S. Lehtola, C. Steigemann, M. J.T. Oliveira, and M. A.L. Marques.,  SoftwareX 7, 1–5 (2018) (10.1016/j.softx.2017.11.002)

   => Composite Functional: WB97X-D <= 

    wB97X-D Hyb-GGA Exchange-Correlation Functional

    J.-D. Chai and M. Head-Gordon.,  Phys. Chem. Chem. Phys. 10, 6615-6620 (2008) (10.1039/B810189B)

    Deriv               =              1
    GGA                 =           TRUE
    Meta                =          FALSE

    Exchange Hybrid     =           TRUE
    MP2 Hybrid          =          FALSE

   => Exchange-Correlation Functionals <=

    1.0000   wB97X-D range-separated functional

   => Exact (HF) Exchange <=

    0.7780            HF,LR [omega = 0.2000]
    0.2220               HF 

   => LibXC Density Thresholds  <==

    XC_HYB_GGA_XC_WB97X_D:  1.00E-14 

   => Molecular Quadrature <=

    Radial Scheme          =       TREUTLER
    Pruning Scheme         =           NONE
    Nuclear Scheme         =       TREUTLER

    Blocking Scheme        =         OCTREE
    BS radius alpha        =              1
    Pruning alpha          =              1
    Radial Points          =             75
    Spherical Points       =            302
    Total Points           =         254686
    Total Blocks           =           1940
    Max Points             =            256
    Max Functions          =            100
    Weights Tolerance      =       1.00E-15

   => Loading Basis Set <=

    Name: (6-31G* AUX)
    Role: JKFIT
    Keyword: DF_BASIS_SCF
    atoms 1, 4-6 entry C          line   121 file /Users/jmsmith1/anaconda3/envs/jupyterenv/share/psi4/basis/cc-pvdz-jkfit.gbs 
    atoms 2-3    entry O          line   221 file /Users/jmsmith1/anaconda3/envs/jupyterenv/share/psi4/basis/cc-pvdz-jkfit.gbs 
    atoms 7-12   entry H          line    51 file /Users/jmsmith1/anaconda3/envs/jupyterenv/share/psi4/basis/cc-pvdz-jkfit.gbs 

  ==> Integral Setup <==

  DFHelper Memory: AOs need 0.151 GiB; user supplied 3.601 GiB. 
  SCF_SUBTYPE=INCORE selected. In-core MEM_DF algorithm will be used.
  Using in-core AOs.

  ==> MemDFJK: Density-Fitted J/K Matrices <==

    J tasked:                   Yes
    K tasked:                   Yes
    wK tasked:                  Yes
    Omega:                2.000E-01
    OpenMP threads:               4
    Memory [MiB]:              3687
    Algorithm:                 Core
    Schwarz Cutoff:           1E-12
    Mask sparsity (%):       1.6917
    Fitting Condition:        1E-10

   => Auxiliary Basis Set <=

  Basis Set: (6-31G* AUX)
    Blend: CC-PVDZ-JKFIT
    Number of shells: 198
    Number of basis functions: 636
    Number of Cartesian functions: 636
    Spherical Harmonics?: false
    Max angular momentum: 3

  Cached 100.0% of DFT collocation blocks in 0.590 [GiB].

  Minimum eigenvalue in the overlap matrix is 3.0678431024E-03.
  Reciprocal condition number of the overlap matrix is 4.4915535945E-04.
    Using symmetric orthogonalization.

  ==> Pre-Iterations <==

  SCF Guess: Superposition of Atomic Densities via on-the-fly atomic UHF (no occupation information).

   -------------------------
    Irrep   Nso     Nmo    
   -------------------------
     A        102     102 
   -------------------------
    Total     102     102
   -------------------------

  ==> Iterations <==

                           Total Energy        Delta E     RMS |[F,P]|

   @DF-RKS iter SAD:  -300.06155977894491   -3.00062e+02   0.00000e+00 
   @DF-RKS iter   1:  -296.29422395673259    3.76734e+00   3.46565e-02 ADIIS/DIIS
   @DF-RKS iter   2:  -274.43143316149343    2.18628e+01   6.33888e-02 ADIIS/DIIS
   @DF-RKS iter   3:  -304.95089101490470   -3.05195e+01   1.55054e-02 ADIIS/DIIS
   @DF-RKS iter   4:  -305.13795992687920   -1.87069e-01   1.44965e-02 ADIIS/DIIS
   @DF-RKS iter   5:  -306.05872783996443   -9.20768e-01   4.72312e-03 ADIIS/DIIS
   @DF-RKS iter   6:  -306.16183437307512   -1.03107e-01   1.74994e-03 ADIIS/DIIS
   @DF-RKS iter   7:  -306.17606405561560   -1.42297e-02   5.02944e-04 ADIIS/DIIS
   @DF-RKS iter   8:  -306.17709865625875   -1.03460e-03   2.07912e-04 ADIIS/DIIS
   @DF-RKS iter   9:  -306.17726964646926   -1.70990e-04   1.12835e-04 ADIIS/DIIS
   @DF-RKS iter  10:  -306.17732480158054   -5.51551e-05   4.87429e-05 DIIS
   @DF-RKS iter  11:  -306.17733624103499   -1.14395e-05   7.67810e-06 DIIS
   @DF-RKS iter  12:  -306.17733653999420   -2.98959e-07   1.53600e-06 DIIS
   @DF-RKS iter  13:  -306.17733655810099   -1.81068e-08   6.46227e-07 DIIS
   @DF-RKS iter  14:  -306.17733656163580   -3.53481e-09   2.59456e-07 DIIS
   @DF-RKS iter  15:  -306.17733656224669   -6.10896e-10   9.93297e-08 DIIS
  Energy and wave function converged.


  ==> Post-Iterations <==

   Electrons on quadrature grid:
      Ntotal   =   45.9999794654 ; deviation = -2.053e-05 

    Orbital Energies [Eh]
    ---------------------

    Doubly Occupied:                                                      

       1A    -19.419682     2A    -19.253514     3A    -10.413894  
       4A    -10.349230     5A    -10.339319     6A    -10.337971  
       7A     -1.292595     8A     -0.998186     9A     -0.903330  
      10A     -0.835271    11A     -0.747163    12A     -0.642813  
      13A     -0.614267    14A     -0.593101    15A     -0.579806  
      16A     -0.535931    17A     -0.497251    18A     -0.490509  
      19A     -0.486779    20A     -0.448765    21A     -0.393210  
      22A     -0.308583    23A     -0.293240  

    Virtual:                                                              

      24A     -0.027702    25A      0.104774    26A      0.146861  
      27A      0.167775    28A      0.199237    29A      0.219263  
      30A      0.226960    31A      0.237764    32A      0.255795  
      33A      0.310871    34A      0.347606    35A      0.419403  
      36A      0.444104    37A      0.556316    38A      0.585012  
      39A      0.612387    40A      0.653736    41A      0.660523  
      42A      0.687093    43A      0.707226    44A      0.724729  
      45A      0.749070    46A      0.791499    47A      0.817209  
      48A      0.864680    49A      0.886120    50A      0.904322  
      51A      0.914381    52A      0.942639    53A      0.953547  
      54A      0.971357    55A      1.020494    56A      1.027413  
      57A      1.040388    58A      1.113953    59A      1.133372  
      60A      1.172861    61A      1.199726    62A      1.238173  
      63A      1.358185    64A      1.390208    65A      1.417424  
      66A      1.441580    67A      1.504119    68A      1.608428  
      69A      1.647625    70A      1.686530    71A      1.756633  
      72A      1.791134    73A      1.849548    74A      1.889602  
      75A      1.917424    76A      1.930930    77A      1.959929  
      78A      1.992858    79A      2.069103    80A      2.107514  
      81A      2.143912    82A      2.205544    83A      2.288864  
      84A      2.308192    85A      2.340930    86A      2.417173  
      87A      2.455300    88A      2.538544    89A      2.571035  
      90A      2.579992    91A      2.706168    92A      2.772819  
      93A      2.926749    94A      2.937666    95A      3.151398  
      96A      3.254563    97A      3.611832    98A      4.099451  
      99A      4.160782   100A      4.248984   101A      4.337304  
     102A      4.611035  

    Final Occupation by Irrep:
              A 
    DOCC [    23 ]
    NA   [    23 ]
    NB   [    23 ]

  @DF-RKS Final Energy:  -306.17733656224669

   => Energetics <=

    Nuclear Repulsion Energy =            222.9522378187437823
    One-Electron Energy =                -857.5559231459723151
    Two-Electron Energy =                 356.6203412303356117
    DFT Exchange-Correlation Energy =     -28.1896359322584829
    Empirical Dispersion Energy =          -0.0043565330952666
    VV10 Nonlocal Energy =                  0.0000000000000000
    Total Energy =                       -306.1773365622466940

Computation Completed


Properties will be evaluated at   0.000000,   0.000000,   0.000000 [a0]

Properties computed using the SCF density matrix


 Multipole Moments:

 ------------------------------------------------------------------------------------
     Multipole            Electronic (a.u.)      Nuclear  (a.u.)        Total (a.u.)
 ------------------------------------------------------------------------------------

 L = 1.  Multiply by 2.5417464519 to convert [e a0] to [Debye]
 Dipole X            :         -1.3782629           -0.4658006           -1.8440635
 Dipole Y            :          0.6134478            0.0994458            0.7128936
 Dipole Z            :          0.2371556           -0.2102340            0.0269216
 Magnitude           :                                                    1.9772487

 ------------------------------------------------------------------------------------

*** tstop() called on cst14372 at Tue Apr 21 11:03:56 2026
Module time:
	user time   =      25.50 seconds =       0.42 minutes
	system time =       0.33 seconds =       0.01 minutes
	total time  =         12 seconds =       0.20 minutes
Total time:
	user time   =     391.07 seconds =       6.52 minutes
	system time =       5.40 seconds =       0.09 minutes
	total time  =        189 seconds =       3.15 minutes

Scratch directory: /tmp/
gradient() will perform analytic gradient computation.

*** tstart() called on cst14372
*** at Tue Apr 21 11:03:56 2026


         ------------------------------------------------------------
                                   SCF GRAD                          
                          Rob Parrish, Justin Turney,                
                       Andy Simmonett, and Alex Sokolov              
         ------------------------------------------------------------

  ==> Geometry <==

    Molecular point group: c1
    Full point group: C1

    Geometry (in Angstrom), charge = 0, multiplicity = 1:

       Center              X                  Y                   Z               Mass       
    ------------   -----------------  -----------------  -----------------  -----------------
         C            0.066444316200     0.354900613200     0.040220084400    12.000000000000
         O            1.370422522300     0.311347120800     0.007569150200    15.994914619570
         O            2.011423064200    -0.839468383300    -0.000665238100    15.994914619570
         C           -0.710184575200    -0.880058801000    -0.001300698200    12.000000000000
         C           -2.060334130900    -0.934383766400    -0.052931253100    12.000000000000
         C           -0.552208933100     1.705569761700     0.023732624200    12.000000000000
         H           -0.264655693800    -1.914938028500     0.201651806800     1.007825032230
         H           -2.670341927200     0.023203130400    -0.173327788200     1.007825032230
         H           -2.690514155500    -1.803320435100    -0.134359862600     1.007825032230
         H            0.319065782400     2.392050254200    -0.025465656600     1.007825032230
         H           -1.211824368600     2.120789857200     0.877045514600     1.007825032230
         H           -1.245285459400     1.983642928700    -0.970350900300     1.007825032230

  Nuclear repulsion =  222.952237818743782

  ==> Basis Set <==

  Basis Set: 6-31G*
    Blend: 6-31G*
    Number of shells: 48
    Number of basis functions: 102
    Number of Cartesian functions: 102
    Spherical Harmonics?: false
    Max angular momentum: 2

  ==> DFJKGrad: Density-Fitted SCF Gradients <==

    Gradient:                    1
    J tasked:                  Yes
    K tasked:                  Yes
    wK tasked:                 Yes
    Omega:               2.000E-01
    OpenMP threads:              4
    Integrals threads:           4
    Memory [MiB]:             4291
    Schwarz Cutoff:          1E-12
    Fitting Condition:       1E-10

   => Auxiliary Basis Set <=

  Basis Set: (6-31G* AUX)
    Blend: CC-PVDZ-JKFIT
    Number of shells: 198
    Number of basis functions: 636
    Number of Cartesian functions: 636
    Spherical Harmonics?: false
    Max angular momentum: 3

  ==> DFT Potential <==

   => LibXC <=

    Version 7.0.0
    S. Lehtola, C. Steigemann, M. J.T. Oliveira, and M. A.L. Marques.,  SoftwareX 7, 1–5 (2018) (10.1016/j.softx.2017.11.002)

   => Composite Functional: WB97X-D <= 

    wB97X-D Hyb-GGA Exchange-Correlation Functional

    J.-D. Chai and M. Head-Gordon.,  Phys. Chem. Chem. Phys. 10, 6615-6620 (2008) (10.1039/B810189B)

    Deriv               =              1
    GGA                 =           TRUE
    Meta                =          FALSE

    Exchange Hybrid     =           TRUE
    MP2 Hybrid          =          FALSE

   => Exchange-Correlation Functionals <=

    1.0000   wB97X-D range-separated functional

   => Exact (HF) Exchange <=

    0.7780            HF,LR [omega = 0.2000]
    0.2220               HF 

   => LibXC Density Thresholds  <==

    XC_HYB_GGA_XC_WB97X_D:  1.00E-14 

   => Molecular Quadrature <=

    Radial Scheme          =       TREUTLER
    Pruning Scheme         =           NONE
    Nuclear Scheme         =       TREUTLER

    Blocking Scheme        =         OCTREE
    BS radius alpha        =              1
    Pruning alpha          =              1
    Radial Points          =             75
    Spherical Points       =            302
    Total Points           =         254686
    Total Blocks           =           1940
    Max Points             =            256
    Max Functions          =            100
    Weights Tolerance      =       1.00E-15


  -Total Gradient:
     Atom            X                  Y                   Z
    ------   -----------------  -----------------  -----------------
       1        0.000019527058     0.025820669626     0.002628035917
       2        0.034258928630    -0.020179039730    -0.004583625009
       3       -0.002081426208     0.010082477319     0.001079212872
       4        0.010981018633     0.047928729392    -0.022682226569
       5        0.008624724164    -0.056709129943     0.015688617547
       6        0.024228145796    -0.056077260291     0.032096338963
       7       -0.004198862345    -0.038571974431     0.013155052112
       8       -0.016778702008     0.022845296094    -0.003937194607
       9       -0.006726512221     0.012031702485    -0.005827946852
      10        0.010418670053     0.000482992167     0.001101222732
      11       -0.021041801887     0.028854606340     0.016753223209
      12       -0.037856646644     0.023371599868    -0.045751844683


*** tstop() called on cst14372 at Tue Apr 21 11:03:58 2026
Module time:
	user time   =       3.64 seconds =       0.06 minutes
	system time =       0.06 seconds =       0.00 minutes
	total time  =          2 seconds =       0.03 minutes
Total time:
	user time   =     394.73 seconds =       6.58 minutes
	system time =       5.46 seconds =       0.09 minutes
	total time  =        191 seconds =       3.18 minutes

Scratch directory: /tmp/
   => Libint2 <=

    Primary   basis highest AM E, G, H:  6, 6, 3
    Auxiliary basis highest AM E, G, H:  7, 7, 4
    Onebody   basis highest AM E, G, H:  -, -, -
    Solid Harmonics ordering:            Gaussian

*** tstart() called on cst14372
*** at Tue Apr 21 11:03:58 2026

   => Loading Basis Set <=

    Name: 6-31G*
    Role: ORBITAL
    Keyword: BASIS
    atoms 1, 4-6 entry C          line   111 file /Users/jmsmith1/anaconda3/envs/jupyterenv/share/psi4/basis/6-31gs.gbs 
    atoms 2-3    entry O          line   145 file /Users/jmsmith1/anaconda3/envs/jupyterenv/share/psi4/basis/6-31gs.gbs 
    atoms 7-12   entry H          line    44 file /Users/jmsmith1/anaconda3/envs/jupyterenv/share/psi4/basis/6-31gs.gbs 

   => WB97X-D: Empirical Dispersion <=

    Chai and Head-Gordon Dispersion Correction
    Chai, J.-D.; Head-Gordon, M. (2010), J. Chem. Phys., 132: 6615-6620

        s6 =       1.000000


         ---------------------------------------------------------
                                   SCF
               by Justin Turney, Rob Parrish, Andy Simmonett
                          and Daniel G. A. Smith
                              RKS Reference
                        4 Threads,   5722 MiB Core
         ---------------------------------------------------------

  ==> Geometry <==

    Molecular point group: c1
    Full point group: C1

    Geometry (in Angstrom), charge = 0, multiplicity = 1:

       Center              X                  Y                   Z               Mass       
    ------------   -----------------  -----------------  -----------------  -----------------
         C            0.066512956800     0.355129539200     0.043572562900    12.000000000000
         O            1.372663805300     0.312200306300     0.008252019900    15.994914619570
         O            2.014362654400    -0.836212950500    -0.000732415700    15.994914619570
         C           -0.710122633500    -0.881417670600    -0.001107298300    12.000000000000
         C           -2.061341540500    -0.938049439600    -0.057594108800    12.000000000000
         C           -0.556356241400     1.704687773600     0.025205883700    12.000000000000
         H           -0.276441875300    -1.919229454100     0.216584876300     1.007825032230
         H           -2.669343749400     0.017945008300    -0.187326489600     1.007825032230
         H           -2.697361053000    -1.804864965900    -0.144760162000     1.007825032230
         H            0.318994590600     2.385945330700    -0.027833276500     1.007825032230
         H           -1.214535334700     2.136091674900     0.873110842600     1.007825032230
         H           -1.247197517000     1.988037513700    -0.968461227000     1.007825032230

  Running in c1 symmetry.

  Rotational constants: A =      0.18289  B =      0.09607  C =      0.06386 [cm^-1]
  Rotational constants: A =   5482.77215  B =   2880.06062  C =   1914.53640 [MHz]
  Nuclear repulsion =  222.784645248626674

  Charge       = 0
  Multiplicity = 1
  Electrons    = 46
  Nalpha       = 23
  Nbeta        = 23

  ==> Algorithm <==

  SCF Algorithm Type is DF.
  DIIS enabled.
  MOM disabled.
  Fractional occupation disabled.
  Guess Type is SAD.
  Energy threshold   = 1.00e-07
  Density threshold  = 1.00e-07
  Integral threshold = 1.00e-12

  ==> Primary Basis <==

  Basis Set: 6-31G*
    Blend: 6-31G*
    Number of shells: 48
    Number of basis functions: 102
    Number of Cartesian functions: 102
    Spherical Harmonics?: false
    Max angular momentum: 2

  ==> DFT Potential <==

   => LibXC <=

    Version 7.0.0
    S. Lehtola, C. Steigemann, M. J.T. Oliveira, and M. A.L. Marques.,  SoftwareX 7, 1–5 (2018) (10.1016/j.softx.2017.11.002)

   => Composite Functional: WB97X-D <= 

    wB97X-D Hyb-GGA Exchange-Correlation Functional

    J.-D. Chai and M. Head-Gordon.,  Phys. Chem. Chem. Phys. 10, 6615-6620 (2008) (10.1039/B810189B)

    Deriv               =              1
    GGA                 =           TRUE
    Meta                =          FALSE

    Exchange Hybrid     =           TRUE
    MP2 Hybrid          =          FALSE

   => Exchange-Correlation Functionals <=

    1.0000   wB97X-D range-separated functional

   => Exact (HF) Exchange <=

    0.7780            HF,LR [omega = 0.2000]
    0.2220               HF 

   => LibXC Density Thresholds  <==

    XC_HYB_GGA_XC_WB97X_D:  1.00E-14 

   => Molecular Quadrature <=

    Radial Scheme          =       TREUTLER
    Pruning Scheme         =           NONE
    Nuclear Scheme         =       TREUTLER

    Blocking Scheme        =         OCTREE
    BS radius alpha        =              1
    Pruning alpha          =              1
    Radial Points          =             75
    Spherical Points       =            302
    Total Points           =         254714
    Total Blocks           =           1940
    Max Points             =            256
    Max Functions          =            100
    Weights Tolerance      =       1.00E-15

   => Loading Basis Set <=

    Name: (6-31G* AUX)
    Role: JKFIT
    Keyword: DF_BASIS_SCF
    atoms 1, 4-6 entry C          line   121 file /Users/jmsmith1/anaconda3/envs/jupyterenv/share/psi4/basis/cc-pvdz-jkfit.gbs 
    atoms 2-3    entry O          line   221 file /Users/jmsmith1/anaconda3/envs/jupyterenv/share/psi4/basis/cc-pvdz-jkfit.gbs 
    atoms 7-12   entry H          line    51 file /Users/jmsmith1/anaconda3/envs/jupyterenv/share/psi4/basis/cc-pvdz-jkfit.gbs 

  ==> Integral Setup <==

  DFHelper Memory: AOs need 0.151 GiB; user supplied 3.602 GiB. 
  SCF_SUBTYPE=INCORE selected. In-core MEM_DF algorithm will be used.
  Using in-core AOs.

  ==> MemDFJK: Density-Fitted J/K Matrices <==

    J tasked:                   Yes
    K tasked:                   Yes
    wK tasked:                  Yes
    Omega:                2.000E-01
    OpenMP threads:               4
    Memory [MiB]:              3688
    Algorithm:                 Core
    Schwarz Cutoff:           1E-12
    Mask sparsity (%):       1.7301
    Fitting Condition:        1E-10

   => Auxiliary Basis Set <=

  Basis Set: (6-31G* AUX)
    Blend: CC-PVDZ-JKFIT
    Number of shells: 198
    Number of basis functions: 636
    Number of Cartesian functions: 636
    Spherical Harmonics?: false
    Max angular momentum: 3

  Cached 100.0% of DFT collocation blocks in 0.589 [GiB].

  Minimum eigenvalue in the overlap matrix is 3.0859927891E-03.
  Reciprocal condition number of the overlap matrix is 4.5235974127E-04.
    Using symmetric orthogonalization.

  ==> Pre-Iterations <==

  SCF Guess: Superposition of Atomic Densities via on-the-fly atomic UHF (no occupation information).

   -------------------------
    Irrep   Nso     Nmo    
   -------------------------
     A        102     102 
   -------------------------
    Total     102     102
   -------------------------

  ==> Iterations <==

                           Total Energy        Delta E     RMS |[F,P]|

   @DF-RKS iter SAD:  -300.05533768850620   -3.00055e+02   0.00000e+00 
   @DF-RKS iter   1:  -296.28618287793557    3.76915e+00   3.46459e-02 ADIIS/DIIS
   @DF-RKS iter   2:  -274.43838301249662    2.18478e+01   6.33722e-02 ADIIS/DIIS
   @DF-RKS iter   3:  -304.94174871798333   -3.05034e+01   1.55342e-02 ADIIS/DIIS
   @DF-RKS iter   4:  -305.12518778662502   -1.83439e-01   1.45548e-02 ADIIS/DIIS
   @DF-RKS iter   5:  -306.05490313996205   -9.29715e-01   4.75163e-03 ADIIS/DIIS
   @DF-RKS iter   6:  -306.15938419443563   -1.04481e-01   1.76783e-03 ADIIS/DIIS
   @DF-RKS iter   7:  -306.17388853973665   -1.45043e-02   5.10669e-04 ADIIS/DIIS
   @DF-RKS iter   8:  -306.17495681276591   -1.06827e-03   2.09766e-04 ADIIS/DIIS
   @DF-RKS iter   9:  -306.17513187655413   -1.75064e-04   1.12684e-04 ADIIS/DIIS
   @DF-RKS iter  10:  -306.17518717463440   -5.52981e-05   4.86230e-05 DIIS
   @DF-RKS iter  11:  -306.17519860436602   -1.14297e-05   7.54422e-06 DIIS
   @DF-RKS iter  12:  -306.17519889479740   -2.90431e-07   1.47026e-06 DIIS
   @DF-RKS iter  13:  -306.17519891180001   -1.70026e-08   6.13649e-07 DIIS
   @DF-RKS iter  14:  -306.17519891508624   -3.28623e-09   2.43672e-07 DIIS
   @DF-RKS iter  15:  -306.17519891564967   -5.63432e-10   9.59529e-08 DIIS
  Energy and wave function converged.


  ==> Post-Iterations <==

   Electrons on quadrature grid:
      Ntotal   =   45.9999797491 ; deviation = -2.025e-05 

    Orbital Energies [Eh]
    ---------------------

    Doubly Occupied:                                                      

       1A    -19.420337     2A    -19.254280     3A    -10.414462  
       4A    -10.349383     5A    -10.339398     6A    -10.338358  
       7A     -1.293270     8A     -0.998294     9A     -0.902854  
      10A     -0.835171    11A     -0.746851    12A     -0.643282  
      13A     -0.614215    14A     -0.593453    15A     -0.579772  
      16A     -0.535799    17A     -0.497380    18A     -0.490029  
      19A     -0.486059    20A     -0.448295    21A     -0.392802  
      22A     -0.309000    23A     -0.293407  

    Virtual:                                                              

      24A     -0.028089    25A      0.103680    26A      0.146710  
      27A      0.167424    28A      0.199246    29A      0.219263  
      30A      0.226823    31A      0.237573    32A      0.255319  
      33A      0.310443    34A      0.346973    35A      0.419942  
      36A      0.444276    37A      0.556248    38A      0.584774  
      39A      0.612298    40A      0.652001    41A      0.660452  
      42A      0.687737    43A      0.707330    44A      0.723737  
      45A      0.749206    46A      0.792291    47A      0.819130  
      48A      0.864101    49A      0.885249    50A      0.904763  
      51A      0.913900    52A      0.941559    53A      0.951329  
      54A      0.970609    55A      1.019945    56A      1.027146  
      57A      1.039634    58A      1.112102    59A      1.132659  
      60A      1.171359    61A      1.198578    62A      1.234445  
      63A      1.357042    64A      1.388999    65A      1.417286  
      66A      1.442833    67A      1.500978    68A      1.609679  
      69A      1.647997    70A      1.686855    71A      1.757543  
      72A      1.787953    73A      1.848160    74A      1.884807  
      75A      1.914508    76A      1.929136    77A      1.957154  
      78A      1.991114    79A      2.068617    80A      2.107008  
      81A      2.145478    82A      2.205971    83A      2.289802  
      84A      2.308404    85A      2.339870    86A      2.416248  
      87A      2.455239    88A      2.536874    89A      2.571316  
      90A      2.578458    91A      2.706085    92A      2.772687  
      93A      2.924859    94A      2.936200    95A      3.148180  
      96A      3.252203    97A      3.610397    98A      4.098506  
      99A      4.159131   100A      4.247689   101A      4.335992  
     102A      4.609620  

    Final Occupation by Irrep:
              A 
    DOCC [    23 ]
    NA   [    23 ]
    NB   [    23 ]

  @DF-RKS Final Energy:  -306.17519891564967

   => Energetics <=

    Nuclear Repulsion Energy =            222.7846452486266742
    One-Electron Energy =                -857.2151394957394359
    Two-Electron Energy =                 356.4460821308695131
    DFT Exchange-Correlation Energy =     -28.1864400588955206
    Empirical Dispersion Energy =          -0.0043467405109346
    VV10 Nonlocal Energy =                  0.0000000000000000
    Total Energy =                       -306.1751989156496734

Computation Completed


Properties will be evaluated at   0.000000,   0.000000,   0.000000 [a0]

Properties computed using the SCF density matrix


 Multipole Moments:

 ------------------------------------------------------------------------------------
     Multipole            Electronic (a.u.)      Nuclear  (a.u.)        Total (a.u.)
 ------------------------------------------------------------------------------------

 L = 1.  Multiply by 2.5417464519 to convert [e a0] to [Debye]
 Dipole X            :         -1.3530100           -0.4866385           -1.8396485
 Dipole Y            :          0.6093871            0.1019038            0.7112909
 Dipole Z            :          0.2503380           -0.2231131            0.0272249
 Magnitude           :                                                    1.9725574

 ------------------------------------------------------------------------------------

*** tstop() called on cst14372 at Tue Apr 21 11:04:10 2026
Module time:
	user time   =      25.47 seconds =       0.42 minutes
	system time =       0.30 seconds =       0.01 minutes
	total time  =         12 seconds =       0.20 minutes
Total time:
	user time   =     420.22 seconds =       7.00 minutes
	system time =       5.77 seconds =       0.10 minutes
	total time  =        203 seconds =       3.38 minutes

Scratch directory: /tmp/
gradient() will perform analytic gradient computation.

*** tstart() called on cst14372
*** at Tue Apr 21 11:04:10 2026


         ------------------------------------------------------------
                                   SCF GRAD                          
                          Rob Parrish, Justin Turney,                
                       Andy Simmonett, and Alex Sokolov              
         ------------------------------------------------------------

  ==> Geometry <==

    Molecular point group: c1
    Full point group: C1

    Geometry (in Angstrom), charge = 0, multiplicity = 1:

       Center              X                  Y                   Z               Mass       
    ------------   -----------------  -----------------  -----------------  -----------------
         C            0.066512956800     0.355129539200     0.043572562900    12.000000000000
         O            1.372663805300     0.312200306300     0.008252019900    15.994914619570
         O            2.014362654400    -0.836212950500    -0.000732415700    15.994914619570
         C           -0.710122633500    -0.881417670600    -0.001107298300    12.000000000000
         C           -2.061341540500    -0.938049439600    -0.057594108800    12.000000000000
         C           -0.556356241400     1.704687773600     0.025205883700    12.000000000000
         H           -0.276441875300    -1.919229454100     0.216584876300     1.007825032230
         H           -2.669343749400     0.017945008300    -0.187326489600     1.007825032230
         H           -2.697361053000    -1.804864965900    -0.144760162000     1.007825032230
         H            0.318994590600     2.385945330700    -0.027833276500     1.007825032230
         H           -1.214535334700     2.136091674900     0.873110842600     1.007825032230
         H           -1.247197517000     1.988037513700    -0.968461227000     1.007825032230

  Nuclear repulsion =  222.784645248626674

  ==> Basis Set <==

  Basis Set: 6-31G*
    Blend: 6-31G*
    Number of shells: 48
    Number of basis functions: 102
    Number of Cartesian functions: 102
    Spherical Harmonics?: false
    Max angular momentum: 2

  ==> DFJKGrad: Density-Fitted SCF Gradients <==

    Gradient:                    1
    J tasked:                  Yes
    K tasked:                  Yes
    wK tasked:                 Yes
    Omega:               2.000E-01
    OpenMP threads:              4
    Integrals threads:           4
    Memory [MiB]:             4291
    Schwarz Cutoff:          1E-12
    Fitting Condition:       1E-10

   => Auxiliary Basis Set <=

  Basis Set: (6-31G* AUX)
    Blend: CC-PVDZ-JKFIT
    Number of shells: 198
    Number of basis functions: 636
    Number of Cartesian functions: 636
    Spherical Harmonics?: false
    Max angular momentum: 3

  ==> DFT Potential <==

   => LibXC <=

    Version 7.0.0
    S. Lehtola, C. Steigemann, M. J.T. Oliveira, and M. A.L. Marques.,  SoftwareX 7, 1–5 (2018) (10.1016/j.softx.2017.11.002)

   => Composite Functional: WB97X-D <= 

    wB97X-D Hyb-GGA Exchange-Correlation Functional

    J.-D. Chai and M. Head-Gordon.,  Phys. Chem. Chem. Phys. 10, 6615-6620 (2008) (10.1039/B810189B)

    Deriv               =              1
    GGA                 =           TRUE
    Meta                =          FALSE

    Exchange Hybrid     =           TRUE
    MP2 Hybrid          =          FALSE

   => Exchange-Correlation Functionals <=

    1.0000   wB97X-D range-separated functional

   => Exact (HF) Exchange <=

    0.7780            HF,LR [omega = 0.2000]
    0.2220               HF 

   => LibXC Density Thresholds  <==

    XC_HYB_GGA_XC_WB97X_D:  1.00E-14 

   => Molecular Quadrature <=

    Radial Scheme          =       TREUTLER
    Pruning Scheme         =           NONE
    Nuclear Scheme         =       TREUTLER

    Blocking Scheme        =         OCTREE
    BS radius alpha        =              1
    Pruning alpha          =              1
    Radial Points          =             75
    Spherical Points       =            302
    Total Points           =         254714
    Total Blocks           =           1940
    Max Points             =            256
    Max Functions          =            100
    Weights Tolerance      =       1.00E-15


  -Total Gradient:
     Atom            X                  Y                   Z
    ------   -----------------  -----------------  -----------------
       1        0.000293555982     0.027122630558     0.002861158133
       2        0.036682458125    -0.021560631450    -0.004953714162
       3       -0.002271855519     0.010915569185     0.001148299147
       4        0.012775806073     0.048844383066    -0.024177500554
       5        0.008434281032    -0.056499582577     0.016886887012
       6        0.022644742169    -0.057795347835     0.032586484666
       7       -0.005663643022    -0.038919563717     0.013959386746
       8       -0.016369987618     0.021947220888    -0.004147293250
       9       -0.008157611425     0.011300723122    -0.006346569411
      10        0.010548347751    -0.000120777103     0.001078301747
      11       -0.021336978581     0.030338051756     0.016131378790
      12       -0.037774977722     0.024248512698    -0.045278918059


*** tstop() called on cst14372 at Tue Apr 21 11:04:12 2026
Module time:
	user time   =       3.74 seconds =       0.06 minutes
	system time =       0.07 seconds =       0.00 minutes
	total time  =          2 seconds =       0.03 minutes
Total time:
	user time   =     423.98 seconds =       7.07 minutes
	system time =       5.84 seconds =       0.10 minutes
	total time  =        205 seconds =       3.42 minutes

Scratch directory: /tmp/
   => Libint2 <=

    Primary   basis highest AM E, G, H:  6, 6, 3
    Auxiliary basis highest AM E, G, H:  7, 7, 4
    Onebody   basis highest AM E, G, H:  -, -, -
    Solid Harmonics ordering:            Gaussian

*** tstart() called on cst14372
*** at Tue Apr 21 11:04:12 2026

   => Loading Basis Set <=

    Name: 6-31G*
    Role: ORBITAL
    Keyword: BASIS
    atoms 1, 4-6 entry C          line   111 file /Users/jmsmith1/anaconda3/envs/jupyterenv/share/psi4/basis/6-31gs.gbs 
    atoms 2-3    entry O          line   145 file /Users/jmsmith1/anaconda3/envs/jupyterenv/share/psi4/basis/6-31gs.gbs 
    atoms 7-12   entry H          line    44 file /Users/jmsmith1/anaconda3/envs/jupyterenv/share/psi4/basis/6-31gs.gbs 

   => WB97X-D: Empirical Dispersion <=

    Chai and Head-Gordon Dispersion Correction
    Chai, J.-D.; Head-Gordon, M. (2010), J. Chem. Phys., 132: 6615-6620

        s6 =       1.000000


         ---------------------------------------------------------
                                   SCF
               by Justin Turney, Rob Parrish, Andy Simmonett
                          and Daniel G. A. Smith
                              RKS Reference
                        4 Threads,   5722 MiB Core
         ---------------------------------------------------------

  ==> Geometry <==

    Molecular point group: c1
    Full point group: C1

    Geometry (in Angstrom), charge = 0, multiplicity = 1:

       Center              X                  Y                   Z               Mass       
    ------------   -----------------  -----------------  -----------------  -----------------
         C            0.066580910300     0.355280481200     0.046924715200    12.000000000000
         O            1.374830676100     0.313102380600     0.008947277800    15.994914619570
         O            2.017314160200    -0.832973516100    -0.000802248600    15.994914619570
         C           -0.710097534100    -0.882921183400    -0.000843438900    12.000000000000
         C           -2.062375760800    -0.941560232400    -0.062316924600    12.000000000000
         C           -0.560578956700     1.703971025200     0.026588293600    12.000000000000
         H           -0.288060642600    -1.922188376300     0.231071805700     1.007825032230
         H           -2.667778452500     0.011917245900    -0.201215341300     1.007825032230
         H           -2.703942772400    -1.806803027700    -0.154966197200     1.007825032230
         H            0.318559321300     2.379830082800    -0.030243716700     1.007825032230
         H           -1.216516629100     2.150383178600     0.868610313100     1.007825032230
         H           -1.247810910500     1.991605978200    -0.965004986400     1.007825032230

  Running in c1 symmetry.

  Rotational constants: A =      0.18274  B =      0.09583  C =      0.06374 [cm^-1]
  Rotational constants: A =   5478.31707  B =   2872.77003  C =   1910.83613 [MHz]
  Nuclear repulsion =  222.633826149532183

  Charge       = 0
  Multiplicity = 1
  Electrons    = 46
  Nalpha       = 23
  Nbeta        = 23

  ==> Algorithm <==

  SCF Algorithm Type is DF.
  DIIS enabled.
  MOM disabled.
  Fractional occupation disabled.
  Guess Type is SAD.
  Energy threshold   = 1.00e-07
  Density threshold  = 1.00e-07
  Integral threshold = 1.00e-12

  ==> Primary Basis <==

  Basis Set: 6-31G*
    Blend: 6-31G*
    Number of shells: 48
    Number of basis functions: 102
    Number of Cartesian functions: 102
    Spherical Harmonics?: false
    Max angular momentum: 2

  ==> DFT Potential <==

   => LibXC <=

    Version 7.0.0
    S. Lehtola, C. Steigemann, M. J.T. Oliveira, and M. A.L. Marques.,  SoftwareX 7, 1–5 (2018) (10.1016/j.softx.2017.11.002)

   => Composite Functional: WB97X-D <= 

    wB97X-D Hyb-GGA Exchange-Correlation Functional

    J.-D. Chai and M. Head-Gordon.,  Phys. Chem. Chem. Phys. 10, 6615-6620 (2008) (10.1039/B810189B)

    Deriv               =              1
    GGA                 =           TRUE
    Meta                =          FALSE

    Exchange Hybrid     =           TRUE
    MP2 Hybrid          =          FALSE

   => Exchange-Correlation Functionals <=

    1.0000   wB97X-D range-separated functional

   => Exact (HF) Exchange <=

    0.7780            HF,LR [omega = 0.2000]
    0.2220               HF 

   => LibXC Density Thresholds  <==

    XC_HYB_GGA_XC_WB97X_D:  1.00E-14 

   => Molecular Quadrature <=

    Radial Scheme          =       TREUTLER
    Pruning Scheme         =           NONE
    Nuclear Scheme         =       TREUTLER

    Blocking Scheme        =         OCTREE
    BS radius alpha        =              1
    Pruning alpha          =              1
    Radial Points          =             75
    Spherical Points       =            302
    Total Points           =         254725
    Total Blocks           =           1937
    Max Points             =            256
    Max Functions          =            100
    Weights Tolerance      =       1.00E-15

   => Loading Basis Set <=

    Name: (6-31G* AUX)
    Role: JKFIT
    Keyword: DF_BASIS_SCF
    atoms 1, 4-6 entry C          line   121 file /Users/jmsmith1/anaconda3/envs/jupyterenv/share/psi4/basis/cc-pvdz-jkfit.gbs 
    atoms 2-3    entry O          line   221 file /Users/jmsmith1/anaconda3/envs/jupyterenv/share/psi4/basis/cc-pvdz-jkfit.gbs 
    atoms 7-12   entry H          line    51 file /Users/jmsmith1/anaconda3/envs/jupyterenv/share/psi4/basis/cc-pvdz-jkfit.gbs 

  ==> Integral Setup <==

  DFHelper Memory: AOs need 0.151 GiB; user supplied 3.602 GiB. 
  SCF_SUBTYPE=INCORE selected. In-core MEM_DF algorithm will be used.
  Using in-core AOs.

  ==> MemDFJK: Density-Fitted J/K Matrices <==

    J tasked:                   Yes
    K tasked:                   Yes
    wK tasked:                  Yes
    Omega:                2.000E-01
    OpenMP threads:               4
    Memory [MiB]:              3688
    Algorithm:                 Core
    Schwarz Cutoff:           1E-12
    Mask sparsity (%):       1.7686
    Fitting Condition:        1E-10

   => Auxiliary Basis Set <=

  Basis Set: (6-31G* AUX)
    Blend: CC-PVDZ-JKFIT
    Number of shells: 198
    Number of basis functions: 636
    Number of Cartesian functions: 636
    Spherical Harmonics?: false
    Max angular momentum: 3

  Cached 100.0% of DFT collocation blocks in 0.589 [GiB].

  Minimum eigenvalue in the overlap matrix is 3.1050490326E-03.
  Reciprocal condition number of the overlap matrix is 4.5563995383E-04.
    Using symmetric orthogonalization.

  ==> Pre-Iterations <==

  SCF Guess: Superposition of Atomic Densities via on-the-fly atomic UHF (no occupation information).

   -------------------------
    Irrep   Nso     Nmo    
   -------------------------
     A        102     102 
   -------------------------
    Total     102     102
   -------------------------

  ==> Iterations <==

                           Total Energy        Delta E     RMS |[F,P]|

   @DF-RKS iter SAD:  -300.05262474253715   -3.00053e+02   0.00000e+00 
   @DF-RKS iter   1:  -296.28292349436936    3.76970e+00   3.46338e-02 ADIIS/DIIS
   @DF-RKS iter   2:  -274.46188334658524    2.18210e+01   6.33503e-02 ADIIS/DIIS
   @DF-RKS iter   3:  -304.93432891521684   -3.04724e+01   1.55591e-02 ADIIS/DIIS
   @DF-RKS iter   4:  -305.11150080752805   -1.77172e-01   1.46228e-02 ADIIS/DIIS
   @DF-RKS iter   5:  -306.05190772134245   -9.40407e-01   4.77176e-03 ADIIS/DIIS
   @DF-RKS iter   6:  -306.15736408275950   -1.05456e-01   1.78661e-03 ADIIS/DIIS
   @DF-RKS iter   7:  -306.17216410182743   -1.48000e-02   5.17105e-04 ADIIS/DIIS
   @DF-RKS iter   8:  -306.17326083279261   -1.09673e-03   2.11633e-04 ADIIS/DIIS
   @DF-RKS iter   9:  -306.17343991661505   -1.79084e-04   1.12426e-04 ADIIS/DIIS
   @DF-RKS iter  10:  -306.17349526345834   -5.53468e-05   4.84595e-05 DIIS
   @DF-RKS iter  11:  -306.17350666733068   -1.14039e-05   7.40455e-06 DIIS
   @DF-RKS iter  12:  -306.17350694928621   -2.81956e-07   1.41572e-06 DIIS
   @DF-RKS iter  13:  -306.17350696544025   -1.61540e-08   5.84402e-07 DIIS
   @DF-RKS iter  14:  -306.17350696850735   -3.06710e-09   2.27617e-07 DIIS
   @DF-RKS iter  15:  -306.17350696901252   -5.05167e-10   9.19857e-08 DIIS
  Energy and wave function converged.


  ==> Post-Iterations <==

   Electrons on quadrature grid:
      Ntotal   =   45.9999792103 ; deviation = -2.079e-05 

    Orbital Energies [Eh]
    ---------------------

    Doubly Occupied:                                                      

       1A    -19.420946     2A    -19.254982     3A    -10.415008  
       4A    -10.349239     5A    -10.339448     6A    -10.338611  
       7A     -1.293892     8A     -0.998347     9A     -0.902416  
      10A     -0.835199    11A     -0.746585    12A     -0.643809  
      13A     -0.614236    14A     -0.593850    15A     -0.579742  
      16A     -0.535645    17A     -0.497633    18A     -0.489732  
      19A     -0.485486    20A     -0.447926    21A     -0.392405  
      22A     -0.309382    23A     -0.293557  

    Virtual:                                                              

      24A     -0.028414    25A      0.102742    26A      0.146896  
      27A      0.167200    28A      0.199556    29A      0.219520  
      30A      0.226713    31A      0.237463    32A      0.255000  
      33A      0.309984    34A      0.346373    35A      0.420356  
      36A      0.444336    37A      0.556261    38A      0.584526  
      39A      0.612123    40A      0.650346    41A      0.660269  
      42A      0.688294    43A      0.707321    44A      0.722704  
      45A      0.749347    46A      0.793213    47A      0.821072  
      48A      0.864035    49A      0.884787    50A      0.905448  
      51A      0.913701    52A      0.940415    53A      0.949451  
      54A      0.970369    55A      1.019361    56A      1.026902  
      57A      1.039212    58A      1.110238    59A      1.132081  
      60A      1.169863    61A      1.197516    62A      1.230809  
      63A      1.355987    64A      1.387785    65A      1.417129  
      66A      1.444118    67A      1.498204    68A      1.610686  
      69A      1.647792    70A      1.687879    71A      1.758353  
      72A      1.784778    73A      1.847047    74A      1.880124  
      75A      1.911881    76A      1.927513    77A      1.955060  
      78A      1.989569    79A      2.068076    80A      2.106910  
      81A      2.147842    82A      2.206380    83A      2.291040  
      84A      2.309069    85A      2.338850    86A      2.415342  
      87A      2.455264    88A      2.535191    89A      2.571408  
      90A      2.577241    91A      2.706033    92A      2.772469  
      93A      2.923046    94A      2.934736    95A      3.144968  
      96A      3.249816    97A      3.609033    98A      4.097716  
      99A      4.157496   100A      4.246585   101A      4.334810  
     102A      4.608175  

    Final Occupation by Irrep:
              A 
    DOCC [    23 ]
    NA   [    23 ]
    NB   [    23 ]

  @DF-RKS Final Energy:  -306.17350696901252

   => Energetics <=

    Nuclear Repulsion Energy =            222.6338261495321831
    One-Electron Energy =                -856.9076051201558357
    Two-Electron Energy =                 356.2890532333472038
    DFT Exchange-Correlation Energy =     -28.1844450906753217
    Empirical Dispersion Energy =          -0.0043361410607653
    VV10 Nonlocal Energy =                  0.0000000000000000
    Total Energy =                       -306.1735069690125215

Computation Completed


Properties will be evaluated at   0.000000,   0.000000,   0.000000 [a0]

Properties computed using the SCF density matrix


 Multipole Moments:

 ------------------------------------------------------------------------------------
     Multipole            Electronic (a.u.)      Nuclear  (a.u.)        Total (a.u.)
 ------------------------------------------------------------------------------------

 L = 1.  Multiply by 2.5417464519 to convert [e a0] to [Debye]
 Dipole X            :         -1.3311425           -0.5049716           -1.8361141
 Dipole Y            :          0.6076315            0.1027946            0.7104261
 Dipole Z            :          0.2622624           -0.2352180            0.0270444
 Magnitude           :                                                    1.9689468

 ------------------------------------------------------------------------------------

*** tstop() called on cst14372 at Tue Apr 21 11:04:24 2026
Module time:
	user time   =      25.46 seconds =       0.42 minutes
	system time =       0.35 seconds =       0.01 minutes
	total time  =         12 seconds =       0.20 minutes
Total time:
	user time   =     449.46 seconds =       7.49 minutes
	system time =       6.20 seconds =       0.10 minutes
	total time  =        217 seconds =       3.62 minutes

Scratch directory: /tmp/
gradient() will perform analytic gradient computation.

*** tstart() called on cst14372
*** at Tue Apr 21 11:04:24 2026


         ------------------------------------------------------------
                                   SCF GRAD                          
                          Rob Parrish, Justin Turney,                
                       Andy Simmonett, and Alex Sokolov              
         ------------------------------------------------------------

  ==> Geometry <==

    Molecular point group: c1
    Full point group: C1

    Geometry (in Angstrom), charge = 0, multiplicity = 1:

       Center              X                  Y                   Z               Mass       
    ------------   -----------------  -----------------  -----------------  -----------------
         C            0.066580910300     0.355280481200     0.046924715200    12.000000000000
         O            1.374830676100     0.313102380600     0.008947277800    15.994914619570
         O            2.017314160200    -0.832973516100    -0.000802248600    15.994914619570
         C           -0.710097534100    -0.882921183400    -0.000843438900    12.000000000000
         C           -2.062375760800    -0.941560232400    -0.062316924600    12.000000000000
         C           -0.560578956700     1.703971025200     0.026588293600    12.000000000000
         H           -0.288060642600    -1.922188376300     0.231071805700     1.007825032230
         H           -2.667778452500     0.011917245900    -0.201215341300     1.007825032230
         H           -2.703942772400    -1.806803027700    -0.154966197200     1.007825032230
         H            0.318559321300     2.379830082800    -0.030243716700     1.007825032230
         H           -1.216516629100     2.150383178600     0.868610313100     1.007825032230
         H           -1.247810910500     1.991605978200    -0.965004986400     1.007825032230

  Nuclear repulsion =  222.633826149532183

  ==> Basis Set <==

  Basis Set: 6-31G*
    Blend: 6-31G*
    Number of shells: 48
    Number of basis functions: 102
    Number of Cartesian functions: 102
    Spherical Harmonics?: false
    Max angular momentum: 2

  ==> DFJKGrad: Density-Fitted SCF Gradients <==

    Gradient:                    1
    J tasked:                  Yes
    K tasked:                  Yes
    wK tasked:                 Yes
    Omega:               2.000E-01
    OpenMP threads:              4
    Integrals threads:           4
    Memory [MiB]:             4291
    Schwarz Cutoff:          1E-12
    Fitting Condition:       1E-10

   => Auxiliary Basis Set <=

  Basis Set: (6-31G* AUX)
    Blend: CC-PVDZ-JKFIT
    Number of shells: 198
    Number of basis functions: 636
    Number of Cartesian functions: 636
    Spherical Harmonics?: false
    Max angular momentum: 3

  ==> DFT Potential <==

   => LibXC <=

    Version 7.0.0
    S. Lehtola, C. Steigemann, M. J.T. Oliveira, and M. A.L. Marques.,  SoftwareX 7, 1–5 (2018) (10.1016/j.softx.2017.11.002)

   => Composite Functional: WB97X-D <= 

    wB97X-D Hyb-GGA Exchange-Correlation Functional

    J.-D. Chai and M. Head-Gordon.,  Phys. Chem. Chem. Phys. 10, 6615-6620 (2008) (10.1039/B810189B)

    Deriv               =              1
    GGA                 =           TRUE
    Meta                =          FALSE

    Exchange Hybrid     =           TRUE
    MP2 Hybrid          =          FALSE

   => Exchange-Correlation Functionals <=

    1.0000   wB97X-D range-separated functional

   => Exact (HF) Exchange <=

    0.7780            HF,LR [omega = 0.2000]
    0.2220               HF 

   => LibXC Density Thresholds  <==

    XC_HYB_GGA_XC_WB97X_D:  1.00E-14 

   => Molecular Quadrature <=

    Radial Scheme          =       TREUTLER
    Pruning Scheme         =           NONE
    Nuclear Scheme         =       TREUTLER

    Blocking Scheme        =         OCTREE
    BS radius alpha        =              1
    Pruning alpha          =              1
    Radial Points          =             75
    Spherical Points       =            302
    Total Points           =         254725
    Total Blocks           =           1937
    Max Points             =            256
    Max Functions          =            100
    Weights Tolerance      =       1.00E-15


  -Total Gradient:
     Atom            X                  Y                   Z
    ------   -----------------  -----------------  -----------------
       1        0.000615606512     0.028275930467     0.003106034394
       2        0.039040337887    -0.022866649136    -0.005322301279
       3       -0.002445610931     0.011733869473     0.001212274227
       4        0.014650817928     0.049172236897    -0.025540358873
       5        0.008071950387    -0.055617570517     0.018013488225
       6        0.020634001118    -0.058922960214     0.032957879597
       7       -0.007232959959    -0.038744763126     0.014618998339
       8       -0.015682863859     0.020626544084    -0.004283198550
       9       -0.009662369864     0.010394455734    -0.006879784364
      10        0.010521591017    -0.000825880291     0.001048082325
      11       -0.021368358401     0.031581828228     0.015151082757
      12       -0.037337264227     0.024969160289    -0.044331796008


*** tstop() called on cst14372 at Tue Apr 21 11:04:26 2026
Module time:
	user time   =       3.86 seconds =       0.06 minutes
	system time =       0.08 seconds =       0.00 minutes
	total time  =          2 seconds =       0.03 minutes
Total time:
	user time   =     453.34 seconds =       7.56 minutes
	system time =       6.28 seconds =       0.10 minutes
	total time  =        219 seconds =       3.65 minutes

Scratch directory: /tmp/
   => Libint2 <=

    Primary   basis highest AM E, G, H:  6, 6, 3
    Auxiliary basis highest AM E, G, H:  7, 7, 4
    Onebody   basis highest AM E, G, H:  -, -, -
    Solid Harmonics ordering:            Gaussian

*** tstart() called on cst14372
*** at Tue Apr 21 11:04:26 2026

   => Loading Basis Set <=

    Name: 6-31G*
    Role: ORBITAL
    Keyword: BASIS
    atoms 1, 4-6 entry C          line   111 file /Users/jmsmith1/anaconda3/envs/jupyterenv/share/psi4/basis/6-31gs.gbs 
    atoms 2-3    entry O          line   145 file /Users/jmsmith1/anaconda3/envs/jupyterenv/share/psi4/basis/6-31gs.gbs 
    atoms 7-12   entry H          line    44 file /Users/jmsmith1/anaconda3/envs/jupyterenv/share/psi4/basis/6-31gs.gbs 

   => WB97X-D: Empirical Dispersion <=

    Chai and Head-Gordon Dispersion Correction
    Chai, J.-D.; Head-Gordon, M. (2010), J. Chem. Phys., 132: 6615-6620

        s6 =       1.000000


         ---------------------------------------------------------
                                   SCF
               by Justin Turney, Rob Parrish, Andy Simmonett
                          and Daniel G. A. Smith
                              RKS Reference
                        4 Threads,   5722 MiB Core
         ---------------------------------------------------------

  ==> Geometry <==

    Molecular point group: c1
    Full point group: C1

    Geometry (in Angstrom), charge = 0, multiplicity = 1:

       Center              X                  Y                   Z               Mass       
    ------------   -----------------  -----------------  -----------------  -----------------
         C            0.066647250200     0.355349927200     0.050276203600    12.000000000000
         O            1.376918069100     0.314056401600     0.009655832300    15.994914619570
         O            2.020278315800    -0.829751538500    -0.000874890200    15.994914619570
         C           -0.710114792800    -0.884570806900    -0.000504973500    12.000000000000
         C           -2.063435922700    -0.944918711800    -0.067103632400    12.000000000000
         C           -0.564871908800     1.703423103100     0.027878711200    12.000000000000
         H           -0.299458735500    -1.923817917200     0.245090361600     1.007825032230
         H           -2.665668191500     0.005162869300    -0.214990929000     1.007825032230
         H           -2.710207484500    -1.809104524300    -0.164960232700     1.007825032230
         H            0.317759964900     2.373728133700    -0.032696306200     1.007825032230
         H           -1.217765616700     2.163620588500     0.863575873100     1.007825032230
         H           -1.247137654800     1.994321848200    -0.960010666100     1.007825032230

  Running in c1 symmetry.

  Rotational constants: A =      0.18260  B =      0.09559  C =      0.06362 [cm^-1]
  Rotational constants: A =   5474.27275  B =   2865.68456  C =   1907.23397 [MHz]
  Nuclear repulsion =  222.499903574409842

  Charge       = 0
  Multiplicity = 1
  Electrons    = 46
  Nalpha       = 23
  Nbeta        = 23

  ==> Algorithm <==

  SCF Algorithm Type is DF.
  DIIS enabled.
  MOM disabled.
  Fractional occupation disabled.
  Guess Type is SAD.
  Energy threshold   = 1.00e-07
  Density threshold  = 1.00e-07
  Integral threshold = 1.00e-12

  ==> Primary Basis <==

  Basis Set: 6-31G*
    Blend: 6-31G*
    Number of shells: 48
    Number of basis functions: 102
    Number of Cartesian functions: 102
    Spherical Harmonics?: false
    Max angular momentum: 2

  ==> DFT Potential <==

   => LibXC <=

    Version 7.0.0
    S. Lehtola, C. Steigemann, M. J.T. Oliveira, and M. A.L. Marques.,  SoftwareX 7, 1–5 (2018) (10.1016/j.softx.2017.11.002)

   => Composite Functional: WB97X-D <= 

    wB97X-D Hyb-GGA Exchange-Correlation Functional

    J.-D. Chai and M. Head-Gordon.,  Phys. Chem. Chem. Phys. 10, 6615-6620 (2008) (10.1039/B810189B)

    Deriv               =              1
    GGA                 =           TRUE
    Meta                =          FALSE

    Exchange Hybrid     =           TRUE
    MP2 Hybrid          =          FALSE

   => Exchange-Correlation Functionals <=

    1.0000   wB97X-D range-separated functional

   => Exact (HF) Exchange <=

    0.7780            HF,LR [omega = 0.2000]
    0.2220               HF 

   => LibXC Density Thresholds  <==

    XC_HYB_GGA_XC_WB97X_D:  1.00E-14 

   => Molecular Quadrature <=

    Radial Scheme          =       TREUTLER
    Pruning Scheme         =           NONE
    Nuclear Scheme         =       TREUTLER

    Blocking Scheme        =         OCTREE
    BS radius alpha        =              1
    Pruning alpha          =              1
    Radial Points          =             75
    Spherical Points       =            302
    Total Points           =         254764
    Total Blocks           =           1942
    Max Points             =            256
    Max Functions          =            100
    Weights Tolerance      =       1.00E-15

   => Loading Basis Set <=

    Name: (6-31G* AUX)
    Role: JKFIT
    Keyword: DF_BASIS_SCF
    atoms 1, 4-6 entry C          line   121 file /Users/jmsmith1/anaconda3/envs/jupyterenv/share/psi4/basis/cc-pvdz-jkfit.gbs 
    atoms 2-3    entry O          line   221 file /Users/jmsmith1/anaconda3/envs/jupyterenv/share/psi4/basis/cc-pvdz-jkfit.gbs 
    atoms 7-12   entry H          line    51 file /Users/jmsmith1/anaconda3/envs/jupyterenv/share/psi4/basis/cc-pvdz-jkfit.gbs 

  ==> Integral Setup <==

  DFHelper Memory: AOs need 0.151 GiB; user supplied 3.602 GiB. 
  SCF_SUBTYPE=INCORE selected. In-core MEM_DF algorithm will be used.
  Using in-core AOs.

  ==> MemDFJK: Density-Fitted J/K Matrices <==

    J tasked:                   Yes
    K tasked:                   Yes
    wK tasked:                  Yes
    Omega:                2.000E-01
    OpenMP threads:               4
    Memory [MiB]:              3688
    Algorithm:                 Core
    Schwarz Cutoff:           1E-12
    Mask sparsity (%):       1.7878
    Fitting Condition:        1E-10

   => Auxiliary Basis Set <=

  Basis Set: (6-31G* AUX)
    Blend: CC-PVDZ-JKFIT
    Number of shells: 198
    Number of basis functions: 636
    Number of Cartesian functions: 636
    Spherical Harmonics?: false
    Max angular momentum: 3

  Cached 100.0% of DFT collocation blocks in 0.588 [GiB].

  Minimum eigenvalue in the overlap matrix is 3.1253583857E-03.
  Reciprocal condition number of the overlap matrix is 4.5904578314E-04.
    Using symmetric orthogonalization.

  ==> Pre-Iterations <==

  SCF Guess: Superposition of Atomic Densities via on-the-fly atomic UHF (no occupation information).

   -------------------------
    Irrep   Nso     Nmo    
   -------------------------
     A        102     102 
   -------------------------
    Total     102     102
   -------------------------

  ==> Iterations <==

                           Total Energy        Delta E     RMS |[F,P]|

   @DF-RKS iter SAD:  -300.05341575508095   -3.00053e+02   0.00000e+00 
   @DF-RKS iter   1:  -296.28429092919720    3.76912e+00   3.46203e-02 ADIIS/DIIS
   @DF-RKS iter   2:  -274.50111814298981    2.17832e+01   6.33262e-02 ADIIS/DIIS
   @DF-RKS iter   3:  -304.92847721012515   -3.04274e+01   1.55812e-02 ADIIS/DIIS
   @DF-RKS iter   4:  -305.09493871649357   -1.66462e-01   1.47105e-02 ADIIS/DIIS
   @DF-RKS iter   5:  -306.04976256051668   -9.54824e-01   4.78260e-03 ADIIS/DIIS
   @DF-RKS iter   6:  -306.15575571883767   -1.05993e-01   1.80695e-03 ADIIS/DIIS
   @DF-RKS iter   7:  -306.17088997958791   -1.51343e-02   5.21634e-04 ADIIS/DIIS
   @DF-RKS iter   8:  -306.17200721629678   -1.11724e-03   2.13805e-04 ADIIS/DIIS
   @DF-RKS iter   9:  -306.17219069603499   -1.83480e-04   1.12057e-04 ADIIS/DIIS
   @DF-RKS iter  10:  -306.17224603205489   -5.53360e-05   4.81957e-05 DIIS
   @DF-RKS iter  11:  -306.17225736878976   -1.13367e-05   7.25821e-06 DIIS
   @DF-RKS iter  12:  -306.17225764236201   -2.73572e-07   1.37225e-06 DIIS
   @DF-RKS iter  13:  -306.17225765785940   -1.54974e-08   5.58573e-07 DIIS
   @DF-RKS iter  14:  -306.17225766076950   -2.91010e-09   2.11144e-07 DIIS
   @DF-RKS iter  15:  -306.17225766124466   -4.75154e-10   8.73262e-08 DIIS
  Energy and wave function converged.


  ==> Post-Iterations <==

   Electrons on quadrature grid:
      Ntotal   =   45.9999779786 ; deviation = -2.202e-05 

    Orbital Energies [Eh]
    ---------------------

    Doubly Occupied:                                                      

       1A    -19.421508     2A    -19.255616     3A    -10.415533  
       4A    -10.348798     5A    -10.339477     6A    -10.338714  
       7A     -1.294455     8A     -0.998343     9A     -0.902018  
      10A     -0.835358    11A     -0.746372    12A     -0.644404  
      13A     -0.614321    14A     -0.594294    15A     -0.579710  
      16A     -0.535479    17A     -0.497966    18A     -0.489688  
      19A     -0.485016    20A     -0.447673    21A     -0.392024  
      22A     -0.309724    23A     -0.293690  

    Virtual:                                                              

      24A     -0.028677    25A      0.101949    26A      0.147428  
      27A      0.167105    28A      0.200136    29A      0.220039  
      30A      0.226634    31A      0.237488    32A      0.254837  
      33A      0.309487    34A      0.345805    35A      0.420646  
      36A      0.444287    37A      0.556352    38A      0.584259  
      39A      0.611858    40A      0.648789    41A      0.659962  
      42A      0.688767    43A      0.707203    44A      0.721615  
      45A      0.749472    46A      0.794232    47A      0.823018  
      48A      0.864496    49A      0.884738    50A      0.906302  
      51A      0.913862    52A      0.939250    53A      0.947936  
      54A      0.970657    55A      1.018729    56A      1.026707  
      57A      1.039160    58A      1.108387    59A      1.131626  
      60A      1.168382    61A      1.196545    62A      1.227296  
      63A      1.355007    64A      1.386580    65A      1.416960  
      66A      1.445409    67A      1.495839    68A      1.611497  
      69A      1.647058    70A      1.689517    71A      1.759049  
      72A      1.781624    73A      1.846201    74A      1.875613  
      75A      1.909576    76A      1.926073    77A      1.953517  
      78A      1.988223    79A      2.067467    80A      2.107291  
      81A      2.150958    82A      2.206732    83A      2.292589  
      84A      2.310249    85A      2.337917    86A      2.414428  
      87A      2.455380    88A      2.533506    89A      2.571163  
      90A      2.576524    91A      2.706009    92A      2.772180  
      93A      2.921315    94A      2.933264    95A      3.141777  
      96A      3.247410    97A      3.607740    98A      4.097083  
      99A      4.155880   100A      4.245681   101A      4.333784  
     102A      4.606713  

    Final Occupation by Irrep:
              A 
    DOCC [    23 ]
    NA   [    23 ]
    NB   [    23 ]

  @DF-RKS Final Energy:  -306.17225766124466

   => Energetics <=

    Nuclear Repulsion Energy =            222.4999035744098421
    One-Electron Energy =                -856.6335655676160741
    Two-Electron Energy =                 356.1494037730884088
    DFT Exchange-Correlation Energy =     -28.1836745896879641
    Empirical Dispersion Energy =          -0.0043248514388818
    VV10 Nonlocal Energy =                  0.0000000000000000
    Total Energy =                       -306.1722576612446574

Computation Completed


Properties will be evaluated at   0.000000,   0.000000,   0.000000 [a0]

Properties computed using the SCF density matrix


 Multipole Moments:

 ------------------------------------------------------------------------------------
     Multipole            Electronic (a.u.)      Nuclear  (a.u.)        Total (a.u.)
 ------------------------------------------------------------------------------------

 L = 1.  Multiply by 2.5417464519 to convert [e a0] to [Debye]
 Dipole X            :         -1.3127208           -0.5207308           -1.8334516
 Dipole Y            :          0.6080860            0.1021415            0.7102276
 Dipole Z            :          0.2729374           -0.2465460            0.0263915
 Magnitude           :                                                    1.9663836

 ------------------------------------------------------------------------------------

*** tstop() called on cst14372 at Tue Apr 21 11:04:38 2026
Module time:
	user time   =      25.24 seconds =       0.42 minutes
	system time =       0.39 seconds =       0.01 minutes
	total time  =         12 seconds =       0.20 minutes
Total time:
	user time   =     478.60 seconds =       7.98 minutes
	system time =       6.68 seconds =       0.11 minutes
	total time  =        231 seconds =       3.85 minutes

Scratch directory: /tmp/
gradient() will perform analytic gradient computation.

*** tstart() called on cst14372
*** at Tue Apr 21 11:04:38 2026


         ------------------------------------------------------------
                                   SCF GRAD                          
                          Rob Parrish, Justin Turney,                
                       Andy Simmonett, and Alex Sokolov              
         ------------------------------------------------------------

  ==> Geometry <==

    Molecular point group: c1
    Full point group: C1

    Geometry (in Angstrom), charge = 0, multiplicity = 1:

       Center              X                  Y                   Z               Mass       
    ------------   -----------------  -----------------  -----------------  -----------------
         C            0.066647250200     0.355349927200     0.050276203600    12.000000000000
         O            1.376918069100     0.314056401600     0.009655832300    15.994914619570
         O            2.020278315800    -0.829751538500    -0.000874890200    15.994914619570
         C           -0.710114792800    -0.884570806900    -0.000504973500    12.000000000000
         C           -2.063435922700    -0.944918711800    -0.067103632400    12.000000000000
         C           -0.564871908800     1.703423103100     0.027878711200    12.000000000000
         H           -0.299458735500    -1.923817917200     0.245090361600     1.007825032230
         H           -2.665668191500     0.005162869300    -0.214990929000     1.007825032230
         H           -2.710207484500    -1.809104524300    -0.164960232700     1.007825032230
         H            0.317759964900     2.373728133700    -0.032696306200     1.007825032230
         H           -1.217765616700     2.163620588500     0.863575873100     1.007825032230
         H           -1.247137654800     1.994321848200    -0.960010666100     1.007825032230

  Nuclear repulsion =  222.499903574409842

  ==> Basis Set <==

  Basis Set: 6-31G*
    Blend: 6-31G*
    Number of shells: 48
    Number of basis functions: 102
    Number of Cartesian functions: 102
    Spherical Harmonics?: false
    Max angular momentum: 2

  ==> DFJKGrad: Density-Fitted SCF Gradients <==

    Gradient:                    1
    J tasked:                  Yes
    K tasked:                  Yes
    wK tasked:                 Yes
    Omega:               2.000E-01
    OpenMP threads:              4
    Integrals threads:           4
    Memory [MiB]:             4291
    Schwarz Cutoff:          1E-12
    Fitting Condition:       1E-10

   => Auxiliary Basis Set <=

  Basis Set: (6-31G* AUX)
    Blend: CC-PVDZ-JKFIT
    Number of shells: 198
    Number of basis functions: 636
    Number of Cartesian functions: 636
    Spherical Harmonics?: false
    Max angular momentum: 3

  ==> DFT Potential <==

   => LibXC <=

    Version 7.0.0
    S. Lehtola, C. Steigemann, M. J.T. Oliveira, and M. A.L. Marques.,  SoftwareX 7, 1–5 (2018) (10.1016/j.softx.2017.11.002)

   => Composite Functional: WB97X-D <= 

    wB97X-D Hyb-GGA Exchange-Correlation Functional

    J.-D. Chai and M. Head-Gordon.,  Phys. Chem. Chem. Phys. 10, 6615-6620 (2008) (10.1039/B810189B)

    Deriv               =              1
    GGA                 =           TRUE
    Meta                =          FALSE

    Exchange Hybrid     =           TRUE
    MP2 Hybrid          =          FALSE

   => Exchange-Correlation Functionals <=

    1.0000   wB97X-D range-separated functional

   => Exact (HF) Exchange <=

    0.7780            HF,LR [omega = 0.2000]
    0.2220               HF 

   => LibXC Density Thresholds  <==

    XC_HYB_GGA_XC_WB97X_D:  1.00E-14 

   => Molecular Quadrature <=

    Radial Scheme          =       TREUTLER
    Pruning Scheme         =           NONE
    Nuclear Scheme         =       TREUTLER

    Blocking Scheme        =         OCTREE
    BS radius alpha        =              1
    Pruning alpha          =              1
    Radial Points          =             75
    Spherical Points       =            302
    Total Points           =         254764
    Total Blocks           =           1942
    Max Points             =            256
    Max Functions          =            100
    Weights Tolerance      =       1.00E-15


  -Total Gradient:
     Atom            X                  Y                   Z
    ------   -----------------  -----------------  -----------------
       1        0.000983646338     0.029279026689     0.003364523673
       2        0.041330398576    -0.024088346990    -0.005689316381
       3       -0.002605899298     0.012526556655     0.001271112473
       4        0.016582582971     0.048904996498    -0.026752054304
       5        0.007508397006    -0.054107659812     0.019051195006
       6        0.018182715157    -0.059437517522     0.033185967403
       7       -0.008896461736    -0.038049485468     0.015125969464
       8       -0.014719770128     0.018888819772    -0.004333822993
       9       -0.011206717514     0.009356791245    -0.007424489604
      10        0.010338818869    -0.001624210413     0.001012731345
      11       -0.021131245381     0.032571959949     0.013814146182
      12       -0.036531825268     0.025524624268    -0.042890222048


*** tstop() called on cst14372 at Tue Apr 21 11:04:40 2026
Module time:
	user time   =       3.75 seconds =       0.06 minutes
	system time =       0.09 seconds =       0.00 minutes
	total time  =          2 seconds =       0.03 minutes
Total time:
	user time   =     482.37 seconds =       8.04 minutes
	system time =       6.77 seconds =       0.11 minutes
	total time  =        233 seconds =       3.88 minutes

Scratch directory: /tmp/
   => Libint2 <=

    Primary   basis highest AM E, G, H:  6, 6, 3
    Auxiliary basis highest AM E, G, H:  7, 7, 4
    Onebody   basis highest AM E, G, H:  -, -, -
    Solid Harmonics ordering:            Gaussian

*** tstart() called on cst14372
*** at Tue Apr 21 11:04:40 2026

   => Loading Basis Set <=

    Name: 6-31G*
    Role: ORBITAL
    Keyword: BASIS
    atoms 1, 4-6 entry C          line   111 file /Users/jmsmith1/anaconda3/envs/jupyterenv/share/psi4/basis/6-31gs.gbs 
    atoms 2-3    entry O          line   145 file /Users/jmsmith1/anaconda3/envs/jupyterenv/share/psi4/basis/6-31gs.gbs 
    atoms 7-12   entry H          line    44 file /Users/jmsmith1/anaconda3/envs/jupyterenv/share/psi4/basis/6-31gs.gbs 

   => WB97X-D: Empirical Dispersion <=

    Chai and Head-Gordon Dispersion Correction
    Chai, J.-D.; Head-Gordon, M. (2010), J. Chem. Phys., 132: 6615-6620

        s6 =       1.000000


         ---------------------------------------------------------
                                   SCF
               by Justin Turney, Rob Parrish, Andy Simmonett
                          and Daniel G. A. Smith
                              RKS Reference
                        4 Threads,   5722 MiB Core
         ---------------------------------------------------------

  ==> Geometry <==

    Molecular point group: c1
    Full point group: C1

    Geometry (in Angstrom), charge = 0, multiplicity = 1:

       Center              X                  Y                   Z               Mass       
    ------------   -----------------  -----------------  -----------------  -----------------
         C            0.066710912000     0.355334772600     0.053626540200    12.000000000000
         O            1.378920969100     0.315065230800     0.010378570300    15.994914619570
         O            2.023255733700    -0.826548532400    -0.000950481000    15.994914619570
         C           -0.710180111300    -0.886366265200    -0.000088178800    12.000000000000
         C           -2.064520542800    -0.948129128400    -0.071957772800    12.000000000000
         C           -0.569228513300     1.703045880600     0.029076344900    12.000000000000
         H           -0.310579094600    -1.924138837900     0.258622967600     1.007825032230
         H           -2.663044654700    -0.002260528800    -0.228652298500     1.007825032230
         H           -2.716101595700    -1.811734751400    -0.174723722000     1.007825032230
         H            0.316601845900     2.367666583400    -0.035190123800     1.007825032230
         H           -1.218288727800     2.175768118300     0.858051908400     1.007825032230
         H           -1.245202239200     1.996164019500    -0.953523730500     1.007825032230

  Running in c1 symmetry.

  Rotational constants: A =      0.18248  B =      0.09536  C =      0.06350 [cm^-1]
  Rotational constants: A =   5470.63168  B =   2858.80379  C =   1903.73169 [MHz]
  Nuclear repulsion =  222.382861358700154

  Charge       = 0
  Multiplicity = 1
  Electrons    = 46
  Nalpha       = 23
  Nbeta        = 23

  ==> Algorithm <==

  SCF Algorithm Type is DF.
  DIIS enabled.
  MOM disabled.
  Fractional occupation disabled.
  Guess Type is SAD.
  Energy threshold   = 1.00e-07
  Density threshold  = 1.00e-07
  Integral threshold = 1.00e-12

  ==> Primary Basis <==

  Basis Set: 6-31G*
    Blend: 6-31G*
    Number of shells: 48
    Number of basis functions: 102
    Number of Cartesian functions: 102
    Spherical Harmonics?: false
    Max angular momentum: 2

  ==> DFT Potential <==

   => LibXC <=

    Version 7.0.0
    S. Lehtola, C. Steigemann, M. J.T. Oliveira, and M. A.L. Marques.,  SoftwareX 7, 1–5 (2018) (10.1016/j.softx.2017.11.002)

   => Composite Functional: WB97X-D <= 

    wB97X-D Hyb-GGA Exchange-Correlation Functional

    J.-D. Chai and M. Head-Gordon.,  Phys. Chem. Chem. Phys. 10, 6615-6620 (2008) (10.1039/B810189B)

    Deriv               =              1
    GGA                 =           TRUE
    Meta                =          FALSE

    Exchange Hybrid     =           TRUE
    MP2 Hybrid          =          FALSE

   => Exchange-Correlation Functionals <=

    1.0000   wB97X-D range-separated functional

   => Exact (HF) Exchange <=

    0.7780            HF,LR [omega = 0.2000]
    0.2220               HF 

   => LibXC Density Thresholds  <==

    XC_HYB_GGA_XC_WB97X_D:  1.00E-14 

   => Molecular Quadrature <=

    Radial Scheme          =       TREUTLER
    Pruning Scheme         =           NONE
    Nuclear Scheme         =       TREUTLER

    Blocking Scheme        =         OCTREE
    BS radius alpha        =              1
    Pruning alpha          =              1
    Radial Points          =             75
    Spherical Points       =            302
    Total Points           =         254770
    Total Blocks           =           1938
    Max Points             =            256
    Max Functions          =            100
    Weights Tolerance      =       1.00E-15

   => Loading Basis Set <=

    Name: (6-31G* AUX)
    Role: JKFIT
    Keyword: DF_BASIS_SCF
    atoms 1, 4-6 entry C          line   121 file /Users/jmsmith1/anaconda3/envs/jupyterenv/share/psi4/basis/cc-pvdz-jkfit.gbs 
    atoms 2-3    entry O          line   221 file /Users/jmsmith1/anaconda3/envs/jupyterenv/share/psi4/basis/cc-pvdz-jkfit.gbs 
    atoms 7-12   entry H          line    51 file /Users/jmsmith1/anaconda3/envs/jupyterenv/share/psi4/basis/cc-pvdz-jkfit.gbs 

  ==> Integral Setup <==

  DFHelper Memory: AOs need 0.151 GiB; user supplied 3.603 GiB. 
  SCF_SUBTYPE=INCORE selected. In-core MEM_DF algorithm will be used.
  Using in-core AOs.

  ==> MemDFJK: Density-Fitted J/K Matrices <==

    J tasked:                   Yes
    K tasked:                   Yes
    wK tasked:                  Yes
    Omega:                2.000E-01
    OpenMP threads:               4
    Memory [MiB]:              3689
    Algorithm:                 Core
    Schwarz Cutoff:           1E-12
    Mask sparsity (%):       1.8070
    Fitting Condition:        1E-10

   => Auxiliary Basis Set <=

  Basis Set: (6-31G* AUX)
    Blend: CC-PVDZ-JKFIT
    Number of shells: 198
    Number of basis functions: 636
    Number of Cartesian functions: 636
    Spherical Harmonics?: false
    Max angular momentum: 3

  Cached 100.0% of DFT collocation blocks in 0.588 [GiB].

  Minimum eigenvalue in the overlap matrix is 3.1470930843E-03.
  Reciprocal condition number of the overlap matrix is 4.6260141605E-04.
    Using symmetric orthogonalization.

  ==> Pre-Iterations <==

  SCF Guess: Superposition of Atomic Densities via on-the-fly atomic UHF (no occupation information).

   -------------------------
    Irrep   Nso     Nmo    
   -------------------------
     A        102     102 
   -------------------------
    Total     102     102
   -------------------------

  ==> Iterations <==

                           Total Energy        Delta E     RMS |[F,P]|

   @DF-RKS iter SAD:  -300.05766000337087   -3.00058e+02   0.00000e+00 
   @DF-RKS iter   1:  -296.29010038405670    3.76756e+00   3.46053e-02 ADIIS/DIIS
   @DF-RKS iter   2:  -274.55389238737916    2.17362e+01   6.33098e-02 ADIIS/DIIS
   @DF-RKS iter   3:  -304.92327439743099   -3.03694e+01   1.56061e-02 ADIIS/DIIS
   @DF-RKS iter   4:  -305.06938277766733   -1.46108e-01   1.48491e-02 ADIIS/DIIS
   @DF-RKS iter   5:  -306.04842916685624   -9.79046e-01   4.78273e-03 ADIIS/DIIS
   @DF-RKS iter   6:  -306.15448114799358   -1.06052e-01   1.83127e-03 ADIIS/DIIS
   @DF-RKS iter   7:  -306.17004611628784   -1.55650e-02   5.22532e-04 ADIIS/DIIS
   @DF-RKS iter   8:  -306.17116875034662   -1.12263e-03   2.17251e-04 ADIIS/DIIS
   @DF-RKS iter   9:  -306.17135853986088   -1.89790e-04   1.11591e-04 ADIIS/DIIS
   @DF-RKS iter  10:  -306.17141395535498   -5.54155e-05   4.76497e-05 DIIS
   @DF-RKS iter  11:  -306.17142510568357   -1.11503e-05   7.09178e-06 DIIS
   @DF-RKS iter  12:  -306.17142537057134   -2.64888e-07   1.33437e-06 DIIS
   @DF-RKS iter  13:  -306.17142538559000   -1.50187e-08   5.33869e-07 DIIS
   @DF-RKS iter  14:  -306.17142538836350   -2.77350e-09   1.92470e-07 DIIS
   @DF-RKS iter  15:  -306.17142538880569   -4.42185e-10   8.11051e-08 DIIS
  Energy and wave function converged.


  ==> Post-Iterations <==

   Electrons on quadrature grid:
      Ntotal   =   45.9999762235 ; deviation = -2.378e-05 

    Orbital Energies [Eh]
    ---------------------

    Doubly Occupied:                                                      

       1A    -19.422023     2A    -19.256177     3A    -10.416035  
       4A    -10.348059     5A    -10.339480     6A    -10.338674  
       7A     -1.294953     8A     -0.998282     9A     -0.901663  
      10A     -0.835651    11A     -0.746214    12A     -0.645075  
      13A     -0.614462    14A     -0.594784    15A     -0.579672  
      16A     -0.535313    17A     -0.498348    18A     -0.489945  
      19A     -0.484616    20A     -0.447545    21A     -0.391660  
      22A     -0.310024    23A     -0.293806  

    Virtual:                                                              

      24A     -0.028877    25A      0.101287    26A      0.148310  
      27A      0.167134    28A      0.200942    29A      0.220816  
      30A      0.226609    31A      0.237704    32A      0.254823  
      33A      0.308947    34A      0.345266    35A      0.420818  
      36A      0.444133    37A      0.556515    38A      0.583968  
      39A      0.611501    40A      0.647335    41A      0.659529  
      42A      0.689161    43A      0.706981    44A      0.720454  
      45A      0.749567    46A      0.795291    47A      0.824955  
      48A      0.865513    49A      0.885104    50A      0.907204  
      51A      0.914479    52A      0.938176    53A      0.946768  
      54A      0.971501    55A      1.018039    56A      1.026590  
      57A      1.039508    58A      1.106579    59A      1.131283  
      60A      1.166925    61A      1.195665    62A      1.223935  
      63A      1.354091    64A      1.385389    65A      1.416789  
      66A      1.446681    67A      1.493915    68A      1.612148  
      69A      1.645898    70A      1.691639    71A      1.759605  
      72A      1.778518    73A      1.845604    74A      1.871317  
      75A      1.907603    76A      1.924825    77A      1.952414  
      78A      1.987076    79A      2.066782    80A      2.108201  
      81A      2.154771    82A      2.206995    83A      2.294437  
      84A      2.312014    85A      2.337120    86A      2.413485  
      87A      2.455593    88A      2.531829    89A      2.570505  
      90A      2.576419    91A      2.706011    92A      2.771837  
      93A      2.919676    94A      2.931774    95A      3.138622  
      96A      3.244996    97A      3.606517    98A      4.096611  
      99A      4.154284   100A      4.244986   101A      4.332939  
     102A      4.605250  

    Final Occupation by Irrep:
              A 
    DOCC [    23 ]
    NA   [    23 ]
    NB   [    23 ]

  @DF-RKS Final Energy:  -306.17142538880569

   => Energetics <=

    Nuclear Repulsion Energy =            222.3828613587001541
    One-Electron Energy =                -856.3929338179511888
    Two-Electron Energy =                 356.0271020538659172
    DFT Exchange-Correlation Energy =     -28.1841419696332380
    Empirical Dispersion Energy =          -0.0043130137874225
    VV10 Nonlocal Energy =                  0.0000000000000000
    Total Energy =                       -306.1714253888056874

Computation Completed


Properties will be evaluated at   0.000000,   0.000000,   0.000000 [a0]

Properties computed using the SCF density matrix


 Multipole Moments:

 ------------------------------------------------------------------------------------
     Multipole            Electronic (a.u.)      Nuclear  (a.u.)        Total (a.u.)
 ------------------------------------------------------------------------------------

 L = 1.  Multiply by 2.5417464519 to convert [e a0] to [Debye]
 Dipole X            :         -1.2977711           -0.5338672           -1.8316384
 Dipole Y            :          0.6106145            0.0999849            0.7105995
 Dipole Z            :          0.2823877           -0.2570948            0.0252930
 Magnitude           :                                                    1.9648131

 ------------------------------------------------------------------------------------

*** tstop() called on cst14372 at Tue Apr 21 11:04:52 2026
Module time:
	user time   =      25.46 seconds =       0.42 minutes
	system time =       0.42 seconds =       0.01 minutes
	total time  =         12 seconds =       0.20 minutes
Total time:
	user time   =     507.86 seconds =       8.46 minutes
	system time =       7.19 seconds =       0.12 minutes
	total time  =        245 seconds =       4.08 minutes

Scratch directory: /tmp/
gradient() will perform analytic gradient computation.

*** tstart() called on cst14372
*** at Tue Apr 21 11:04:52 2026


         ------------------------------------------------------------
                                   SCF GRAD                          
                          Rob Parrish, Justin Turney,                
                       Andy Simmonett, and Alex Sokolov              
         ------------------------------------------------------------

  ==> Geometry <==

    Molecular point group: c1
    Full point group: C1

    Geometry (in Angstrom), charge = 0, multiplicity = 1:

       Center              X                  Y                   Z               Mass       
    ------------   -----------------  -----------------  -----------------  -----------------
         C            0.066710912000     0.355334772600     0.053626540200    12.000000000000
         O            1.378920969100     0.315065230800     0.010378570300    15.994914619570
         O            2.023255733700    -0.826548532400    -0.000950481000    15.994914619570
         C           -0.710180111300    -0.886366265200    -0.000088178800    12.000000000000
         C           -2.064520542800    -0.948129128400    -0.071957772800    12.000000000000
         C           -0.569228513300     1.703045880600     0.029076344900    12.000000000000
         H           -0.310579094600    -1.924138837900     0.258622967600     1.007825032230
         H           -2.663044654700    -0.002260528800    -0.228652298500     1.007825032230
         H           -2.716101595700    -1.811734751400    -0.174723722000     1.007825032230
         H            0.316601845900     2.367666583400    -0.035190123800     1.007825032230
         H           -1.218288727800     2.175768118300     0.858051908400     1.007825032230
         H           -1.245202239200     1.996164019500    -0.953523730500     1.007825032230

  Nuclear repulsion =  222.382861358700154

  ==> Basis Set <==

  Basis Set: 6-31G*
    Blend: 6-31G*
    Number of shells: 48
    Number of basis functions: 102
    Number of Cartesian functions: 102
    Spherical Harmonics?: false
    Max angular momentum: 2

  ==> DFJKGrad: Density-Fitted SCF Gradients <==

    Gradient:                    1
    J tasked:                  Yes
    K tasked:                  Yes
    wK tasked:                 Yes
    Omega:               2.000E-01
    OpenMP threads:              4
    Integrals threads:           4
    Memory [MiB]:             4291
    Schwarz Cutoff:          1E-12
    Fitting Condition:       1E-10

   => Auxiliary Basis Set <=

  Basis Set: (6-31G* AUX)
    Blend: CC-PVDZ-JKFIT
    Number of shells: 198
    Number of basis functions: 636
    Number of Cartesian functions: 636
    Spherical Harmonics?: false
    Max angular momentum: 3

  ==> DFT Potential <==

   => LibXC <=

    Version 7.0.0
    S. Lehtola, C. Steigemann, M. J.T. Oliveira, and M. A.L. Marques.,  SoftwareX 7, 1–5 (2018) (10.1016/j.softx.2017.11.002)

   => Composite Functional: WB97X-D <= 

    wB97X-D Hyb-GGA Exchange-Correlation Functional

    J.-D. Chai and M. Head-Gordon.,  Phys. Chem. Chem. Phys. 10, 6615-6620 (2008) (10.1039/B810189B)

    Deriv               =              1
    GGA                 =           TRUE
    Meta                =          FALSE

    Exchange Hybrid     =           TRUE
    MP2 Hybrid          =          FALSE

   => Exchange-Correlation Functionals <=

    1.0000   wB97X-D range-separated functional

   => Exact (HF) Exchange <=

    0.7780            HF,LR [omega = 0.2000]
    0.2220               HF 

   => LibXC Density Thresholds  <==

    XC_HYB_GGA_XC_WB97X_D:  1.00E-14 

   => Molecular Quadrature <=

    Radial Scheme          =       TREUTLER
    Pruning Scheme         =           NONE
    Nuclear Scheme         =       TREUTLER

    Blocking Scheme        =         OCTREE
    BS radius alpha        =              1
    Pruning alpha          =              1
    Radial Points          =             75
    Spherical Points       =            302
    Total Points           =         254770
    Total Blocks           =           1938
    Max Points             =            256
    Max Functions          =            100
    Weights Tolerance      =       1.00E-15


  -Total Gradient:
     Atom            X                  Y                   Z
    ------   -----------------  -----------------  -----------------
       1        0.001396042565     0.030129577269     0.003638396188
       2        0.043549026917    -0.025215171265    -0.006054743174
       3       -0.002762108950     0.013280508510     0.001326432558
       4        0.018544896224     0.048035248547    -0.027792949661
       5        0.006712769450    -0.052014797431     0.019981346017
       6        0.015264124742    -0.059315641852     0.033228916052
       7       -0.010651494286    -0.036834657267     0.015472748108
       8       -0.013484621146     0.016741304712    -0.004288298873
       9       -0.012754872930     0.008231730425    -0.007976011300
      10        0.010003251620    -0.002505787995     0.000973899580
      11       -0.020620382576     0.033293849846     0.012123661555
      12       -0.035335088350     0.025900749192    -0.040916577207


*** tstop() called on cst14372 at Tue Apr 21 11:04:54 2026
Module time:
	user time   =       3.71 seconds =       0.06 minutes
	system time =       0.07 seconds =       0.00 minutes
	total time  =          2 seconds =       0.03 minutes
Total time:
	user time   =     511.59 seconds =       8.53 minutes
	system time =       7.27 seconds =       0.12 minutes
	total time  =        247 seconds =       4.12 minutes

Scratch directory: /tmp/
   => Libint2 <=

    Primary   basis highest AM E, G, H:  6, 6, 3
    Auxiliary basis highest AM E, G, H:  7, 7, 4
    Onebody   basis highest AM E, G, H:  -, -, -
    Solid Harmonics ordering:            Gaussian

*** tstart() called on cst14372
*** at Tue Apr 21 11:04:54 2026

   => Loading Basis Set <=

    Name: 6-31G*
    Role: ORBITAL
    Keyword: BASIS
    atoms 1, 4-6 entry C          line   111 file /Users/jmsmith1/anaconda3/envs/jupyterenv/share/psi4/basis/6-31gs.gbs 
    atoms 2-3    entry O          line   145 file /Users/jmsmith1/anaconda3/envs/jupyterenv/share/psi4/basis/6-31gs.gbs 
    atoms 7-12   entry H          line    44 file /Users/jmsmith1/anaconda3/envs/jupyterenv/share/psi4/basis/6-31gs.gbs 

   => WB97X-D: Empirical Dispersion <=

    Chai and Head-Gordon Dispersion Correction
    Chai, J.-D.; Head-Gordon, M. (2010), J. Chem. Phys., 132: 6615-6620

        s6 =       1.000000


         ---------------------------------------------------------
                                   SCF
               by Justin Turney, Rob Parrish, Andy Simmonett
                          and Daniel G. A. Smith
                              RKS Reference
                        4 Threads,   5722 MiB Core
         ---------------------------------------------------------

  ==> Geometry <==

    Molecular point group: c1
    Full point group: C1

    Geometry (in Angstrom), charge = 0, multiplicity = 1:

       Center              X                  Y                   Z               Mass       
    ------------   -----------------  -----------------  -----------------  -----------------
         C            0.066770697400     0.355232334900     0.056975078700    12.000000000000
         O            1.380834424000     0.316131504500     0.011116355200    15.994914619570
         O            2.026246920700    -0.823366042800    -0.001029152500    15.994914619570
         C           -0.710299299000    -0.888305497200     0.000410180300    12.000000000000
         C           -2.065627429000    -0.951197302900    -0.076882430400    12.000000000000
         C           -0.573640678200     1.702839429200     0.030180884000    12.000000000000
         H           -0.321360944400    -1.923189684300     0.271657006700     1.007825032230
         H           -2.659949014400    -0.010280913700    -0.242201335600     1.007825032230
         H           -2.721570995100    -1.814655858400    -0.184237476000     1.007825032230
         H            0.315095563200     2.361675682800    -0.037724047400     1.007825032230
         H           -1.218101735200     2.186798585500     0.852095233500     1.007825032230
         H           -1.242042605000     1.997117338100    -0.945608127700     1.007825032230

  Running in c1 symmetry.

  Rotational constants: A =      0.18237  B =      0.09514  C =      0.06339 [cm^-1]
  Rotational constants: A =   5467.37719  B =   2852.12541  C =   1900.33005 [MHz]
  Nuclear repulsion =  222.282523653667454

  Charge       = 0
  Multiplicity = 1
  Electrons    = 46
  Nalpha       = 23
  Nbeta        = 23

  ==> Algorithm <==

  SCF Algorithm Type is DF.
  DIIS enabled.
  MOM disabled.
  Fractional occupation disabled.
  Guess Type is SAD.
  Energy threshold   = 1.00e-07
  Density threshold  = 1.00e-07
  Integral threshold = 1.00e-12

  ==> Primary Basis <==

  Basis Set: 6-31G*
    Blend: 6-31G*
    Number of shells: 48
    Number of basis functions: 102
    Number of Cartesian functions: 102
    Spherical Harmonics?: false
    Max angular momentum: 2

  ==> DFT Potential <==

   => LibXC <=

    Version 7.0.0
    S. Lehtola, C. Steigemann, M. J.T. Oliveira, and M. A.L. Marques.,  SoftwareX 7, 1–5 (2018) (10.1016/j.softx.2017.11.002)

   => Composite Functional: WB97X-D <= 

    wB97X-D Hyb-GGA Exchange-Correlation Functional

    J.-D. Chai and M. Head-Gordon.,  Phys. Chem. Chem. Phys. 10, 6615-6620 (2008) (10.1039/B810189B)

    Deriv               =              1
    GGA                 =           TRUE
    Meta                =          FALSE

    Exchange Hybrid     =           TRUE
    MP2 Hybrid          =          FALSE

   => Exchange-Correlation Functionals <=

    1.0000   wB97X-D range-separated functional

   => Exact (HF) Exchange <=

    0.7780            HF,LR [omega = 0.2000]
    0.2220               HF 

   => LibXC Density Thresholds  <==

    XC_HYB_GGA_XC_WB97X_D:  1.00E-14 

   => Molecular Quadrature <=

    Radial Scheme          =       TREUTLER
    Pruning Scheme         =           NONE
    Nuclear Scheme         =       TREUTLER

    Blocking Scheme        =         OCTREE
    BS radius alpha        =              1
    Pruning alpha          =              1
    Radial Points          =             75
    Spherical Points       =            302
    Total Points           =         254793
    Total Blocks           =           1942
    Max Points             =            256
    Max Functions          =            100
    Weights Tolerance      =       1.00E-15

   => Loading Basis Set <=

    Name: (6-31G* AUX)
    Role: JKFIT
    Keyword: DF_BASIS_SCF
    atoms 1, 4-6 entry C          line   121 file /Users/jmsmith1/anaconda3/envs/jupyterenv/share/psi4/basis/cc-pvdz-jkfit.gbs 
    atoms 2-3    entry O          line   221 file /Users/jmsmith1/anaconda3/envs/jupyterenv/share/psi4/basis/cc-pvdz-jkfit.gbs 
    atoms 7-12   entry H          line    51 file /Users/jmsmith1/anaconda3/envs/jupyterenv/share/psi4/basis/cc-pvdz-jkfit.gbs 

  ==> Integral Setup <==

  DFHelper Memory: AOs need 0.151 GiB; user supplied 3.603 GiB. 
  SCF_SUBTYPE=INCORE selected. In-core MEM_DF algorithm will be used.
  Using in-core AOs.

  ==> MemDFJK: Density-Fitted J/K Matrices <==

    J tasked:                   Yes
    K tasked:                   Yes
    wK tasked:                  Yes
    Omega:                2.000E-01
    OpenMP threads:               4
    Memory [MiB]:              3689
    Algorithm:                 Core
    Schwarz Cutoff:           1E-12
    Mask sparsity (%):       1.8070
    Fitting Condition:        1E-10

   => Auxiliary Basis Set <=

  Basis Set: (6-31G* AUX)
    Blend: CC-PVDZ-JKFIT
    Number of shells: 198
    Number of basis functions: 636
    Number of Cartesian functions: 636
    Spherical Harmonics?: false
    Max angular momentum: 3

  Cached 100.0% of DFT collocation blocks in 0.588 [GiB].

  Minimum eigenvalue in the overlap matrix is 3.1703164431E-03.
  Reciprocal condition number of the overlap matrix is 4.6631497844E-04.
    Using symmetric orthogonalization.

  ==> Pre-Iterations <==

  SCF Guess: Superposition of Atomic Densities via on-the-fly atomic UHF (no occupation information).

   -------------------------
    Irrep   Nso     Nmo    
   -------------------------
     A        102     102 
   -------------------------
    Total     102     102
   -------------------------

  ==> Iterations <==

                           Total Energy        Delta E     RMS |[F,P]|

   @DF-RKS iter SAD:  -300.06525489858478   -3.00065e+02   0.00000e+00 
   @DF-RKS iter   1:  -296.30014749027515    3.76511e+00   3.45888e-02 ADIIS/DIIS
   @DF-RKS iter   2:  -274.61221423529997    2.16879e+01   6.33331e-02 ADIIS/DIIS
   @DF-RKS iter   3:  -304.91532198819925   -3.03031e+01   1.56530e-02 ADIIS/DIIS
   @DF-RKS iter   4:  -305.01562259463009   -1.00301e-01   1.51338e-02 ADIIS/DIIS
   @DF-RKS iter   5:  -306.04794927672253   -1.03233e+00   4.76493e-03 ADIIS/DIIS
   @DF-RKS iter   6:  -306.15330616903128   -1.05357e-01   1.86807e-03 ADIIS/DIIS
   @DF-RKS iter   7:  -306.16960389333377   -1.62977e-02   5.13606e-04 ADIIS/DIIS
   @DF-RKS iter   8:  -306.17069201196227   -1.08812e-03   2.25148e-04 ADIIS/DIIS
   @DF-RKS iter   9:  -306.17089523585179   -2.03224e-04   1.10978e-04 ADIIS/DIIS
   @DF-RKS iter  10:  -306.17095126188536   -5.60260e-05   4.61444e-05 DIIS
   @DF-RKS iter  11:  -306.17096182687425   -1.05650e-05   6.81376e-06 DIIS
   @DF-RKS iter  12:  -306.17096207920366   -2.52329e-07   1.28994e-06 DIIS
   @DF-RKS iter  13:  -306.17096209391224   -1.47086e-08   5.08471e-07 DIIS
   @DF-RKS iter  14:  -306.17096209659599   -2.68375e-09   1.68861e-07 DIIS
   @DF-RKS iter  15:  -306.17096209701384   -4.17856e-10   6.96728e-08 DIIS
  Energy and wave function converged.


  ==> Post-Iterations <==

   Electrons on quadrature grid:
      Ntotal   =   45.9999741076 ; deviation = -2.589e-05 

    Orbital Energies [Eh]
    ---------------------

    Doubly Occupied:                                                      

       1A    -19.422489     2A    -19.256667     3A    -10.416515  
       4A    -10.347025     5A    -10.339432     6A    -10.338514  
       7A     -1.295383     8A     -0.998167     9A     -0.901352  
      10A     -0.836084    11A     -0.746116    12A     -0.645832  
      13A     -0.614646    14A     -0.595322    15A     -0.579625  
      16A     -0.535156    17A     -0.498758    18A     -0.490527  
      19A     -0.484268    20A     -0.447546    21A     -0.391315  
      22A     -0.310283    23A     -0.293907  

    Virtual:                                                              

      24A     -0.029018    25A      0.100734    26A      0.149535  
      27A      0.167282    28A      0.201919    29A      0.221823  
      30A      0.226685    31A      0.238163    32A      0.254948  
      33A      0.308363    34A      0.344754    35A      0.420876  
      36A      0.443875    37A      0.556745    38A      0.583644  
      39A      0.611046    40A      0.645982    41A      0.658968  
      42A      0.689486    43A      0.706661    44A      0.719203  
      45A      0.749617    46A      0.796316    47A      0.826871  
      48A      0.867116    49A      0.885893    50A      0.908022  
      51A      0.915598    52A      0.937380    53A      0.945906  
      54A      0.972938    55A      1.017291    56A      1.026577  
      57A      1.040279    58A      1.104838    59A      1.131044  
      60A      1.165496    61A      1.194883    62A      1.220752  
      63A      1.353229    64A      1.384217    65A      1.416621  
      66A      1.447905    67A      1.492451    68A      1.612670  
      69A      1.644426    70A      1.694102    71A      1.759978  
      72A      1.775507    73A      1.845226    74A      1.867258  
      75A      1.905956    76A      1.923770    77A      1.951658  
      78A      1.986133    79A      2.066030    80A      2.109661  
      81A      2.159218    82A      2.207149    83A      2.296545  
      84A      2.314449    85A      2.336516    86A      2.412502  
      87A      2.455904    88A      2.530175    89A      2.569560  
      90A      2.576836    91A      2.706036    92A      2.771459  
      93A      2.918133    94A      2.930261    95A      3.135513  
      96A      3.242582    97A      3.605361    98A      4.096299  
      99A      4.152710   100A      4.244513   101A      4.332303  
     102A      4.603799  

    Final Occupation by Irrep:
              A 
    DOCC [    23 ]
    NA   [    23 ]
    NB   [    23 ]

  @DF-RKS Final Energy:  -306.17096209701384

   => Energetics <=

    Nuclear Repulsion Energy =            222.2825236536674538
    One-Electron Energy =                -856.1852328596327197
    Two-Electron Energy =                 355.9218947270536546
    DFT Exchange-Correlation Energy =     -28.1858468241135895
    Empirical Dispersion Energy =          -0.0043007939886508
    VV10 Nonlocal Energy =                  0.0000000000000000
    Total Energy =                       -306.1709620970138417

Computation Completed


Properties will be evaluated at   0.000000,   0.000000,   0.000000 [a0]

Properties computed using the SCF density matrix


 Multipole Moments:

 ------------------------------------------------------------------------------------
     Multipole            Electronic (a.u.)      Nuclear  (a.u.)        Total (a.u.)
 ------------------------------------------------------------------------------------

 L = 1.  Multiply by 2.5417464519 to convert [e a0] to [Debye]
 Dipole X            :         -1.2862751           -0.5443530           -1.8306282
 Dipole Y            :          0.6150660            0.0963810            0.7114470
 Dipole Z            :          0.2906499           -0.2668649            0.0237849
 Magnitude           :                                                    1.9641594

 ------------------------------------------------------------------------------------

*** tstop() called on cst14372 at Tue Apr 21 11:05:06 2026
Module time:
	user time   =      25.35 seconds =       0.42 minutes
	system time =       0.28 seconds =       0.00 minutes
	total time  =         12 seconds =       0.20 minutes
Total time:
	user time   =     536.96 seconds =       8.95 minutes
	system time =       7.55 seconds =       0.13 minutes
	total time  =        259 seconds =       4.32 minutes

Scratch directory: /tmp/
gradient() will perform analytic gradient computation.

*** tstart() called on cst14372
*** at Tue Apr 21 11:05:06 2026


         ------------------------------------------------------------
                                   SCF GRAD                          
                          Rob Parrish, Justin Turney,                
                       Andy Simmonett, and Alex Sokolov              
         ------------------------------------------------------------

  ==> Geometry <==

    Molecular point group: c1
    Full point group: C1

    Geometry (in Angstrom), charge = 0, multiplicity = 1:

       Center              X                  Y                   Z               Mass       
    ------------   -----------------  -----------------  -----------------  -----------------
         C            0.066770697400     0.355232334900     0.056975078700    12.000000000000
         O            1.380834424000     0.316131504500     0.011116355200    15.994914619570
         O            2.026246920700    -0.823366042800    -0.001029152500    15.994914619570
         C           -0.710299299000    -0.888305497200     0.000410180300    12.000000000000
         C           -2.065627429000    -0.951197302900    -0.076882430400    12.000000000000
         C           -0.573640678200     1.702839429200     0.030180884000    12.000000000000
         H           -0.321360944400    -1.923189684300     0.271657006700     1.007825032230
         H           -2.659949014400    -0.010280913700    -0.242201335600     1.007825032230
         H           -2.721570995100    -1.814655858400    -0.184237476000     1.007825032230
         H            0.315095563200     2.361675682800    -0.037724047400     1.007825032230
         H           -1.218101735200     2.186798585500     0.852095233500     1.007825032230
         H           -1.242042605000     1.997117338100    -0.945608127700     1.007825032230

  Nuclear repulsion =  222.282523653667454

  ==> Basis Set <==

  Basis Set: 6-31G*
    Blend: 6-31G*
    Number of shells: 48
    Number of basis functions: 102
    Number of Cartesian functions: 102
    Spherical Harmonics?: false
    Max angular momentum: 2

  ==> DFJKGrad: Density-Fitted SCF Gradients <==

    Gradient:                    1
    J tasked:                  Yes
    K tasked:                  Yes
    wK tasked:                 Yes
    Omega:               2.000E-01
    OpenMP threads:              4
    Integrals threads:           4
    Memory [MiB]:             4291
    Schwarz Cutoff:          1E-12
    Fitting Condition:       1E-10

   => Auxiliary Basis Set <=

  Basis Set: (6-31G* AUX)
    Blend: CC-PVDZ-JKFIT
    Number of shells: 198
    Number of basis functions: 636
    Number of Cartesian functions: 636
    Spherical Harmonics?: false
    Max angular momentum: 3

  ==> DFT Potential <==

   => LibXC <=

    Version 7.0.0
    S. Lehtola, C. Steigemann, M. J.T. Oliveira, and M. A.L. Marques.,  SoftwareX 7, 1–5 (2018) (10.1016/j.softx.2017.11.002)

   => Composite Functional: WB97X-D <= 

    wB97X-D Hyb-GGA Exchange-Correlation Functional

    J.-D. Chai and M. Head-Gordon.,  Phys. Chem. Chem. Phys. 10, 6615-6620 (2008) (10.1039/B810189B)

    Deriv               =              1
    GGA                 =           TRUE
    Meta                =          FALSE

    Exchange Hybrid     =           TRUE
    MP2 Hybrid          =          FALSE

   => Exchange-Correlation Functionals <=

    1.0000   wB97X-D range-separated functional

   => Exact (HF) Exchange <=

    0.7780            HF,LR [omega = 0.2000]
    0.2220               HF 

   => LibXC Density Thresholds  <==

    XC_HYB_GGA_XC_WB97X_D:  1.00E-14 

   => Molecular Quadrature <=

    Radial Scheme          =       TREUTLER
    Pruning Scheme         =           NONE
    Nuclear Scheme         =       TREUTLER

    Blocking Scheme        =         OCTREE
    BS radius alpha        =              1
    Pruning alpha          =              1
    Radial Points          =             75
    Spherical Points       =            302
    Total Points           =         254793
    Total Blocks           =           1942
    Max Points             =            256
    Max Functions          =            100
    Weights Tolerance      =       1.00E-15


  -Total Gradient:
     Atom            X                  Y                   Z
    ------   -----------------  -----------------  -----------------
       1        0.001850400229     0.030825694972     0.003929403585
       2        0.045692291599    -0.026238127033    -0.006418304464
       3       -0.002909462648     0.013988553393     0.001378743426
       4        0.020524588038     0.046555701284    -0.028644585780
       5        0.005655955219    -0.049385819090     0.020784651667
       6        0.011837836762    -0.058532777712     0.033027219961
       7       -0.012493406188    -0.035098854725     0.015649446994
       8       -0.011983702571     0.014194822360    -0.004136097228
       9       -0.014271031457     0.007061502001    -0.008528487779
      10        0.009520959512    -0.003458994675     0.000932688736
      11       -0.019830613374     0.033732407371     0.010083955113
      12       -0.033711766789     0.026077853169    -0.038355835458


*** tstop() called on cst14372 at Tue Apr 21 11:05:08 2026
Module time:
	user time   =       3.75 seconds =       0.06 minutes
	system time =       0.06 seconds =       0.00 minutes
	total time  =          2 seconds =       0.03 minutes
Total time:
	user time   =     540.72 seconds =       9.01 minutes
	system time =       7.61 seconds =       0.13 minutes
	total time  =        261 seconds =       4.35 minutes

Scratch directory: /tmp/
   => Libint2 <=

    Primary   basis highest AM E, G, H:  6, 6, 3
    Auxiliary basis highest AM E, G, H:  7, 7, 4
    Onebody   basis highest AM E, G, H:  -, -, -
    Solid Harmonics ordering:            Gaussian

*** tstart() called on cst14372
*** at Tue Apr 21 11:05:08 2026

   => Loading Basis Set <=

    Name: 6-31G*
    Role: ORBITAL
    Keyword: BASIS
    atoms 1, 4-6 entry C          line   111 file /Users/jmsmith1/anaconda3/envs/jupyterenv/share/psi4/basis/6-31gs.gbs 
    atoms 2-3    entry O          line   145 file /Users/jmsmith1/anaconda3/envs/jupyterenv/share/psi4/basis/6-31gs.gbs 
    atoms 7-12   entry H          line    44 file /Users/jmsmith1/anaconda3/envs/jupyterenv/share/psi4/basis/6-31gs.gbs 

   => WB97X-D: Empirical Dispersion <=

    Chai and Head-Gordon Dispersion Correction
    Chai, J.-D.; Head-Gordon, M. (2010), J. Chem. Phys., 132: 6615-6620

        s6 =       1.000000


         ---------------------------------------------------------
                                   SCF
               by Justin Turney, Rob Parrish, Andy Simmonett
                          and Daniel G. A. Smith
                              RKS Reference
                        4 Threads,   5722 MiB Core
         ---------------------------------------------------------

  ==> Geometry <==

    Molecular point group: c1
    Full point group: C1

    Geometry (in Angstrom), charge = 0, multiplicity = 1:

       Center              X                  Y                   Z               Mass       
    ------------   -----------------  -----------------  -----------------  -----------------
         C            0.066825281500     0.355040369000     0.060321017100    12.000000000000
         O            1.382653566900     0.317257611100     0.011870026500    15.994914619570
         O            2.029252273700    -0.820205619600    -0.001111027400    15.994914619570
         C           -0.710478230600    -0.890384620700     0.000992789900    12.000000000000
         C           -2.066753594500    -0.954130517500    -0.081880182300    12.000000000000
         C           -0.578098687300     1.702801925800     0.031192684000    12.000000000000
         H           -0.331739993500    -1.921027014100     0.284185255100     1.007825032230
         H           -2.656431781000    -0.018812092600    -0.255643181300     1.007825032230
         H           -2.726562333500    -1.817828268400    -0.193481908100     1.007825032230
         H            0.313256826800     2.355788424400    -0.040296794500     1.007825032230
         H           -1.217230029600     2.196694086600     0.845775013200     1.007825032230
         H           -1.237711518600     1.997173382000    -0.936348369300     1.007825032230

  Running in c1 symmetry.

  Rotational constants: A =      0.18228  B =      0.09492  C =      0.06328 [cm^-1]
  Rotational constants: A =   5464.48334  B =   2845.64523  C =   1897.02885 [MHz]
  Nuclear repulsion =  222.198526975687713

  Charge       = 0
  Multiplicity = 1
  Electrons    = 46
  Nalpha       = 23
  Nbeta        = 23

  ==> Algorithm <==

  SCF Algorithm Type is DF.
  DIIS enabled.
  MOM disabled.
  Fractional occupation disabled.
  Guess Type is SAD.
  Energy threshold   = 1.00e-07
  Density threshold  = 1.00e-07
  Integral threshold = 1.00e-12

  ==> Primary Basis <==

  Basis Set: 6-31G*
    Blend: 6-31G*
    Number of shells: 48
    Number of basis functions: 102
    Number of Cartesian functions: 102
    Spherical Harmonics?: false
    Max angular momentum: 2

  ==> DFT Potential <==

   => LibXC <=

    Version 7.0.0
    S. Lehtola, C. Steigemann, M. J.T. Oliveira, and M. A.L. Marques.,  SoftwareX 7, 1–5 (2018) (10.1016/j.softx.2017.11.002)

   => Composite Functional: WB97X-D <= 

    wB97X-D Hyb-GGA Exchange-Correlation Functional

    J.-D. Chai and M. Head-Gordon.,  Phys. Chem. Chem. Phys. 10, 6615-6620 (2008) (10.1039/B810189B)

    Deriv               =              1
    GGA                 =           TRUE
    Meta                =          FALSE

    Exchange Hybrid     =           TRUE
    MP2 Hybrid          =          FALSE

   => Exchange-Correlation Functionals <=

    1.0000   wB97X-D range-separated functional

   => Exact (HF) Exchange <=

    0.7780            HF,LR [omega = 0.2000]
    0.2220               HF 

   => LibXC Density Thresholds  <==

    XC_HYB_GGA_XC_WB97X_D:  1.00E-14 

   => Molecular Quadrature <=

    Radial Scheme          =       TREUTLER
    Pruning Scheme         =           NONE
    Nuclear Scheme         =       TREUTLER

    Blocking Scheme        =         OCTREE
    BS radius alpha        =              1
    Pruning alpha          =              1
    Radial Points          =             75
    Spherical Points       =            302
    Total Points           =         254775
    Total Blocks           =           1931
    Max Points             =            256
    Max Functions          =            100
    Weights Tolerance      =       1.00E-15

   => Loading Basis Set <=

    Name: (6-31G* AUX)
    Role: JKFIT
    Keyword: DF_BASIS_SCF
    atoms 1, 4-6 entry C          line   121 file /Users/jmsmith1/anaconda3/envs/jupyterenv/share/psi4/basis/cc-pvdz-jkfit.gbs 
    atoms 2-3    entry O          line   221 file /Users/jmsmith1/anaconda3/envs/jupyterenv/share/psi4/basis/cc-pvdz-jkfit.gbs 
    atoms 7-12   entry H          line    51 file /Users/jmsmith1/anaconda3/envs/jupyterenv/share/psi4/basis/cc-pvdz-jkfit.gbs 

  ==> Integral Setup <==

  DFHelper Memory: AOs need 0.151 GiB; user supplied 3.603 GiB. 
  SCF_SUBTYPE=INCORE selected. In-core MEM_DF algorithm will be used.
  Using in-core AOs.

  ==> MemDFJK: Density-Fitted J/K Matrices <==

    J tasked:                   Yes
    K tasked:                   Yes
    wK tasked:                  Yes
    Omega:                2.000E-01
    OpenMP threads:               4
    Memory [MiB]:              3689
    Algorithm:                 Core
    Schwarz Cutoff:           1E-12
    Mask sparsity (%):       1.7878
    Fitting Condition:        1E-10

   => Auxiliary Basis Set <=

  Basis Set: (6-31G* AUX)
    Blend: CC-PVDZ-JKFIT
    Number of shells: 198
    Number of basis functions: 636
    Number of Cartesian functions: 636
    Spherical Harmonics?: false
    Max angular momentum: 3

  Cached 100.0% of DFT collocation blocks in 0.588 [GiB].

  Minimum eigenvalue in the overlap matrix is 3.1950239320E-03.
  Reciprocal condition number of the overlap matrix is 4.7018464256E-04.
    Using symmetric orthogonalization.

  ==> Pre-Iterations <==

  SCF Guess: Superposition of Atomic Densities via on-the-fly atomic UHF (no occupation information).

   -------------------------
    Irrep   Nso     Nmo    
   -------------------------
     A        102     102 
   -------------------------
    Total     102     102
   -------------------------

  ==> Iterations <==

                           Total Energy        Delta E     RMS |[F,P]|

   @DF-RKS iter SAD:  -300.07603784242286   -3.00076e+02   0.00000e+00 
   @DF-RKS iter   1:  -296.31421446808179    3.76182e+00   3.45704e-02 ADIIS/DIIS
   @DF-RKS iter   2:  -274.62785382079124    2.16864e+01   6.35276e-02 ADIIS/DIIS
   @DF-RKS iter   3:  -304.89099349534172   -3.02631e+01   1.57979e-02 ADIIS/DIIS
   @DF-RKS iter   4:  -304.86233075015798    2.86627e-02   1.59085e-02 ADIIS/DIIS
   @DF-RKS iter   5:  -306.05022771903725   -1.18790e+00   4.67133e-03 ADIIS/DIIS
   @DF-RKS iter   6:  -306.15128987810795   -1.01062e-01   1.95727e-03 ADIIS/DIIS
   @DF-RKS iter   7:  -306.16958479004853   -1.82949e-02   4.64640e-04 ADIIS/DIIS
   @DF-RKS iter   8:  -306.17048692695079   -9.02137e-04   2.49542e-04 ADIIS/DIIS
   @DF-RKS iter   9:  -306.17073204713211   -2.45120e-04   1.07711e-04 ADIIS/DIIS
   @DF-RKS iter  10:  -306.17078919785894   -5.71507e-05   3.99923e-05 DIIS
   @DF-RKS iter  11:  -306.17079740609864   -8.20824e-06   5.79855e-06 DIIS
   @DF-RKS iter  12:  -306.17079761925237   -2.13154e-07   1.39221e-06 DIIS
   @DF-RKS iter  13:  -306.17079763703629   -1.77839e-08   5.75782e-07 DIIS
   @DF-RKS iter  14:  -306.17079764027210   -3.23581e-09   2.06699e-07 DIIS
   @DF-RKS iter  15:  -306.17079764083098   -5.58884e-10   4.11525e-08 DIIS
  Energy and wave function converged.


  ==> Post-Iterations <==

   Electrons on quadrature grid:
      Ntotal   =   45.9999717540 ; deviation = -2.825e-05 

    Orbital Energies [Eh]
    ---------------------

    Doubly Occupied:                                                      

       1A    -19.422910     2A    -19.257089     3A    -10.416975  
       4A    -10.345702     5A    -10.339315     6A    -10.338262  
       7A     -1.295740     8A     -0.998001     9A     -0.901089  
      10A     -0.836662    11A     -0.746082    12A     -0.646683  
      13A     -0.614861    14A     -0.595904    15A     -0.579568  
      16A     -0.535016    17A     -0.499184    18A     -0.491433  
      19A     -0.483971    20A     -0.447672    21A     -0.390991  
      22A     -0.310504    23A     -0.293996  

    Virtual:                                                              

      24A     -0.029105    25A      0.100271    26A      0.151081  
      27A      0.167536    28A      0.203002    29A      0.222992  
      30A      0.226953    31A      0.238911    32A      0.255205  
      33A      0.307732    34A      0.344267    35A      0.420828  
      36A      0.443520    37A      0.557034    38A      0.583283  
      39A      0.610493    40A      0.644724    41A      0.658283  
      42A      0.689753    43A      0.706251    44A      0.717844  
      45A      0.749614    46A      0.797225    47A      0.828755  
      48A      0.869301    49A      0.887137    50A      0.908689  
      51A      0.917118    52A      0.937132    53A      0.945301  
      54A      0.975021    55A      1.016492    56A      1.026690  
      57A      1.041486    58A      1.103192    59A      1.130904  
      60A      1.164104    61A      1.194202    62A      1.217768  
      63A      1.352409    64A      1.383065    65A      1.416463  
      66A      1.449055    67A      1.491458    68A      1.613083  
      69A      1.642743    70A      1.696780    71A      1.760090  
      72A      1.772671    73A      1.845030    74A      1.863442  
      75A      1.904619    76A      1.922908    77A      1.951172  
      78A      1.985400    79A      2.065227    80A      2.111662  
      81A      2.164218    82A      2.207192    83A      2.298838  
      84A      2.317636    85A      2.336176    86A      2.411475  
      87A      2.456313    88A      2.528558    89A      2.568505  
      90A      2.577631    91A      2.706081    92A      2.771063  
      93A      2.916692    94A      2.928715    95A      3.132460  
      96A      3.240174    97A      3.604266    98A      4.096144  
      99A      4.151155   100A      4.244268   101A      4.331904  
     102A      4.602374  

    Final Occupation by Irrep:
              A 
    DOCC [    23 ]
    NA   [    23 ]
    NB   [    23 ]

  @DF-RKS Final Energy:  -306.17079764083098

   => Energetics <=

    Nuclear Repulsion Energy =            222.1985269756877130
    One-Electron Energy =                -856.0095627060172774
    Two-Electron Energy =                 355.8332989494927006
    DFT Exchange-Correlation Energy =     -28.1887724813235039
    Empirical Dispersion Energy =          -0.0042883786706452
    VV10 Nonlocal Energy =                  0.0000000000000000
    Total Energy =                       -306.1707976408309833

Computation Completed


Properties will be evaluated at   0.000000,   0.000000,   0.000000 [a0]

Properties computed using the SCF density matrix


 Multipole Moments:

 ------------------------------------------------------------------------------------
     Multipole            Electronic (a.u.)      Nuclear  (a.u.)        Total (a.u.)
 ------------------------------------------------------------------------------------

 L = 1.  Multiply by 2.5417464519 to convert [e a0] to [Debye]
 Dipole X            :         -1.2781692           -0.5521846           -1.8303538
 Dipole Y            :          0.6212614            0.0914011            0.7126626
 Dipole Z            :          0.2977775           -0.2758625            0.0219150
 Magnitude           :                                                    1.9643226

 ------------------------------------------------------------------------------------

*** tstop() called on cst14372 at Tue Apr 21 11:05:20 2026
Module time:
	user time   =      25.43 seconds =       0.42 minutes
	system time =       0.29 seconds =       0.00 minutes
	total time  =         12 seconds =       0.20 minutes
Total time:
	user time   =     566.17 seconds =       9.44 minutes
	system time =       7.91 seconds =       0.13 minutes
	total time  =        273 seconds =       4.55 minutes

Scratch directory: /tmp/
gradient() will perform analytic gradient computation.

*** tstart() called on cst14372
*** at Tue Apr 21 11:05:20 2026


         ------------------------------------------------------------
                                   SCF GRAD                          
                          Rob Parrish, Justin Turney,                
                       Andy Simmonett, and Alex Sokolov              
         ------------------------------------------------------------

  ==> Geometry <==

    Molecular point group: c1
    Full point group: C1

    Geometry (in Angstrom), charge = 0, multiplicity = 1:

       Center              X                  Y                   Z               Mass       
    ------------   -----------------  -----------------  -----------------  -----------------
         C            0.066825281500     0.355040369000     0.060321017100    12.000000000000
         O            1.382653566900     0.317257611100     0.011870026500    15.994914619570
         O            2.029252273700    -0.820205619600    -0.001111027400    15.994914619570
         C           -0.710478230600    -0.890384620700     0.000992789900    12.000000000000
         C           -2.066753594500    -0.954130517500    -0.081880182300    12.000000000000
         C           -0.578098687300     1.702801925800     0.031192684000    12.000000000000
         H           -0.331739993500    -1.921027014100     0.284185255100     1.007825032230
         H           -2.656431781000    -0.018812092600    -0.255643181300     1.007825032230
         H           -2.726562333500    -1.817828268400    -0.193481908100     1.007825032230
         H            0.313256826800     2.355788424400    -0.040296794500     1.007825032230
         H           -1.217230029600     2.196694086600     0.845775013200     1.007825032230
         H           -1.237711518600     1.997173382000    -0.936348369300     1.007825032230

  Nuclear repulsion =  222.198526975687713

  ==> Basis Set <==

  Basis Set: 6-31G*
    Blend: 6-31G*
    Number of shells: 48
    Number of basis functions: 102
    Number of Cartesian functions: 102
    Spherical Harmonics?: false
    Max angular momentum: 2

  ==> DFJKGrad: Density-Fitted SCF Gradients <==

    Gradient:                    1
    J tasked:                  Yes
    K tasked:                  Yes
    wK tasked:                 Yes
    Omega:               2.000E-01
    OpenMP threads:              4
    Integrals threads:           4
    Memory [MiB]:             4291
    Schwarz Cutoff:          1E-12
    Fitting Condition:       1E-10

   => Auxiliary Basis Set <=

  Basis Set: (6-31G* AUX)
    Blend: CC-PVDZ-JKFIT
    Number of shells: 198
    Number of basis functions: 636
    Number of Cartesian functions: 636
    Spherical Harmonics?: false
    Max angular momentum: 3

  ==> DFT Potential <==

   => LibXC <=

    Version 7.0.0
    S. Lehtola, C. Steigemann, M. J.T. Oliveira, and M. A.L. Marques.,  SoftwareX 7, 1–5 (2018) (10.1016/j.softx.2017.11.002)

   => Composite Functional: WB97X-D <= 

    wB97X-D Hyb-GGA Exchange-Correlation Functional

    J.-D. Chai and M. Head-Gordon.,  Phys. Chem. Chem. Phys. 10, 6615-6620 (2008) (10.1039/B810189B)

    Deriv               =              1
    GGA                 =           TRUE
    Meta                =          FALSE

    Exchange Hybrid     =           TRUE
    MP2 Hybrid          =          FALSE

   => Exchange-Correlation Functionals <=

    1.0000   wB97X-D range-separated functional

   => Exact (HF) Exchange <=

    0.7780            HF,LR [omega = 0.2000]
    0.2220               HF 

   => LibXC Density Thresholds  <==

    XC_HYB_GGA_XC_WB97X_D:  1.00E-14 

   => Molecular Quadrature <=

    Radial Scheme          =       TREUTLER
    Pruning Scheme         =           NONE
    Nuclear Scheme         =       TREUTLER

    Blocking Scheme        =         OCTREE
    BS radius alpha        =              1
    Pruning alpha          =              1
    Radial Points          =             75
    Spherical Points       =            302
    Total Points           =         254775
    Total Blocks           =           1931
    Max Points             =            256
    Max Functions          =            100
    Weights Tolerance      =       1.00E-15


  -Total Gradient:
     Atom            X                  Y                   Z
    ------   -----------------  -----------------  -----------------
       1        0.002343162931     0.031366021413     0.004239298019
       2        0.047755896878    -0.027148889744    -0.006779612229
       3       -0.003039407996     0.014645105704     0.001427704272
       4        0.022513929012     0.044460933973    -0.029289584637
       5        0.004313534887    -0.046270200840     0.021442148896
       6        0.007850236363    -0.057063286431     0.032503012741
       7       -0.014414434803    -0.032840586331     0.015643757664
       8       -0.010227419366     0.011266170617    -0.003867657232
       9       -0.015720787198     0.005885117507    -0.009075204199
      10        0.008901022898    -0.004470694745     0.000889676497
      11       -0.018757831839     0.033872493447     0.007701026579
      12       -0.031615360163     0.026030625899    -0.035135910394


*** tstop() called on cst14372 at Tue Apr 21 11:05:22 2026
Module time:
	user time   =       3.76 seconds =       0.06 minutes
	system time =       0.08 seconds =       0.00 minutes
	total time  =          2 seconds =       0.03 minutes
Total time:
	user time   =     569.95 seconds =       9.50 minutes
	system time =       7.99 seconds =       0.13 minutes
	total time  =        275 seconds =       4.58 minutes

Scratch directory: /tmp/
   => Libint2 <=

    Primary   basis highest AM E, G, H:  6, 6, 3
    Auxiliary basis highest AM E, G, H:  7, 7, 4
    Onebody   basis highest AM E, G, H:  -, -, -
    Solid Harmonics ordering:            Gaussian

*** tstart() called on cst14372
*** at Tue Apr 21 11:05:22 2026

   => Loading Basis Set <=

    Name: 6-31G*
    Role: ORBITAL
    Keyword: BASIS
    atoms 1, 4-6 entry C          line   111 file /Users/jmsmith1/anaconda3/envs/jupyterenv/share/psi4/basis/6-31gs.gbs 
    atoms 2-3    entry O          line   145 file /Users/jmsmith1/anaconda3/envs/jupyterenv/share/psi4/basis/6-31gs.gbs 
    atoms 7-12   entry H          line    44 file /Users/jmsmith1/anaconda3/envs/jupyterenv/share/psi4/basis/6-31gs.gbs 

   => WB97X-D: Empirical Dispersion <=

    Chai and Head-Gordon Dispersion Correction
    Chai, J.-D.; Head-Gordon, M. (2010), J. Chem. Phys., 132: 6615-6620

        s6 =       1.000000


         ---------------------------------------------------------
                                   SCF
               by Justin Turney, Rob Parrish, Andy Simmonett
                          and Daniel G. A. Smith
                              RKS Reference
                        4 Threads,   5722 MiB Core
         ---------------------------------------------------------

  ==> Geometry <==

    Molecular point group: c1
    Full point group: C1

    Geometry (in Angstrom), charge = 0, multiplicity = 1:

       Center              X                  Y                   Z               Mass       
    ------------   -----------------  -----------------  -----------------  -----------------
         C            0.066873223100     0.354757078400     0.063663411200    12.000000000000
         O            1.384373643300     0.318445673400     0.012640402200    15.994914619570
         O            2.032272076100    -0.817068785500    -0.001196219500    15.994914619570
         C           -0.710722820800    -0.892597911100     0.001661731100    12.000000000000
         C           -2.067895188900    -0.956937405600    -0.086953063600    12.000000000000
         C           -0.582591060500     1.702929557600     0.032113008100    12.000000000000
         H           -0.341648782500    -1.917725596500     0.296206436100     1.007825032230
         H           -2.652552491300    -0.027754251500    -0.268986656200     1.007825032230
         H           -2.731024279600    -1.821212011800    -0.202437339700     1.007825032230
         H            0.311106178800     2.350040056700    -0.042906951700     1.007825032230
         H           -1.215708844900     2.205446701300     0.839172591000     1.007825032230
         H           -1.232278300800     1.996331433400    -0.925852148200     1.007825032230

  Running in c1 symmetry.

  Rotational constants: A =      0.18219  B =      0.09471  C =      0.06317 [cm^-1]
  Rotational constants: A =   5461.91479  B =   2839.35717  C =   1893.82689 [MHz]
  Nuclear repulsion =  222.130285105231337

  Charge       = 0
  Multiplicity = 1
  Electrons    = 46
  Nalpha       = 23
  Nbeta        = 23

  ==> Algorithm <==

  SCF Algorithm Type is DF.
  DIIS enabled.
  MOM disabled.
  Fractional occupation disabled.
  Guess Type is SAD.
  Energy threshold   = 1.00e-07
  Density threshold  = 1.00e-07
  Integral threshold = 1.00e-12

  ==> Primary Basis <==

  Basis Set: 6-31G*
    Blend: 6-31G*
    Number of shells: 48
    Number of basis functions: 102
    Number of Cartesian functions: 102
    Spherical Harmonics?: false
    Max angular momentum: 2

  ==> DFT Potential <==

   => LibXC <=

    Version 7.0.0
    S. Lehtola, C. Steigemann, M. J.T. Oliveira, and M. A.L. Marques.,  SoftwareX 7, 1–5 (2018) (10.1016/j.softx.2017.11.002)

   => Composite Functional: WB97X-D <= 

    wB97X-D Hyb-GGA Exchange-Correlation Functional

    J.-D. Chai and M. Head-Gordon.,  Phys. Chem. Chem. Phys. 10, 6615-6620 (2008) (10.1039/B810189B)

    Deriv               =              1
    GGA                 =           TRUE
    Meta                =          FALSE

    Exchange Hybrid     =           TRUE
    MP2 Hybrid          =          FALSE

   => Exchange-Correlation Functionals <=

    1.0000   wB97X-D range-separated functional

   => Exact (HF) Exchange <=

    0.7780            HF,LR [omega = 0.2000]
    0.2220               HF 

   => LibXC Density Thresholds  <==

    XC_HYB_GGA_XC_WB97X_D:  1.00E-14 

   => Molecular Quadrature <=

    Radial Scheme          =       TREUTLER
    Pruning Scheme         =           NONE
    Nuclear Scheme         =       TREUTLER

    Blocking Scheme        =         OCTREE
    BS radius alpha        =              1
    Pruning alpha          =              1
    Radial Points          =             75
    Spherical Points       =            302
    Total Points           =         254760
    Total Blocks           =           1931
    Max Points             =            256
    Max Functions          =            100
    Weights Tolerance      =       1.00E-15

   => Loading Basis Set <=

    Name: (6-31G* AUX)
    Role: JKFIT
    Keyword: DF_BASIS_SCF
    atoms 1, 4-6 entry C          line   121 file /Users/jmsmith1/anaconda3/envs/jupyterenv/share/psi4/basis/cc-pvdz-jkfit.gbs 
    atoms 2-3    entry O          line   221 file /Users/jmsmith1/anaconda3/envs/jupyterenv/share/psi4/basis/cc-pvdz-jkfit.gbs 
    atoms 7-12   entry H          line    51 file /Users/jmsmith1/anaconda3/envs/jupyterenv/share/psi4/basis/cc-pvdz-jkfit.gbs 

  ==> Integral Setup <==

  DFHelper Memory: AOs need 0.151 GiB; user supplied 3.604 GiB. 
  SCF_SUBTYPE=INCORE selected. In-core MEM_DF algorithm will be used.
  Using in-core AOs.

  ==> MemDFJK: Density-Fitted J/K Matrices <==

    J tasked:                   Yes
    K tasked:                   Yes
    wK tasked:                  Yes
    Omega:                2.000E-01
    OpenMP threads:               4
    Memory [MiB]:              3690
    Algorithm:                 Core
    Schwarz Cutoff:           1E-12
    Mask sparsity (%):       1.8070
    Fitting Condition:        1E-10

   => Auxiliary Basis Set <=

  Basis Set: (6-31G* AUX)
    Blend: CC-PVDZ-JKFIT
    Number of shells: 198
    Number of basis functions: 636
    Number of Cartesian functions: 636
    Spherical Harmonics?: false
    Max angular momentum: 3

  Cached 100.0% of DFT collocation blocks in 0.587 [GiB].

  Minimum eigenvalue in the overlap matrix is 3.2211687874E-03.
  Reciprocal condition number of the overlap matrix is 4.7420257759E-04.
    Using symmetric orthogonalization.

  ==> Pre-Iterations <==

  SCF Guess: Superposition of Atomic Densities via on-the-fly atomic UHF (no occupation information).

   -------------------------
    Irrep   Nso     Nmo    
   -------------------------
     A        102     102 
   -------------------------
    Total     102     102
   -------------------------

  ==> Iterations <==

                           Total Energy        Delta E     RMS |[F,P]|

   @DF-RKS iter SAD:  -300.08977683647714   -3.00090e+02   0.00000e+00 
   @DF-RKS iter   1:  -296.33207245785326    3.75770e+00   3.45499e-02 ADIIS/DIIS
   @DF-RKS iter   2:  -274.33270765611115    2.19994e+01   6.42718e-02 ADIIS/DIIS
   @DF-RKS iter   3:  -304.80025243904396   -3.04675e+01   1.62996e-02 ADIIS/DIIS
   @DF-RKS iter   4:  -304.32137118505841    4.78881e-01   1.85943e-02 ADIIS/DIIS
   @DF-RKS iter   5:  -306.06429464214983   -1.74292e+00   4.24657e-03 ADIIS/DIIS
   @DF-RKS iter   6:  -306.14312438709862   -7.88297e-02   2.32730e-03 ADIIS/DIIS
   @DF-RKS iter   7:  -306.16998698153623   -2.68626e-02   3.01999e-04 ADIIS/DIIS
   @DF-RKS iter   8:  -306.17055686124206   -5.69880e-04   2.49117e-04 ADIIS/DIIS
   @DF-RKS iter   9:  -306.17078926749468   -2.32406e-04   8.49483e-05 DIIS
   @DF-RKS iter  10:  -306.17083750677756   -4.82393e-05   2.40571e-05 DIIS
   @DF-RKS iter  11:  -306.17084074252296   -3.23575e-06   8.89899e-06 DIIS
   @DF-RKS iter  12:  -306.17084120515369   -4.62631e-07   5.37265e-06 DIIS
   @DF-RKS iter  13:  -306.17084138709680   -1.81943e-07   9.69038e-07 DIIS
   @DF-RKS iter  14:  -306.17084139424054   -7.14374e-09   1.84545e-07 DIIS
   @DF-RKS iter  15:  -306.17084139461844   -3.77895e-10   8.81856e-08 DIIS
  Energy and wave function converged.


  ==> Post-Iterations <==

   Electrons on quadrature grid:
      Ntotal   =   45.9999692331 ; deviation = -3.077e-05 

    Orbital Energies [Eh]
    ---------------------

    Doubly Occupied:                                                      

       1A    -19.423286     2A    -19.257447     3A    -10.417416  
       4A    -10.344098     5A    -10.339123     6A    -10.337933  
       7A     -1.296022     8A     -0.997787     9A     -0.900875  
      10A     -0.837393    11A     -0.746114    12A     -0.647634  
      13A     -0.615092    14A     -0.596525    15A     -0.579500  
      16A     -0.534898    17A     -0.499620    18A     -0.492650  
      19A     -0.483731    20A     -0.447916    21A     -0.390690  
      22A     -0.310689    23A     -0.294075  

    Virtual:                                                              

      24A     -0.029143    25A      0.099876    26A      0.152918  
      27A      0.167884    28A      0.204122    29A      0.224187  
      30A      0.227558    31A      0.239991    32A      0.255587  
      33A      0.307054    34A      0.343801    35A      0.420678  
      36A      0.443074    37A      0.557377    38A      0.582878  
      39A      0.609836    40A      0.643551    41A      0.657479  
      42A      0.689972    43A      0.705763    44A      0.716365  
      45A      0.749549    46A      0.797940    47A      0.830599  
      48A      0.871991    49A      0.888918    50A      0.909211  
      51A      0.918772    52A      0.937764    53A      0.944910  
      54A      0.977820    55A      1.015660    56A      1.026940  
      57A      1.043135    58A      1.101669    59A      1.130861  
      60A      1.162757    61A      1.193624    62A      1.215002  
      63A      1.351625    64A      1.381933    65A      1.416320  
      66A      1.450108    67A      1.490929    68A      1.613405  
      69A      1.640930    70A      1.699565    71A      1.759807  
      72A      1.770150    73A      1.844967    74A      1.859862  
      75A      1.903572    76A      1.922235    77A      1.950891  
      78A      1.984880    79A      2.064392    80A      2.114163  
      81A      2.169667    82A      2.207149    83A      2.301215  
      84A      2.321612    85A      2.336211    86A      2.410415  
      87A      2.456818    88A      2.526995    89A      2.567448  
      90A      2.578726    91A      2.706144    92A      2.770663  
      93A      2.915360    94A      2.927131    95A      3.129472  
      96A      3.237779    97A      3.603225    98A      4.096143  
      99A      4.149618   100A      4.244259   101A      4.331769  
     102A      4.600990  

    Final Occupation by Irrep:
              A 
    DOCC [    23 ]
    NA   [    23 ]
    NB   [    23 ]

  @DF-RKS Final Energy:  -306.17084139461844

   => Energetics <=

    Nuclear Repulsion Energy =            222.1302851052313372
    One-Electron Energy =                -855.8645581028115430
    Two-Electron Energy =                 355.7605922640016161
    DFT Exchange-Correlation Energy =     -28.1928846903506738
    Empirical Dispersion Energy =          -0.0042759706891598
    VV10 Nonlocal Energy =                  0.0000000000000000
    Total Energy =                       -306.1708413946184351

Computation Completed


Properties will be evaluated at   0.000000,   0.000000,   0.000000 [a0]

Properties computed using the SCF density matrix


 Multipole Moments:

 ------------------------------------------------------------------------------------
     Multipole            Electronic (a.u.)      Nuclear  (a.u.)        Total (a.u.)
 ------------------------------------------------------------------------------------

 L = 1.  Multiply by 2.5417464519 to convert [e a0] to [Debye]
 Dipole X            :         -1.2733448           -0.5573858           -1.8307306
 Dipole Y            :          0.6289904            0.0851309            0.7141214
 Dipole Z            :          0.3038437           -0.2841016            0.0197421
 Magnitude           :                                                    1.9651803

 ------------------------------------------------------------------------------------

*** tstop() called on cst14372 at Tue Apr 21 11:05:34 2026
Module time:
	user time   =      25.26 seconds =       0.42 minutes
	system time =       0.42 seconds =       0.01 minutes
	total time  =         12 seconds =       0.20 minutes
Total time:
	user time   =     595.23 seconds =       9.92 minutes
	system time =       8.42 seconds =       0.14 minutes
	total time  =        287 seconds =       4.78 minutes

Scratch directory: /tmp/
gradient() will perform analytic gradient computation.

*** tstart() called on cst14372
*** at Tue Apr 21 11:05:34 2026


         ------------------------------------------------------------
                                   SCF GRAD                          
                          Rob Parrish, Justin Turney,                
                       Andy Simmonett, and Alex Sokolov              
         ------------------------------------------------------------

  ==> Geometry <==

    Molecular point group: c1
    Full point group: C1

    Geometry (in Angstrom), charge = 0, multiplicity = 1:

       Center              X                  Y                   Z               Mass       
    ------------   -----------------  -----------------  -----------------  -----------------
         C            0.066873223100     0.354757078400     0.063663411200    12.000000000000
         O            1.384373643300     0.318445673400     0.012640402200    15.994914619570
         O            2.032272076100    -0.817068785500    -0.001196219500    15.994914619570
         C           -0.710722820800    -0.892597911100     0.001661731100    12.000000000000
         C           -2.067895188900    -0.956937405600    -0.086953063600    12.000000000000
         C           -0.582591060500     1.702929557600     0.032113008100    12.000000000000
         H           -0.341648782500    -1.917725596500     0.296206436100     1.007825032230
         H           -2.652552491300    -0.027754251500    -0.268986656200     1.007825032230
         H           -2.731024279600    -1.821212011800    -0.202437339700     1.007825032230
         H            0.311106178800     2.350040056700    -0.042906951700     1.007825032230
         H           -1.215708844900     2.205446701300     0.839172591000     1.007825032230
         H           -1.232278300800     1.996331433400    -0.925852148200     1.007825032230

  Nuclear repulsion =  222.130285105231337

  ==> Basis Set <==

  Basis Set: 6-31G*
    Blend: 6-31G*
    Number of shells: 48
    Number of basis functions: 102
    Number of Cartesian functions: 102
    Spherical Harmonics?: false
    Max angular momentum: 2

  ==> DFJKGrad: Density-Fitted SCF Gradients <==

    Gradient:                    1
    J tasked:                  Yes
    K tasked:                  Yes
    wK tasked:                 Yes
    Omega:               2.000E-01
    OpenMP threads:              4
    Integrals threads:           4
    Memory [MiB]:             4291
    Schwarz Cutoff:          1E-12
    Fitting Condition:       1E-10

   => Auxiliary Basis Set <=

  Basis Set: (6-31G* AUX)
    Blend: CC-PVDZ-JKFIT
    Number of shells: 198
    Number of basis functions: 636
    Number of Cartesian functions: 636
    Spherical Harmonics?: false
    Max angular momentum: 3

  ==> DFT Potential <==

   => LibXC <=

    Version 7.0.0
    S. Lehtola, C. Steigemann, M. J.T. Oliveira, and M. A.L. Marques.,  SoftwareX 7, 1–5 (2018) (10.1016/j.softx.2017.11.002)

   => Composite Functional: WB97X-D <= 

    wB97X-D Hyb-GGA Exchange-Correlation Functional

    J.-D. Chai and M. Head-Gordon.,  Phys. Chem. Chem. Phys. 10, 6615-6620 (2008) (10.1039/B810189B)

    Deriv               =              1
    GGA                 =           TRUE
    Meta                =          FALSE

    Exchange Hybrid     =           TRUE
    MP2 Hybrid          =          FALSE

   => Exchange-Correlation Functionals <=

    1.0000   wB97X-D range-separated functional

   => Exact (HF) Exchange <=

    0.7780            HF,LR [omega = 0.2000]
    0.2220               HF 

   => LibXC Density Thresholds  <==

    XC_HYB_GGA_XC_WB97X_D:  1.00E-14 

   => Molecular Quadrature <=

    Radial Scheme          =       TREUTLER
    Pruning Scheme         =           NONE
    Nuclear Scheme         =       TREUTLER

    Blocking Scheme        =         OCTREE
    BS radius alpha        =              1
    Pruning alpha          =              1
    Radial Points          =             75
    Spherical Points       =            302
    Total Points           =         254760
    Total Blocks           =           1931
    Max Points             =            256
    Max Functions          =            100
    Weights Tolerance      =       1.00E-15


  -Total Gradient:
     Atom            X                  Y                   Z
    ------   -----------------  -----------------  -----------------
       1        0.002870001725     0.031749434406     0.004570562023
       2        0.049734559411    -0.027938866273    -0.007139776586
       3       -0.003145417108     0.015243290233     0.001473601588
       4        0.024505963823     0.041749962765    -0.029711806105
       5        0.002668549765    -0.042721963647     0.021936416469
       6        0.003235554109    -0.054881078330     0.031559224402
       7       -0.016403685663    -0.030061432927     0.015441695977
       8       -0.008232267422     0.007980978936    -0.003475131346
       9       -0.017072329884     0.004737359198    -0.009609070603
      10        0.008155630072    -0.005526406819     0.000844976141
      11       -0.017400177804     0.033699920498     0.004983472041
      12       -0.028989382990     0.025728526449    -0.031168888911


*** tstop() called on cst14372 at Tue Apr 21 11:05:36 2026
Module time:
	user time   =       3.93 seconds =       0.07 minutes
	system time =       0.08 seconds =       0.00 minutes
	total time  =          2 seconds =       0.03 minutes
Total time:
	user time   =     599.18 seconds =       9.99 minutes
	system time =       8.50 seconds =       0.14 minutes
	total time  =        289 seconds =       4.82 minutes

Scratch directory: /tmp/
   => Libint2 <=

    Primary   basis highest AM E, G, H:  6, 6, 3
    Auxiliary basis highest AM E, G, H:  7, 7, 4
    Onebody   basis highest AM E, G, H:  -, -, -
    Solid Harmonics ordering:            Gaussian

*** tstart() called on cst14372
*** at Tue Apr 21 11:05:36 2026

   => Loading Basis Set <=

    Name: 6-31G*
    Role: ORBITAL
    Keyword: BASIS
    atoms 1, 4-6 entry C          line   111 file /Users/jmsmith1/anaconda3/envs/jupyterenv/share/psi4/basis/6-31gs.gbs 
    atoms 2-3    entry O          line   145 file /Users/jmsmith1/anaconda3/envs/jupyterenv/share/psi4/basis/6-31gs.gbs 
    atoms 7-12   entry H          line    44 file /Users/jmsmith1/anaconda3/envs/jupyterenv/share/psi4/basis/6-31gs.gbs 

   => WB97X-D: Empirical Dispersion <=

    Chai and Head-Gordon Dispersion Correction
    Chai, J.-D.; Head-Gordon, M. (2010), J. Chem. Phys., 132: 6615-6620

        s6 =       1.000000


         ---------------------------------------------------------
                                   SCF
               by Justin Turney, Rob Parrish, Andy Simmonett
                          and Daniel G. A. Smith
                              RKS Reference
                        4 Threads,   5722 MiB Core
         ---------------------------------------------------------

  ==> Geometry <==

    Molecular point group: c1
    Full point group: C1

    Geometry (in Angstrom), charge = 0, multiplicity = 1:

       Center              X                  Y                   Z               Mass       
    ------------   -----------------  -----------------  -----------------  -----------------
         C            0.066912978100     0.354381124100     0.067001194200    12.000000000000
         O            1.385990044200     0.319697534400     0.013428285900    15.994914619570
         O            2.035306507000    -0.813956994400    -0.001284834700    15.994914619570
         C           -0.711039000600    -0.894937801700     0.002418430700    12.000000000000
         C           -2.069047455500    -0.959627831000    -0.092102551200    12.000000000000
         C           -0.587104392700     1.703216430700     0.032944324800    12.000000000000
         H           -0.351017165300    -1.913378462100     0.307725852100     1.007825032230
         H           -2.648379158100    -0.036994846000    -0.282244655700     1.007825032230
         H           -2.734908696800    -1.824767936600    -0.211084337700     1.007825032230
         H            0.308668591400     2.344467534000    -0.045552996900     1.007825032230
         H           -1.213583383300     2.213059161000     0.832381191700     1.007825032230
         H           -1.225830854700     1.994599610100    -0.914253437800     1.007825032230

  Running in c1 symmetry.

  Rotational constants: A =      0.18211  B =      0.09451  C =      0.06307 [cm^-1]
  Rotational constants: A =   5459.62686  B =   2833.25327  C =   1890.72201 [MHz]
  Nuclear repulsion =  222.076947289557182

  Charge       = 0
  Multiplicity = 1
  Electrons    = 46
  Nalpha       = 23
  Nbeta        = 23

  ==> Algorithm <==

  SCF Algorithm Type is DF.
  DIIS enabled.
  MOM disabled.
  Fractional occupation disabled.
  Guess Type is SAD.
  Energy threshold   = 1.00e-07
  Density threshold  = 1.00e-07
  Integral threshold = 1.00e-12

  ==> Primary Basis <==

  Basis Set: 6-31G*
    Blend: 6-31G*
    Number of shells: 48
    Number of basis functions: 102
    Number of Cartesian functions: 102
    Spherical Harmonics?: false
    Max angular momentum: 2

  ==> DFT Potential <==

   => LibXC <=

    Version 7.0.0
    S. Lehtola, C. Steigemann, M. J.T. Oliveira, and M. A.L. Marques.,  SoftwareX 7, 1–5 (2018) (10.1016/j.softx.2017.11.002)

   => Composite Functional: WB97X-D <= 

    wB97X-D Hyb-GGA Exchange-Correlation Functional

    J.-D. Chai and M. Head-Gordon.,  Phys. Chem. Chem. Phys. 10, 6615-6620 (2008) (10.1039/B810189B)

    Deriv               =              1
    GGA                 =           TRUE
    Meta                =          FALSE

    Exchange Hybrid     =           TRUE
    MP2 Hybrid          =          FALSE

   => Exchange-Correlation Functionals <=

    1.0000   wB97X-D range-separated functional

   => Exact (HF) Exchange <=

    0.7780            HF,LR [omega = 0.2000]
    0.2220               HF 

   => LibXC Density Thresholds  <==

    XC_HYB_GGA_XC_WB97X_D:  1.00E-14 

   => Molecular Quadrature <=

    Radial Scheme          =       TREUTLER
    Pruning Scheme         =           NONE
    Nuclear Scheme         =       TREUTLER

    Blocking Scheme        =         OCTREE
    BS radius alpha        =              1
    Pruning alpha          =              1
    Radial Points          =             75
    Spherical Points       =            302
    Total Points           =         254745
    Total Blocks           =           1928
    Max Points             =            256
    Max Functions          =            100
    Weights Tolerance      =       1.00E-15

   => Loading Basis Set <=

    Name: (6-31G* AUX)
    Role: JKFIT
    Keyword: DF_BASIS_SCF
    atoms 1, 4-6 entry C          line   121 file /Users/jmsmith1/anaconda3/envs/jupyterenv/share/psi4/basis/cc-pvdz-jkfit.gbs 
    atoms 2-3    entry O          line   221 file /Users/jmsmith1/anaconda3/envs/jupyterenv/share/psi4/basis/cc-pvdz-jkfit.gbs 
    atoms 7-12   entry H          line    51 file /Users/jmsmith1/anaconda3/envs/jupyterenv/share/psi4/basis/cc-pvdz-jkfit.gbs 

  ==> Integral Setup <==

  DFHelper Memory: AOs need 0.151 GiB; user supplied 3.604 GiB. 
  SCF_SUBTYPE=INCORE selected. In-core MEM_DF algorithm will be used.
  Using in-core AOs.

  ==> MemDFJK: Density-Fitted J/K Matrices <==

    J tasked:                   Yes
    K tasked:                   Yes
    wK tasked:                  Yes
    Omega:                2.000E-01
    OpenMP threads:               4
    Memory [MiB]:              3690
    Algorithm:                 Core
    Schwarz Cutoff:           1E-12
    Mask sparsity (%):       1.8070
    Fitting Condition:        1E-10

   => Auxiliary Basis Set <=

  Basis Set: (6-31G* AUX)
    Blend: CC-PVDZ-JKFIT
    Number of shells: 198
    Number of basis functions: 636
    Number of Cartesian functions: 636
    Spherical Harmonics?: false
    Max angular momentum: 3

  Cached 100.0% of DFT collocation blocks in 0.587 [GiB].

  Minimum eigenvalue in the overlap matrix is 3.2486782507E-03.
  Reciprocal condition number of the overlap matrix is 4.7835762727E-04.
    Using symmetric orthogonalization.

  ==> Pre-Iterations <==

  SCF Guess: Superposition of Atomic Densities via on-the-fly atomic UHF (no occupation information).

   -------------------------
    Irrep   Nso     Nmo    
   -------------------------
     A        102     102 
   -------------------------
    Total     102     102
   -------------------------

  ==> Iterations <==

                           Total Energy        Delta E     RMS |[F,P]|

   @DF-RKS iter SAD:  -300.10616127082483   -3.00106e+02   0.00000e+00 
   @DF-RKS iter   1:  -296.35348246168036    3.75268e+00   3.45269e-02 ADIIS/DIIS
   @DF-RKS iter   2:  -273.87248316251004    2.24810e+01   6.46963e-02 ADIIS/DIIS
   @DF-RKS iter   3:  -304.67832370318217   -3.08058e+01   1.69722e-02 ADIIS/DIIS
   @DF-RKS iter   4:  -302.99285206451469    1.68547e+00   2.32513e-02 ADIIS/DIIS
   @DF-RKS iter   5:  -306.06224416636877   -3.06939e+00   4.04734e-03 ADIIS/DIIS
   @DF-RKS iter   6:  -306.13584868858663   -7.36045e-02   2.59913e-03 ADIIS/DIIS
   @DF-RKS iter   7:  -306.16980675184453   -3.39581e-02   3.32606e-04 ADIIS/DIIS
   @DF-RKS iter   8:  -306.17079812726615   -9.91375e-04   1.36086e-04 ADIIS/DIIS
   @DF-RKS iter   9:  -306.17094880867921   -1.50681e-04   6.96817e-05 DIIS
   @DF-RKS iter  10:  -306.17097639982563   -2.75911e-05   3.78736e-05 DIIS
   @DF-RKS iter  11:  -306.17098033580760   -3.93598e-06   3.12382e-05 DIIS
   @DF-RKS iter  12:  -306.17098520508586   -4.86928e-06   7.35224e-06 DIIS
   @DF-RKS iter  13:  -306.17098552166669   -3.16581e-07   1.28657e-06 DIIS
   @DF-RKS iter  14:  -306.17098553131723   -9.65053e-09   5.38046e-07 DIIS
   @DF-RKS iter  15:  -306.17098553380026   -2.48303e-09   1.78790e-07 DIIS
   @DF-RKS iter  16:  -306.17098553511573   -1.31547e-09   7.64913e-08 DIIS
  Energy and wave function converged.


  ==> Post-Iterations <==

   Electrons on quadrature grid:
      Ntotal   =   45.9999665677 ; deviation = -3.343e-05 

    Orbital Energies [Eh]
    ---------------------

    Doubly Occupied:                                                      

       1A    -19.423621     2A    -19.257746     3A    -10.417837  
       4A    -10.342233     5A    -10.338859     6A    -10.337542  
       7A     -1.296230     8A     -0.997532     9A     -0.900713  
      10A     -0.838282    11A     -0.746214    12A     -0.648685  
      13A     -0.615328    14A     -0.597178    15A     -0.579425  
      16A     -0.534808    17A     -0.500066    18A     -0.494153  
      19A     -0.483560    20A     -0.448263    21A     -0.390411  
      22A     -0.310844    23A     -0.294147  

    Virtual:                                                              

      24A     -0.029140    25A      0.099529    26A      0.154996  
      27A      0.168309    28A      0.205211    29A      0.225261  
      30A      0.228627    31A      0.241445    32A      0.256094  
      33A      0.306330    34A      0.343354    35A      0.420434  
      36A      0.442541    37A      0.557768    38A      0.582428  
      39A      0.609075    40A      0.642452    41A      0.656567  
      42A      0.690155    43A      0.705207    44A      0.714755  
      45A      0.749417    46A      0.798401    47A      0.832388  
      48A      0.874977    49A      0.891389    50A      0.909621  
      51A      0.920270    52A      0.939569    53A      0.944705  
      54A      0.981424    55A      1.014817    56A      1.027333  
      57A      1.045218    58A      1.100303    59A      1.130919  
      60A      1.161467    61A      1.193147    62A      1.212475  
      63A      1.350868    64A      1.380822    65A      1.416197  
      66A      1.451053    67A      1.490844    68A      1.613649  
      69A      1.639046    70A      1.702370    71A      1.758936  
      72A      1.768145    73A      1.844987    74A      1.856508  
      75A      1.902785    76A      1.921747    77A      1.950759  
      78A      1.984578    79A      2.063546    80A      2.117098  
      81A      2.175409    82A      2.207090    83A      2.303563  
      84A      2.326267    85A      2.336844    86A      2.409349  
      87A      2.457413    88A      2.525507    89A      2.566442  
      90A      2.580101    91A      2.706222    92A      2.770269  
      93A      2.914143    94A      2.925505    95A      3.126555  
      96A      3.235401    97A      3.602230    98A      4.096286  
      99A      4.148093   100A      4.244485   101A      4.331921  
     102A      4.599660  

    Final Occupation by Irrep:
              A 
    DOCC [    23 ]
    NA   [    23 ]
    NB   [    23 ]

  @DF-RKS Final Energy:  -306.17098553511573

   => Energetics <=

    Nuclear Repulsion Energy =            222.0769472895571823
    One-Electron Energy =                -855.7483287689982490
    Two-Electron Energy =                 355.7027900156271016
    DFT Exchange-Correlation Energy =     -28.1981302882882687
    Empirical Dispersion Energy =          -0.0042637830135071
    VV10 Nonlocal Energy =                  0.0000000000000000
    Total Energy =                       -306.1709855351157330

Computation Completed


Properties will be evaluated at   0.000000,   0.000000,   0.000000 [a0]

Properties computed using the SCF density matrix


 Multipole Moments:

 ------------------------------------------------------------------------------------
     Multipole            Electronic (a.u.)      Nuclear  (a.u.)        Total (a.u.)
 ------------------------------------------------------------------------------------

 L = 1.  Multiply by 2.5417464519 to convert [e a0] to [Debye]
 Dipole X            :         -1.2716552           -0.5600118           -1.8316670
 Dipole Y            :          0.6380192            0.0776695            0.7156886
 Dipole Z            :          0.3089466           -0.2916081            0.0173385
 Magnitude           :                                                    1.9665998

 ------------------------------------------------------------------------------------

*** tstop() called on cst14372 at Tue Apr 21 11:05:49 2026
Module time:
	user time   =      26.81 seconds =       0.45 minutes
	system time =       0.43 seconds =       0.01 minutes
	total time  =         13 seconds =       0.22 minutes
Total time:
	user time   =     626.02 seconds =      10.43 minutes
	system time =       8.94 seconds =       0.15 minutes
	total time  =        302 seconds =       5.03 minutes

Scratch directory: /tmp/
gradient() will perform analytic gradient computation.

*** tstart() called on cst14372
*** at Tue Apr 21 11:05:49 2026


         ------------------------------------------------------------
                                   SCF GRAD                          
                          Rob Parrish, Justin Turney,                
                       Andy Simmonett, and Alex Sokolov              
         ------------------------------------------------------------

  ==> Geometry <==

    Molecular point group: c1
    Full point group: C1

    Geometry (in Angstrom), charge = 0, multiplicity = 1:

       Center              X                  Y                   Z               Mass       
    ------------   -----------------  -----------------  -----------------  -----------------
         C            0.066912978100     0.354381124100     0.067001194200    12.000000000000
         O            1.385990044200     0.319697534400     0.013428285900    15.994914619570
         O            2.035306507000    -0.813956994400    -0.001284834700    15.994914619570
         C           -0.711039000600    -0.894937801700     0.002418430700    12.000000000000
         C           -2.069047455500    -0.959627831000    -0.092102551200    12.000000000000
         C           -0.587104392700     1.703216430700     0.032944324800    12.000000000000
         H           -0.351017165300    -1.913378462100     0.307725852100     1.007825032230
         H           -2.648379158100    -0.036994846000    -0.282244655700     1.007825032230
         H           -2.734908696800    -1.824767936600    -0.211084337700     1.007825032230
         H            0.308668591400     2.344467534000    -0.045552996900     1.007825032230
         H           -1.213583383300     2.213059161000     0.832381191700     1.007825032230
         H           -1.225830854700     1.994599610100    -0.914253437800     1.007825032230

  Nuclear repulsion =  222.076947289557182

  ==> Basis Set <==

  Basis Set: 6-31G*
    Blend: 6-31G*
    Number of shells: 48
    Number of basis functions: 102
    Number of Cartesian functions: 102
    Spherical Harmonics?: false
    Max angular momentum: 2

  ==> DFJKGrad: Density-Fitted SCF Gradients <==

    Gradient:                    1
    J tasked:                  Yes
    K tasked:                  Yes
    wK tasked:                 Yes
    Omega:               2.000E-01
    OpenMP threads:              4
    Integrals threads:           4
    Memory [MiB]:             4291
    Schwarz Cutoff:          1E-12
    Fitting Condition:       1E-10

   => Auxiliary Basis Set <=

  Basis Set: (6-31G* AUX)
    Blend: CC-PVDZ-JKFIT
    Number of shells: 198
    Number of basis functions: 636
    Number of Cartesian functions: 636
    Spherical Harmonics?: false
    Max angular momentum: 3

  ==> DFT Potential <==

   => LibXC <=

    Version 7.0.0
    S. Lehtola, C. Steigemann, M. J.T. Oliveira, and M. A.L. Marques.,  SoftwareX 7, 1–5 (2018) (10.1016/j.softx.2017.11.002)

   => Composite Functional: WB97X-D <= 

    wB97X-D Hyb-GGA Exchange-Correlation Functional

    J.-D. Chai and M. Head-Gordon.,  Phys. Chem. Chem. Phys. 10, 6615-6620 (2008) (10.1039/B810189B)

    Deriv               =              1
    GGA                 =           TRUE
    Meta                =          FALSE

    Exchange Hybrid     =           TRUE
    MP2 Hybrid          =          FALSE

   => Exchange-Correlation Functionals <=

    1.0000   wB97X-D range-separated functional

   => Exact (HF) Exchange <=

    0.7780            HF,LR [omega = 0.2000]
    0.2220               HF 

   => LibXC Density Thresholds  <==

    XC_HYB_GGA_XC_WB97X_D:  1.00E-14 

   => Molecular Quadrature <=

    Radial Scheme          =       TREUTLER
    Pruning Scheme         =           NONE
    Nuclear Scheme         =       TREUTLER

    Blocking Scheme        =         OCTREE
    BS radius alpha        =              1
    Pruning alpha          =              1
    Radial Points          =             75
    Spherical Points       =            302
    Total Points           =         254745
    Total Blocks           =           1928
    Max Points             =            256
    Max Functions          =            100
    Weights Tolerance      =       1.00E-15


  -Total Gradient:
     Atom            X                  Y                   Z
    ------   -----------------  -----------------  -----------------
       1        0.003425867789     0.031976467768     0.004922963190
       2        0.051621725249    -0.028598950902    -0.007494730452
       3       -0.003226879091     0.015773401420     0.001515015208
       4        0.026489794800     0.038427423687    -0.029897181033
       5        0.000715844662    -0.038803188951     0.022252782831
       6       -0.002080197582    -0.051960916469     0.030080351079
       7       -0.018447058885    -0.026768491517     0.015029034512
       8       -0.006023041815     0.004377191637    -0.002954076801
       9       -0.018297210067     0.003648673401    -0.010122446508
      10        0.007299722279    -0.006610869783     0.000798450779
      11       -0.015759155009     0.033202471272     0.001943784818
      12       -0.025769681153     0.025136794214    -0.026353752321


*** tstop() called on cst14372 at Tue Apr 21 11:05:51 2026
Module time:
	user time   =       3.70 seconds =       0.06 minutes
	system time =       0.08 seconds =       0.00 minutes
	total time  =          2 seconds =       0.03 minutes
Total time:
	user time   =     629.74 seconds =      10.50 minutes
	system time =       9.02 seconds =       0.15 minutes
	total time  =        304 seconds =       5.07 minutes

Scratch directory: /tmp/
   => Libint2 <=

    Primary   basis highest AM E, G, H:  6, 6, 3
    Auxiliary basis highest AM E, G, H:  7, 7, 4
    Onebody   basis highest AM E, G, H:  -, -, -
    Solid Harmonics ordering:            Gaussian

*** tstart() called on cst14372
*** at Tue Apr 21 11:05:51 2026

   => Loading Basis Set <=

    Name: 6-31G*
    Role: ORBITAL
    Keyword: BASIS
    atoms 1, 4-6 entry C          line   111 file /Users/jmsmith1/anaconda3/envs/jupyterenv/share/psi4/basis/6-31gs.gbs 
    atoms 2-3    entry O          line   145 file /Users/jmsmith1/anaconda3/envs/jupyterenv/share/psi4/basis/6-31gs.gbs 
    atoms 7-12   entry H          line    44 file /Users/jmsmith1/anaconda3/envs/jupyterenv/share/psi4/basis/6-31gs.gbs 

   => WB97X-D: Empirical Dispersion <=

    Chai and Head-Gordon Dispersion Correction
    Chai, J.-D.; Head-Gordon, M. (2010), J. Chem. Phys., 132: 6615-6620

        s6 =       1.000000


         ---------------------------------------------------------
                                   SCF
               by Justin Turney, Rob Parrish, Andy Simmonett
                          and Daniel G. A. Smith
                              RKS Reference
                        4 Threads,   5722 MiB Core
         ---------------------------------------------------------

  ==> Geometry <==

    Molecular point group: c1
    Full point group: C1

    Geometry (in Angstrom), charge = 0, multiplicity = 1:

       Center              X                  Y                   Z               Mass       
    ------------   -----------------  -----------------  -----------------  -----------------
         C            0.066942914600     0.353911625700     0.070333209500    12.000000000000
         O            1.387498341800     0.321014745800     0.014234464800    15.994914619570
         O            2.038355667900    -0.810871578600    -0.001376968500    15.994914619570
         C           -0.711432686000    -0.897394909000     0.003263622000    12.000000000000
         C           -2.070204724700    -0.962212742000    -0.097329565500    12.000000000000
         C           -0.591623177500     1.703654486700     0.033690657100    12.000000000000
         H           -0.359772908100    -1.908096707800     0.318756026000     1.007825032230
         H           -2.643987406500    -0.046409958000    -0.295434444200     1.007825032230
         H           -2.738171700300    -1.828458789400    -0.219404077400     1.007825032230
         H            0.305972951000     2.339108930600    -0.048233318300     1.007825032230
         H           -1.210908794800     2.219545424700     0.825505459600     1.007825032230
         H           -1.218477909300     1.991996113500    -0.901715978400     1.007825032230

  Running in c1 symmetry.

  Rotational constants: A =      0.18204  B =      0.09431  C =      0.06297 [cm^-1]
  Rotational constants: A =   5457.56571  B =   2827.32367  C =   1887.71110 [MHz]
  Nuclear repulsion =  222.037350370180576

  Charge       = 0
  Multiplicity = 1
  Electrons    = 46
  Nalpha       = 23
  Nbeta        = 23

  ==> Algorithm <==

  SCF Algorithm Type is DF.
  DIIS enabled.
  MOM disabled.
  Fractional occupation disabled.
  Guess Type is SAD.
  Energy threshold   = 1.00e-07
  Density threshold  = 1.00e-07
  Integral threshold = 1.00e-12

  ==> Primary Basis <==

  Basis Set: 6-31G*
    Blend: 6-31G*
    Number of shells: 48
    Number of basis functions: 102
    Number of Cartesian functions: 102
    Spherical Harmonics?: false
    Max angular momentum: 2

  ==> DFT Potential <==

   => LibXC <=

    Version 7.0.0
    S. Lehtola, C. Steigemann, M. J.T. Oliveira, and M. A.L. Marques.,  SoftwareX 7, 1–5 (2018) (10.1016/j.softx.2017.11.002)

   => Composite Functional: WB97X-D <= 

    wB97X-D Hyb-GGA Exchange-Correlation Functional

    J.-D. Chai and M. Head-Gordon.,  Phys. Chem. Chem. Phys. 10, 6615-6620 (2008) (10.1039/B810189B)

    Deriv               =              1
    GGA                 =           TRUE
    Meta                =          FALSE

    Exchange Hybrid     =           TRUE
    MP2 Hybrid          =          FALSE

   => Exchange-Correlation Functionals <=

    1.0000   wB97X-D range-separated functional

   => Exact (HF) Exchange <=

    0.7780            HF,LR [omega = 0.2000]
    0.2220               HF 

   => LibXC Density Thresholds  <==

    XC_HYB_GGA_XC_WB97X_D:  1.00E-14 

   => Molecular Quadrature <=

    Radial Scheme          =       TREUTLER
    Pruning Scheme         =           NONE
    Nuclear Scheme         =       TREUTLER

    Blocking Scheme        =         OCTREE
    BS radius alpha        =              1
    Pruning alpha          =              1
    Radial Points          =             75
    Spherical Points       =            302
    Total Points           =         254717
    Total Blocks           =           1924
    Max Points             =            256
    Max Functions          =            100
    Weights Tolerance      =       1.00E-15

   => Loading Basis Set <=

    Name: (6-31G* AUX)
    Role: JKFIT
    Keyword: DF_BASIS_SCF
    atoms 1, 4-6 entry C          line   121 file /Users/jmsmith1/anaconda3/envs/jupyterenv/share/psi4/basis/cc-pvdz-jkfit.gbs 
    atoms 2-3    entry O          line   221 file /Users/jmsmith1/anaconda3/envs/jupyterenv/share/psi4/basis/cc-pvdz-jkfit.gbs 
    atoms 7-12   entry H          line    51 file /Users/jmsmith1/anaconda3/envs/jupyterenv/share/psi4/basis/cc-pvdz-jkfit.gbs 

  ==> Integral Setup <==

  DFHelper Memory: AOs need 0.151 GiB; user supplied 3.605 GiB. 
  SCF_SUBTYPE=INCORE selected. In-core MEM_DF algorithm will be used.
  Using in-core AOs.

  ==> MemDFJK: Density-Fitted J/K Matrices <==

    J tasked:                   Yes
    K tasked:                   Yes
    wK tasked:                  Yes
    Omega:                2.000E-01
    OpenMP threads:               4
    Memory [MiB]:              3691
    Algorithm:                 Core
    Schwarz Cutoff:           1E-12
    Mask sparsity (%):       1.8070
    Fitting Condition:        1E-10

   => Auxiliary Basis Set <=

  Basis Set: (6-31G* AUX)
    Blend: CC-PVDZ-JKFIT
    Number of shells: 198
    Number of basis functions: 636
    Number of Cartesian functions: 636
    Spherical Harmonics?: false
    Max angular momentum: 3

  Cached 100.0% of DFT collocation blocks in 0.586 [GiB].

  Minimum eigenvalue in the overlap matrix is 3.2774640640E-03.
  Reciprocal condition number of the overlap matrix is 4.8263724426E-04.
    Using symmetric orthogonalization.

  ==> Pre-Iterations <==

  SCF Guess: Superposition of Atomic Densities via on-the-fly atomic UHF (no occupation information).

   -------------------------
    Irrep   Nso     Nmo    
   -------------------------
     A        102     102 
   -------------------------
    Total     102     102
   -------------------------

  ==> Iterations <==

                           Total Energy        Delta E     RMS |[F,P]|

   @DF-RKS iter SAD:  -300.12479257048165   -3.00125e+02   0.00000e+00 
   @DF-RKS iter   1:  -296.37819245057409    3.74660e+00   3.45008e-02 ADIIS/DIIS
   @DF-RKS iter   2:  -273.77355129555991    2.26046e+01   6.45642e-02 ADIIS/DIIS
   @DF-RKS iter   3:  -304.62803825645204   -3.08545e+01   1.72855e-02 ADIIS/DIIS
   @DF-RKS iter   4:  -302.63398315880551    1.99406e+00   2.38732e-02 ADIIS/DIIS
   @DF-RKS iter   5:  -306.05521484113478   -3.42123e+00   4.16042e-03 ADIIS/DIIS
   @DF-RKS iter   6:  -306.13698465832113   -8.17698e-02   2.54274e-03 ADIIS/DIIS
   @DF-RKS iter   7:  -306.16969456686024   -3.27099e-02   3.86704e-04 ADIIS/DIIS
   @DF-RKS iter   8:  -306.17084369128929   -1.14912e-03   1.76854e-04 ADIIS/DIIS
   @DF-RKS iter   9:  -306.17102990224834   -1.86211e-04   1.20349e-04 ADIIS/DIIS
   @DF-RKS iter  10:  -306.17109151266112   -6.16104e-05   5.14320e-05 DIIS
   @DF-RKS iter  11:  -306.17110028563332   -8.77297e-06   4.02440e-05 DIIS
   @DF-RKS iter  12:  -306.17110894060568   -8.65497e-06   7.35816e-06 DIIS
   @DF-RKS iter  13:  -306.17110927707000   -3.36464e-07   1.65637e-06 DIIS
   @DF-RKS iter  14:  -306.17110929550068   -1.84307e-08   6.25728e-07 DIIS
   @DF-RKS iter  15:  -306.17110930062807   -5.12739e-09   2.78093e-07 DIIS
   @DF-RKS iter  16:  -306.17110930390015   -3.27208e-09   1.17561e-07 DIIS
   @DF-RKS iter  17:  -306.17110930496864   -1.06849e-09   5.14635e-08 DIIS
  Energy and wave function converged.


  ==> Post-Iterations <==

   Electrons on quadrature grid:
      Ntotal   =   45.9999637538 ; deviation = -3.625e-05 

    Orbital Energies [Eh]
    ---------------------

    Doubly Occupied:                                                      

       1A    -19.423915     2A    -19.257987     3A    -10.418238  
       4A    -10.340119     5A    -10.338529     6A    -10.337102  
       7A     -1.296359     8A     -0.997238     9A     -0.900602  
      10A     -0.839329    11A     -0.746378    12A     -0.649832  
      13A     -0.615552    14A     -0.597848    15A     -0.579341  
      16A     -0.534749    17A     -0.500536    18A     -0.495899  
      19A     -0.483464    20A     -0.448697    21A     -0.390154  
      22A     -0.310967    23A     -0.294214  

    Virtual:                                                              

      24A     -0.029101    25A      0.099212    26A      0.157258  
      27A      0.168799    28A      0.206212    29A      0.226234  
      30A      0.230092    31A      0.243312    32A      0.256732  
      33A      0.305566    34A      0.342924    35A      0.420103  
      36A      0.441931    37A      0.558199    38A      0.581930  
      39A      0.608211    40A      0.641415    41A      0.655562  
      42A      0.690313    43A      0.704599    44A      0.713015  
      45A      0.749215    46A      0.798578    47A      0.834103  
      48A      0.877931    49A      0.894735    50A      0.909974  
      51A      0.921517    52A      0.942554    53A      0.944725  
      54A      0.985933    55A      1.013998    56A      1.027874  
      57A      1.047713    58A      1.099134    59A      1.131087  
      60A      1.160251    61A      1.192771    62A      1.210205  
      63A      1.350136    64A      1.379732    65A      1.416103  
      66A      1.451888    67A      1.491166    68A      1.613825  
      69A      1.637138    70A      1.705124    71A      1.757366  
      72A      1.766786    73A      1.845033    74A      1.853369  
      75A      1.902228    76A      1.921441    77A      1.950733  
      78A      1.984497    79A      2.062708    80A      2.120374  
      81A      2.181196    82A      2.207177    83A      2.305772  
      84A      2.331015    85A      2.338708    86A      2.408330  
      87A      2.458095    88A      2.524114    89A      2.565510  
      90A      2.581761    91A      2.706313    92A      2.769886  
      93A      2.913049    94A      2.923833    95A      3.123720  
      96A      3.233048    97A      3.601280    98A      4.096564  
      99A      4.146578   100A      4.244936   101A      4.332383  
     102A      4.598398  

    Final Occupation by Irrep:
              A 
    DOCC [    23 ]
    NA   [    23 ]
    NB   [    23 ]

  @DF-RKS Final Energy:  -306.17110930496864

   => Energetics <=

    Nuclear Repulsion Energy =            222.0373503701805760
    One-Electron Energy =                -855.6583692121740796
    Two-Electron Energy =                 355.6585893186154408
    DFT Exchange-Correlation Energy =     -28.2044277504123500
    Empirical Dispersion Energy =          -0.0042520311781493
    VV10 Nonlocal Energy =                  0.0000000000000000
    Total Energy =                       -306.1711093049686383

Computation Completed


Properties will be evaluated at   0.000000,   0.000000,   0.000000 [a0]

Properties computed using the SCF density matrix


 Multipole Moments:

 ------------------------------------------------------------------------------------
     Multipole            Electronic (a.u.)      Nuclear  (a.u.)        Total (a.u.)
 ------------------------------------------------------------------------------------

 L = 1.  Multiply by 2.5417464519 to convert [e a0] to [Debye]
 Dipole X            :         -1.2729039           -0.5601521           -1.8330560
 Dipole Y            :          0.6480687            0.0691283            0.7171970
 Dipole Z            :          0.3132142           -0.2984233            0.0147909
 Magnitude           :                                                    1.9684219

 ------------------------------------------------------------------------------------

*** tstop() called on cst14372 at Tue Apr 21 11:06:05 2026
Module time:
	user time   =      28.23 seconds =       0.47 minutes
	system time =       0.35 seconds =       0.01 minutes
	total time  =         14 seconds =       0.23 minutes
Total time:
	user time   =     657.99 seconds =      10.97 minutes
	system time =       9.38 seconds =       0.16 minutes
	total time  =        318 seconds =       5.30 minutes

Scratch directory: /tmp/
gradient() will perform analytic gradient computation.

*** tstart() called on cst14372
*** at Tue Apr 21 11:06:05 2026


         ------------------------------------------------------------
                                   SCF GRAD                          
                          Rob Parrish, Justin Turney,                
                       Andy Simmonett, and Alex Sokolov              
         ------------------------------------------------------------

  ==> Geometry <==

    Molecular point group: c1
    Full point group: C1

    Geometry (in Angstrom), charge = 0, multiplicity = 1:

       Center              X                  Y                   Z               Mass       
    ------------   -----------------  -----------------  -----------------  -----------------
         C            0.066942914600     0.353911625700     0.070333209500    12.000000000000
         O            1.387498341800     0.321014745800     0.014234464800    15.994914619570
         O            2.038355667900    -0.810871578600    -0.001376968500    15.994914619570
         C           -0.711432686000    -0.897394909000     0.003263622000    12.000000000000
         C           -2.070204724700    -0.962212742000    -0.097329565500    12.000000000000
         C           -0.591623177500     1.703654486700     0.033690657100    12.000000000000
         H           -0.359772908100    -1.908096707800     0.318756026000     1.007825032230
         H           -2.643987406500    -0.046409958000    -0.295434444200     1.007825032230
         H           -2.738171700300    -1.828458789400    -0.219404077400     1.007825032230
         H            0.305972951000     2.339108930600    -0.048233318300     1.007825032230
         H           -1.210908794800     2.219545424700     0.825505459600     1.007825032230
         H           -1.218477909300     1.991996113500    -0.901715978400     1.007825032230

  Nuclear repulsion =  222.037350370180576

  ==> Basis Set <==

  Basis Set: 6-31G*
    Blend: 6-31G*
    Number of shells: 48
    Number of basis functions: 102
    Number of Cartesian functions: 102
    Spherical Harmonics?: false
    Max angular momentum: 2

  ==> DFJKGrad: Density-Fitted SCF Gradients <==

    Gradient:                    1
    J tasked:                  Yes
    K tasked:                  Yes
    wK tasked:                 Yes
    Omega:               2.000E-01
    OpenMP threads:              4
    Integrals threads:           4
    Memory [MiB]:             4291
    Schwarz Cutoff:          1E-12
    Fitting Condition:       1E-10

   => Auxiliary Basis Set <=

  Basis Set: (6-31G* AUX)
    Blend: CC-PVDZ-JKFIT
    Number of shells: 198
    Number of basis functions: 636
    Number of Cartesian functions: 636
    Spherical Harmonics?: false
    Max angular momentum: 3

  ==> DFT Potential <==

   => LibXC <=

    Version 7.0.0
    S. Lehtola, C. Steigemann, M. J.T. Oliveira, and M. A.L. Marques.,  SoftwareX 7, 1–5 (2018) (10.1016/j.softx.2017.11.002)

   => Composite Functional: WB97X-D <= 

    wB97X-D Hyb-GGA Exchange-Correlation Functional

    J.-D. Chai and M. Head-Gordon.,  Phys. Chem. Chem. Phys. 10, 6615-6620 (2008) (10.1039/B810189B)

    Deriv               =              1
    GGA                 =           TRUE
    Meta                =          FALSE

    Exchange Hybrid     =           TRUE
    MP2 Hybrid          =          FALSE

   => Exchange-Correlation Functionals <=

    1.0000   wB97X-D range-separated functional

   => Exact (HF) Exchange <=

    0.7780            HF,LR [omega = 0.2000]
    0.2220               HF 

   => LibXC Density Thresholds  <==

    XC_HYB_GGA_XC_WB97X_D:  1.00E-14 

   => Molecular Quadrature <=

    Radial Scheme          =       TREUTLER
    Pruning Scheme         =           NONE
    Nuclear Scheme         =       TREUTLER

    Blocking Scheme        =         OCTREE
    BS radius alpha        =              1
    Pruning alpha          =              1
    Radial Points          =             75
    Spherical Points       =            302
    Total Points           =         254717
    Total Blocks           =           1924
    Max Points             =            256
    Max Functions          =            100
    Weights Tolerance      =       1.00E-15


  -Total Gradient:
     Atom            X                  Y                   Z
    ------   -----------------  -----------------  -----------------
       1        0.004004539432     0.032045746883     0.005297506384
       2        0.053413196336    -0.029120751873    -0.007842664560
       3       -0.003283745913     0.016227465040     0.001551717920
       4        0.028453533325     0.034509978378    -0.029835165945
       5       -0.001537269833    -0.034585113516     0.022380763683
       6       -0.008174435369    -0.048281350038     0.027937595621
       7       -0.020526883580    -0.022979732801     0.014393967193
       8       -0.003633405515     0.000506398550    -0.002303785296
       9       -0.019370537924     0.002644286103    -0.010607777285
      10        0.006351495224    -0.007707918078     0.000749801608
      11       -0.013840526226     0.032371779709    -0.001399997224
      12       -0.021887535387     0.024218013724    -0.020580492449


*** tstop() called on cst14372 at Tue Apr 21 11:06:07 2026
Module time:
	user time   =       3.85 seconds =       0.06 minutes
	system time =       0.09 seconds =       0.00 minutes
	total time  =          2 seconds =       0.03 minutes
Total time:
	user time   =     661.86 seconds =      11.03 minutes
	system time =       9.47 seconds =       0.16 minutes
	total time  =        320 seconds =       5.33 minutes

Scratch directory: /tmp/
   => Libint2 <=

    Primary   basis highest AM E, G, H:  6, 6, 3
    Auxiliary basis highest AM E, G, H:  7, 7, 4
    Onebody   basis highest AM E, G, H:  -, -, -
    Solid Harmonics ordering:            Gaussian

*** tstart() called on cst14372
*** at Tue Apr 21 11:06:07 2026

   => Loading Basis Set <=

    Name: 6-31G*
    Role: ORBITAL
    Keyword: BASIS
    atoms 1, 4-6 entry C          line   111 file /Users/jmsmith1/anaconda3/envs/jupyterenv/share/psi4/basis/6-31gs.gbs 
    atoms 2-3    entry O          line   145 file /Users/jmsmith1/anaconda3/envs/jupyterenv/share/psi4/basis/6-31gs.gbs 
    atoms 7-12   entry H          line    44 file /Users/jmsmith1/anaconda3/envs/jupyterenv/share/psi4/basis/6-31gs.gbs 

   => WB97X-D: Empirical Dispersion <=

    Chai and Head-Gordon Dispersion Correction
    Chai, J.-D.; Head-Gordon, M. (2010), J. Chem. Phys., 132: 6615-6620

        s6 =       1.000000


         ---------------------------------------------------------
                                   SCF
               by Justin Turney, Rob Parrish, Andy Simmonett
                          and Daniel G. A. Smith
                              RKS Reference
                        4 Threads,   5722 MiB Core
         ---------------------------------------------------------

  ==> Geometry <==

    Molecular point group: c1
    Full point group: C1

    Geometry (in Angstrom), charge = 0, multiplicity = 1:

       Center              X                  Y                   Z               Mass       
    ------------   -----------------  -----------------  -----------------  -----------------
         C            0.066961331100     0.353348162600     0.073658241900    12.000000000000
         O            1.388894316200     0.322398560900     0.015059713100    15.994914619570
         O            2.041419613300    -0.807813699500    -0.001472706400    15.994914619570
         C           -0.711909744900    -0.899958100400     0.004197319500    12.000000000000
         C           -2.071360444900    -0.964703995300    -0.102634490400    12.000000000000
         C           -0.596129625400     1.704233438200     0.034357968700    12.000000000000
         H           -0.367842401600    -1.902008875100     0.329317248600     1.007825032230
         H           -2.639459284000    -0.055866152000    -0.308577825300     1.007825032230
         H           -2.740774575700    -1.832250129500    -0.227378697500     1.007825032230
         H            0.303051415100     2.334002823300    -0.050946230400     1.007825032230
         H           -1.207749981600     2.224931082100     0.818660787000     1.007825032230
         H           -1.210351373900     1.988550532600    -0.888437022600     1.007825032230

  Running in c1 symmetry.

  Rotational constants: A =      0.18198  B =      0.09412  C =      0.06287 [cm^-1]
  Rotational constants: A =   5455.66875  B =   2821.55662  C =   1884.79019 [MHz]
  Nuclear repulsion =  222.009966124585588

  Charge       = 0
  Multiplicity = 1
  Electrons    = 46
  Nalpha       = 23
  Nbeta        = 23

  ==> Algorithm <==

  SCF Algorithm Type is DF.
  DIIS enabled.
  MOM disabled.
  Fractional occupation disabled.
  Guess Type is SAD.
  Energy threshold   = 1.00e-07
  Density threshold  = 1.00e-07
  Integral threshold = 1.00e-12

  ==> Primary Basis <==

  Basis Set: 6-31G*
    Blend: 6-31G*
    Number of shells: 48
    Number of basis functions: 102
    Number of Cartesian functions: 102
    Spherical Harmonics?: false
    Max angular momentum: 2

  ==> DFT Potential <==

   => LibXC <=

    Version 7.0.0
    S. Lehtola, C. Steigemann, M. J.T. Oliveira, and M. A.L. Marques.,  SoftwareX 7, 1–5 (2018) (10.1016/j.softx.2017.11.002)

   => Composite Functional: WB97X-D <= 

    wB97X-D Hyb-GGA Exchange-Correlation Functional

    J.-D. Chai and M. Head-Gordon.,  Phys. Chem. Chem. Phys. 10, 6615-6620 (2008) (10.1039/B810189B)

    Deriv               =              1
    GGA                 =           TRUE
    Meta                =          FALSE

    Exchange Hybrid     =           TRUE
    MP2 Hybrid          =          FALSE

   => Exchange-Correlation Functionals <=

    1.0000   wB97X-D range-separated functional

   => Exact (HF) Exchange <=

    0.7780            HF,LR [omega = 0.2000]
    0.2220               HF 

   => LibXC Density Thresholds  <==

    XC_HYB_GGA_XC_WB97X_D:  1.00E-14 

   => Molecular Quadrature <=

    Radial Scheme          =       TREUTLER
    Pruning Scheme         =           NONE
    Nuclear Scheme         =       TREUTLER

    Blocking Scheme        =         OCTREE
    BS radius alpha        =              1
    Pruning alpha          =              1
    Radial Points          =             75
    Spherical Points       =            302
    Total Points           =         254713
    Total Blocks           =           1930
    Max Points             =            256
    Max Functions          =            100
    Weights Tolerance      =       1.00E-15

   => Loading Basis Set <=

    Name: (6-31G* AUX)
    Role: JKFIT
    Keyword: DF_BASIS_SCF
    atoms 1, 4-6 entry C          line   121 file /Users/jmsmith1/anaconda3/envs/jupyterenv/share/psi4/basis/cc-pvdz-jkfit.gbs 
    atoms 2-3    entry O          line   221 file /Users/jmsmith1/anaconda3/envs/jupyterenv/share/psi4/basis/cc-pvdz-jkfit.gbs 
    atoms 7-12   entry H          line    51 file /Users/jmsmith1/anaconda3/envs/jupyterenv/share/psi4/basis/cc-pvdz-jkfit.gbs 

  ==> Integral Setup <==

  DFHelper Memory: AOs need 0.151 GiB; user supplied 3.605 GiB. 
  SCF_SUBTYPE=INCORE selected. In-core MEM_DF algorithm will be used.
  Using in-core AOs.

  ==> MemDFJK: Density-Fitted J/K Matrices <==

    J tasked:                   Yes
    K tasked:                   Yes
    wK tasked:                  Yes
    Omega:                2.000E-01
    OpenMP threads:               4
    Memory [MiB]:              3691
    Algorithm:                 Core
    Schwarz Cutoff:           1E-12
    Mask sparsity (%):       1.8070
    Fitting Condition:        1E-10

   => Auxiliary Basis Set <=

  Basis Set: (6-31G* AUX)
    Blend: CC-PVDZ-JKFIT
    Number of shells: 198
    Number of basis functions: 636
    Number of Cartesian functions: 636
    Spherical Harmonics?: false
    Max angular momentum: 3

  Cached 100.0% of DFT collocation blocks in 0.586 [GiB].

  Minimum eigenvalue in the overlap matrix is 3.3074295478E-03.
  Reciprocal condition number of the overlap matrix is 4.8702901954E-04.
    Using symmetric orthogonalization.

  ==> Pre-Iterations <==

  SCF Guess: Superposition of Atomic Densities via on-the-fly atomic UHF (no occupation information).

   -------------------------
    Irrep   Nso     Nmo    
   -------------------------
     A        102     102 
   -------------------------
    Total     102     102
   -------------------------

  ==> Iterations <==

                           Total Energy        Delta E     RMS |[F,P]|

   @DF-RKS iter SAD:  -300.14517691312284   -3.00145e+02   0.00000e+00 
   @DF-RKS iter   1:  -296.40593165506215    3.73925e+00   3.44713e-02 ADIIS/DIIS
   @DF-RKS iter   2:  -273.83717188600690    2.25688e+01   6.43723e-02 ADIIS/DIIS
   @DF-RKS iter   3:  -304.61567596314666   -3.07785e+01   1.73873e-02 ADIIS/DIIS
   @DF-RKS iter   4:  -302.76565116874855    1.85002e+00   2.37318e-02 ADIIS/DIIS
   @DF-RKS iter   5:  -306.06161176811673   -3.29596e+00   4.05377e-03 ADIIS/DIIS
   @DF-RKS iter   6:  -306.13758642932066   -7.59747e-02   2.52489e-03 ADIIS/DIIS
   @DF-RKS iter   7:  -306.16970047583294   -3.21140e-02   3.88348e-04 ADIIS/DIIS
   @DF-RKS iter   8:  -306.17078619829317   -1.08572e-03   1.97345e-04 ADIIS/DIIS
   @DF-RKS iter   9:  -306.17099708482084   -2.10887e-04   1.28056e-04 ADIIS/DIIS
   @DF-RKS iter  10:  -306.17106724385411   -7.01590e-05   5.10406e-05 DIIS
   @DF-RKS iter  11:  -306.17107645471805   -9.21086e-06   3.92875e-05 DIIS
   @DF-RKS iter  12:  -306.17108489018358   -8.43547e-06   7.33569e-06 DIIS
   @DF-RKS iter  13:  -306.17108524950760   -3.59324e-07   1.62884e-06 DIIS
   @DF-RKS iter  14:  -306.17108527289992   -2.33923e-08   6.63441e-07 DIIS
   @DF-RKS iter  15:  -306.17108528172832   -8.82841e-09   3.39107e-07 DIIS
   @DF-RKS iter  16:  -306.17108528799099   -6.26267e-09   1.48231e-07 DIIS
   @DF-RKS iter  17:  -306.17108528962365   -1.63266e-09   5.45373e-08 DIIS
  Energy and wave function converged.


  ==> Post-Iterations <==

   Electrons on quadrature grid:
      Ntotal   =   45.9999607858 ; deviation = -3.921e-05 

    Orbital Energies [Eh]
    ---------------------

    Doubly Occupied:                                                      

       1A    -19.424173     2A    -19.258177     3A    -10.418623  
       4A    -10.338145     5A    -10.337790     6A    -10.336628  
       7A     -1.296411     8A     -0.996913     9A     -0.900542  
      10A     -0.840535    11A     -0.746605    12A     -0.651062  
      13A     -0.615757    14A     -0.598522    15A     -0.579253  
      16A     -0.534722    17A     -0.501092    18A     -0.497800  
      19A     -0.483451    20A     -0.449195    21A     -0.389920  
      22A     -0.311065    23A     -0.294280  

    Virtual:                                                              

      24A     -0.029035    25A      0.098910    26A      0.159628  
      27A      0.169342    28A      0.207086    29A      0.227238  
      30A      0.231734    31A      0.245597    32A      0.257520  
      33A      0.304762    34A      0.342510    35A      0.419690  
      36A      0.441249    37A      0.558663    38A      0.581386  
      39A      0.607245    40A      0.640425    41A      0.654488  
      42A      0.690452    43A      0.703949    44A      0.711154  
      45A      0.748939    46A      0.798473    47A      0.835714  
      48A      0.880531    49A      0.898921    50A      0.910442  
      51A      0.922660    52A      0.944477    53A      0.946975  
      54A      0.991435    55A      1.013238    56A      1.028564  
      57A      1.050584    58A      1.098211    59A      1.131376  
      60A      1.159125    61A      1.192484    62A      1.208205  
      63A      1.349423    64A      1.378663    65A      1.416044  
      66A      1.452622    67A      1.491843    68A      1.613939  
      69A      1.635236    70A      1.707763    71A      1.755229  
      72A      1.765963    73A      1.845051    74A      1.850433  
      75A      1.901862    76A      1.921308    77A      1.950774  
      78A      1.984635    79A      2.061893    80A      2.123881  
      81A      2.186590    82A      2.207749    83A      2.307735  
      84A      2.334537    85A      2.343053    86A      2.407444  
      87A      2.458859    88A      2.522835    89A      2.564656  
      90A      2.583724    91A      2.706415    92A      2.769510  
      93A      2.912082    94A      2.922112    95A      3.120968  
      96A      3.230724    97A      3.600365    98A      4.096956  
      99A      4.145067   100A      4.245592   101A      4.333169  
     102A      4.597214  

    Final Occupation by Irrep:
              A 
    DOCC [    23 ]
    NA   [    23 ]
    NB   [    23 ]

  @DF-RKS Final Energy:  -306.17108528962365

   => Energetics <=

    Nuclear Repulsion Energy =            222.0099661245855884
    One-Electron Energy =                -855.5914312793501040
    Two-Electron Energy =                 355.6262859859783134
    DFT Exchange-Correlation Energy =     -28.2116651960747973
    Empirical Dispersion Energy =          -0.0042409247626530
    VV10 Nonlocal Energy =                  0.0000000000000000
    Total Energy =                       -306.1710852896236474

Computation Completed


Properties will be evaluated at   0.000000,   0.000000,   0.000000 [a0]

Properties computed using the SCF density matrix


 Multipole Moments:

 ------------------------------------------------------------------------------------
     Multipole            Electronic (a.u.)      Nuclear  (a.u.)        Total (a.u.)
 ------------------------------------------------------------------------------------

 L = 1.  Multiply by 2.5417464519 to convert [e a0] to [Debye]
 Dipole X            :         -1.2768651           -0.5579335           -1.8347985
 Dipole Y            :          0.6588875            0.0596307            0.7185181
 Dipole Z            :          0.3167874           -0.3046077            0.0121797
 Magnitude           :                                                    1.9705081

 ------------------------------------------------------------------------------------

*** tstop() called on cst14372 at Tue Apr 21 11:06:20 2026
Module time:
	user time   =      28.17 seconds =       0.47 minutes
	system time =       0.43 seconds =       0.01 minutes
	total time  =         13 seconds =       0.22 minutes
Total time:
	user time   =     690.05 seconds =      11.50 minutes
	system time =       9.90 seconds =       0.16 minutes
	total time  =        333 seconds =       5.55 minutes

Scratch directory: /tmp/
gradient() will perform analytic gradient computation.

*** tstart() called on cst14372
*** at Tue Apr 21 11:06:20 2026


         ------------------------------------------------------------
                                   SCF GRAD                          
                          Rob Parrish, Justin Turney,                
                       Andy Simmonett, and Alex Sokolov              
         ------------------------------------------------------------

  ==> Geometry <==

    Molecular point group: c1
    Full point group: C1

    Geometry (in Angstrom), charge = 0, multiplicity = 1:

       Center              X                  Y                   Z               Mass       
    ------------   -----------------  -----------------  -----------------  -----------------
         C            0.066961331100     0.353348162600     0.073658241900    12.000000000000
         O            1.388894316200     0.322398560900     0.015059713100    15.994914619570
         O            2.041419613300    -0.807813699500    -0.001472706400    15.994914619570
         C           -0.711909744900    -0.899958100400     0.004197319500    12.000000000000
         C           -2.071360444900    -0.964703995300    -0.102634490400    12.000000000000
         C           -0.596129625400     1.704233438200     0.034357968700    12.000000000000
         H           -0.367842401600    -1.902008875100     0.329317248600     1.007825032230
         H           -2.639459284000    -0.055866152000    -0.308577825300     1.007825032230
         H           -2.740774575700    -1.832250129500    -0.227378697500     1.007825032230
         H            0.303051415100     2.334002823300    -0.050946230400     1.007825032230
         H           -1.207749981600     2.224931082100     0.818660787000     1.007825032230
         H           -1.210351373900     1.988550532600    -0.888437022600     1.007825032230

  Nuclear repulsion =  222.009966124585588

  ==> Basis Set <==

  Basis Set: 6-31G*
    Blend: 6-31G*
    Number of shells: 48
    Number of basis functions: 102
    Number of Cartesian functions: 102
    Spherical Harmonics?: false
    Max angular momentum: 2

  ==> DFJKGrad: Density-Fitted SCF Gradients <==

    Gradient:                    1
    J tasked:                  Yes
    K tasked:                  Yes
    wK tasked:                 Yes
    Omega:               2.000E-01
    OpenMP threads:              4
    Integrals threads:           4
    Memory [MiB]:             4291
    Schwarz Cutoff:          1E-12
    Fitting Condition:       1E-10

   => Auxiliary Basis Set <=

  Basis Set: (6-31G* AUX)
    Blend: CC-PVDZ-JKFIT
    Number of shells: 198
    Number of basis functions: 636
    Number of Cartesian functions: 636
    Spherical Harmonics?: false
    Max angular momentum: 3

  ==> DFT Potential <==

   => LibXC <=

    Version 7.0.0
    S. Lehtola, C. Steigemann, M. J.T. Oliveira, and M. A.L. Marques.,  SoftwareX 7, 1–5 (2018) (10.1016/j.softx.2017.11.002)

   => Composite Functional: WB97X-D <= 

    wB97X-D Hyb-GGA Exchange-Correlation Functional

    J.-D. Chai and M. Head-Gordon.,  Phys. Chem. Chem. Phys. 10, 6615-6620 (2008) (10.1039/B810189B)

    Deriv               =              1
    GGA                 =           TRUE
    Meta                =          FALSE

    Exchange Hybrid     =           TRUE
    MP2 Hybrid          =          FALSE

   => Exchange-Correlation Functionals <=

    1.0000   wB97X-D range-separated functional

   => Exact (HF) Exchange <=

    0.7780            HF,LR [omega = 0.2000]
    0.2220               HF 

   => LibXC Density Thresholds  <==

    XC_HYB_GGA_XC_WB97X_D:  1.00E-14 

   => Molecular Quadrature <=

    Radial Scheme          =       TREUTLER
    Pruning Scheme         =           NONE
    Nuclear Scheme         =       TREUTLER

    Blocking Scheme        =         OCTREE
    BS radius alpha        =              1
    Pruning alpha          =              1
    Radial Points          =             75
    Spherical Points       =            302
    Total Points           =         254713
    Total Blocks           =           1930
    Max Points             =            256
    Max Functions          =            100
    Weights Tolerance      =       1.00E-15


  -Total Gradient:
     Atom            X                  Y                   Z
    ------   -----------------  -----------------  -----------------
       1        0.004600369095     0.031958206642     0.005697802270
       2        0.055100531961    -0.029496591581    -0.008187564764
       3       -0.003310762679     0.016598527579     0.001585723451
       4        0.030386772776     0.030027095055    -0.029518250274
       5       -0.004066493859    -0.030155172469     0.022316408961
       6       -0.015115449148    -0.043832495394     0.024997112912
       7       -0.022621969278    -0.018725171264     0.013528260182
       8       -0.001109800646    -0.003560233378    -0.001529260611
       9       -0.020271653111     0.001745374508    -0.011058356039
      10        0.005331338783    -0.008801157604     0.000698635073
      11       -0.011656358697     0.031206000380    -0.005021862822
      12       -0.017277888850     0.022936389715    -0.013741136606


*** tstop() called on cst14372 at Tue Apr 21 11:06:22 2026
Module time:
	user time   =       3.66 seconds =       0.06 minutes
	system time =       0.08 seconds =       0.00 minutes
	total time  =          2 seconds =       0.03 minutes
Total time:
	user time   =     693.72 seconds =      11.56 minutes
	system time =       9.98 seconds =       0.17 minutes
	total time  =        335 seconds =       5.58 minutes

Scratch directory: /tmp/
   => Libint2 <=

    Primary   basis highest AM E, G, H:  6, 6, 3
    Auxiliary basis highest AM E, G, H:  7, 7, 4
    Onebody   basis highest AM E, G, H:  -, -, -
    Solid Harmonics ordering:            Gaussian

*** tstart() called on cst14372
*** at Tue Apr 21 11:06:22 2026

   => Loading Basis Set <=

    Name: 6-31G*
    Role: ORBITAL
    Keyword: BASIS
    atoms 1, 4-6 entry C          line   111 file /Users/jmsmith1/anaconda3/envs/jupyterenv/share/psi4/basis/6-31gs.gbs 
    atoms 2-3    entry O          line   145 file /Users/jmsmith1/anaconda3/envs/jupyterenv/share/psi4/basis/6-31gs.gbs 
    atoms 7-12   entry H          line    44 file /Users/jmsmith1/anaconda3/envs/jupyterenv/share/psi4/basis/6-31gs.gbs 

   => WB97X-D: Empirical Dispersion <=

    Chai and Head-Gordon Dispersion Correction
    Chai, J.-D.; Head-Gordon, M. (2010), J. Chem. Phys., 132: 6615-6620

        s6 =       1.000000


         ---------------------------------------------------------
                                   SCF
               by Justin Turney, Rob Parrish, Andy Simmonett
                          and Daniel G. A. Smith
                              RKS Reference
                        4 Threads,   5722 MiB Core
         ---------------------------------------------------------

  ==> Geometry <==

    Molecular point group: c1
    Full point group: C1

    Geometry (in Angstrom), charge = 0, multiplicity = 1:

       Center              X                  Y                   Z               Mass       
    ------------   -----------------  -----------------  -----------------  -----------------
         C            0.066966473300     0.352690766200     0.076975040600    12.000000000000
         O            1.390173988100     0.323849932000     0.015904809700    15.994914619570
         O            2.044498370300    -0.804784300700    -0.001572129100    15.994914619570
         C           -0.712475972200    -0.902614603700     0.005218805600    12.000000000000
         C           -2.072507263300    -0.967114128200    -0.108017215700    12.000000000000
         C           -0.600603507800     1.704940742500     0.034954561400    12.000000000000
         H           -0.375151469800    -1.895259874400     0.339437981000     1.007825032230
         H           -2.634881618100    -0.065223016600    -0.321701111600     1.007825032230
         H           -2.742684527400    -1.836111109800    -0.234991612900     1.007825032230
         H            0.299938681400     2.329187674300    -0.053689988800     1.007825032230
         H           -1.204181161200     2.229253486100     0.811972362200     1.007825032230
         H           -1.201608536100     1.984305059100    -0.874650980300     1.007825032230

  Running in c1 symmetry.

  Rotational constants: A =      0.18192  B =      0.09393  C =      0.06278 [cm^-1]
  Rotational constants: A =   5453.86533  B =   2815.93859  C =   1881.95450 [MHz]
  Nuclear repulsion =  221.992846621506402

  Charge       = 0
  Multiplicity = 1
  Electrons    = 46
  Nalpha       = 23
  Nbeta        = 23

  ==> Algorithm <==

  SCF Algorithm Type is DF.
  DIIS enabled.
  MOM disabled.
  Fractional occupation disabled.
  Guess Type is SAD.
  Energy threshold   = 1.00e-07
  Density threshold  = 1.00e-07
  Integral threshold = 1.00e-12

  ==> Primary Basis <==

  Basis Set: 6-31G*
    Blend: 6-31G*
    Number of shells: 48
    Number of basis functions: 102
    Number of Cartesian functions: 102
    Spherical Harmonics?: false
    Max angular momentum: 2

  ==> DFT Potential <==

   => LibXC <=

    Version 7.0.0
    S. Lehtola, C. Steigemann, M. J.T. Oliveira, and M. A.L. Marques.,  SoftwareX 7, 1–5 (2018) (10.1016/j.softx.2017.11.002)

   => Composite Functional: WB97X-D <= 

    wB97X-D Hyb-GGA Exchange-Correlation Functional

    J.-D. Chai and M. Head-Gordon.,  Phys. Chem. Chem. Phys. 10, 6615-6620 (2008) (10.1039/B810189B)

    Deriv               =              1
    GGA                 =           TRUE
    Meta                =          FALSE

    Exchange Hybrid     =           TRUE
    MP2 Hybrid          =          FALSE

   => Exchange-Correlation Functionals <=

    1.0000   wB97X-D range-separated functional

   => Exact (HF) Exchange <=

    0.7780            HF,LR [omega = 0.2000]
    0.2220               HF 

   => LibXC Density Thresholds  <==

    XC_HYB_GGA_XC_WB97X_D:  1.00E-14 

   => Molecular Quadrature <=

    Radial Scheme          =       TREUTLER
    Pruning Scheme         =           NONE
    Nuclear Scheme         =       TREUTLER

    Blocking Scheme        =         OCTREE
    BS radius alpha        =              1
    Pruning alpha          =              1
    Radial Points          =             75
    Spherical Points       =            302
    Total Points           =         254712
    Total Blocks           =           1933
    Max Points             =            256
    Max Functions          =            100
    Weights Tolerance      =       1.00E-15

   => Loading Basis Set <=

    Name: (6-31G* AUX)
    Role: JKFIT
    Keyword: DF_BASIS_SCF
    atoms 1, 4-6 entry C          line   121 file /Users/jmsmith1/anaconda3/envs/jupyterenv/share/psi4/basis/cc-pvdz-jkfit.gbs 
    atoms 2-3    entry O          line   221 file /Users/jmsmith1/anaconda3/envs/jupyterenv/share/psi4/basis/cc-pvdz-jkfit.gbs 
    atoms 7-12   entry H          line    51 file /Users/jmsmith1/anaconda3/envs/jupyterenv/share/psi4/basis/cc-pvdz-jkfit.gbs 

  ==> Integral Setup <==

  DFHelper Memory: AOs need 0.151 GiB; user supplied 3.605 GiB. 
  SCF_SUBTYPE=INCORE selected. In-core MEM_DF algorithm will be used.
  Using in-core AOs.

  ==> MemDFJK: Density-Fitted J/K Matrices <==

    J tasked:                   Yes
    K tasked:                   Yes
    wK tasked:                  Yes
    Omega:                2.000E-01
    OpenMP threads:               4
    Memory [MiB]:              3691
    Algorithm:                 Core
    Schwarz Cutoff:           1E-12
    Mask sparsity (%):       1.8070
    Fitting Condition:        1E-10

   => Auxiliary Basis Set <=

  Basis Set: (6-31G* AUX)
    Blend: CC-PVDZ-JKFIT
    Number of shells: 198
    Number of basis functions: 636
    Number of Cartesian functions: 636
    Spherical Harmonics?: false
    Max angular momentum: 3

  Cached 100.0% of DFT collocation blocks in 0.586 [GiB].

  Minimum eigenvalue in the overlap matrix is 3.3384744577E-03.
  Reciprocal condition number of the overlap matrix is 4.9152197327E-04.
    Using symmetric orthogonalization.

  ==> Pre-Iterations <==

  SCF Guess: Superposition of Atomic Densities via on-the-fly atomic UHF (no occupation information).

   -------------------------
    Irrep   Nso     Nmo    
   -------------------------
     A        102     102 
   -------------------------
    Total     102     102
   -------------------------

  ==> Iterations <==

                           Total Energy        Delta E     RMS |[F,P]|

   @DF-RKS iter SAD:  -300.16672190082551   -3.00167e+02   0.00000e+00 
   @DF-RKS iter   1:  -296.43640311422962    3.73032e+00   3.44379e-02 ADIIS/DIIS
   @DF-RKS iter   2:  -273.95519563085571    2.24812e+01   6.41777e-02 ADIIS/DIIS
   @DF-RKS iter   3:  -304.61815617884616   -3.06630e+01   1.74006e-02 ADIIS/DIIS
   @DF-RKS iter   4:  -302.98685545948541    1.63130e+00   2.33597e-02 ADIIS/DIIS
   @DF-RKS iter   5:  -306.06873063069736   -3.08188e+00   3.93142e-03 ADIIS/DIIS
   @DF-RKS iter   6:  -306.13803217431689   -6.93015e-02   2.50532e-03 ADIIS/DIIS
   @DF-RKS iter   7:  -306.16949040227104   -3.14582e-02   3.76864e-04 ADIIS/DIIS
   @DF-RKS iter   8:  -306.17047472288777   -9.84321e-04   2.08177e-04 ADIIS/DIIS
   @DF-RKS iter   9:  -306.17070451761725   -2.29795e-04   1.23523e-04 ADIIS/DIIS
   @DF-RKS iter  10:  -306.17077213433100   -6.76167e-05   4.80497e-05 DIIS
   @DF-RKS iter  11:  -306.17078058675901   -8.45243e-06   3.65539e-05 DIIS
   @DF-RKS iter  12:  -306.17078803698536   -7.45023e-06   7.51646e-06 DIIS
   @DF-RKS iter  13:  -306.17078843744997   -4.00465e-07   1.51484e-06 DIIS
   @DF-RKS iter  14:  -306.17078846455934   -2.71094e-08   6.87059e-07 DIIS
   @DF-RKS iter  15:  -306.17078847712997   -1.25706e-08   3.79551e-07 DIIS
   @DF-RKS iter  16:  -306.17078848611897   -8.98899e-09   1.57065e-07 DIIS
   @DF-RKS iter  17:  -306.17078848777635   -1.65738e-09   5.09742e-08 DIIS
  Energy and wave function converged.


  ==> Post-Iterations <==

   Electrons on quadrature grid:
      Ntotal   =   45.9999576799 ; deviation = -4.232e-05 

    Orbital Energies [Eh]
    ---------------------

    Doubly Occupied:                                                      

       1A    -19.424398     2A    -19.258321     3A    -10.418991  
       4A    -10.337722     5A    -10.336135     6A    -10.335279  
       7A     -1.296385     8A     -0.996562     9A     -0.900530  
      10A     -0.841892    11A     -0.746886    12A     -0.652354  
      13A     -0.615931    14A     -0.599178    15A     -0.579163  
      16A     -0.534729    17A     -0.501984    18A     -0.499573  
      19A     -0.483528    20A     -0.449733    21A     -0.389708  
      22A     -0.311142    23A     -0.294346  

    Virtual:                                                              

      24A     -0.028950    25A      0.098609    26A      0.162023  
      27A      0.169938    28A      0.207821    29A      0.228350  
      30A      0.233377    31A      0.248238    32A      0.258505  
      33A      0.303926    34A      0.342109    35A      0.419204  
      36A      0.440506    37A      0.559152    38A      0.580799  
      39A      0.606184    40A      0.639469    41A      0.653372  
      42A      0.690579    43A      0.703262    44A      0.709198  
      45A      0.748589    46A      0.798117    47A      0.837185  
      48A      0.882642    49A      0.903158    50A      0.911646  
      51A      0.923990    52A      0.944712    53A      0.951710  
      54A      0.997962    55A      1.012580    56A      1.029412  
      57A      1.053781    58A      1.097597    59A      1.131808  
      60A      1.158109    61A      1.192274    62A      1.206491  
      63A      1.348729    64A      1.377616    65A      1.416027  
      66A      1.453272    67A      1.492813    68A      1.613998  
      69A      1.633364    70A      1.710230    71A      1.752795  
      72A      1.765440    73A      1.844984    74A      1.847704  
      75A      1.901650    76A      1.921332    77A      1.950857  
      78A      1.984990    79A      2.061109    80A      2.127493  
      81A      2.190870    82A      2.209427    83A      2.309368  
      84A      2.336904    85A      2.349582    86A      2.406839  
      87A      2.459701    88A      2.521690    89A      2.563871  
      90A      2.586010    91A      2.706528    92A      2.769128  
      93A      2.911249    94A      2.920340    95A      3.118306  
      96A      3.228432    97A      3.599479    98A      4.097441  
      99A      4.143554   100A      4.246420   101A      4.334282  
     102A      4.596116  

    Final Occupation by Irrep:
              A 
    DOCC [    23 ]
    NA   [    23 ]
    NB   [    23 ]

  @DF-RKS Final Energy:  -306.17078848777635

   => Energetics <=

    Nuclear Repulsion Energy =            221.9928466215064020
    One-Electron Energy =                -855.5435393562611353
    Two-Electron Energy =                 355.6038334380105539
    DFT Exchange-Correlation Energy =     -28.2196985324816048
    Empirical Dispersion Energy =          -0.0042306585505180
    VV10 Nonlocal Energy =                  0.0000000000000000
    Total Energy =                       -306.1707884877763490

Computation Completed


Properties will be evaluated at   0.000000,   0.000000,   0.000000 [a0]

Properties computed using the SCF density matrix


 Multipole Moments:

 ------------------------------------------------------------------------------------
     Multipole            Electronic (a.u.)      Nuclear  (a.u.)        Total (a.u.)
 ------------------------------------------------------------------------------------

 L = 1.  Multiply by 2.5417464519 to convert [e a0] to [Debye]
 Dipole X            :         -1.2832733           -0.5535223           -1.8367956
 Dipole Y            :          0.6702071            0.0493104            0.7195175
 Dipole Z            :          0.3198412           -0.3102453            0.0095959
 Magnitude           :                                                    1.9727178

 ------------------------------------------------------------------------------------

*** tstop() called on cst14372 at Tue Apr 21 11:06:36 2026
Module time:
	user time   =      28.07 seconds =       0.47 minutes
	system time =       0.43 seconds =       0.01 minutes
	total time  =         14 seconds =       0.23 minutes
Total time:
	user time   =     721.82 seconds =      12.03 minutes
	system time =      10.41 seconds =       0.17 minutes
	total time  =        349 seconds =       5.82 minutes

Scratch directory: /tmp/
gradient() will perform analytic gradient computation.

*** tstart() called on cst14372
*** at Tue Apr 21 11:06:36 2026


         ------------------------------------------------------------
                                   SCF GRAD                          
                          Rob Parrish, Justin Turney,                
                       Andy Simmonett, and Alex Sokolov              
         ------------------------------------------------------------

  ==> Geometry <==

    Molecular point group: c1
    Full point group: C1

    Geometry (in Angstrom), charge = 0, multiplicity = 1:

       Center              X                  Y                   Z               Mass       
    ------------   -----------------  -----------------  -----------------  -----------------
         C            0.066966473300     0.352690766200     0.076975040600    12.000000000000
         O            1.390173988100     0.323849932000     0.015904809700    15.994914619570
         O            2.044498370300    -0.804784300700    -0.001572129100    15.994914619570
         C           -0.712475972200    -0.902614603700     0.005218805600    12.000000000000
         C           -2.072507263300    -0.967114128200    -0.108017215700    12.000000000000
         C           -0.600603507800     1.704940742500     0.034954561400    12.000000000000
         H           -0.375151469800    -1.895259874400     0.339437981000     1.007825032230
         H           -2.634881618100    -0.065223016600    -0.321701111600     1.007825032230
         H           -2.742684527400    -1.836111109800    -0.234991612900     1.007825032230
         H            0.299938681400     2.329187674300    -0.053689988800     1.007825032230
         H           -1.204181161200     2.229253486100     0.811972362200     1.007825032230
         H           -1.201608536100     1.984305059100    -0.874650980300     1.007825032230

  Nuclear repulsion =  221.992846621506402

  ==> Basis Set <==

  Basis Set: 6-31G*
    Blend: 6-31G*
    Number of shells: 48
    Number of basis functions: 102
    Number of Cartesian functions: 102
    Spherical Harmonics?: false
    Max angular momentum: 2

  ==> DFJKGrad: Density-Fitted SCF Gradients <==

    Gradient:                    1
    J tasked:                  Yes
    K tasked:                  Yes
    wK tasked:                 Yes
    Omega:               2.000E-01
    OpenMP threads:              4
    Integrals threads:           4
    Memory [MiB]:             4291
    Schwarz Cutoff:          1E-12
    Fitting Condition:       1E-10

   => Auxiliary Basis Set <=

  Basis Set: (6-31G* AUX)
    Blend: CC-PVDZ-JKFIT
    Number of shells: 198
    Number of basis functions: 636
    Number of Cartesian functions: 636
    Spherical Harmonics?: false
    Max angular momentum: 3

  ==> DFT Potential <==

   => LibXC <=

    Version 7.0.0
    S. Lehtola, C. Steigemann, M. J.T. Oliveira, and M. A.L. Marques.,  SoftwareX 7, 1–5 (2018) (10.1016/j.softx.2017.11.002)

   => Composite Functional: WB97X-D <= 

    wB97X-D Hyb-GGA Exchange-Correlation Functional

    J.-D. Chai and M. Head-Gordon.,  Phys. Chem. Chem. Phys. 10, 6615-6620 (2008) (10.1039/B810189B)

    Deriv               =              1
    GGA                 =           TRUE
    Meta                =          FALSE

    Exchange Hybrid     =           TRUE
    MP2 Hybrid          =          FALSE

   => Exchange-Correlation Functionals <=

    1.0000   wB97X-D range-separated functional

   => Exact (HF) Exchange <=

    0.7780            HF,LR [omega = 0.2000]
    0.2220               HF 

   => LibXC Density Thresholds  <==

    XC_HYB_GGA_XC_WB97X_D:  1.00E-14 

   => Molecular Quadrature <=

    Radial Scheme          =       TREUTLER
    Pruning Scheme         =           NONE
    Nuclear Scheme         =       TREUTLER

    Blocking Scheme        =         OCTREE
    BS radius alpha        =              1
    Pruning alpha          =              1
    Radial Points          =             75
    Spherical Points       =            302
    Total Points           =         254712
    Total Blocks           =           1933
    Max Points             =            256
    Max Functions          =            100
    Weights Tolerance      =       1.00E-15


  -Total Gradient:
     Atom            X                  Y                   Z
    ------   -----------------  -----------------  -----------------
       1        0.005206398449     0.031714736190     0.006123836722
       2        0.056677875864    -0.029719884337    -0.008526487972
       3       -0.003303229767     0.016880633367     0.001616237928
       4        0.032275177343     0.025027637099    -0.028946412188
       5       -0.006832131997    -0.025614910411     0.022063051266
       6       -0.022957439554    -0.038618250701     0.021124490978
       7       -0.024706866861    -0.014053408303     0.012431525615
       8        0.001489530648    -0.007732591192    -0.000642979884
       9       -0.020983975775     0.000968553349    -0.011467391464
      10        0.004262020160    -0.009874242162     0.000644764915
      11       -0.009226040923     0.029711771977    -0.008885389238
      12       -0.011888775949     0.021263007357    -0.005743737759


*** tstop() called on cst14372 at Tue Apr 21 11:06:37 2026
Module time:
	user time   =       3.61 seconds =       0.06 minutes
	system time =       0.07 seconds =       0.00 minutes
	total time  =          1 seconds =       0.02 minutes
Total time:
	user time   =     725.45 seconds =      12.09 minutes
	system time =      10.48 seconds =       0.17 minutes
	total time  =        350 seconds =       5.83 minutes

Scratch directory: /tmp/
   => Libint2 <=

    Primary   basis highest AM E, G, H:  6, 6, 3
    Auxiliary basis highest AM E, G, H:  7, 7, 4
    Onebody   basis highest AM E, G, H:  -, -, -
    Solid Harmonics ordering:            Gaussian

*** tstart() called on cst14372
*** at Tue Apr 21 11:06:37 2026

   => Loading Basis Set <=

    Name: 6-31G*
    Role: ORBITAL
    Keyword: BASIS
    atoms 1, 4-6 entry C          line   111 file /Users/jmsmith1/anaconda3/envs/jupyterenv/share/psi4/basis/6-31gs.gbs 
    atoms 2-3    entry O          line   145 file /Users/jmsmith1/anaconda3/envs/jupyterenv/share/psi4/basis/6-31gs.gbs 
    atoms 7-12   entry H          line    44 file /Users/jmsmith1/anaconda3/envs/jupyterenv/share/psi4/basis/6-31gs.gbs 

   => WB97X-D: Empirical Dispersion <=

    Chai and Head-Gordon Dispersion Correction
    Chai, J.-D.; Head-Gordon, M. (2010), J. Chem. Phys., 132: 6615-6620

        s6 =       1.000000


         ---------------------------------------------------------
                                   SCF
               by Justin Turney, Rob Parrish, Andy Simmonett
                          and Daniel G. A. Smith
                              RKS Reference
                        4 Threads,   5722 MiB Core
         ---------------------------------------------------------

  ==> Geometry <==

    Molecular point group: c1
    Full point group: C1

    Geometry (in Angstrom), charge = 0, multiplicity = 1:

       Center              X                  Y                   Z               Mass       
    ------------   -----------------  -----------------  -----------------  -----------------
         C            0.066956553600     0.351939908200     0.080282351600    12.000000000000
         O            1.391333639700     0.325369512500     0.016770540800    15.994914619570
         O            2.047591959300    -0.801784066200    -0.001675312200    15.994914619570
         C           -0.713137057400    -0.905350175100     0.006326642900    12.000000000000
         C           -2.073637149900    -0.969456084700    -0.113477200900    12.000000000000
         C           -0.605022037600     1.705761621300     0.035491472300    12.000000000000
         H           -0.381626291300    -1.888009243100     0.349154966400     1.007825032230
         H           -2.630343965500    -0.074336353800    -0.334834830200     1.007825032230
         H           -2.743875257500    -1.840015101900    -0.242227812200     1.007825032230
         H            0.296671167500     2.324701229500    -0.056462811300     1.007825032230
         H           -1.200285163300     2.232561546200     0.805573869400     1.007825032230
         H           -1.192433794700     1.979315438800    -0.860632510200     1.007825032230

  Running in c1 symmetry.

  Rotational constants: A =      0.18186  B =      0.09375  C =      0.06268 [cm^-1]
  Rotational constants: A =   5452.07768  B =   2810.45433  C =   1879.19857 [MHz]
  Nuclear repulsion =  221.983572108260148

  Charge       = 0
  Multiplicity = 1
  Electrons    = 46
  Nalpha       = 23
  Nbeta        = 23

  ==> Algorithm <==

  SCF Algorithm Type is DF.
  DIIS enabled.
  MOM disabled.
  Fractional occupation disabled.
  Guess Type is SAD.
  Energy threshold   = 1.00e-07
  Density threshold  = 1.00e-07
  Integral threshold = 1.00e-12

  ==> Primary Basis <==

  Basis Set: 6-31G*
    Blend: 6-31G*
    Number of shells: 48
    Number of basis functions: 102
    Number of Cartesian functions: 102
    Spherical Harmonics?: false
    Max angular momentum: 2

  ==> DFT Potential <==

   => LibXC <=

    Version 7.0.0
    S. Lehtola, C. Steigemann, M. J.T. Oliveira, and M. A.L. Marques.,  SoftwareX 7, 1–5 (2018) (10.1016/j.softx.2017.11.002)

   => Composite Functional: WB97X-D <= 

    wB97X-D Hyb-GGA Exchange-Correlation Functional

    J.-D. Chai and M. Head-Gordon.,  Phys. Chem. Chem. Phys. 10, 6615-6620 (2008) (10.1039/B810189B)

    Deriv               =              1
    GGA                 =           TRUE
    Meta                =          FALSE

    Exchange Hybrid     =           TRUE
    MP2 Hybrid          =          FALSE

   => Exchange-Correlation Functionals <=

    1.0000   wB97X-D range-separated functional

   => Exact (HF) Exchange <=

    0.7780            HF,LR [omega = 0.2000]
    0.2220               HF 

   => LibXC Density Thresholds  <==

    XC_HYB_GGA_XC_WB97X_D:  1.00E-14 

   => Molecular Quadrature <=

    Radial Scheme          =       TREUTLER
    Pruning Scheme         =           NONE
    Nuclear Scheme         =       TREUTLER

    Blocking Scheme        =         OCTREE
    BS radius alpha        =              1
    Pruning alpha          =              1
    Radial Points          =             75
    Spherical Points       =            302
    Total Points           =         254687
    Total Blocks           =           1940
    Max Points             =            256
    Max Functions          =            100
    Weights Tolerance      =       1.00E-15

   => Loading Basis Set <=

    Name: (6-31G* AUX)
    Role: JKFIT
    Keyword: DF_BASIS_SCF
    atoms 1, 4-6 entry C          line   121 file /Users/jmsmith1/anaconda3/envs/jupyterenv/share/psi4/basis/cc-pvdz-jkfit.gbs 
    atoms 2-3    entry O          line   221 file /Users/jmsmith1/anaconda3/envs/jupyterenv/share/psi4/basis/cc-pvdz-jkfit.gbs 
    atoms 7-12   entry H          line    51 file /Users/jmsmith1/anaconda3/envs/jupyterenv/share/psi4/basis/cc-pvdz-jkfit.gbs 

  ==> Integral Setup <==

  DFHelper Memory: AOs need 0.151 GiB; user supplied 3.605 GiB. 
  SCF_SUBTYPE=INCORE selected. In-core MEM_DF algorithm will be used.
  Using in-core AOs.

  ==> MemDFJK: Density-Fitted J/K Matrices <==

    J tasked:                   Yes
    K tasked:                   Yes
    wK tasked:                  Yes
    Omega:                2.000E-01
    OpenMP threads:               4
    Memory [MiB]:              3691
    Algorithm:                 Core
    Schwarz Cutoff:           1E-12
    Mask sparsity (%):       1.8262
    Fitting Condition:        1E-10

   => Auxiliary Basis Set <=

  Basis Set: (6-31G* AUX)
    Blend: CC-PVDZ-JKFIT
    Number of shells: 198
    Number of basis functions: 636
    Number of Cartesian functions: 636
    Spherical Harmonics?: false
    Max angular momentum: 3

  Cached 100.0% of DFT collocation blocks in 0.586 [GiB].

  Minimum eigenvalue in the overlap matrix is 3.3704984801E-03.
  Reciprocal condition number of the overlap matrix is 4.9610770832E-04.
    Using symmetric orthogonalization.

  ==> Pre-Iterations <==

  SCF Guess: Superposition of Atomic Densities via on-the-fly atomic UHF (no occupation information).

   -------------------------
    Irrep   Nso     Nmo    
   -------------------------
     A        102     102 
   -------------------------
    Total     102     102
   -------------------------

  ==> Iterations <==

                           Total Energy        Delta E     RMS |[F,P]|

   @DF-RKS iter SAD:  -300.18873910261766   -3.00189e+02   0.00000e+00 
   @DF-RKS iter   1:  -296.46927515595655    3.71946e+00   3.44001e-02 ADIIS/DIIS
   @DF-RKS iter   2:  -274.09532747358435    2.23739e+01   6.39825e-02 ADIIS/DIIS
   @DF-RKS iter   3:  -304.62626113589499   -3.05309e+01   1.73786e-02 ADIIS/DIIS
   @DF-RKS iter   4:  -303.19592381842801    1.43034e+00   2.28914e-02 ADIIS/DIIS
   @DF-RKS iter   5:  -306.07345321331934   -2.87753e+00   3.84638e-03 ADIIS/DIIS
   @DF-RKS iter   6:  -306.13822664788785   -6.47734e-02   2.47818e-03 ADIIS/DIIS
   @DF-RKS iter   7:  -306.16889008479353   -3.06634e-02   3.65141e-04 ADIIS/DIIS
   @DF-RKS iter   8:  -306.16978762637945   -8.97542e-04   2.14607e-04 ADIIS/DIIS
   @DF-RKS iter   9:  -306.17003198932173   -2.44363e-04   1.15932e-04 ADIIS/DIIS
   @DF-RKS iter  10:  -306.17009403026532   -6.20409e-05   4.49595e-05 DIIS
   @DF-RKS iter  11:  -306.17010154768963   -7.51742e-06   3.39160e-05 DIIS
   @DF-RKS iter  12:  -306.17010805240682   -6.50472e-06   7.83557e-06 DIIS
   @DF-RKS iter  13:  -306.17010850350238   -4.51096e-07   1.37501e-06 DIIS
   @DF-RKS iter  14:  -306.17010853284421   -2.93418e-08   6.89574e-07 DIIS
   @DF-RKS iter  15:  -306.17010854805102   -1.52068e-08   3.95267e-07 DIIS
   @DF-RKS iter  16:  -306.17010855824782   -1.01968e-08   1.52138e-07 DIIS
   @DF-RKS iter  17:  -306.17010855965128   -1.40346e-09   4.60686e-08 DIIS
  Energy and wave function converged.


  ==> Post-Iterations <==

   Electrons on quadrature grid:
      Ntotal   =   45.9999544956 ; deviation = -4.550e-05 

    Orbital Energies [Eh]
    ---------------------

    Doubly Occupied:                                                      

       1A    -19.424590     2A    -19.258426     3A    -10.419342  
       4A    -10.337276     5A    -10.335639     6A    -10.332632  
       7A     -1.296282     8A     -0.996190     9A     -0.900561  
      10A     -0.843382    11A     -0.747211    12A     -0.653679  
      13A     -0.616069    14A     -0.599792    15A     -0.579074  
      16A     -0.534770    17A     -0.503713    18A     -0.500677  
      19A     -0.483698    20A     -0.450286    21A     -0.389517  
      22A     -0.311200    23A     -0.294415  

    Virtual:                                                              

      24A     -0.028852    25A      0.098300    26A      0.164343  
      27A      0.170601    28A      0.208426    29A      0.229563  
      30A      0.234934    31A      0.251055    32A      0.259784  
      33A      0.303061    34A      0.341720    35A      0.418649  
      36A      0.439710    37A      0.559657    38A      0.580179  
      39A      0.605039    40A      0.638534    41A      0.652248  
      42A      0.690697    43A      0.702529    44A      0.707194  
      45A      0.748164    46A      0.797554    47A      0.838483  
      48A      0.884309    49A      0.905669    50A      0.914759  
      51A      0.925966    52A      0.944958    53A      0.956866  
      54A      1.005409    55A      1.012073    56A      1.030445  
      57A      1.057250    58A      1.097377    59A      1.132409  
      60A      1.157223    61A      1.192121    62A      1.205073  
      63A      1.348055    64A      1.376590    65A      1.416062  
      66A      1.453864    67A      1.494008    68A      1.614005  
      69A      1.631536    70A      1.712471    71A      1.750294  
      72A      1.765041    73A      1.844640    74A      1.845337  
      75A      1.901556    76A      1.921491    77A      1.950966  
      78A      1.985560    79A      2.060362    80A      2.131079  
      81A      2.193346    82A      2.212802    83A      2.310615  
      84A      2.339097    85A      2.356855    86A      2.406758  
      87A      2.460625    88A      2.520692    89A      2.563142  
      90A      2.588635    91A      2.706648    92A      2.768721  
      93A      2.910554    94A      2.918514    95A      3.115737  
      96A      3.226180    97A      3.598616    98A      4.097992  
      99A      4.142036   100A      4.247372   101A      4.335709  
     102A      4.595105  

    Final Occupation by Irrep:
              A 
    DOCC [    23 ]
    NA   [    23 ]
    NB   [    23 ]

  @DF-RKS Final Energy:  -306.17010855965128

   => Energetics <=

    Nuclear Repulsion Energy =            221.9835721082601481
    One-Electron Energy =                -855.5098662099621833
    Two-Electron Energy =                 355.5887505336747267
    DFT Exchange-Correlation Energy =     -28.2283435873215112
    Empirical Dispersion Energy =          -0.0042214043025614
    VV10 Nonlocal Energy =                  0.0000000000000000
    Total Energy =                       -306.1701085596512826

Computation Completed


Properties will be evaluated at   0.000000,   0.000000,   0.000000 [a0]

Properties computed using the SCF density matrix


 Multipole Moments:

 ------------------------------------------------------------------------------------
     Multipole            Electronic (a.u.)      Nuclear  (a.u.)        Total (a.u.)
 ------------------------------------------------------------------------------------

 L = 1.  Multiply by 2.5417464519 to convert [e a0] to [Debye]
 Dipole X            :         -1.2918338           -0.5471261           -1.8389599
 Dipole Y            :          0.6817681            0.0383099            0.7200780
 Dipole Z            :          0.3225742           -0.3154476            0.0071266
 Magnitude           :                                                    1.9749270

 ------------------------------------------------------------------------------------

*** tstop() called on cst14372 at Tue Apr 21 11:06:51 2026
Module time:
	user time   =      28.16 seconds =       0.47 minutes
	system time =       0.40 seconds =       0.01 minutes
	total time  =         14 seconds =       0.23 minutes
Total time:
	user time   =     753.64 seconds =      12.56 minutes
	system time =      10.88 seconds =       0.18 minutes
	total time  =        364 seconds =       6.07 minutes

Scratch directory: /tmp/
gradient() will perform analytic gradient computation.

*** tstart() called on cst14372
*** at Tue Apr 21 11:06:51 2026


         ------------------------------------------------------------
                                   SCF GRAD                          
                          Rob Parrish, Justin Turney,                
                       Andy Simmonett, and Alex Sokolov              
         ------------------------------------------------------------

  ==> Geometry <==

    Molecular point group: c1
    Full point group: C1

    Geometry (in Angstrom), charge = 0, multiplicity = 1:

       Center              X                  Y                   Z               Mass       
    ------------   -----------------  -----------------  -----------------  -----------------
         C            0.066956553600     0.351939908200     0.080282351600    12.000000000000
         O            1.391333639700     0.325369512500     0.016770540800    15.994914619570
         O            2.047591959300    -0.801784066200    -0.001675312200    15.994914619570
         C           -0.713137057400    -0.905350175100     0.006326642900    12.000000000000
         C           -2.073637149900    -0.969456084700    -0.113477200900    12.000000000000
         C           -0.605022037600     1.705761621300     0.035491472300    12.000000000000
         H           -0.381626291300    -1.888009243100     0.349154966400     1.007825032230
         H           -2.630343965500    -0.074336353800    -0.334834830200     1.007825032230
         H           -2.743875257500    -1.840015101900    -0.242227812200     1.007825032230
         H            0.296671167500     2.324701229500    -0.056462811300     1.007825032230
         H           -1.200285163300     2.232561546200     0.805573869400     1.007825032230
         H           -1.192433794700     1.979315438800    -0.860632510200     1.007825032230

  Nuclear repulsion =  221.983572108260148

  ==> Basis Set <==

  Basis Set: 6-31G*
    Blend: 6-31G*
    Number of shells: 48
    Number of basis functions: 102
    Number of Cartesian functions: 102
    Spherical Harmonics?: false
    Max angular momentum: 2

  ==> DFJKGrad: Density-Fitted SCF Gradients <==

    Gradient:                    1
    J tasked:                  Yes
    K tasked:                  Yes
    wK tasked:                 Yes
    Omega:               2.000E-01
    OpenMP threads:              4
    Integrals threads:           4
    Memory [MiB]:             4291
    Schwarz Cutoff:          1E-12
    Fitting Condition:       1E-10

   => Auxiliary Basis Set <=

  Basis Set: (6-31G* AUX)
    Blend: CC-PVDZ-JKFIT
    Number of shells: 198
    Number of basis functions: 636
    Number of Cartesian functions: 636
    Spherical Harmonics?: false
    Max angular momentum: 3

  ==> DFT Potential <==

   => LibXC <=

    Version 7.0.0
    S. Lehtola, C. Steigemann, M. J.T. Oliveira, and M. A.L. Marques.,  SoftwareX 7, 1–5 (2018) (10.1016/j.softx.2017.11.002)

   => Composite Functional: WB97X-D <= 

    wB97X-D Hyb-GGA Exchange-Correlation Functional

    J.-D. Chai and M. Head-Gordon.,  Phys. Chem. Chem. Phys. 10, 6615-6620 (2008) (10.1039/B810189B)

    Deriv               =              1
    GGA                 =           TRUE
    Meta                =          FALSE

    Exchange Hybrid     =           TRUE
    MP2 Hybrid          =          FALSE

   => Exchange-Correlation Functionals <=

    1.0000   wB97X-D range-separated functional

   => Exact (HF) Exchange <=

    0.7780            HF,LR [omega = 0.2000]
    0.2220               HF 

   => LibXC Density Thresholds  <==

    XC_HYB_GGA_XC_WB97X_D:  1.00E-14 

   => Molecular Quadrature <=

    Radial Scheme          =       TREUTLER
    Pruning Scheme         =           NONE
    Nuclear Scheme         =       TREUTLER

    Blocking Scheme        =         OCTREE
    BS radius alpha        =              1
    Pruning alpha          =              1
    Radial Points          =             75
    Spherical Points       =            302
    Total Points           =         254687
    Total Blocks           =           1940
    Max Points             =            256
    Max Functions          =            100
    Weights Tolerance      =       1.00E-15


  -Total Gradient:
     Atom            X                  Y                   Z
    ------   -----------------  -----------------  -----------------
       1        0.005815202047     0.031317282010     0.006576218092
       2        0.058139181500    -0.029784774124    -0.008858607815
       3       -0.003257513538     0.017068442398     0.001643198289
       4        0.034098516595     0.019582494207    -0.028127847654
       5       -0.009777999773    -0.021082298784     0.021632947336
       6       -0.031716808451    -0.032669774992     0.016213117484
       7       -0.026752133961    -0.009034956065     0.011113431241
       8        0.004093743734    -0.011900181608     0.000334128784
       9       -0.021494790379     0.000326812806    -0.011828792954
      10        0.003167897684    -0.010911143301     0.000588193404
      11       -0.006578087210     0.027907107334    -0.012941075358
      12       -0.005695896616     0.019183618793     0.003465808334


*** tstop() called on cst14372 at Tue Apr 21 11:06:53 2026
Module time:
	user time   =       3.59 seconds =       0.06 minutes
	system time =       0.06 seconds =       0.00 minutes
	total time  =          2 seconds =       0.03 minutes
Total time:
	user time   =     757.25 seconds =      12.62 minutes
	system time =      10.94 seconds =       0.18 minutes
	total time  =        366 seconds =       6.10 minutes

Scratch directory: /tmp/
   => Libint2 <=

    Primary   basis highest AM E, G, H:  6, 6, 3
    Auxiliary basis highest AM E, G, H:  7, 7, 4
    Onebody   basis highest AM E, G, H:  -, -, -
    Solid Harmonics ordering:            Gaussian

*** tstart() called on cst14372
*** at Tue Apr 21 11:06:53 2026

   => Loading Basis Set <=

    Name: 6-31G*
    Role: ORBITAL
    Keyword: BASIS
    atoms 1, 4-6 entry C          line   111 file /Users/jmsmith1/anaconda3/envs/jupyterenv/share/psi4/basis/6-31gs.gbs 
    atoms 2-3    entry O          line   145 file /Users/jmsmith1/anaconda3/envs/jupyterenv/share/psi4/basis/6-31gs.gbs 
    atoms 7-12   entry H          line    44 file /Users/jmsmith1/anaconda3/envs/jupyterenv/share/psi4/basis/6-31gs.gbs 

   => WB97X-D: Empirical Dispersion <=

    Chai and Head-Gordon Dispersion Correction
    Chai, J.-D.; Head-Gordon, M. (2010), J. Chem. Phys., 132: 6615-6620

        s6 =       1.000000


         ---------------------------------------------------------
                                   SCF
               by Justin Turney, Rob Parrish, Andy Simmonett
                          and Daniel G. A. Smith
                              RKS Reference
                        4 Threads,   5722 MiB Core
         ---------------------------------------------------------

  ==> Geometry <==

    Molecular point group: c1
    Full point group: C1

    Geometry (in Angstrom), charge = 0, multiplicity = 1:

       Center              X                  Y                   Z               Mass       
    ------------   -----------------  -----------------  -----------------  -----------------
         C            0.066929771100     0.351096482200     0.083578943900    12.000000000000
         O            1.392369830400     0.326957661000     0.017657706600    15.994914619570
         O            2.050700414000    -0.798813384000    -0.001782326700    15.994914619570
         C           -0.713898537600    -0.908149331100     0.007518711500    12.000000000000
         C           -2.074741567900    -0.971742891400    -0.119013563500    12.000000000000
         C           -0.609359851000     1.706679160300     0.035982789600    12.000000000000
         H           -0.387194416000    -1.880428646100     0.358512973400     1.007825032230
         H           -2.625936134700    -0.083062049400    -0.348013126900     1.007825032230
         H           -2.744327380200    -1.843940193700    -0.249074109300     1.007825032230
         H            0.293286133700     2.320579946200    -0.059262905000     1.007825032230
         H           -1.196152407200     2.234915092200     0.799605762400     1.007825032230
         H           -1.183039448200     1.973651397700    -0.846698339400     1.007825032230

  Running in c1 symmetry.

  Rotational constants: A =      0.18180  B =      0.09357  C =      0.06259 [cm^-1]
  Rotational constants: A =   5450.22236  B =   2805.08714  C =   1876.51645 [MHz]
  Nuclear repulsion =  221.979208428829907

  Charge       = 0
  Multiplicity = 1
  Electrons    = 46
  Nalpha       = 23
  Nbeta        = 23

  ==> Algorithm <==

  SCF Algorithm Type is DF.
  DIIS enabled.
  MOM disabled.
  Fractional occupation disabled.
  Guess Type is SAD.
  Energy threshold   = 1.00e-07
  Density threshold  = 1.00e-07
  Integral threshold = 1.00e-12

  ==> Primary Basis <==

  Basis Set: 6-31G*
    Blend: 6-31G*
    Number of shells: 48
    Number of basis functions: 102
    Number of Cartesian functions: 102
    Spherical Harmonics?: false
    Max angular momentum: 2

  ==> DFT Potential <==

   => LibXC <=

    Version 7.0.0
    S. Lehtola, C. Steigemann, M. J.T. Oliveira, and M. A.L. Marques.,  SoftwareX 7, 1–5 (2018) (10.1016/j.softx.2017.11.002)

   => Composite Functional: WB97X-D <= 

    wB97X-D Hyb-GGA Exchange-Correlation Functional

    J.-D. Chai and M. Head-Gordon.,  Phys. Chem. Chem. Phys. 10, 6615-6620 (2008) (10.1039/B810189B)

    Deriv               =              1
    GGA                 =           TRUE
    Meta                =          FALSE

    Exchange Hybrid     =           TRUE
    MP2 Hybrid          =          FALSE

   => Exchange-Correlation Functionals <=

    1.0000   wB97X-D range-separated functional

   => Exact (HF) Exchange <=

    0.7780            HF,LR [omega = 0.2000]
    0.2220               HF 

   => LibXC Density Thresholds  <==

    XC_HYB_GGA_XC_WB97X_D:  1.00E-14 

   => Molecular Quadrature <=

    Radial Scheme          =       TREUTLER
    Pruning Scheme         =           NONE
    Nuclear Scheme         =       TREUTLER

    Blocking Scheme        =         OCTREE
    BS radius alpha        =              1
    Pruning alpha          =              1
    Radial Points          =             75
    Spherical Points       =            302
    Total Points           =         254659
    Total Blocks           =           1934
    Max Points             =            256
    Max Functions          =            100
    Weights Tolerance      =       1.00E-15

   => Loading Basis Set <=

    Name: (6-31G* AUX)
    Role: JKFIT
    Keyword: DF_BASIS_SCF
    atoms 1, 4-6 entry C          line   121 file /Users/jmsmith1/anaconda3/envs/jupyterenv/share/psi4/basis/cc-pvdz-jkfit.gbs 
    atoms 2-3    entry O          line   221 file /Users/jmsmith1/anaconda3/envs/jupyterenv/share/psi4/basis/cc-pvdz-jkfit.gbs 
    atoms 7-12   entry H          line    51 file /Users/jmsmith1/anaconda3/envs/jupyterenv/share/psi4/basis/cc-pvdz-jkfit.gbs 

  ==> Integral Setup <==

  DFHelper Memory: AOs need 0.151 GiB; user supplied 3.605 GiB. 
  SCF_SUBTYPE=INCORE selected. In-core MEM_DF algorithm will be used.
  Using in-core AOs.

  ==> MemDFJK: Density-Fitted J/K Matrices <==

    J tasked:                   Yes
    K tasked:                   Yes
    wK tasked:                  Yes
    Omega:                2.000E-01
    OpenMP threads:               4
    Memory [MiB]:              3691
    Algorithm:                 Core
    Schwarz Cutoff:           1E-12
    Mask sparsity (%):       1.8262
    Fitting Condition:        1E-10

   => Auxiliary Basis Set <=

  Basis Set: (6-31G* AUX)
    Blend: CC-PVDZ-JKFIT
    Number of shells: 198
    Number of basis functions: 636
    Number of Cartesian functions: 636
    Spherical Harmonics?: false
    Max angular momentum: 3

  Cached 100.0% of DFT collocation blocks in 0.586 [GiB].

  Minimum eigenvalue in the overlap matrix is 3.4034038224E-03.
  Reciprocal condition number of the overlap matrix is 5.0078144821E-04.
    Using symmetric orthogonalization.

  ==> Pre-Iterations <==

  SCF Guess: Superposition of Atomic Densities via on-the-fly atomic UHF (no occupation information).

   -------------------------
    Irrep   Nso     Nmo    
   -------------------------
     A        102     102 
   -------------------------
    Total     102     102
   -------------------------

  ==> Iterations <==

                           Total Energy        Delta E     RMS |[F,P]|

   @DF-RKS iter SAD:  -300.21045494622325   -3.00210e+02   0.00000e+00 
   @DF-RKS iter   1:  -296.50417500081636    3.70628e+00   3.43577e-02 ADIIS/DIIS
   @DF-RKS iter   2:  -274.24518891424555    2.22590e+01   6.37870e-02 ADIIS/DIIS
   @DF-RKS iter   3:  -304.63628323932841   -3.03911e+01   1.73424e-02 ADIIS/DIIS
   @DF-RKS iter   4:  -303.37120899060301    1.26507e+00   2.24149e-02 ADIIS/DIIS
   @DF-RKS iter   5:  -306.07606702568813   -2.70486e+00   3.79133e-03 ADIIS/DIIS
   @DF-RKS iter   6:  -306.13802885519266   -6.19618e-02   2.44580e-03 ADIIS/DIIS
   @DF-RKS iter   7:  -306.16781450173181   -2.97856e-02   3.55283e-04 ADIIS/DIIS
   @DF-RKS iter   8:  -306.16864104671822   -8.26545e-04   2.19028e-04 ADIIS/DIIS
   @DF-RKS iter   9:  -306.16889689372198   -2.55847e-04   1.08164e-04 ADIIS/DIIS
   @DF-RKS iter  10:  -306.16895317614615   -5.62824e-05   4.22158e-05 DIIS
   @DF-RKS iter  11:  -306.16895984567310   -6.66953e-06   3.16085e-05 DIIS
   @DF-RKS iter  12:  -306.16896553700985   -5.69134e-06   8.16282e-06 DIIS
   @DF-RKS iter  13:  -306.16896603440779   -4.97398e-07   1.22434e-06 DIIS
   @DF-RKS iter  14:  -306.16896606466253   -3.02547e-08   6.70864e-07 DIIS
   @DF-RKS iter  15:  -306.16896608145498   -1.67925e-08   3.88179e-07 DIIS
   @DF-RKS iter  16:  -306.16896609117595   -9.72096e-09   1.42231e-07 DIIS
   @DF-RKS iter  17:  -306.16896609227990   -1.10396e-09   4.12894e-08 DIIS
  Energy and wave function converged.


  ==> Post-Iterations <==

   Electrons on quadrature grid:
      Ntotal   =   45.9999513494 ; deviation = -4.865e-05 

    Orbital Energies [Eh]
    ---------------------

    Doubly Occupied:                                                      

       1A    -19.424752     2A    -19.258495     3A    -10.419675  
       4A    -10.336825     5A    -10.335158     6A    -10.329908  
       7A     -1.296102     8A     -0.995801     9A     -0.900630  
      10A     -0.844976    11A     -0.747567    12A     -0.654999  
      13A     -0.616165    14A     -0.600339    15A     -0.578988  
      16A     -0.534843    17A     -0.506095    18A     -0.501249  
      19A     -0.483961    20A     -0.450827    21A     -0.389346  
      22A     -0.311243    23A     -0.294489  

    Virtual:                                                              

      24A     -0.028749    25A      0.097977    26A      0.166468  
      27A      0.171372    28A      0.208926    29A      0.230822  
      30A      0.236377    31A      0.253736    32A      0.261531  
      33A      0.302176    34A      0.341341    35A      0.418034  
      36A      0.438871    37A      0.560168    38A      0.579539  
      39A      0.603825    40A      0.637612    41A      0.651155  
      42A      0.690803    43A      0.701699    44A      0.705238  
      45A      0.747665    46A      0.796837    47A      0.839578  
      48A      0.885633    49A      0.906358    50A      0.918730  
      51A      0.929419    52A      0.945258    53A      0.962102  
      54A      1.011770    55A      1.013422    56A      1.031739  
      57A      1.060941    58A      1.097665    59A      1.133223  
      60A      1.156485    61A      1.192002    62A      1.203959  
      63A      1.347406    64A      1.375589    65A      1.416155  
      66A      1.454422    67A      1.495358    68A      1.613962  
      69A      1.629765    70A      1.714429    71A      1.747888  
      72A      1.764669    73A      1.842710    74A      1.844621  
      75A      1.901550    76A      1.921750    77A      1.951094  
      78A      1.986341    79A      2.059655    80A      2.134511  
      81A      2.194134    82A      2.217661    83A      2.311456  
      84A      2.341429    85A      2.363830    86A      2.407565  
      87A      2.461638    88A      2.519847    89A      2.562444  
      90A      2.591597    91A      2.706773    92A      2.768262  
      93A      2.910000    94A      2.916635    95A      3.113263  
      96A      3.223973    97A      3.597770    98A      4.098576  
      99A      4.140508   100A      4.248390   101A      4.337418  
     102A      4.594177  

    Final Occupation by Irrep:
              A 
    DOCC [    23 ]
    NA   [    23 ]
    NB   [    23 ]

  @DF-RKS Final Energy:  -306.16896609227990

   => Energetics <=

    Nuclear Repulsion Energy =            221.9792084288299066
    One-Electron Energy =                -855.4847007844857671
    Two-Electron Energy =                 355.5781136328375283
    DFT Exchange-Correlation Energy =     -28.2373740653291705
    Empirical Dispersion Energy =          -0.0042133041324257
    VV10 Nonlocal Energy =                  0.0000000000000000
    Total Energy =                       -306.1689660922799021

Computation Completed


Properties will be evaluated at   0.000000,   0.000000,   0.000000 [a0]

Properties computed using the SCF density matrix


 Multipole Moments:

 ------------------------------------------------------------------------------------
     Multipole            Electronic (a.u.)      Nuclear  (a.u.)        Total (a.u.)
 ------------------------------------------------------------------------------------

 L = 1.  Multiply by 2.5417464519 to convert [e a0] to [Debye]
 Dipole X            :         -1.3022261           -0.5389930           -1.8412191
 Dipole Y            :          0.6933234            0.0267780            0.7201013
 Dipole Z            :          0.3252115           -0.3203566            0.0048549
 Magnitude           :                                                    1.9770324

 ------------------------------------------------------------------------------------

*** tstop() called on cst14372 at Tue Apr 21 11:07:06 2026
Module time:
	user time   =      28.10 seconds =       0.47 minutes
	system time =       0.35 seconds =       0.01 minutes
	total time  =         13 seconds =       0.22 minutes
Total time:
	user time   =     785.37 seconds =      13.09 minutes
	system time =      11.30 seconds =       0.19 minutes
	total time  =        379 seconds =       6.32 minutes

Scratch directory: /tmp/
gradient() will perform analytic gradient computation.

*** tstart() called on cst14372
*** at Tue Apr 21 11:07:06 2026


         ------------------------------------------------------------
                                   SCF GRAD                          
                          Rob Parrish, Justin Turney,                
                       Andy Simmonett, and Alex Sokolov              
         ------------------------------------------------------------

  ==> Geometry <==

    Molecular point group: c1
    Full point group: C1

    Geometry (in Angstrom), charge = 0, multiplicity = 1:

       Center              X                  Y                   Z               Mass       
    ------------   -----------------  -----------------  -----------------  -----------------
         C            0.066929771100     0.351096482200     0.083578943900    12.000000000000
         O            1.392369830400     0.326957661000     0.017657706600    15.994914619570
         O            2.050700414000    -0.798813384000    -0.001782326700    15.994914619570
         C           -0.713898537600    -0.908149331100     0.007518711500    12.000000000000
         C           -2.074741567900    -0.971742891400    -0.119013563500    12.000000000000
         C           -0.609359851000     1.706679160300     0.035982789600    12.000000000000
         H           -0.387194416000    -1.880428646100     0.358512973400     1.007825032230
         H           -2.625936134700    -0.083062049400    -0.348013126900     1.007825032230
         H           -2.744327380200    -1.843940193700    -0.249074109300     1.007825032230
         H            0.293286133700     2.320579946200    -0.059262905000     1.007825032230
         H           -1.196152407200     2.234915092200     0.799605762400     1.007825032230
         H           -1.183039448200     1.973651397700    -0.846698339400     1.007825032230

  Nuclear repulsion =  221.979208428829907

  ==> Basis Set <==

  Basis Set: 6-31G*
    Blend: 6-31G*
    Number of shells: 48
    Number of basis functions: 102
    Number of Cartesian functions: 102
    Spherical Harmonics?: false
    Max angular momentum: 2

  ==> DFJKGrad: Density-Fitted SCF Gradients <==

    Gradient:                    1
    J tasked:                  Yes
    K tasked:                  Yes
    wK tasked:                 Yes
    Omega:               2.000E-01
    OpenMP threads:              4
    Integrals threads:           4
    Memory [MiB]:             4291
    Schwarz Cutoff:          1E-12
    Fitting Condition:       1E-10

   => Auxiliary Basis Set <=

  Basis Set: (6-31G* AUX)
    Blend: CC-PVDZ-JKFIT
    Number of shells: 198
    Number of basis functions: 636
    Number of Cartesian functions: 636
    Spherical Harmonics?: false
    Max angular momentum: 3

  ==> DFT Potential <==

   => LibXC <=

    Version 7.0.0
    S. Lehtola, C. Steigemann, M. J.T. Oliveira, and M. A.L. Marques.,  SoftwareX 7, 1–5 (2018) (10.1016/j.softx.2017.11.002)

   => Composite Functional: WB97X-D <= 

    wB97X-D Hyb-GGA Exchange-Correlation Functional

    J.-D. Chai and M. Head-Gordon.,  Phys. Chem. Chem. Phys. 10, 6615-6620 (2008) (10.1039/B810189B)

    Deriv               =              1
    GGA                 =           TRUE
    Meta                =          FALSE

    Exchange Hybrid     =           TRUE
    MP2 Hybrid          =          FALSE

   => Exchange-Correlation Functionals <=

    1.0000   wB97X-D range-separated functional

   => Exact (HF) Exchange <=

    0.7780            HF,LR [omega = 0.2000]
    0.2220               HF 

   => LibXC Density Thresholds  <==

    XC_HYB_GGA_XC_WB97X_D:  1.00E-14 

   => Molecular Quadrature <=

    Radial Scheme          =       TREUTLER
    Pruning Scheme         =           NONE
    Nuclear Scheme         =       TREUTLER

    Blocking Scheme        =         OCTREE
    BS radius alpha        =              1
    Pruning alpha          =              1
    Radial Points          =             75
    Spherical Points       =            302
    Total Points           =         254659
    Total Blocks           =           1934
    Max Points             =            256
    Max Functions          =            100
    Weights Tolerance      =       1.00E-15


  -Total Gradient:
     Atom            X                  Y                   Z
    ------   -----------------  -----------------  -----------------
       1        0.006418729061     0.030768938536     0.007054949970
       2        0.059478542416    -0.029686248016    -0.009183109603
       3       -0.003171385002     0.017157195278     0.001666593143
       4        0.035828845190     0.013788864464    -0.027081785666
       5       -0.012832344973    -0.016691061260     0.021048022573
       6       -0.041347437000    -0.026058255069     0.010217420429
       7       -0.028723574501    -0.003766035974     0.009596554625
       8        0.006621039992    -0.015933983125     0.001371757042
       9       -0.021795193836    -0.000170246271    -0.012137132345
      10        0.002074022980    -0.011896712706     0.000529174345
      11       -0.003751536808     0.025823566336    -0.017124032025
      12        0.001277270911     0.016709116377     0.013872063813


*** tstop() called on cst14372 at Tue Apr 21 11:07:08 2026
Module time:
	user time   =       3.70 seconds =       0.06 minutes
	system time =       0.07 seconds =       0.00 minutes
	total time  =          2 seconds =       0.03 minutes
Total time:
	user time   =     789.09 seconds =      13.15 minutes
	system time =      11.37 seconds =       0.19 minutes
	total time  =        381 seconds =       6.35 minutes

Scratch directory: /tmp/
   => Libint2 <=

    Primary   basis highest AM E, G, H:  6, 6, 3
    Auxiliary basis highest AM E, G, H:  7, 7, 4
    Onebody   basis highest AM E, G, H:  -, -, -
    Solid Harmonics ordering:            Gaussian

*** tstart() called on cst14372
*** at Tue Apr 21 11:07:08 2026

   => Loading Basis Set <=

    Name: 6-31G*
    Role: ORBITAL
    Keyword: BASIS
    atoms 1, 4-6 entry C          line   111 file /Users/jmsmith1/anaconda3/envs/jupyterenv/share/psi4/basis/6-31gs.gbs 
    atoms 2-3    entry O          line   145 file /Users/jmsmith1/anaconda3/envs/jupyterenv/share/psi4/basis/6-31gs.gbs 
    atoms 7-12   entry H          line    44 file /Users/jmsmith1/anaconda3/envs/jupyterenv/share/psi4/basis/6-31gs.gbs 

   => WB97X-D: Empirical Dispersion <=

    Chai and Head-Gordon Dispersion Correction
    Chai, J.-D.; Head-Gordon, M. (2010), J. Chem. Phys., 132: 6615-6620

        s6 =       1.000000


         ---------------------------------------------------------
                                   SCF
               by Justin Turney, Rob Parrish, Andy Simmonett
                          and Daniel G. A. Smith
                              RKS Reference
                        4 Threads,   5722 MiB Core
         ---------------------------------------------------------

  ==> Geometry <==

    Molecular point group: c1
    Full point group: C1

    Geometry (in Angstrom), charge = 0, multiplicity = 1:

       Center              X                  Y                   Z               Mass       
    ------------   -----------------  -----------------  -----------------  -----------------
         C            0.066884333400     0.350161780900     0.086863634100    12.000000000000
         O            1.393279406000     0.328614449300     0.018567129300    15.994914619570
         O            2.053823802300    -0.795872315100    -0.001893240900    15.994914619570
         C           -0.714765732500    -0.910995653400     0.008792280500    12.000000000000
         C           -2.075811685200    -0.973987282300    -0.124625191300    12.000000000000
         C           -0.613589158900     1.707674526100     0.036445792300    12.000000000000
         H           -0.391785899200    -1.872698504400     0.367564075800     1.007825032230
         H           -2.621745347900    -0.091260546200    -0.361272836700     1.007825032230
         H           -2.744028677800    -1.847869563200    -0.255519348600     1.007825032230
         H            0.289820785500     2.316858473400    -0.062088498800     1.007825032230
         H           -1.191879523800     2.236383741000     0.794213046300     1.007825032230
         H           -1.173664874000     1.967396196800    -0.833206754400     1.007825032230

  Running in c1 symmetry.

  Rotational constants: A =      0.18173  B =      0.09339  C =      0.06251 [cm^-1]
  Rotational constants: A =   5448.21196  B =   2799.81914  C =   1873.90188 [MHz]
  Nuclear repulsion =  221.976285180599319

  Charge       = 0
  Multiplicity = 1
  Electrons    = 46
  Nalpha       = 23
  Nbeta        = 23

  ==> Algorithm <==

  SCF Algorithm Type is DF.
  DIIS enabled.
  MOM disabled.
  Fractional occupation disabled.
  Guess Type is SAD.
  Energy threshold   = 1.00e-07
  Density threshold  = 1.00e-07
  Integral threshold = 1.00e-12

  ==> Primary Basis <==

  Basis Set: 6-31G*
    Blend: 6-31G*
    Number of shells: 48
    Number of basis functions: 102
    Number of Cartesian functions: 102
    Spherical Harmonics?: false
    Max angular momentum: 2

  ==> DFT Potential <==

   => LibXC <=

    Version 7.0.0
    S. Lehtola, C. Steigemann, M. J.T. Oliveira, and M. A.L. Marques.,  SoftwareX 7, 1–5 (2018) (10.1016/j.softx.2017.11.002)

   => Composite Functional: WB97X-D <= 

    wB97X-D Hyb-GGA Exchange-Correlation Functional

    J.-D. Chai and M. Head-Gordon.,  Phys. Chem. Chem. Phys. 10, 6615-6620 (2008) (10.1039/B810189B)

    Deriv               =              1
    GGA                 =           TRUE
    Meta                =          FALSE

    Exchange Hybrid     =           TRUE
    MP2 Hybrid          =          FALSE

   => Exchange-Correlation Functionals <=

    1.0000   wB97X-D range-separated functional

   => Exact (HF) Exchange <=

    0.7780            HF,LR [omega = 0.2000]
    0.2220               HF 

   => LibXC Density Thresholds  <==

    XC_HYB_GGA_XC_WB97X_D:  1.00E-14 

   => Molecular Quadrature <=

    Radial Scheme          =       TREUTLER
    Pruning Scheme         =           NONE
    Nuclear Scheme         =       TREUTLER

    Blocking Scheme        =         OCTREE
    BS radius alpha        =              1
    Pruning alpha          =              1
    Radial Points          =             75
    Spherical Points       =            302
    Total Points           =         254639
    Total Blocks           =           1933
    Max Points             =            256
    Max Functions          =            100
    Weights Tolerance      =       1.00E-15

   => Loading Basis Set <=

    Name: (6-31G* AUX)
    Role: JKFIT
    Keyword: DF_BASIS_SCF
    atoms 1, 4-6 entry C          line   121 file /Users/jmsmith1/anaconda3/envs/jupyterenv/share/psi4/basis/cc-pvdz-jkfit.gbs 
    atoms 2-3    entry O          line   221 file /Users/jmsmith1/anaconda3/envs/jupyterenv/share/psi4/basis/cc-pvdz-jkfit.gbs 
    atoms 7-12   entry H          line    51 file /Users/jmsmith1/anaconda3/envs/jupyterenv/share/psi4/basis/cc-pvdz-jkfit.gbs 

  ==> Integral Setup <==

  DFHelper Memory: AOs need 0.151 GiB; user supplied 3.605 GiB. 
  SCF_SUBTYPE=INCORE selected. In-core MEM_DF algorithm will be used.
  Using in-core AOs.

  ==> MemDFJK: Density-Fitted J/K Matrices <==

    J tasked:                   Yes
    K tasked:                   Yes
    wK tasked:                  Yes
    Omega:                2.000E-01
    OpenMP threads:               4
    Memory [MiB]:              3691
    Algorithm:                 Core
    Schwarz Cutoff:           1E-12
    Mask sparsity (%):       1.8454
    Fitting Condition:        1E-10

   => Auxiliary Basis Set <=

  Basis Set: (6-31G* AUX)
    Blend: CC-PVDZ-JKFIT
    Number of shells: 198
    Number of basis functions: 636
    Number of Cartesian functions: 636
    Spherical Harmonics?: false
    Max angular momentum: 3

  Cached 100.0% of DFT collocation blocks in 0.586 [GiB].

  Minimum eigenvalue in the overlap matrix is 3.4370973088E-03.
  Reciprocal condition number of the overlap matrix is 5.0554294032E-04.
    Using symmetric orthogonalization.

  ==> Pre-Iterations <==

  SCF Guess: Superposition of Atomic Densities via on-the-fly atomic UHF (no occupation information).

   -------------------------
    Irrep   Nso     Nmo    
   -------------------------
     A        102     102 
   -------------------------
    Total     102     102
   -------------------------

  ==> Iterations <==

                           Total Energy        Delta E     RMS |[F,P]|

   @DF-RKS iter SAD:  -300.23103165504364   -3.00231e+02   0.00000e+00 
   @DF-RKS iter   1:  -296.54068509836554    3.69035e+00   3.43106e-02 ADIIS/DIIS
   @DF-RKS iter   2:  -274.39818138234284    2.21425e+01   6.35927e-02 ADIIS/DIIS
   @DF-RKS iter   3:  -304.64661800780226   -3.02484e+01   1.73009e-02 ADIIS/DIIS
   @DF-RKS iter   4:  -303.51363950057413    1.13298e+00   2.19713e-02 ADIIS/DIIS
   @DF-RKS iter   5:  -306.07716800363960   -2.56353e+00   3.75411e-03 ADIIS/DIIS
   @DF-RKS iter   6:  -306.13735365879728   -6.01857e-02   2.41088e-03 ADIIS/DIIS
   @DF-RKS iter   7:  -306.16623570251670   -2.88820e-02   3.47357e-04 ADIIS/DIIS
   @DF-RKS iter   8:  -306.16700287507422   -7.67173e-04   2.22603e-04 ADIIS/DIIS
   @DF-RKS iter   9:  -306.16726838381334   -2.65509e-04   1.01049e-04 ADIIS/DIIS
   @DF-RKS iter  10:  -306.16731953965450   -5.11558e-05   3.98420e-05 DIIS
   @DF-RKS iter  11:  -306.16732550168950   -5.96204e-06   2.95984e-05 DIIS
   @DF-RKS iter  12:  -306.16733050341310   -5.00172e-06   8.42765e-06 DIIS
   @DF-RKS iter  13:  -306.16733103617048   -5.32757e-07   1.07989e-06 DIIS
   @DF-RKS iter  14:  -306.16733106656329   -3.03928e-08   6.40487e-07 DIIS
   @DF-RKS iter  15:  -306.16733108479337   -1.82301e-08   3.56032e-07 DIIS
   @DF-RKS iter  16:  -306.16733109251430   -7.72093e-09   1.31882e-07 DIIS
   @DF-RKS iter  17:  -306.16733109335291   -8.38611e-10   3.70428e-08 DIIS
  Energy and wave function converged.


  ==> Post-Iterations <==

   Electrons on quadrature grid:
      Ntotal   =   45.9999483988 ; deviation = -5.160e-05 

    Orbital Energies [Eh]
    ---------------------

    Doubly Occupied:                                                      

       1A    -19.424885     2A    -19.258531     3A    -10.419989  
       4A    -10.336389     5A    -10.334709     6A    -10.327173  
       7A     -1.295844     8A     -0.995399     9A     -0.900725  
      10A     -0.846632    11A     -0.747936    12A     -0.656271  
      13A     -0.616216    14A     -0.600788    15A     -0.578908  
      16A     -0.534947    17A     -0.508733    18A     -0.501633  
      19A     -0.484315    20A     -0.451329    21A     -0.389195  
      22A     -0.311272    23A     -0.294567  

    Virtual:                                                              

      24A     -0.028643    25A      0.097637    26A      0.168256  
      27A      0.172327    28A      0.209351    29A      0.232047  
      30A      0.237704    31A      0.255945    32A      0.263903  
      33A      0.301277    34A      0.340972    35A      0.417366  
      36A      0.437998    37A      0.560674    38A      0.578898  
      39A      0.602562    40A      0.636701    41A      0.650128  
      42A      0.690888    43A      0.700628    44A      0.703529  
      45A      0.747094    46A      0.796019    47A      0.840450  
      48A      0.886700    49A      0.906381    50A      0.921563  
      51A      0.934800    52A      0.945622    53A      0.967209  
      54A      1.011719    55A      1.021234    56A      1.033522  
      57A      1.064796    58A      1.098604    59A      1.134306  
      60A      1.155914    61A      1.191889    62A      1.203145  
      63A      1.346788    64A      1.374612    65A      1.416311  
      66A      1.454969    67A      1.496796    68A      1.613873  
      69A      1.628060    70A      1.716048    71A      1.745710  
      72A      1.764275    73A      1.840616    74A      1.844134  
      75A      1.901616    76A      1.922061    77A      1.951237  
      78A      1.987329    79A      2.058987    80A      2.137668  
      81A      2.193902    82A      2.223255    83A      2.311895  
      84A      2.343903    85A      2.369583    86A      2.409681  
      87A      2.462756    88A      2.519152    89A      2.561747  
      90A      2.594864    91A      2.706896    92A      2.767714  
      93A      2.909588    94A      2.914703    95A      3.110887  
      96A      3.221821    97A      3.596937    98A      4.099162  
      99A      4.138967   100A      4.249410   101A      4.339349  
     102A      4.593320  

    Final Occupation by Irrep:
              A 
    DOCC [    23 ]
    NA   [    23 ]
    NB   [    23 ]

  @DF-RKS Final Energy:  -306.16733109335291

   => Energetics <=

    Nuclear Repulsion Energy =            221.9762851805993193
    One-Electron Energy =                -855.4614529220350505
    Two-Electron Energy =                 355.5685635193240728
    DFT Exchange-Correlation Energy =     -28.2465204048082370
    Empirical Dispersion Energy =          -0.0042064664330601
    VV10 Nonlocal Energy =                  0.0000000000000000
    Total Energy =                       -306.1673310933529137

Computation Completed


Properties will be evaluated at   0.000000,   0.000000,   0.000000 [a0]

Properties computed using the SCF density matrix


 Multipole Moments:

 ------------------------------------------------------------------------------------
     Multipole            Electronic (a.u.)      Nuclear  (a.u.)        Total (a.u.)
 ------------------------------------------------------------------------------------

 L = 1.  Multiply by 2.5417464519 to convert [e a0] to [Debye]
 Dipole X            :         -1.3141125           -0.5294093           -1.8435218
 Dipole Y            :          0.7046475            0.0148667            0.7195142
 Dipole Z            :          0.3279982           -0.3251465            0.0028517
 Magnitude           :                                                    1.9789597

 ------------------------------------------------------------------------------------

*** tstop() called on cst14372 at Tue Apr 21 11:07:22 2026
Module time:
	user time   =      28.17 seconds =       0.47 minutes
	system time =       0.38 seconds =       0.01 minutes
	total time  =         14 seconds =       0.23 minutes
Total time:
	user time   =     817.28 seconds =      13.62 minutes
	system time =      11.76 seconds =       0.20 minutes
	total time  =        395 seconds =       6.58 minutes

Scratch directory: /tmp/
gradient() will perform analytic gradient computation.

*** tstart() called on cst14372
*** at Tue Apr 21 11:07:22 2026


         ------------------------------------------------------------
                                   SCF GRAD                          
                          Rob Parrish, Justin Turney,                
                       Andy Simmonett, and Alex Sokolov              
         ------------------------------------------------------------

  ==> Geometry <==

    Molecular point group: c1
    Full point group: C1

    Geometry (in Angstrom), charge = 0, multiplicity = 1:

       Center              X                  Y                   Z               Mass       
    ------------   -----------------  -----------------  -----------------  -----------------
         C            0.066884333400     0.350161780900     0.086863634100    12.000000000000
         O            1.393279406000     0.328614449300     0.018567129300    15.994914619570
         O            2.053823802300    -0.795872315100    -0.001893240900    15.994914619570
         C           -0.714765732500    -0.910995653400     0.008792280500    12.000000000000
         C           -2.075811685200    -0.973987282300    -0.124625191300    12.000000000000
         C           -0.613589158900     1.707674526100     0.036445792300    12.000000000000
         H           -0.391785899200    -1.872698504400     0.367564075800     1.007825032230
         H           -2.621745347900    -0.091260546200    -0.361272836700     1.007825032230
         H           -2.744028677800    -1.847869563200    -0.255519348600     1.007825032230
         H            0.289820785500     2.316858473400    -0.062088498800     1.007825032230
         H           -1.191879523800     2.236383741000     0.794213046300     1.007825032230
         H           -1.173664874000     1.967396196800    -0.833206754400     1.007825032230

  Nuclear repulsion =  221.976285180599319

  ==> Basis Set <==

  Basis Set: 6-31G*
    Blend: 6-31G*
    Number of shells: 48
    Number of basis functions: 102
    Number of Cartesian functions: 102
    Spherical Harmonics?: false
    Max angular momentum: 2

  ==> DFJKGrad: Density-Fitted SCF Gradients <==

    Gradient:                    1
    J tasked:                  Yes
    K tasked:                  Yes
    wK tasked:                 Yes
    Omega:               2.000E-01
    OpenMP threads:              4
    Integrals threads:           4
    Memory [MiB]:             4291
    Schwarz Cutoff:          1E-12
    Fitting Condition:       1E-10

   => Auxiliary Basis Set <=

  Basis Set: (6-31G* AUX)
    Blend: CC-PVDZ-JKFIT
    Number of shells: 198
    Number of basis functions: 636
    Number of Cartesian functions: 636
    Spherical Harmonics?: false
    Max angular momentum: 3

  ==> DFT Potential <==

   => LibXC <=

    Version 7.0.0
    S. Lehtola, C. Steigemann, M. J.T. Oliveira, and M. A.L. Marques.,  SoftwareX 7, 1–5 (2018) (10.1016/j.softx.2017.11.002)

   => Composite Functional: WB97X-D <= 

    wB97X-D Hyb-GGA Exchange-Correlation Functional

    J.-D. Chai and M. Head-Gordon.,  Phys. Chem. Chem. Phys. 10, 6615-6620 (2008) (10.1039/B810189B)

    Deriv               =              1
    GGA                 =           TRUE
    Meta                =          FALSE

    Exchange Hybrid     =           TRUE
    MP2 Hybrid          =          FALSE

   => Exchange-Correlation Functionals <=

    1.0000   wB97X-D range-separated functional

   => Exact (HF) Exchange <=

    0.7780            HF,LR [omega = 0.2000]
    0.2220               HF 

   => LibXC Density Thresholds  <==

    XC_HYB_GGA_XC_WB97X_D:  1.00E-14 

   => Molecular Quadrature <=

    Radial Scheme          =       TREUTLER
    Pruning Scheme         =           NONE
    Nuclear Scheme         =       TREUTLER

    Blocking Scheme        =         OCTREE
    BS radius alpha        =              1
    Pruning alpha          =              1
    Radial Points          =             75
    Spherical Points       =            302
    Total Points           =         254639
    Total Blocks           =           1933
    Max Points             =            256
    Max Functions          =            100
    Weights Tolerance      =       1.00E-15


  -Total Gradient:
     Atom            X                  Y                   Z
    ------   -----------------  -----------------  -----------------
       1        0.007008396441     0.030073948596     0.007559305010
       2        0.060690618594    -0.029420430336    -0.009499310454
       3       -0.003043275339     0.017143185273     0.001686511477
       4        0.037429256005     0.007772234870    -0.025840985343
       5       -0.015910707547    -0.012587373280     0.020339938324
       6       -0.051726290981    -0.018903058035     0.003173805608
       7       -0.030581636802     0.001629367791     0.007918573231
       8        0.008981946224    -0.019690977998     0.002430220318
       9       -0.021879658669    -0.000515816240    -0.012387659007
      10        0.001005262347    -0.012816993606     0.000468131324
      11       -0.000797296903     0.023508218703    -0.021352251121
      12        0.008934422508     0.013888198604     0.025348980738


*** tstop() called on cst14372 at Tue Apr 21 11:07:23 2026
Module time:
	user time   =       3.74 seconds =       0.06 minutes
	system time =       0.06 seconds =       0.00 minutes
	total time  =          1 seconds =       0.02 minutes
Total time:
	user time   =     821.04 seconds =      13.68 minutes
	system time =      11.82 seconds =       0.20 minutes
	total time  =        396 seconds =       6.60 minutes

Scratch directory: /tmp/
   => Libint2 <=

    Primary   basis highest AM E, G, H:  6, 6, 3
    Auxiliary basis highest AM E, G, H:  7, 7, 4
    Onebody   basis highest AM E, G, H:  -, -, -
    Solid Harmonics ordering:            Gaussian

*** tstart() called on cst14372
*** at Tue Apr 21 11:07:23 2026

   => Loading Basis Set <=

    Name: 6-31G*
    Role: ORBITAL
    Keyword: BASIS
    atoms 1, 4-6 entry C          line   111 file /Users/jmsmith1/anaconda3/envs/jupyterenv/share/psi4/basis/6-31gs.gbs 
    atoms 2-3    entry O          line   145 file /Users/jmsmith1/anaconda3/envs/jupyterenv/share/psi4/basis/6-31gs.gbs 
    atoms 7-12   entry H          line    44 file /Users/jmsmith1/anaconda3/envs/jupyterenv/share/psi4/basis/6-31gs.gbs 

   => WB97X-D: Empirical Dispersion <=

    Chai and Head-Gordon Dispersion Correction
    Chai, J.-D.; Head-Gordon, M. (2010), J. Chem. Phys., 132: 6615-6620

        s6 =       1.000000


         ---------------------------------------------------------
                                   SCF
               by Justin Turney, Rob Parrish, Andy Simmonett
                          and Daniel G. A. Smith
                              RKS Reference
                        4 Threads,   5722 MiB Core
         ---------------------------------------------------------

  ==> Geometry <==

    Molecular point group: c1
    Full point group: C1

    Geometry (in Angstrom), charge = 0, multiplicity = 1:

       Center              X                  Y                   Z               Mass       
    ------------   -----------------  -----------------  -----------------  -----------------
         C            0.066818478500     0.349137468900     0.090135305600    12.000000000000
         O            1.394059500700     0.330339670100     0.019499659000    15.994914619570
         O            2.056962241900    -0.792960571400    -0.002008121000    15.994914619570
         C           -0.715743654900    -0.913872169200     0.010144118000    12.000000000000
         C           -2.076838619300    -0.976201284800    -0.130310873700    12.000000000000
         C           -0.617680102800     1.708727318600     0.036900854900    12.000000000000
         H           -0.395334571500    -1.865003706600     0.376366394400     1.007825032230
         H           -2.617853162700    -0.098801753000    -0.374652211300     1.007825032230
         H           -2.742974217100    -1.851791746800    -0.261554561900     1.007825032230
         H            0.286311392100     2.313569196800    -0.064937876400     1.007825032230
         H           -1.187567590200     2.237045211300     0.789542519600     1.007825032230
         H           -1.164573261700     1.960644893700    -0.820553392200     1.007825032230

  Running in c1 symmetry.

  Rotational constants: A =      0.18166  B =      0.09322  C =      0.06242 [cm^-1]
  Rotational constants: A =   5445.95742  B =   2794.63165  C =   1871.34849 [MHz]
  Nuclear repulsion =  221.970811311581002

  Charge       = 0
  Multiplicity = 1
  Electrons    = 46
  Nalpha       = 23
  Nbeta        = 23

  ==> Algorithm <==

  SCF Algorithm Type is DF.
  DIIS enabled.
  MOM disabled.
  Fractional occupation disabled.
  Guess Type is SAD.
  Energy threshold   = 1.00e-07
  Density threshold  = 1.00e-07
  Integral threshold = 1.00e-12

  ==> Primary Basis <==

  Basis Set: 6-31G*
    Blend: 6-31G*
    Number of shells: 48
    Number of basis functions: 102
    Number of Cartesian functions: 102
    Spherical Harmonics?: false
    Max angular momentum: 2

  ==> DFT Potential <==

   => LibXC <=

    Version 7.0.0
    S. Lehtola, C. Steigemann, M. J.T. Oliveira, and M. A.L. Marques.,  SoftwareX 7, 1–5 (2018) (10.1016/j.softx.2017.11.002)

   => Composite Functional: WB97X-D <= 

    wB97X-D Hyb-GGA Exchange-Correlation Functional

    J.-D. Chai and M. Head-Gordon.,  Phys. Chem. Chem. Phys. 10, 6615-6620 (2008) (10.1039/B810189B)

    Deriv               =              1
    GGA                 =           TRUE
    Meta                =          FALSE

    Exchange Hybrid     =           TRUE
    MP2 Hybrid          =          FALSE

   => Exchange-Correlation Functionals <=

    1.0000   wB97X-D range-separated functional

   => Exact (HF) Exchange <=

    0.7780            HF,LR [omega = 0.2000]
    0.2220               HF 

   => LibXC Density Thresholds  <==

    XC_HYB_GGA_XC_WB97X_D:  1.00E-14 

   => Molecular Quadrature <=

    Radial Scheme          =       TREUTLER
    Pruning Scheme         =           NONE
    Nuclear Scheme         =       TREUTLER

    Blocking Scheme        =         OCTREE
    BS radius alpha        =              1
    Pruning alpha          =              1
    Radial Points          =             75
    Spherical Points       =            302
    Total Points           =         254607
    Total Blocks           =           1921
    Max Points             =            256
    Max Functions          =            100
    Weights Tolerance      =       1.00E-15

   => Loading Basis Set <=

    Name: (6-31G* AUX)
    Role: JKFIT
    Keyword: DF_BASIS_SCF
    atoms 1, 4-6 entry C          line   121 file /Users/jmsmith1/anaconda3/envs/jupyterenv/share/psi4/basis/cc-pvdz-jkfit.gbs 
    atoms 2-3    entry O          line   221 file /Users/jmsmith1/anaconda3/envs/jupyterenv/share/psi4/basis/cc-pvdz-jkfit.gbs 
    atoms 7-12   entry H          line    51 file /Users/jmsmith1/anaconda3/envs/jupyterenv/share/psi4/basis/cc-pvdz-jkfit.gbs 

  ==> Integral Setup <==

  DFHelper Memory: AOs need 0.151 GiB; user supplied 3.605 GiB. 
  SCF_SUBTYPE=INCORE selected. In-core MEM_DF algorithm will be used.
  Using in-core AOs.

  ==> MemDFJK: Density-Fitted J/K Matrices <==

    J tasked:                   Yes
    K tasked:                   Yes
    wK tasked:                  Yes
    Omega:                2.000E-01
    OpenMP threads:               4
    Memory [MiB]:              3691
    Algorithm:                 Core
    Schwarz Cutoff:           1E-12
    Mask sparsity (%):       1.8647
    Fitting Condition:        1E-10

   => Auxiliary Basis Set <=

  Basis Set: (6-31G* AUX)
    Blend: CC-PVDZ-JKFIT
    Number of shells: 198
    Number of basis functions: 636
    Number of Cartesian functions: 636
    Spherical Harmonics?: false
    Max angular momentum: 3

  Cached 100.0% of DFT collocation blocks in 0.586 [GiB].

  Minimum eigenvalue in the overlap matrix is 3.4714921994E-03.
  Reciprocal condition number of the overlap matrix is 5.1039713131E-04.
    Using symmetric orthogonalization.

  ==> Pre-Iterations <==

  SCF Guess: Superposition of Atomic Densities via on-the-fly atomic UHF (no occupation information).

   -------------------------
    Irrep   Nso     Nmo    
   -------------------------
     A        102     102 
   -------------------------
    Total     102     102
   -------------------------

  ==> Iterations <==

                           Total Energy        Delta E     RMS |[F,P]|

   @DF-RKS iter SAD:  -300.24959957674395   -3.00250e+02   0.00000e+00 
   @DF-RKS iter   1:  -296.57834524619125    3.67125e+00   3.42589e-02 ADIIS/DIIS
   @DF-RKS iter   2:  -274.54969408017809    2.20287e+01   6.34016e-02 ADIIS/DIIS
   @DF-RKS iter   3:  -304.65655318274958   -3.01069e+01   1.72579e-02 ADIIS/DIIS
   @DF-RKS iter   4:  -303.62865407505660    1.02790e+00   2.15751e-02 ADIIS/DIIS
   @DF-RKS iter   5:  -306.07719112548398   -2.44854e+00   3.72701e-03 ADIIS/DIIS
   @DF-RKS iter   6:  -306.13619982472983   -5.90087e-02   2.37544e-03 ADIIS/DIIS
   @DF-RKS iter   7:  -306.16419391549198   -2.79941e-02   3.41153e-04 ADIIS/DIIS
   @DF-RKS iter   8:  -306.16491050108749   -7.16586e-04   2.25903e-04 ADIIS/DIIS
   @DF-RKS iter   9:  -306.16518478318812   -2.74282e-04   9.47934e-05 DIIS
   @DF-RKS iter  10:  -306.16523160393155   -4.68207e-05   3.78123e-05 DIIS
   @DF-RKS iter  11:  -306.16523700043621   -5.39650e-06   2.78443e-05 DIIS
   @DF-RKS iter  12:  -306.16524142405694   -4.42362e-06   8.60574e-06 DIIS
   @DF-RKS iter  13:  -306.16524197971933   -5.55662e-07   9.60599e-07 DIIS
   @DF-RKS iter  14:  -306.16524200993683   -3.02175e-08   6.11918e-07 DIIS
   @DF-RKS iter  15:  -306.16524203001126   -2.00744e-08   2.82002e-07 DIIS
   @DF-RKS iter  16:  -306.16524203474768   -4.73642e-09   1.19476e-07 DIIS
   @DF-RKS iter  17:  -306.16524203529389   -5.46208e-10   3.39329e-08 DIIS
  Energy and wave function converged.


  ==> Post-Iterations <==

   Electrons on quadrature grid:
      Ntotal   =   45.9999458102 ; deviation = -5.419e-05 

    Orbital Energies [Eh]
    ---------------------

    Doubly Occupied:                                                      

       1A    -19.424991     2A    -19.258539     3A    -10.420283  
       4A    -10.335989     5A    -10.334311     6A    -10.324505  
       7A     -1.295509     8A     -0.994986     9A     -0.900835  
      10A     -0.848294    11A     -0.748302    12A     -0.657448  
      13A     -0.616220    14A     -0.601108    15A     -0.578833  
      16A     -0.535079    17A     -0.511458    18A     -0.501932  
      19A     -0.484752    20A     -0.451771    21A     -0.389062  
      22A     -0.311290    23A     -0.294649  

    Virtual:                                                              

      24A     -0.028541    25A      0.097279    26A      0.169605  
      27A      0.173510    28A      0.209731    29A      0.233160  
      30A      0.238915    31A      0.257588    32A      0.266788  
      33A      0.300373    34A      0.340611    35A      0.416651  
      36A      0.437099    37A      0.561163    38A      0.578279  
      39A      0.601277    40A      0.635803    41A      0.649200  
      42A      0.690932    43A      0.699144    44A      0.702298  
      45A      0.746453    46A      0.795143    47A      0.841089  
      48A      0.887570    49A      0.906219    50A      0.923356  
      51A      0.941023    52A      0.946154    53A      0.972062  
      54A      1.011957    55A      1.027476    56A      1.036420  
      57A      1.068708    58A      1.100352    59A      1.135735  
      60A      1.155529    61A      1.191759    62A      1.202616  
      63A      1.346210    64A      1.373659    65A      1.416530  
      66A      1.455523    67A      1.498258    68A      1.613737  
      69A      1.626426    70A      1.717273    71A      1.743878  
      72A      1.763835    73A      1.838755    74A      1.843497  
      75A      1.901747    76A      1.922371    77A      1.951398  
      78A      1.988516    79A      2.058358    80A      2.140447  
      81A      2.193156    82A      2.229007    83A      2.311949  
      84A      2.346428    85A      2.373456    86A      2.413272  
      87A      2.463986    88A      2.518586    89A      2.561017  
      90A      2.598351    91A      2.707005    92A      2.767041  
      93A      2.909316    94A      2.912719    95A      3.108610  
      96A      3.219732    97A      3.596113    98A      4.099716  
      99A      4.137411   100A      4.250367   101A      4.341413  
     102A      4.592514  

    Final Occupation by Irrep:
              A 
    DOCC [    23 ]
    NA   [    23 ]
    NB   [    23 ]

  @DF-RKS Final Energy:  -306.16524203529389

   => Energetics <=

    Nuclear Repulsion Energy =            221.9708113115810022
    One-Electron Energy =                -855.4327120385188437
    Two-Electron Energy =                 355.5563298779713932
    DFT Exchange-Correlation Energy =     -28.2554702212360205
    Empirical Dispersion Energy =          -0.0042009650913729
    VV10 Nonlocal Energy =                  0.0000000000000000
    Total Energy =                       -306.1652420352938861

Computation Completed


Properties will be evaluated at   0.000000,   0.000000,   0.000000 [a0]

Properties computed using the SCF density matrix


 Multipole Moments:

 ------------------------------------------------------------------------------------
     Multipole            Electronic (a.u.)      Nuclear  (a.u.)        Total (a.u.)
 ------------------------------------------------------------------------------------

 L = 1.  Multiply by 2.5417464519 to convert [e a0] to [Debye]
 Dipole X            :         -1.3271434           -0.5186937           -1.8458370
 Dipole Y            :          0.7155441            0.0027267            0.7182707
 Dipole Z            :          0.3311981           -0.3300225            0.0011755
 Magnitude           :                                                    1.9806637

 ------------------------------------------------------------------------------------

*** tstop() called on cst14372 at Tue Apr 21 11:07:37 2026
Module time:
	user time   =      28.22 seconds =       0.47 minutes
	system time =       0.38 seconds =       0.01 minutes
	total time  =         14 seconds =       0.23 minutes
Total time:
	user time   =     849.28 seconds =      14.15 minutes
	system time =      12.21 seconds =       0.20 minutes
	total time  =        410 seconds =       6.83 minutes

Scratch directory: /tmp/
gradient() will perform analytic gradient computation.

*** tstart() called on cst14372
*** at Tue Apr 21 11:07:37 2026


         ------------------------------------------------------------
                                   SCF GRAD                          
                          Rob Parrish, Justin Turney,                
                       Andy Simmonett, and Alex Sokolov              
         ------------------------------------------------------------

  ==> Geometry <==

    Molecular point group: c1
    Full point group: C1

    Geometry (in Angstrom), charge = 0, multiplicity = 1:

       Center              X                  Y                   Z               Mass       
    ------------   -----------------  -----------------  -----------------  -----------------
         C            0.066818478500     0.349137468900     0.090135305600    12.000000000000
         O            1.394059500700     0.330339670100     0.019499659000    15.994914619570
         O            2.056962241900    -0.792960571400    -0.002008121000    15.994914619570
         C           -0.715743654900    -0.913872169200     0.010144118000    12.000000000000
         C           -2.076838619300    -0.976201284800    -0.130310873700    12.000000000000
         C           -0.617680102800     1.708727318600     0.036900854900    12.000000000000
         H           -0.395334571500    -1.865003706600     0.376366394400     1.007825032230
         H           -2.617853162700    -0.098801753000    -0.374652211300     1.007825032230
         H           -2.742974217100    -1.851791746800    -0.261554561900     1.007825032230
         H            0.286311392100     2.313569196800    -0.064937876400     1.007825032230
         H           -1.187567590200     2.237045211300     0.789542519600     1.007825032230
         H           -1.164573261700     1.960644893700    -0.820553392200     1.007825032230

  Nuclear repulsion =  221.970811311581002

  ==> Basis Set <==

  Basis Set: 6-31G*
    Blend: 6-31G*
    Number of shells: 48
    Number of basis functions: 102
    Number of Cartesian functions: 102
    Spherical Harmonics?: false
    Max angular momentum: 2

  ==> DFJKGrad: Density-Fitted SCF Gradients <==

    Gradient:                    1
    J tasked:                  Yes
    K tasked:                  Yes
    wK tasked:                 Yes
    Omega:               2.000E-01
    OpenMP threads:              4
    Integrals threads:           4
    Memory [MiB]:             4291
    Schwarz Cutoff:          1E-12
    Fitting Condition:       1E-10

   => Auxiliary Basis Set <=

  Basis Set: (6-31G* AUX)
    Blend: CC-PVDZ-JKFIT
    Number of shells: 198
    Number of basis functions: 636
    Number of Cartesian functions: 636
    Spherical Harmonics?: false
    Max angular momentum: 3

  ==> DFT Potential <==

   => LibXC <=

    Version 7.0.0
    S. Lehtola, C. Steigemann, M. J.T. Oliveira, and M. A.L. Marques.,  SoftwareX 7, 1–5 (2018) (10.1016/j.softx.2017.11.002)

   => Composite Functional: WB97X-D <= 

    wB97X-D Hyb-GGA Exchange-Correlation Functional

    J.-D. Chai and M. Head-Gordon.,  Phys. Chem. Chem. Phys. 10, 6615-6620 (2008) (10.1039/B810189B)

    Deriv               =              1
    GGA                 =           TRUE
    Meta                =          FALSE

    Exchange Hybrid     =           TRUE
    MP2 Hybrid          =          FALSE

   => Exchange-Correlation Functionals <=

    1.0000   wB97X-D range-separated functional

   => Exact (HF) Exchange <=

    0.7780            HF,LR [omega = 0.2000]
    0.2220               HF 

   => LibXC Density Thresholds  <==

    XC_HYB_GGA_XC_WB97X_D:  1.00E-14 

   => Molecular Quadrature <=

    Radial Scheme          =       TREUTLER
    Pruning Scheme         =           NONE
    Nuclear Scheme         =       TREUTLER

    Blocking Scheme        =         OCTREE
    BS radius alpha        =              1
    Pruning alpha          =              1
    Radial Points          =             75
    Spherical Points       =            302
    Total Points           =         254607
    Total Blocks           =           1921
    Max Points             =            256
    Max Functions          =            100
    Weights Tolerance      =       1.00E-15


  -Total Gradient:
     Atom            X                  Y                   Z
    ------   -----------------  -----------------  -----------------
       1        0.007575270057     0.029237633221     0.008087737427
       2        0.061770671736    -0.028984825790    -0.009806672692
       3       -0.002871530491     0.017024049201     0.001703100623
       4        0.038854548256     0.001686160775    -0.024453836003
       5       -0.018920938914    -0.008923077402     0.019549284193
       6       -0.062614049692    -0.011388975734    -0.004738424290
       7       -0.032280678018     0.006999433970     0.006133740430
       8        0.011084025220    -0.023021172301     0.003461489829
       9       -0.021745990316    -0.000705742168    -0.012576382971
      10       -0.000014612432    -0.013659579775     0.000405575190
      11        0.002221323288     0.021024554379    -0.025525920798
      12        0.017083520608     0.010818027962     0.037619120980


*** tstop() called on cst14372 at Tue Apr 21 11:07:39 2026
Module time:
	user time   =       3.80 seconds =       0.06 minutes
	system time =       0.07 seconds =       0.00 minutes
	total time  =          2 seconds =       0.03 minutes
Total time:
	user time   =     853.10 seconds =      14.22 minutes
	system time =      12.28 seconds =       0.20 minutes
	total time  =        412 seconds =       6.87 minutes

Scratch directory: /tmp/
   => Libint2 <=

    Primary   basis highest AM E, G, H:  6, 6, 3
    Auxiliary basis highest AM E, G, H:  7, 7, 4
    Onebody   basis highest AM E, G, H:  -, -, -
    Solid Harmonics ordering:            Gaussian

*** tstart() called on cst14372
*** at Tue Apr 21 11:07:39 2026

   => Loading Basis Set <=

    Name: 6-31G*
    Role: ORBITAL
    Keyword: BASIS
    atoms 1, 4-6 entry C          line   111 file /Users/jmsmith1/anaconda3/envs/jupyterenv/share/psi4/basis/6-31gs.gbs 
    atoms 2-3    entry O          line   145 file /Users/jmsmith1/anaconda3/envs/jupyterenv/share/psi4/basis/6-31gs.gbs 
    atoms 7-12   entry H          line    44 file /Users/jmsmith1/anaconda3/envs/jupyterenv/share/psi4/basis/6-31gs.gbs 

   => WB97X-D: Empirical Dispersion <=

    Chai and Head-Gordon Dispersion Correction
    Chai, J.-D.; Head-Gordon, M. (2010), J. Chem. Phys., 132: 6615-6620

        s6 =       1.000000


         ---------------------------------------------------------
                                   SCF
               by Justin Turney, Rob Parrish, Andy Simmonett
                          and Daniel G. A. Smith
                              RKS Reference
                        4 Threads,   5722 MiB Core
         ---------------------------------------------------------

  ==> Geometry <==

    Molecular point group: c1
    Full point group: C1

    Geometry (in Angstrom), charge = 0, multiplicity = 1:

       Center              X                  Y                   Z               Mass       
    ------------   -----------------  -----------------  -----------------  -----------------
         C            0.066730497300     0.348025554200     0.093392917400    12.000000000000
         O            1.394707531600     0.332132844000     0.020456178000    15.994914619570
         O            2.060115905400    -0.790077507600    -0.002127032600    15.994914619570
         C           -0.716836897500    -0.916761799500     0.011570641600    12.000000000000
         C           -2.077813697400    -0.978395781900    -0.136069440400    12.000000000000
         C           -0.621601424600     1.709816105800     0.037370942100    12.000000000000
         H           -0.397779473100    -1.857528422600     0.384982241500     1.007825032230
         H           -2.614332321600    -0.105570136300    -0.388189319500     1.007825032230
         H           -2.741166339000    -1.855700800500    -0.267173065800     1.007825032230
         H            0.282792460500     2.310741865600    -0.067809403200     1.007825032230
         H           -1.183319969900     2.236983069700     0.785739463600     1.007825032230
         H           -1.156045142600     1.953500968200    -0.809161963400     1.007825032230

  Running in c1 symmetry.

  Rotational constants: A =      0.18157  B =      0.09305  C =      0.06234 [cm^-1]
  Rotational constants: A =   5443.37077  B =   2789.50573  C =   1868.85010 [MHz]
  Nuclear repulsion =  221.958347382198184

  Charge       = 0
  Multiplicity = 1
  Electrons    = 46
  Nalpha       = 23
  Nbeta        = 23

  ==> Algorithm <==

  SCF Algorithm Type is DF.
  DIIS enabled.
  MOM disabled.
  Fractional occupation disabled.
  Guess Type is SAD.
  Energy threshold   = 1.00e-07
  Density threshold  = 1.00e-07
  Integral threshold = 1.00e-12

  ==> Primary Basis <==

  Basis Set: 6-31G*
    Blend: 6-31G*
    Number of shells: 48
    Number of basis functions: 102
    Number of Cartesian functions: 102
    Spherical Harmonics?: false
    Max angular momentum: 2

  ==> DFT Potential <==

   => LibXC <=

    Version 7.0.0
    S. Lehtola, C. Steigemann, M. J.T. Oliveira, and M. A.L. Marques.,  SoftwareX 7, 1–5 (2018) (10.1016/j.softx.2017.11.002)

   => Composite Functional: WB97X-D <= 

    wB97X-D Hyb-GGA Exchange-Correlation Functional

    J.-D. Chai and M. Head-Gordon.,  Phys. Chem. Chem. Phys. 10, 6615-6620 (2008) (10.1039/B810189B)

    Deriv               =              1
    GGA                 =           TRUE
    Meta                =          FALSE

    Exchange Hybrid     =           TRUE
    MP2 Hybrid          =          FALSE

   => Exchange-Correlation Functionals <=

    1.0000   wB97X-D range-separated functional

   => Exact (HF) Exchange <=

    0.7780            HF,LR [omega = 0.2000]
    0.2220               HF 

   => LibXC Density Thresholds  <==

    XC_HYB_GGA_XC_WB97X_D:  1.00E-14 

   => Molecular Quadrature <=

    Radial Scheme          =       TREUTLER
    Pruning Scheme         =           NONE
    Nuclear Scheme         =       TREUTLER

    Blocking Scheme        =         OCTREE
    BS radius alpha        =              1
    Pruning alpha          =              1
    Radial Points          =             75
    Spherical Points       =            302
    Total Points           =         254563
    Total Blocks           =           1935
    Max Points             =            256
    Max Functions          =            100
    Weights Tolerance      =       1.00E-15

   => Loading Basis Set <=

    Name: (6-31G* AUX)
    Role: JKFIT
    Keyword: DF_BASIS_SCF
    atoms 1, 4-6 entry C          line   121 file /Users/jmsmith1/anaconda3/envs/jupyterenv/share/psi4/basis/cc-pvdz-jkfit.gbs 
    atoms 2-3    entry O          line   221 file /Users/jmsmith1/anaconda3/envs/jupyterenv/share/psi4/basis/cc-pvdz-jkfit.gbs 
    atoms 7-12   entry H          line    51 file /Users/jmsmith1/anaconda3/envs/jupyterenv/share/psi4/basis/cc-pvdz-jkfit.gbs 

  ==> Integral Setup <==

  DFHelper Memory: AOs need 0.151 GiB; user supplied 3.605 GiB. 
  SCF_SUBTYPE=INCORE selected. In-core MEM_DF algorithm will be used.
  Using in-core AOs.

  ==> MemDFJK: Density-Fitted J/K Matrices <==

    J tasked:                   Yes
    K tasked:                   Yes
    wK tasked:                  Yes
    Omega:                2.000E-01
    OpenMP threads:               4
    Memory [MiB]:              3691
    Algorithm:                 Core
    Schwarz Cutoff:           1E-12
    Mask sparsity (%):       1.8839
    Fitting Condition:        1E-10

   => Auxiliary Basis Set <=

  Basis Set: (6-31G* AUX)
    Blend: CC-PVDZ-JKFIT
    Number of shells: 198
    Number of basis functions: 636
    Number of Cartesian functions: 636
    Spherical Harmonics?: false
    Max angular momentum: 3

  Cached 100.0% of DFT collocation blocks in 0.586 [GiB].

  Minimum eigenvalue in the overlap matrix is 3.5065099073E-03.
  Reciprocal condition number of the overlap matrix is 5.1535448019E-04.
    Using symmetric orthogonalization.

  ==> Pre-Iterations <==

  SCF Guess: Superposition of Atomic Densities via on-the-fly atomic UHF (no occupation information).

   -------------------------
    Irrep   Nso     Nmo    
   -------------------------
     A        102     102 
   -------------------------
    Total     102     102
   -------------------------

  ==> Iterations <==

                           Total Energy        Delta E     RMS |[F,P]|

   @DF-RKS iter SAD:  -300.26529874737071   -3.00265e+02   0.00000e+00 
   @DF-RKS iter   1:  -296.61666136984900    3.64864e+00   3.42030e-02 ADIIS/DIIS
   @DF-RKS iter   2:  -274.69598465122874    2.19207e+01   6.32164e-02 ADIIS/DIIS
   @DF-RKS iter   3:  -304.66583030316446   -2.99698e+01   1.72152e-02 ADIIS/DIIS
   @DF-RKS iter   4:  -303.72159392202411    9.44236e-01   2.12288e-02 ADIIS/DIIS
   @DF-RKS iter   5:  -306.07648296058983   -2.35489e+00   3.70572e-03 ADIIS/DIIS
   @DF-RKS iter   6:  -306.13466528096370   -5.81823e-02   2.34080e-03 ADIIS/DIIS
   @DF-RKS iter   7:  -306.16181312340012   -2.71478e-02   3.36494e-04 ADIIS/DIIS
   @DF-RKS iter   8:  -306.16248614495191   -6.73022e-04   2.29253e-04 ADIIS/DIIS
   @DF-RKS iter   9:  -306.16276901578294   -2.82871e-04   8.93983e-05 DIIS
   @DF-RKS iter  10:  -306.16281225341373   -4.32376e-05   3.60921e-05 DIIS
   @DF-RKS iter  11:  -306.16281721025609   -4.95684e-06   2.63130e-05 DIIS
   @DF-RKS iter  12:  -306.16282115419489   -3.94394e-06   8.69780e-06 DIIS
   @DF-RKS iter  13:  -306.16282172141717   -5.67222e-07   8.80484e-07 DIIS
   @DF-RKS iter  14:  -306.16282175137053   -2.99534e-08   5.96149e-07 DIIS
   @DF-RKS iter  15:  -306.16282177197650   -2.06060e-08   2.16214e-07 DIIS
   @DF-RKS iter  16:  -306.16282177513881   -3.16231e-09   6.58993e-08 DIIS
  Energy and wave function converged.


  ==> Post-Iterations <==

   Electrons on quadrature grid:
      Ntotal   =   45.9999437390 ; deviation = -5.626e-05 

    Orbital Energies [Eh]
    ---------------------

    Doubly Occupied:                                                      

       1A    -19.425067     2A    -19.258519     3A    -10.420557  
       4A    -10.335643     5A    -10.333976     6A    -10.321991  
       7A     -1.295097     8A     -0.994564     9A     -0.900947  
      10A     -0.849890    11A     -0.748646    12A     -0.658480  
      13A     -0.616176    14A     -0.601271    15A     -0.578764  
      16A     -0.535235    17A     -0.514173    18A     -0.502172  
      19A     -0.485260    20A     -0.452134    21A     -0.388946  
      22A     -0.311296    23A     -0.294735  

    Virtual:                                                              

      24A     -0.028444    25A      0.096906    26A      0.170568  
      27A      0.174825    28A      0.210089    29A      0.234100  
      30A      0.239998    31A      0.258806    32A      0.269832  
      33A      0.299474    34A      0.340255    35A      0.415897  
      36A      0.436180    37A      0.561624    38A      0.577714  
      39A      0.600001    40A      0.634930    41A      0.648397  
      42A      0.690883    43A      0.697383    44A      0.701498  
      45A      0.745746    46A      0.794245    47A      0.841494  
      48A      0.888283    49A      0.906028    50A      0.924661  
      51A      0.945327    52A      0.948522    53A      0.976598  
      54A      1.012498    55A      1.031131    56A      1.040707  
      57A      1.072445    58A      1.102974    59A      1.137593  
      60A      1.155345    61A      1.191591    62A      1.202337  
      63A      1.345681    64A      1.372729    65A      1.416807  
      66A      1.456094    67A      1.499681    68A      1.613552  
      69A      1.624872    70A      1.718071    71A      1.742489  
      72A      1.763337    73A      1.837175    74A      1.842696  
      75A      1.901946    76A      1.922627    77A      1.951578  
      78A      1.989886    79A      2.057767    80A      2.142765  
      81A      2.192173    82A      2.234580    83A      2.311634  
      84A      2.348893    85A      2.375410    86A      2.417901  
      87A      2.465315    88A      2.518104    89A      2.560216  
      90A      2.601897    91A      2.707074    92A      2.766201  
      93A      2.909176    94A      2.910688    95A      3.106433  
      96A      3.217720    97A      3.595295    98A      4.100208  
      99A      4.135837   100A      4.251204   101A      4.343500  
     102A      4.591732  

    Final Occupation by Irrep:
              A 
    DOCC [    23 ]
    NA   [    23 ]
    NB   [    23 ]

  @DF-RKS Final Energy:  -306.16282177513881

   => Energetics <=

    Nuclear Repulsion Energy =            221.9583473821981841
    One-Electron Energy =                -855.3904327548336823
    Two-Electron Energy =                 355.5373377121770773
    DFT Exchange-Correlation Energy =     -28.2638772723143461
    Empirical Dispersion Energy =          -0.0041968423660622
    VV10 Nonlocal Energy =                  0.0000000000000000
    Total Energy =                       -306.1628217751388092

Computation Completed


Properties will be evaluated at   0.000000,   0.000000,   0.000000 [a0]

Properties computed using the SCF density matrix


 Multipole Moments:

 ------------------------------------------------------------------------------------
     Multipole            Electronic (a.u.)      Nuclear  (a.u.)        Total (a.u.)
 ------------------------------------------------------------------------------------

 L = 1.  Multiply by 2.5417464519 to convert [e a0] to [Debye]
 Dipole X            :         -1.3409687           -0.5071882           -1.8481568
 Dipole Y            :          0.7258521           -0.0094983            0.7163538
 Dipole Z            :          0.3350830           -0.3352157           -0.0001327
 Magnitude           :                                                    1.9821318

 ------------------------------------------------------------------------------------

*** tstop() called on cst14372 at Tue Apr 21 11:07:52 2026
Module time:
	user time   =      26.61 seconds =       0.44 minutes
	system time =       0.37 seconds =       0.01 minutes
	total time  =         13 seconds =       0.22 minutes
Total time:
	user time   =     879.74 seconds =      14.66 minutes
	system time =      12.66 seconds =       0.21 minutes
	total time  =        425 seconds =       7.08 minutes

Scratch directory: /tmp/
gradient() will perform analytic gradient computation.

*** tstart() called on cst14372
*** at Tue Apr 21 11:07:52 2026


         ------------------------------------------------------------
                                   SCF GRAD                          
                          Rob Parrish, Justin Turney,                
                       Andy Simmonett, and Alex Sokolov              
         ------------------------------------------------------------

  ==> Geometry <==

    Molecular point group: c1
    Full point group: C1

    Geometry (in Angstrom), charge = 0, multiplicity = 1:

       Center              X                  Y                   Z               Mass       
    ------------   -----------------  -----------------  -----------------  -----------------
         C            0.066730497300     0.348025554200     0.093392917400    12.000000000000
         O            1.394707531600     0.332132844000     0.020456178000    15.994914619570
         O            2.060115905400    -0.790077507600    -0.002127032600    15.994914619570
         C           -0.716836897500    -0.916761799500     0.011570641600    12.000000000000
         C           -2.077813697400    -0.978395781900    -0.136069440400    12.000000000000
         C           -0.621601424600     1.709816105800     0.037370942100    12.000000000000
         H           -0.397779473100    -1.857528422600     0.384982241500     1.007825032230
         H           -2.614332321600    -0.105570136300    -0.388189319500     1.007825032230
         H           -2.741166339000    -1.855700800500    -0.267173065800     1.007825032230
         H            0.282792460500     2.310741865600    -0.067809403200     1.007825032230
         H           -1.183319969900     2.236983069700     0.785739463600     1.007825032230
         H           -1.156045142600     1.953500968200    -0.809161963400     1.007825032230

  Nuclear repulsion =  221.958347382198184

  ==> Basis Set <==

  Basis Set: 6-31G*
    Blend: 6-31G*
    Number of shells: 48
    Number of basis functions: 102
    Number of Cartesian functions: 102
    Spherical Harmonics?: false
    Max angular momentum: 2

  ==> DFJKGrad: Density-Fitted SCF Gradients <==

    Gradient:                    1
    J tasked:                  Yes
    K tasked:                  Yes
    wK tasked:                 Yes
    Omega:               2.000E-01
    OpenMP threads:              4
    Integrals threads:           4
    Memory [MiB]:             4291
    Schwarz Cutoff:          1E-12
    Fitting Condition:       1E-10

   => Auxiliary Basis Set <=

  Basis Set: (6-31G* AUX)
    Blend: CC-PVDZ-JKFIT
    Number of shells: 198
    Number of basis functions: 636
    Number of Cartesian functions: 636
    Spherical Harmonics?: false
    Max angular momentum: 3

  ==> DFT Potential <==

   => LibXC <=

    Version 7.0.0
    S. Lehtola, C. Steigemann, M. J.T. Oliveira, and M. A.L. Marques.,  SoftwareX 7, 1–5 (2018) (10.1016/j.softx.2017.11.002)

   => Composite Functional: WB97X-D <= 

    wB97X-D Hyb-GGA Exchange-Correlation Functional

    J.-D. Chai and M. Head-Gordon.,  Phys. Chem. Chem. Phys. 10, 6615-6620 (2008) (10.1039/B810189B)

    Deriv               =              1
    GGA                 =           TRUE
    Meta                =          FALSE

    Exchange Hybrid     =           TRUE
    MP2 Hybrid          =          FALSE

   => Exchange-Correlation Functionals <=

    1.0000   wB97X-D range-separated functional

   => Exact (HF) Exchange <=

    0.7780            HF,LR [omega = 0.2000]
    0.2220               HF 

   => LibXC Density Thresholds  <==

    XC_HYB_GGA_XC_WB97X_D:  1.00E-14 

   => Molecular Quadrature <=

    Radial Scheme          =       TREUTLER
    Pruning Scheme         =           NONE
    Nuclear Scheme         =       TREUTLER

    Blocking Scheme        =         OCTREE
    BS radius alpha        =              1
    Pruning alpha          =              1
    Radial Points          =             75
    Spherical Points       =            302
    Total Points           =         254563
    Total Blocks           =           1935
    Max Points             =            256
    Max Functions          =            100
    Weights Tolerance      =       1.00E-15


  -Total Gradient:
     Atom            X                  Y                   Z
    ------   -----------------  -----------------  -----------------
       1        0.008110283067     0.028266341827     0.008638096580
       2        0.062714148930    -0.028378343156    -0.010105282519
       3       -0.002654404080     0.016798722186     0.001716777041
       4        0.040052041728    -0.004290493844    -0.022984912148
       5       -0.021769933423    -0.005846055577     0.018723409430
       6       -0.073640312836    -0.003770245755    -0.013163767246
       7       -0.033768910322     0.012168020455     0.004312832230
       8        0.012838148859    -0.025777313772     0.004411553656
       9       -0.021395138799    -0.000738338699    -0.012700182350
      10       -0.000964126883    -0.014414003974     0.000341918755
      11        0.005229122964     0.018452003981    -0.029528609504
      12        0.025417667714     0.007651020916     0.050215788358


*** tstop() called on cst14372 at Tue Apr 21 11:07:54 2026
Module time:
	user time   =       3.76 seconds =       0.06 minutes
	system time =       0.05 seconds =       0.00 minutes
	total time  =          2 seconds =       0.03 minutes
Total time:
	user time   =     883.52 seconds =      14.73 minutes
	system time =      12.71 seconds =       0.21 minutes
	total time  =        427 seconds =       7.12 minutes

Scratch directory: /tmp/
   => Libint2 <=

    Primary   basis highest AM E, G, H:  6, 6, 3
    Auxiliary basis highest AM E, G, H:  7, 7, 4
    Onebody   basis highest AM E, G, H:  -, -, -
    Solid Harmonics ordering:            Gaussian

*** tstart() called on cst14372
*** at Tue Apr 21 11:07:54 2026

   => Loading Basis Set <=

    Name: 6-31G*
    Role: ORBITAL
    Keyword: BASIS
    atoms 1, 4-6 entry C          line   111 file /Users/jmsmith1/anaconda3/envs/jupyterenv/share/psi4/basis/6-31gs.gbs 
    atoms 2-3    entry O          line   145 file /Users/jmsmith1/anaconda3/envs/jupyterenv/share/psi4/basis/6-31gs.gbs 
    atoms 7-12   entry H          line    44 file /Users/jmsmith1/anaconda3/envs/jupyterenv/share/psi4/basis/6-31gs.gbs 

   => WB97X-D: Empirical Dispersion <=

    Chai and Head-Gordon Dispersion Correction
    Chai, J.-D.; Head-Gordon, M. (2010), J. Chem. Phys., 132: 6615-6620

        s6 =       1.000000


         ---------------------------------------------------------
                                   SCF
               by Justin Turney, Rob Parrish, Andy Simmonett
                          and Daniel G. A. Smith
                              RKS Reference
                        4 Threads,   5722 MiB Core
         ---------------------------------------------------------

  ==> Geometry <==

    Molecular point group: c1
    Full point group: C1

    Geometry (in Angstrom), charge = 0, multiplicity = 1:

       Center              X                  Y                   Z               Mass       
    ------------   -----------------  -----------------  -----------------  -----------------
         C            0.066618757000     0.346828365100     0.096635494200    12.000000000000
         O            1.395221187200     0.333993217100     0.021437600500    15.994914619570
         O            2.063285005200    -0.787222134300    -0.002250041400    15.994914619570
         C           -0.718049492000    -0.919647858900     0.013068107500    12.000000000000
         C           -2.078728712200    -0.980580072500    -0.141899882900    12.000000000000
         C           -0.625321481500     1.710919149400     0.037880595700    12.000000000000
         H           -0.399066468300    -1.850450160300     0.393475652600     1.007825032230
         H           -2.611243748000    -0.111469661200    -0.401920160700     1.007825032230
         H           -2.738614552900    -1.859596353200    -0.272370492300     1.007825032230
         H            0.279296017800     2.308403311600    -0.070701530000     1.007825032230
         H           -1.179239794600     2.236283940400     0.782943814700     1.007825032230
         H           -1.148368077300     1.946071104800    -0.799468621400     1.007825032230

  Running in c1 symmetry.

  Rotational constants: A =      0.18147  B =      0.09288  C =      0.06226 [cm^-1]
  Rotational constants: A =   5440.36829  B =   2784.42285  C =   1866.40099 [MHz]
  Nuclear repulsion =  221.934155661952218

  Charge       = 0
  Multiplicity = 1
  Electrons    = 46
  Nalpha       = 23
  Nbeta        = 23

  ==> Algorithm <==

  SCF Algorithm Type is DF.
  DIIS enabled.
  MOM disabled.
  Fractional occupation disabled.
  Guess Type is SAD.
  Energy threshold   = 1.00e-07
  Density threshold  = 1.00e-07
  Integral threshold = 1.00e-12

  ==> Primary Basis <==

  Basis Set: 6-31G*
    Blend: 6-31G*
    Number of shells: 48
    Number of basis functions: 102
    Number of Cartesian functions: 102
    Spherical Harmonics?: false
    Max angular momentum: 2

  ==> DFT Potential <==

   => LibXC <=

    Version 7.0.0
    S. Lehtola, C. Steigemann, M. J.T. Oliveira, and M. A.L. Marques.,  SoftwareX 7, 1–5 (2018) (10.1016/j.softx.2017.11.002)

   => Composite Functional: WB97X-D <= 

    wB97X-D Hyb-GGA Exchange-Correlation Functional

    J.-D. Chai and M. Head-Gordon.,  Phys. Chem. Chem. Phys. 10, 6615-6620 (2008) (10.1039/B810189B)

    Deriv               =              1
    GGA                 =           TRUE
    Meta                =          FALSE

    Exchange Hybrid     =           TRUE
    MP2 Hybrid          =          FALSE

   => Exchange-Correlation Functionals <=

    1.0000   wB97X-D range-separated functional

   => Exact (HF) Exchange <=

    0.7780            HF,LR [omega = 0.2000]
    0.2220               HF 

   => LibXC Density Thresholds  <==

    XC_HYB_GGA_XC_WB97X_D:  1.00E-14 

   => Molecular Quadrature <=

    Radial Scheme          =       TREUTLER
    Pruning Scheme         =           NONE
    Nuclear Scheme         =       TREUTLER

    Blocking Scheme        =         OCTREE
    BS radius alpha        =              1
    Pruning alpha          =              1
    Radial Points          =             75
    Spherical Points       =            302
    Total Points           =         254552
    Total Blocks           =           1934
    Max Points             =            256
    Max Functions          =            100
    Weights Tolerance      =       1.00E-15

   => Loading Basis Set <=

    Name: (6-31G* AUX)
    Role: JKFIT
    Keyword: DF_BASIS_SCF
    atoms 1, 4-6 entry C          line   121 file /Users/jmsmith1/anaconda3/envs/jupyterenv/share/psi4/basis/cc-pvdz-jkfit.gbs 
    atoms 2-3    entry O          line   221 file /Users/jmsmith1/anaconda3/envs/jupyterenv/share/psi4/basis/cc-pvdz-jkfit.gbs 
    atoms 7-12   entry H          line    51 file /Users/jmsmith1/anaconda3/envs/jupyterenv/share/psi4/basis/cc-pvdz-jkfit.gbs 

  ==> Integral Setup <==

  DFHelper Memory: AOs need 0.151 GiB; user supplied 3.605 GiB. 
  SCF_SUBTYPE=INCORE selected. In-core MEM_DF algorithm will be used.
  Using in-core AOs.

  ==> MemDFJK: Density-Fitted J/K Matrices <==

    J tasked:                   Yes
    K tasked:                   Yes
    wK tasked:                  Yes
    Omega:                2.000E-01
    OpenMP threads:               4
    Memory [MiB]:              3691
    Algorithm:                 Core
    Schwarz Cutoff:           1E-12
    Mask sparsity (%):       1.9223
    Fitting Condition:        1E-10

   => Auxiliary Basis Set <=

  Basis Set: (6-31G* AUX)
    Blend: CC-PVDZ-JKFIT
    Number of shells: 198
    Number of basis functions: 636
    Number of Cartesian functions: 636
    Spherical Harmonics?: false
    Max angular momentum: 3

  Cached 100.0% of DFT collocation blocks in 0.586 [GiB].

  Minimum eigenvalue in the overlap matrix is 3.5420816305E-03.
  Reciprocal condition number of the overlap matrix is 5.2043072700E-04.
    Using symmetric orthogonalization.

  ==> Pre-Iterations <==

  SCF Guess: Superposition of Atomic Densities via on-the-fly atomic UHF (no occupation information).

   -------------------------
    Irrep   Nso     Nmo    
   -------------------------
     A        102     102 
   -------------------------
    Total     102     102
   -------------------------

  ==> Iterations <==

                           Total Energy        Delta E     RMS |[F,P]|

   @DF-RKS iter SAD:  -300.27732533593155   -3.00277e+02   0.00000e+00 
   @DF-RKS iter   1:  -296.65511828188437    3.62221e+00   3.41435e-02 ADIIS/DIIS
   @DF-RKS iter   2:  -274.83383449017316    2.18213e+01   6.30401e-02 ADIIS/DIIS
   @DF-RKS iter   3:  -304.67446071969925   -2.98406e+01   1.71736e-02 ADIIS/DIIS
   @DF-RKS iter   4:  -303.79688029380901    8.77580e-01   2.09301e-02 ADIIS/DIIS
   @DF-RKS iter   5:  -306.07538333159238   -2.27850e+00   3.68787e-03 ADIIS/DIIS
   @DF-RKS iter   6:  -306.13294813377070   -5.75648e-02   2.30778e-03 ADIIS/DIIS
   @DF-RKS iter   7:  -306.15930597169120   -2.63578e-02   3.33252e-04 ADIIS/DIIS
   @DF-RKS iter   8:  -306.15994124155304   -6.35270e-04   2.32856e-04 ADIIS/DIIS
   @DF-RKS iter   9:  -306.16023306866288   -2.91827e-04   8.47863e-05 DIIS
   @DF-RKS iter  10:  -306.16027337296492   -4.03043e-05   3.46517e-05 DIIS
   @DF-RKS iter  11:  -306.16027799639619   -4.62343e-06   2.49816e-05 DIIS
   @DF-RKS iter  12:  -306.16028154639184   -3.55000e-06   8.71741e-06 DIIS
   @DF-RKS iter  13:  -306.16028211622699   -5.69835e-07   8.43706e-07 DIIS
   @DF-RKS iter  14:  -306.16028214594462   -2.97176e-08   5.95487e-07 DIIS
   @DF-RKS iter  15:  -306.16028216392090   -1.79763e-08   2.96526e-07 DIIS
   @DF-RKS iter  16:  -306.16028216832865   -4.40775e-09   1.00427e-07 DIIS
   @DF-RKS iter  17:  -306.16028216883876   -5.10113e-10   3.24196e-08 DIIS
  Energy and wave function converged.


  ==> Post-Iterations <==

   Electrons on quadrature grid:
      Ntotal   =   45.9999423171 ; deviation = -5.768e-05 

    Orbital Energies [Eh]
    ---------------------

    Doubly Occupied:                                                      

       1A    -19.425114     2A    -19.258473     3A    -10.420805  
       4A    -10.335374     5A    -10.333724     6A    -10.319721  
       7A     -1.294606     8A     -0.994131     9A     -0.901047  
      10A     -0.851340    11A     -0.748949    12A     -0.659321  
      13A     -0.616082    14A     -0.601249    15A     -0.578695  
      16A     -0.535413    17A     -0.516796    18A     -0.502360  
      19A     -0.485822    20A     -0.452404    21A     -0.388847  
      22A     -0.311292    23A     -0.294822  

    Virtual:                                                              

      24A     -0.028355    25A      0.096522    26A      0.171293  
      27A      0.176092    28A      0.210440    29A      0.234829  
      30A      0.240916    31A      0.259741    32A      0.272682  
      33A      0.298590    34A      0.339902    35A      0.415111  
      36A      0.435247    37A      0.562043    38A      0.577237  
      39A      0.598767    40A      0.634103    41A      0.647735  
      42A      0.690615    43A      0.695688    44A      0.700940  
      45A      0.744976    46A      0.793354    47A      0.841670  
      48A      0.888869    49A      0.905864    50A      0.925725  
      51A      0.946125    52A      0.953662    53A      0.980788  
      54A      1.013316    55A      1.033221    56A      1.044916  
      57A      1.075671    58A      1.106250    59A      1.139910  
      60A      1.155381    61A      1.191367    62A      1.202256  
      63A      1.345211    64A      1.371817    65A      1.417130  
      66A      1.456686    67A      1.501007    68A      1.613314  
      69A      1.623402    70A      1.718453    71A      1.741594  
      72A      1.762774    73A      1.835913    74A      1.841736  
      75A      1.902224    76A      1.922777    77A      1.951781  
      78A      1.991415    79A      2.057212    80A      2.144559  
      81A      2.191103    82A      2.239768    83A      2.310954  
      84A      2.351191    85A      2.375905    86A      2.422723  
      87A      2.466672    88A      2.517631    89A      2.559306  
      90A      2.605251    91A      2.707061    92A      2.765157  
      93A      2.908614    94A      2.909155    95A      3.104355  
      96A      3.215800    97A      3.594482    98A      4.100612  
      99A      4.134245   100A      4.251875   101A      4.345483  
     102A      4.590946  

    Final Occupation by Irrep:
              A 
    DOCC [    23 ]
    NA   [    23 ]
    NB   [    23 ]

  @DF-RKS Final Energy:  -306.16028216883876

   => Energetics <=

    Nuclear Repulsion Energy =            221.9341556619522180
    One-Electron Energy =                -855.3261391348340794
    Two-Electron Energy =                 355.5072630908403539
    DFT Exchange-Correlation Energy =     -28.2713676715494877
    Empirical Dispersion Energy =          -0.0041941152477682
    VV10 Nonlocal Energy =                  0.0000000000000000
    Total Energy =                       -306.1602821688387621

Computation Completed


Properties will be evaluated at   0.000000,   0.000000,   0.000000 [a0]

Properties computed using the SCF density matrix


 Multipole Moments:

 ------------------------------------------------------------------------------------
     Multipole            Electronic (a.u.)      Nuclear  (a.u.)        Total (a.u.)
 ------------------------------------------------------------------------------------

 L = 1.  Multiply by 2.5417464519 to convert [e a0] to [Debye]
 Dipole X            :         -1.3552432           -0.4952455           -1.8504887
 Dipole Y            :          0.7354470           -0.0216783            0.7137687
 Dipole Z            :          0.3399193           -0.3409727           -0.0010534
 Magnitude           :                                                    1.9833747

 ------------------------------------------------------------------------------------

*** tstop() called on cst14372 at Tue Apr 21 11:08:07 2026
Module time:
	user time   =      27.88 seconds =       0.46 minutes
	system time =       0.29 seconds =       0.00 minutes
	total time  =         13 seconds =       0.22 minutes
Total time:
	user time   =     911.42 seconds =      15.19 minutes
	system time =      13.01 seconds =       0.22 minutes
	total time  =        440 seconds =       7.33 minutes

Scratch directory: /tmp/
gradient() will perform analytic gradient computation.

*** tstart() called on cst14372
*** at Tue Apr 21 11:08:07 2026


         ------------------------------------------------------------
                                   SCF GRAD                          
                          Rob Parrish, Justin Turney,                
                       Andy Simmonett, and Alex Sokolov              
         ------------------------------------------------------------

  ==> Geometry <==

    Molecular point group: c1
    Full point group: C1

    Geometry (in Angstrom), charge = 0, multiplicity = 1:

       Center              X                  Y                   Z               Mass       
    ------------   -----------------  -----------------  -----------------  -----------------
         C            0.066618757000     0.346828365100     0.096635494200    12.000000000000
         O            1.395221187200     0.333993217100     0.021437600500    15.994914619570
         O            2.063285005200    -0.787222134300    -0.002250041400    15.994914619570
         C           -0.718049492000    -0.919647858900     0.013068107500    12.000000000000
         C           -2.078728712200    -0.980580072500    -0.141899882900    12.000000000000
         C           -0.625321481500     1.710919149400     0.037880595700    12.000000000000
         H           -0.399066468300    -1.850450160300     0.393475652600     1.007825032230
         H           -2.611243748000    -0.111469661200    -0.401920160700     1.007825032230
         H           -2.738614552900    -1.859596353200    -0.272370492300     1.007825032230
         H            0.279296017800     2.308403311600    -0.070701530000     1.007825032230
         H           -1.179239794600     2.236283940400     0.782943814700     1.007825032230
         H           -1.148368077300     1.946071104800    -0.799468621400     1.007825032230

  Nuclear repulsion =  221.934155661952218

  ==> Basis Set <==

  Basis Set: 6-31G*
    Blend: 6-31G*
    Number of shells: 48
    Number of basis functions: 102
    Number of Cartesian functions: 102
    Spherical Harmonics?: false
    Max angular momentum: 2

  ==> DFJKGrad: Density-Fitted SCF Gradients <==

    Gradient:                    1
    J tasked:                  Yes
    K tasked:                  Yes
    wK tasked:                 Yes
    Omega:               2.000E-01
    OpenMP threads:              4
    Integrals threads:           4
    Memory [MiB]:             4291
    Schwarz Cutoff:          1E-12
    Fitting Condition:       1E-10

   => Auxiliary Basis Set <=

  Basis Set: (6-31G* AUX)
    Blend: CC-PVDZ-JKFIT
    Number of shells: 198
    Number of basis functions: 636
    Number of Cartesian functions: 636
    Spherical Harmonics?: false
    Max angular momentum: 3

  ==> DFT Potential <==

   => LibXC <=

    Version 7.0.0
    S. Lehtola, C. Steigemann, M. J.T. Oliveira, and M. A.L. Marques.,  SoftwareX 7, 1–5 (2018) (10.1016/j.softx.2017.11.002)

   => Composite Functional: WB97X-D <= 

    wB97X-D Hyb-GGA Exchange-Correlation Functional

    J.-D. Chai and M. Head-Gordon.,  Phys. Chem. Chem. Phys. 10, 6615-6620 (2008) (10.1039/B810189B)

    Deriv               =              1
    GGA                 =           TRUE
    Meta                =          FALSE

    Exchange Hybrid     =           TRUE
    MP2 Hybrid          =          FALSE

   => Exchange-Correlation Functionals <=

    1.0000   wB97X-D range-separated functional

   => Exact (HF) Exchange <=

    0.7780            HF,LR [omega = 0.2000]
    0.2220               HF 

   => LibXC Density Thresholds  <==

    XC_HYB_GGA_XC_WB97X_D:  1.00E-14 

   => Molecular Quadrature <=

    Radial Scheme          =       TREUTLER
    Pruning Scheme         =           NONE
    Nuclear Scheme         =       TREUTLER

    Blocking Scheme        =         OCTREE
    BS radius alpha        =              1
    Pruning alpha          =              1
    Radial Points          =             75
    Spherical Points       =            302
    Total Points           =         254552
    Total Blocks           =           1934
    Max Points             =            256
    Max Functions          =            100
    Weights Tolerance      =       1.00E-15


  -Total Gradient:
     Atom            X                  Y                   Z
    ------   -----------------  -----------------  -----------------
       1        0.008603685420     0.027168289208     0.009206896681
       2        0.063520209364    -0.027601421385    -0.010393585402
       3       -0.002391877502     0.016467484252     0.001727229630
       4        0.040958774480    -0.009962173926    -0.021514602066
       5       -0.024369251541    -0.003488204557     0.017912720356
       6       -0.084312206813     0.003639847621    -0.021568811953
       7       -0.034988608741     0.016942215025     0.002541657364
       8        0.014165863542    -0.027826698455     0.005223948193
       9       -0.020830663498    -0.000614132636    -0.012756445863
      10       -0.001824366692    -0.015071703296     0.000277271899
      11        0.008140757845     0.015883587971    -0.033230006379
      12        0.033512054925     0.004591310530     0.062468158256


*** tstop() called on cst14372 at Tue Apr 21 11:08:09 2026
Module time:
	user time   =       3.64 seconds =       0.06 minutes
	system time =       0.05 seconds =       0.00 minutes
	total time  =          2 seconds =       0.03 minutes
Total time:
	user time   =     915.08 seconds =      15.25 minutes
	system time =      13.06 seconds =       0.22 minutes
	total time  =        442 seconds =       7.37 minutes

Scratch directory: /tmp/
   => Libint2 <=

    Primary   basis highest AM E, G, H:  6, 6, 3
    Auxiliary basis highest AM E, G, H:  7, 7, 4
    Onebody   basis highest AM E, G, H:  -, -, -
    Solid Harmonics ordering:            Gaussian

*** tstart() called on cst14372
*** at Tue Apr 21 11:08:09 2026

   => Loading Basis Set <=

    Name: 6-31G*
    Role: ORBITAL
    Keyword: BASIS
    atoms 1, 4-6 entry C          line   111 file /Users/jmsmith1/anaconda3/envs/jupyterenv/share/psi4/basis/6-31gs.gbs 
    atoms 2-3    entry O          line   145 file /Users/jmsmith1/anaconda3/envs/jupyterenv/share/psi4/basis/6-31gs.gbs 
    atoms 7-12   entry H          line    44 file /Users/jmsmith1/anaconda3/envs/jupyterenv/share/psi4/basis/6-31gs.gbs 

   => WB97X-D: Empirical Dispersion <=

    Chai and Head-Gordon Dispersion Correction
    Chai, J.-D.; Head-Gordon, M. (2010), J. Chem. Phys., 132: 6615-6620

        s6 =       1.000000


         ---------------------------------------------------------
                                   SCF
               by Justin Turney, Rob Parrish, Andy Simmonett
                          and Daniel G. A. Smith
                              RKS Reference
                        4 Threads,   5722 MiB Core
         ---------------------------------------------------------

  ==> Geometry <==

    Molecular point group: c1
    Full point group: C1

    Geometry (in Angstrom), charge = 0, multiplicity = 1:

       Center              X                  Y                   Z               Mass       
    ------------   -----------------  -----------------  -----------------  -----------------
         C            0.066481727000     0.345548535400     0.099862086600    12.000000000000
         O            1.395598405600     0.335919741700     0.022444858500    15.994914619570
         O            2.066469748600    -0.784393162400    -0.002377211600    15.994914619570
         C           -0.719384723300    -0.922514571500     0.014632826700    12.000000000000
         C           -2.079576153900    -0.982761456400    -0.147801422900    12.000000000000
         C           -0.628809577100     1.712015284400     0.038454404900    12.000000000000
         H           -0.399150073500    -1.843933335000     0.401909324500     1.007825032230
         H           -2.608633931700    -0.116428187400    -0.415876549800     1.007825032230
         H           -2.735335388800    -1.863483545100    -0.277144756000     1.007825032230
         H            0.275851022100     2.306577251300    -0.073612756500     1.007825032230
         H           -1.175427153000     2.235034285900     0.781285886700     1.007825032230
         H           -1.141822383500     1.938458291000    -0.791899426400     1.007825032230

  Running in c1 symmetry.

  Rotational constants: A =      0.18135  B =      0.09271  C =      0.06218 [cm^-1]
  Rotational constants: A =   5436.87406  B =   2779.36567  C =   1863.99619 [MHz]
  Nuclear repulsion =  221.893443527638823

  Charge       = 0
  Multiplicity = 1
  Electrons    = 46
  Nalpha       = 23
  Nbeta        = 23

  ==> Algorithm <==

  SCF Algorithm Type is DF.
  DIIS enabled.
  MOM disabled.
  Fractional occupation disabled.
  Guess Type is SAD.
  Energy threshold   = 1.00e-07
  Density threshold  = 1.00e-07
  Integral threshold = 1.00e-12

  ==> Primary Basis <==

  Basis Set: 6-31G*
    Blend: 6-31G*
    Number of shells: 48
    Number of basis functions: 102
    Number of Cartesian functions: 102
    Spherical Harmonics?: false
    Max angular momentum: 2

  ==> DFT Potential <==

   => LibXC <=

    Version 7.0.0
    S. Lehtola, C. Steigemann, M. J.T. Oliveira, and M. A.L. Marques.,  SoftwareX 7, 1–5 (2018) (10.1016/j.softx.2017.11.002)

   => Composite Functional: WB97X-D <= 

    wB97X-D Hyb-GGA Exchange-Correlation Functional

    J.-D. Chai and M. Head-Gordon.,  Phys. Chem. Chem. Phys. 10, 6615-6620 (2008) (10.1039/B810189B)

    Deriv               =              1
    GGA                 =           TRUE
    Meta                =          FALSE

    Exchange Hybrid     =           TRUE
    MP2 Hybrid          =          FALSE

   => Exchange-Correlation Functionals <=

    1.0000   wB97X-D range-separated functional

   => Exact (HF) Exchange <=

    0.7780            HF,LR [omega = 0.2000]
    0.2220               HF 

   => LibXC Density Thresholds  <==

    XC_HYB_GGA_XC_WB97X_D:  1.00E-14 

   => Molecular Quadrature <=

    Radial Scheme          =       TREUTLER
    Pruning Scheme         =           NONE
    Nuclear Scheme         =       TREUTLER

    Blocking Scheme        =         OCTREE
    BS radius alpha        =              1
    Pruning alpha          =              1
    Radial Points          =             75
    Spherical Points       =            302
    Total Points           =         254553
    Total Blocks           =           1931
    Max Points             =            256
    Max Functions          =            100
    Weights Tolerance      =       1.00E-15

   => Loading Basis Set <=

    Name: (6-31G* AUX)
    Role: JKFIT
    Keyword: DF_BASIS_SCF
    atoms 1, 4-6 entry C          line   121 file /Users/jmsmith1/anaconda3/envs/jupyterenv/share/psi4/basis/cc-pvdz-jkfit.gbs 
    atoms 2-3    entry O          line   221 file /Users/jmsmith1/anaconda3/envs/jupyterenv/share/psi4/basis/cc-pvdz-jkfit.gbs 
    atoms 7-12   entry H          line    51 file /Users/jmsmith1/anaconda3/envs/jupyterenv/share/psi4/basis/cc-pvdz-jkfit.gbs 

  ==> Integral Setup <==

  DFHelper Memory: AOs need 0.151 GiB; user supplied 3.604 GiB. 
  SCF_SUBTYPE=INCORE selected. In-core MEM_DF algorithm will be used.
  Using in-core AOs.

  ==> MemDFJK: Density-Fitted J/K Matrices <==

    J tasked:                   Yes
    K tasked:                   Yes
    wK tasked:                  Yes
    Omega:                2.000E-01
    OpenMP threads:               4
    Memory [MiB]:              3690
    Algorithm:                 Core
    Schwarz Cutoff:           1E-12
    Mask sparsity (%):       1.9416
    Fitting Condition:        1E-10

   => Auxiliary Basis Set <=

  Basis Set: (6-31G* AUX)
    Blend: CC-PVDZ-JKFIT
    Number of shells: 198
    Number of basis functions: 636
    Number of Cartesian functions: 636
    Spherical Harmonics?: false
    Max angular momentum: 3

  Cached 100.0% of DFT collocation blocks in 0.587 [GiB].

  Minimum eigenvalue in the overlap matrix is 3.5781496040E-03.
  Reciprocal condition number of the overlap matrix is 5.2564591310E-04.
    Using symmetric orthogonalization.

  ==> Pre-Iterations <==

  SCF Guess: Superposition of Atomic Densities via on-the-fly atomic UHF (no occupation information).

   -------------------------
    Irrep   Nso     Nmo    
   -------------------------
     A        102     102 
   -------------------------
    Total     102     102
   -------------------------

  ==> Iterations <==

                           Total Energy        Delta E     RMS |[F,P]|

   @DF-RKS iter SAD:  -300.28497602920908   -3.00285e+02   0.00000e+00 
   @DF-RKS iter   1:  -296.69319567335481    3.59178e+00   3.40815e-02 ADIIS/DIIS
   @DF-RKS iter   2:  -274.96044743430480    2.17327e+01   6.28754e-02 ADIIS/DIIS
   @DF-RKS iter   3:  -304.68262029141403   -2.97222e+01   1.71336e-02 ADIIS/DIIS
   @DF-RKS iter   4:  -303.85801309567961    8.24607e-01   2.06751e-02 ADIIS/DIIS
   @DF-RKS iter   5:  -306.07425660637881   -2.21624e+00   3.67214e-03 ADIIS/DIIS
   @DF-RKS iter   6:  -306.13133041787080   -5.70738e-02   2.27690e-03 ADIIS/DIIS
   @DF-RKS iter   7:  -306.15696177805688   -2.56314e-02   3.31344e-04 ADIIS/DIIS
   @DF-RKS iter   8:  -306.15756422224018   -6.02444e-04   2.36838e-04 ADIIS/DIIS
   @DF-RKS iter   9:  -306.15786579561927   -3.01573e-04   8.08534e-05 DIIS
   @DF-RKS iter  10:  -306.15790370473445   -3.79091e-05   3.34635e-05 DIIS
   @DF-RKS iter  11:  -306.15790808159369   -4.37686e-06   2.38319e-05 DIIS
   @DF-RKS iter  12:  -306.15791131121824   -3.22962e-06   8.68284e-06 DIIS
   @DF-RKS iter  13:  -306.15791187741928   -5.66201e-07   8.43352e-07 DIIS
   @DF-RKS iter  14:  -306.15791190705846   -2.96392e-08   6.04247e-07 DIIS
   @DF-RKS iter  15:  -306.15791192173555   -1.46771e-08   3.47522e-07 DIIS
   @DF-RKS iter  16:  -306.15791192869091   -6.95536e-09   9.68493e-08 DIIS
  Energy and wave function converged.


  ==> Post-Iterations <==

   Electrons on quadrature grid:
      Ntotal   =   45.9999416380 ; deviation = -5.836e-05 

    Orbital Energies [Eh]
    ---------------------

    Doubly Occupied:                                                      

       1A    -19.425130     2A    -19.258402     3A    -10.421032  
       4A    -10.335199     5A    -10.333560     6A    -10.317781  
       7A     -1.294037     8A     -0.993686     9A     -0.901119  
      10A     -0.852556    11A     -0.749196    12A     -0.659929  
      13A     -0.615938    14A     -0.601019    15A     -0.578622  
      16A     -0.535606    17A     -0.519245    18A     -0.502494  
      19A     -0.486415    20A     -0.452572    21A     -0.388763  
      22A     -0.311275    23A     -0.294909  

    Virtual:                                                              

      24A     -0.028273    25A      0.096133    26A      0.171890  
      27A      0.177174    28A      0.210794    29A      0.235336  
      30A      0.241622    31A      0.260460    32A      0.275071  
      33A      0.297730    34A      0.339547    35A      0.414302  
      36A      0.434299    37A      0.562411    38A      0.576886  
      39A      0.597613    40A      0.633342    41A      0.647222  
      42A      0.689887    43A      0.694421    44A      0.700529  
      45A      0.744149    46A      0.792487    47A      0.841630  
      48A      0.889352    49A      0.905741    50A      0.926644  
      51A      0.946489    52A      0.958152    53A      0.984578  
      54A      1.014349    55A      1.034719    56A      1.048023  
      57A      1.078132    58A      1.109607    59A      1.142548  
      60A      1.155644    61A      1.191063    62A      1.202305  
      63A      1.344804    64A      1.370918    65A      1.417480  
      66A      1.457292    67A      1.502177    68A      1.613015  
      69A      1.622025    70A      1.718495    71A      1.741174  
      72A      1.762142    73A      1.835007    74A      1.840631  
      75A      1.902589    76A      1.922783    77A      1.952009  
      78A      1.993065    79A      2.056692    80A      2.145791  
      81A      2.190038    82A      2.244426    83A      2.309908  
      84A      2.353223    85A      2.375464    86A      2.427005  
      87A      2.467905    88A      2.517042    89A      2.558252  
      90A      2.608067    91A      2.706899    92A      2.763878  
      93A      2.906503    94A      2.909232    95A      3.102374  
      96A      3.213987    97A      3.593671    98A      4.100909  
      99A      4.132633   100A      4.252349   101A      4.347230  
     102A      4.590125  

    Final Occupation by Irrep:
              A 
    DOCC [    23 ]
    NA   [    23 ]
    NB   [    23 ]

  @DF-RKS Final Energy:  -306.15791192869091

   => Energetics <=

    Nuclear Repulsion Energy =            221.8934435276388228
    One-Electron Energy =                -855.2315334702367409
    Two-Electron Energy =                 355.4619432237192882
    DFT Exchange-Correlation Energy =     -28.2775724253163929
    Empirical Dispersion Energy =          -0.0041927844958714
    VV10 Nonlocal Energy =                  0.0000000000000000
    Total Energy =                       -306.1579119286909076

Computation Completed


Properties will be evaluated at   0.000000,   0.000000,   0.000000 [a0]

Properties computed using the SCF density matrix


 Multipole Moments:

 ------------------------------------------------------------------------------------
     Multipole            Electronic (a.u.)      Nuclear  (a.u.)        Total (a.u.)
 ------------------------------------------------------------------------------------

 L = 1.  Multiply by 2.5417464519 to convert [e a0] to [Debye]
 Dipole X            :         -1.3696571           -0.4832125           -1.8528696
 Dipole Y            :          0.7442598           -0.0337049            0.7105549
 Dipole Z            :          0.3459531           -0.3475390           -0.0015859
 Magnitude           :                                                    1.9844436

 ------------------------------------------------------------------------------------

*** tstop() called on cst14372 at Tue Apr 21 11:08:21 2026
Module time:
	user time   =      26.45 seconds =       0.44 minutes
	system time =       0.29 seconds =       0.00 minutes
	total time  =         12 seconds =       0.20 minutes
Total time:
	user time   =     941.55 seconds =      15.69 minutes
	system time =      13.36 seconds =       0.22 minutes
	total time  =        454 seconds =       7.57 minutes

Scratch directory: /tmp/
gradient() will perform analytic gradient computation.

*** tstart() called on cst14372
*** at Tue Apr 21 11:08:22 2026


         ------------------------------------------------------------
                                   SCF GRAD                          
                          Rob Parrish, Justin Turney,                
                       Andy Simmonett, and Alex Sokolov              
         ------------------------------------------------------------

  ==> Geometry <==

    Molecular point group: c1
    Full point group: C1

    Geometry (in Angstrom), charge = 0, multiplicity = 1:

       Center              X                  Y                   Z               Mass       
    ------------   -----------------  -----------------  -----------------  -----------------
         C            0.066481727000     0.345548535400     0.099862086600    12.000000000000
         O            1.395598405600     0.335919741700     0.022444858500    15.994914619570
         O            2.066469748600    -0.784393162400    -0.002377211600    15.994914619570
         C           -0.719384723300    -0.922514571500     0.014632826700    12.000000000000
         C           -2.079576153900    -0.982761456400    -0.147801422900    12.000000000000
         C           -0.628809577100     1.712015284400     0.038454404900    12.000000000000
         H           -0.399150073500    -1.843933335000     0.401909324500     1.007825032230
         H           -2.608633931700    -0.116428187400    -0.415876549800     1.007825032230
         H           -2.735335388800    -1.863483545100    -0.277144756000     1.007825032230
         H            0.275851022100     2.306577251300    -0.073612756500     1.007825032230
         H           -1.175427153000     2.235034285900     0.781285886700     1.007825032230
         H           -1.141822383500     1.938458291000    -0.791899426400     1.007825032230

  Nuclear repulsion =  221.893443527638823

  ==> Basis Set <==

  Basis Set: 6-31G*
    Blend: 6-31G*
    Number of shells: 48
    Number of basis functions: 102
    Number of Cartesian functions: 102
    Spherical Harmonics?: false
    Max angular momentum: 2

  ==> DFJKGrad: Density-Fitted SCF Gradients <==

    Gradient:                    1
    J tasked:                  Yes
    K tasked:                  Yes
    wK tasked:                 Yes
    Omega:               2.000E-01
    OpenMP threads:              4
    Integrals threads:           4
    Memory [MiB]:             4291
    Schwarz Cutoff:          1E-12
    Fitting Condition:       1E-10

   => Auxiliary Basis Set <=

  Basis Set: (6-31G* AUX)
    Blend: CC-PVDZ-JKFIT
    Number of shells: 198
    Number of basis functions: 636
    Number of Cartesian functions: 636
    Spherical Harmonics?: false
    Max angular momentum: 3

  ==> DFT Potential <==

   => LibXC <=

    Version 7.0.0
    S. Lehtola, C. Steigemann, M. J.T. Oliveira, and M. A.L. Marques.,  SoftwareX 7, 1–5 (2018) (10.1016/j.softx.2017.11.002)

   => Composite Functional: WB97X-D <= 

    wB97X-D Hyb-GGA Exchange-Correlation Functional

    J.-D. Chai and M. Head-Gordon.,  Phys. Chem. Chem. Phys. 10, 6615-6620 (2008) (10.1039/B810189B)

    Deriv               =              1
    GGA                 =           TRUE
    Meta                =          FALSE

    Exchange Hybrid     =           TRUE
    MP2 Hybrid          =          FALSE

   => Exchange-Correlation Functionals <=

    1.0000   wB97X-D range-separated functional

   => Exact (HF) Exchange <=

    0.7780            HF,LR [omega = 0.2000]
    0.2220               HF 

   => LibXC Density Thresholds  <==

    XC_HYB_GGA_XC_WB97X_D:  1.00E-14 

   => Molecular Quadrature <=

    Radial Scheme          =       TREUTLER
    Pruning Scheme         =           NONE
    Nuclear Scheme         =       TREUTLER

    Blocking Scheme        =         OCTREE
    BS radius alpha        =              1
    Pruning alpha          =              1
    Radial Points          =             75
    Spherical Points       =            302
    Total Points           =         254553
    Total Blocks           =           1931
    Max Points             =            256
    Max Functions          =            100
    Weights Tolerance      =       1.00E-15


  -Total Gradient:
     Atom            X                  Y                   Z
    ------   -----------------  -----------------  -----------------
       1        0.009047835220     0.025951028021     0.009791832092
       2        0.064183105173    -0.026655635804    -0.010673717676
       3       -0.002081971764     0.016031385842     0.001735742761
       4        0.041511716696    -0.015124399433    -0.020133627617
       5       -0.026645402702    -0.001955259285     0.017167096947
       6       -0.094024792086     0.010483923907    -0.029240886925
       7       -0.035878737188     0.021123949746     0.000916264290
       8        0.015005792310    -0.029062049317     0.005844245727
       9       -0.020059715466    -0.000336566121    -0.012744061805
      10       -0.002580027192    -0.015626174142     0.000211339622
      11        0.010863742717     0.013422375899    -0.036490867368
      12        0.040847983217     0.001876472898     0.073528697604


*** tstop() called on cst14372 at Tue Apr 21 11:08:23 2026
Module time:
	user time   =       3.70 seconds =       0.06 minutes
	system time =       0.06 seconds =       0.00 minutes
	total time  =          1 seconds =       0.02 minutes
Total time:
	user time   =     945.27 seconds =      15.75 minutes
	system time =      13.42 seconds =       0.22 minutes
	total time  =        456 seconds =       7.60 minutes

Scratch directory: /tmp/
   => Libint2 <=

    Primary   basis highest AM E, G, H:  6, 6, 3
    Auxiliary basis highest AM E, G, H:  7, 7, 4
    Onebody   basis highest AM E, G, H:  -, -, -
    Solid Harmonics ordering:            Gaussian

*** tstart() called on cst14372
*** at Tue Apr 21 11:08:23 2026

   => Loading Basis Set <=

    Name: 6-31G*
    Role: ORBITAL
    Keyword: BASIS
    atoms 1, 4-6 entry C          line   111 file /Users/jmsmith1/anaconda3/envs/jupyterenv/share/psi4/basis/6-31gs.gbs 
    atoms 2-3    entry O          line   145 file /Users/jmsmith1/anaconda3/envs/jupyterenv/share/psi4/basis/6-31gs.gbs 
    atoms 7-12   entry H          line    44 file /Users/jmsmith1/anaconda3/envs/jupyterenv/share/psi4/basis/6-31gs.gbs 

   => WB97X-D: Empirical Dispersion <=

    Chai and Head-Gordon Dispersion Correction
    Chai, J.-D.; Head-Gordon, M. (2010), J. Chem. Phys., 132: 6615-6620

        s6 =       1.000000


         ---------------------------------------------------------
                                   SCF
               by Justin Turney, Rob Parrish, Andy Simmonett
                          and Daniel G. A. Smith
                              RKS Reference
                        4 Threads,   5722 MiB Core
         ---------------------------------------------------------

  ==> Geometry <==

    Molecular point group: c1
    Full point group: C1

    Geometry (in Angstrom), charge = 0, multiplicity = 1:

       Center              X                  Y                   Z               Mass       
    ------------   -----------------  -----------------  -----------------  -----------------
         C            0.066318003200     0.344189017800     0.103071681800    12.000000000000
         O            1.395837366000     0.337911025800     0.023478879100    15.994914619570
         O            2.069670241400    -0.781589087900    -0.002508604700    15.994914619570
         C           -0.720844916000    -0.925347570700     0.016261385100    12.000000000000
         C           -2.080349391700    -0.984944862300    -0.153773489100    12.000000000000
         C           -0.632037579700     1.713084910400     0.039114944900    12.000000000000
         H           -0.397995478400    -1.838122723100     0.410341084300     1.007825032230
         H           -2.606532903300    -0.120400995000    -0.430083851700     1.007825032230
         H           -2.731352230900    -1.867372815700    -0.281495930900     1.007825032230
         H            0.272482947600     2.305284155300    -0.076541536000     1.007825032230
         H           -1.171976082000     2.233316902500     0.780881741900     1.007825032230
         H           -1.136663653500     1.930753879400    -0.786841691300     1.007825032230

  Running in c1 symmetry.

  Rotational constants: A =      0.18122  B =      0.09254  C =      0.06210 [cm^-1]
  Rotational constants: A =   5432.82370  B =   2774.31898  C =   1861.63180 [MHz]
  Nuclear repulsion =  221.831698988928792

  Charge       = 0
  Multiplicity = 1
  Electrons    = 46
  Nalpha       = 23
  Nbeta        = 23

  ==> Algorithm <==

  SCF Algorithm Type is DF.
  DIIS enabled.
  MOM disabled.
  Fractional occupation disabled.
  Guess Type is SAD.
  Energy threshold   = 1.00e-07
  Density threshold  = 1.00e-07
  Integral threshold = 1.00e-12

  ==> Primary Basis <==

  Basis Set: 6-31G*
    Blend: 6-31G*
    Number of shells: 48
    Number of basis functions: 102
    Number of Cartesian functions: 102
    Spherical Harmonics?: false
    Max angular momentum: 2

  ==> DFT Potential <==

   => LibXC <=

    Version 7.0.0
    S. Lehtola, C. Steigemann, M. J.T. Oliveira, and M. A.L. Marques.,  SoftwareX 7, 1–5 (2018) (10.1016/j.softx.2017.11.002)

   => Composite Functional: WB97X-D <= 

    wB97X-D Hyb-GGA Exchange-Correlation Functional

    J.-D. Chai and M. Head-Gordon.,  Phys. Chem. Chem. Phys. 10, 6615-6620 (2008) (10.1039/B810189B)

    Deriv               =              1
    GGA                 =           TRUE
    Meta                =          FALSE

    Exchange Hybrid     =           TRUE
    MP2 Hybrid          =          FALSE

   => Exchange-Correlation Functionals <=

    1.0000   wB97X-D range-separated functional

   => Exact (HF) Exchange <=

    0.7780            HF,LR [omega = 0.2000]
    0.2220               HF 

   => LibXC Density Thresholds  <==

    XC_HYB_GGA_XC_WB97X_D:  1.00E-14 

   => Molecular Quadrature <=

    Radial Scheme          =       TREUTLER
    Pruning Scheme         =           NONE
    Nuclear Scheme         =       TREUTLER

    Blocking Scheme        =         OCTREE
    BS radius alpha        =              1
    Pruning alpha          =              1
    Radial Points          =             75
    Spherical Points       =            302
    Total Points           =         254554
    Total Blocks           =           1930
    Max Points             =            256
    Max Functions          =            100
    Weights Tolerance      =       1.00E-15

   => Loading Basis Set <=

    Name: (6-31G* AUX)
    Role: JKFIT
    Keyword: DF_BASIS_SCF
    atoms 1, 4-6 entry C          line   121 file /Users/jmsmith1/anaconda3/envs/jupyterenv/share/psi4/basis/cc-pvdz-jkfit.gbs 
    atoms 2-3    entry O          line   221 file /Users/jmsmith1/anaconda3/envs/jupyterenv/share/psi4/basis/cc-pvdz-jkfit.gbs 
    atoms 7-12   entry H          line    51 file /Users/jmsmith1/anaconda3/envs/jupyterenv/share/psi4/basis/cc-pvdz-jkfit.gbs 

  ==> Integral Setup <==

  DFHelper Memory: AOs need 0.151 GiB; user supplied 3.605 GiB. 
  SCF_SUBTYPE=INCORE selected. In-core MEM_DF algorithm will be used.
  Using in-core AOs.

  ==> MemDFJK: Density-Fitted J/K Matrices <==

    J tasked:                   Yes
    K tasked:                   Yes
    wK tasked:                  Yes
    Omega:                2.000E-01
    OpenMP threads:               4
    Memory [MiB]:              3691
    Algorithm:                 Core
    Schwarz Cutoff:           1E-12
    Mask sparsity (%):       1.9416
    Fitting Condition:        1E-10

   => Auxiliary Basis Set <=

  Basis Set: (6-31G* AUX)
    Blend: CC-PVDZ-JKFIT
    Number of shells: 198
    Number of basis functions: 636
    Number of Cartesian functions: 636
    Spherical Harmonics?: false
    Max angular momentum: 3

  Cached 100.0% of DFT collocation blocks in 0.586 [GiB].

  Minimum eigenvalue in the overlap matrix is 3.6146677499E-03.
  Reciprocal condition number of the overlap matrix is 5.3102256429E-04.
    Using symmetric orthogonalization.

  ==> Pre-Iterations <==

  SCF Guess: Superposition of Atomic Densities via on-the-fly atomic UHF (no occupation information).

   -------------------------
    Irrep   Nso     Nmo    
   -------------------------
     A        102     102 
   -------------------------
    Total     102     102
   -------------------------

  ==> Iterations <==

                           Total Energy        Delta E     RMS |[F,P]|

   @DF-RKS iter SAD:  -300.28768094767116   -3.00288e+02   0.00000e+00 
   @DF-RKS iter   1:  -296.73038021810379    3.55730e+00   3.40177e-02 ADIIS/DIIS
   @DF-RKS iter   2:  -275.07346400084595    2.16569e+01   6.27253e-02 ADIIS/DIIS
   @DF-RKS iter   3:  -304.69056672249104   -2.96171e+01   1.70954e-02 ADIIS/DIIS
   @DF-RKS iter   4:  -303.90773096135848    7.82836e-01   2.04599e-02 ADIIS/DIIS
   @DF-RKS iter   5:  -306.07347875482770   -2.16575e+00   3.65780e-03 ADIIS/DIIS
   @DF-RKS iter   6:  -306.13013994311927   -5.66612e-02   2.24845e-03 ADIIS/DIIS
   @DF-RKS iter   7:  -306.15511144472157   -2.49715e-02   3.30710e-04 ADIIS/DIIS
   @DF-RKS iter   8:  -306.15568535135708   -5.73907e-04   2.41268e-04 ADIIS/DIIS
   @DF-RKS iter   9:  -306.15599776093558   -3.12410e-04   7.74938e-05 DIIS
   @DF-RKS iter  10:  -306.15603371174382   -3.59508e-05   3.25014e-05 DIIS
   @DF-RKS iter  11:  -306.15603791150915   -4.19977e-06   2.28496e-05 DIIS
   @DF-RKS iter  12:  -306.15604088332708   -2.97182e-06   8.61238e-06 DIIS
   @DF-RKS iter  13:  -306.15604144220765   -5.58881e-07   8.66330e-07 DIIS
   @DF-RKS iter  14:  -306.15604147194881   -2.97412e-08   6.15598e-07 DIIS
   @DF-RKS iter  15:  -306.15604148457612   -1.26273e-08   3.61402e-07 DIIS
   @DF-RKS iter  16:  -306.15604149318563   -8.60950e-09   9.32921e-08 DIIS
  Energy and wave function converged.


  ==> Post-Iterations <==

   Electrons on quadrature grid:
      Ntotal   =   45.9999417542 ; deviation = -5.825e-05 

    Orbital Energies [Eh]
    ---------------------

    Doubly Occupied:                                                      

       1A    -19.425113     2A    -19.258303     3A    -10.421231  
       4A    -10.335133     5A    -10.333496     6A    -10.316252  
       7A     -1.293389     8A     -0.993227     9A     -0.901149  
      10A     -0.853456    11A     -0.749374    12A     -0.660272  
      13A     -0.615742    14A     -0.600566    15A     -0.578532  
      16A     -0.535811    17A     -0.521447    18A     -0.502570  
      19A     -0.487017    20A     -0.452632    21A     -0.388694  
      22A     -0.311245    23A     -0.294993  

    Virtual:                                                              

      24A     -0.028198    25A      0.095744    26A      0.172420  
      27A      0.177997    28A      0.211151    29A      0.235623  
      30A      0.242062    31A      0.260985    32A      0.276808  
      33A      0.296902    34A      0.339185    35A      0.413477  
      36A      0.433339    37A      0.562719    38A      0.576694  
      39A      0.596575    40A      0.632672    41A      0.646862  
      42A      0.688540    43A      0.693788    44A      0.700232  
      45A      0.743270    46A      0.791660    47A      0.841391  
      48A      0.889748    49A      0.905656    50A      0.927455  
      51A      0.946760    52A      0.961521    53A      0.987836  
      54A      1.015507    55A      1.035912    56A      1.049923  
      57A      1.079782    58A      1.112404    59A      1.145123  
      60A      1.156092    61A      1.190642    62A      1.202409  
      63A      1.344468    64A      1.370022    65A      1.417838  
      66A      1.457898    67A      1.503144    68A      1.612644  
      69A      1.620752    70A      1.718328    71A      1.741146  
      72A      1.761437    73A      1.834493    74A      1.839397  
      75A      1.903050    76A      1.922620    77A      1.952265  
      78A      1.994784    79A      2.056206    80A      2.146441  
      81A      2.189035    82A      2.248441    83A      2.308488  
      84A      2.354903    85A      2.374462    86A      2.430361  
      87A      2.468798    88A      2.516163    89A      2.557027  
      90A      2.609944    91A      2.706505    92A      2.762344  
      93A      2.904365    94A      2.909380    95A      3.100488  
      96A      3.212302    97A      3.592863    98A      4.101088  
      99A      4.131001   100A      4.252606   101A      4.348621  
     102A      4.589245  

    Final Occupation by Irrep:
              A 
    DOCC [    23 ]
    NA   [    23 ]
    NB   [    23 ]

  @DF-RKS Final Energy:  -306.15604149318563

   => Energetics <=

    Nuclear Repulsion Energy =            221.8316989889287925
    One-Electron Energy =                -855.0988280436637297
    Two-Electron Energy =                 355.3974182198119252
    DFT Exchange-Correlation Energy =     -28.2821378133046650
    Empirical Dispersion Energy =          -0.0041928449579944
    VV10 Nonlocal Energy =                  0.0000000000000000
    Total Energy =                       -306.1560414931856258

Computation Completed


Properties will be evaluated at   0.000000,   0.000000,   0.000000 [a0]

Properties computed using the SCF density matrix


 Multipole Moments:

 ------------------------------------------------------------------------------------
     Multipole            Electronic (a.u.)      Nuclear  (a.u.)        Total (a.u.)
 ------------------------------------------------------------------------------------

 L = 1.  Multiply by 2.5417464519 to convert [e a0] to [Debye]
 Dipole X            :         -1.3839211           -0.4714108           -1.8553319
 Dipole Y            :          0.7522491           -0.0454992            0.7067499
 Dipole Z            :          0.3533959           -0.3551378           -0.0017420
 Magnitude           :                                                    1.9853854

 ------------------------------------------------------------------------------------

*** tstop() called on cst14372 at Tue Apr 21 11:08:36 2026
Module time:
	user time   =      26.47 seconds =       0.44 minutes
	system time =       0.30 seconds =       0.01 minutes
	total time  =         13 seconds =       0.22 minutes
Total time:
	user time   =     971.76 seconds =      16.20 minutes
	system time =      13.73 seconds =       0.23 minutes
	total time  =        469 seconds =       7.82 minutes

Scratch directory: /tmp/
gradient() will perform analytic gradient computation.

*** tstart() called on cst14372
*** at Tue Apr 21 11:08:36 2026


         ------------------------------------------------------------
                                   SCF GRAD                          
                          Rob Parrish, Justin Turney,                
                       Andy Simmonett, and Alex Sokolov              
         ------------------------------------------------------------

  ==> Geometry <==

    Molecular point group: c1
    Full point group: C1

    Geometry (in Angstrom), charge = 0, multiplicity = 1:

       Center              X                  Y                   Z               Mass       
    ------------   -----------------  -----------------  -----------------  -----------------
         C            0.066318003200     0.344189017800     0.103071681800    12.000000000000
         O            1.395837366000     0.337911025800     0.023478879100    15.994914619570
         O            2.069670241400    -0.781589087900    -0.002508604700    15.994914619570
         C           -0.720844916000    -0.925347570700     0.016261385100    12.000000000000
         C           -2.080349391700    -0.984944862300    -0.153773489100    12.000000000000
         C           -0.632037579700     1.713084910400     0.039114944900    12.000000000000
         H           -0.397995478400    -1.838122723100     0.410341084300     1.007825032230
         H           -2.606532903300    -0.120400995000    -0.430083851700     1.007825032230
         H           -2.731352230900    -1.867372815700    -0.281495930900     1.007825032230
         H            0.272482947600     2.305284155300    -0.076541536000     1.007825032230
         H           -1.171976082000     2.233316902500     0.780881741900     1.007825032230
         H           -1.136663653500     1.930753879400    -0.786841691300     1.007825032230

  Nuclear repulsion =  221.831698988928792

  ==> Basis Set <==

  Basis Set: 6-31G*
    Blend: 6-31G*
    Number of shells: 48
    Number of basis functions: 102
    Number of Cartesian functions: 102
    Spherical Harmonics?: false
    Max angular momentum: 2

  ==> DFJKGrad: Density-Fitted SCF Gradients <==

    Gradient:                    1
    J tasked:                  Yes
    K tasked:                  Yes
    wK tasked:                 Yes
    Omega:               2.000E-01
    OpenMP threads:              4
    Integrals threads:           4
    Memory [MiB]:             4291
    Schwarz Cutoff:          1E-12
    Fitting Condition:       1E-10

   => Auxiliary Basis Set <=

  Basis Set: (6-31G* AUX)
    Blend: CC-PVDZ-JKFIT
    Number of shells: 198
    Number of basis functions: 636
    Number of Cartesian functions: 636
    Spherical Harmonics?: false
    Max angular momentum: 3

  ==> DFT Potential <==

   => LibXC <=

    Version 7.0.0
    S. Lehtola, C. Steigemann, M. J.T. Oliveira, and M. A.L. Marques.,  SoftwareX 7, 1–5 (2018) (10.1016/j.softx.2017.11.002)

   => Composite Functional: WB97X-D <= 

    wB97X-D Hyb-GGA Exchange-Correlation Functional

    J.-D. Chai and M. Head-Gordon.,  Phys. Chem. Chem. Phys. 10, 6615-6620 (2008) (10.1039/B810189B)

    Deriv               =              1
    GGA                 =           TRUE
    Meta                =          FALSE

    Exchange Hybrid     =           TRUE
    MP2 Hybrid          =          FALSE

   => Exchange-Correlation Functionals <=

    1.0000   wB97X-D range-separated functional

   => Exact (HF) Exchange <=

    0.7780            HF,LR [omega = 0.2000]
    0.2220               HF 

   => LibXC Density Thresholds  <==

    XC_HYB_GGA_XC_WB97X_D:  1.00E-14 

   => Molecular Quadrature <=

    Radial Scheme          =       TREUTLER
    Pruning Scheme         =           NONE
    Nuclear Scheme         =       TREUTLER

    Blocking Scheme        =         OCTREE
    BS radius alpha        =              1
    Pruning alpha          =              1
    Radial Points          =             75
    Spherical Points       =            302
    Total Points           =         254554
    Total Blocks           =           1930
    Max Points             =            256
    Max Functions          =            100
    Weights Tolerance      =       1.00E-15


  -Total Gradient:
     Atom            X                  Y                   Z
    ------   -----------------  -----------------  -----------------
       1        0.009434802759     0.024623591637     0.010389066508
       2        0.064704762511    -0.025544955111    -0.010943303140
       3       -0.001726261004     0.015493513333     0.001741566682
       4        0.041641129818    -0.019584589453    -0.018939699041
       5       -0.028542537930    -0.001313379774     0.016530420577
       6       -0.102132228331     0.016406417816    -0.035371106721
       7       -0.036376807403     0.024524758529    -0.000462155691
       8        0.015320817257    -0.029413561118     0.006224942919
       9       -0.019091946253     0.000088125302    -0.012662185441
      10       -0.003217847165    -0.016072192487     0.000143310786
      11        0.013303662228     0.011174437052    -0.039170124582
      12        0.046867489774    -0.000257411809     0.082452713942


*** tstop() called on cst14372 at Tue Apr 21 11:08:38 2026
Module time:
	user time   =       3.60 seconds =       0.06 minutes
	system time =       0.06 seconds =       0.00 minutes
	total time  =          2 seconds =       0.03 minutes
Total time:
	user time   =     975.38 seconds =      16.26 minutes
	system time =      13.79 seconds =       0.23 minutes
	total time  =        471 seconds =       7.85 minutes

Scratch directory: /tmp/
   => Libint2 <=

    Primary   basis highest AM E, G, H:  6, 6, 3
    Auxiliary basis highest AM E, G, H:  7, 7, 4
    Onebody   basis highest AM E, G, H:  -, -, -
    Solid Harmonics ordering:            Gaussian

*** tstart() called on cst14372
*** at Tue Apr 21 11:08:38 2026

   => Loading Basis Set <=

    Name: 6-31G*
    Role: ORBITAL
    Keyword: BASIS
    atoms 1, 4-6 entry C          line   111 file /Users/jmsmith1/anaconda3/envs/jupyterenv/share/psi4/basis/6-31gs.gbs 
    atoms 2-3    entry O          line   145 file /Users/jmsmith1/anaconda3/envs/jupyterenv/share/psi4/basis/6-31gs.gbs 
    atoms 7-12   entry H          line    44 file /Users/jmsmith1/anaconda3/envs/jupyterenv/share/psi4/basis/6-31gs.gbs 

   => WB97X-D: Empirical Dispersion <=

    Chai and Head-Gordon Dispersion Correction
    Chai, J.-D.; Head-Gordon, M. (2010), J. Chem. Phys., 132: 6615-6620

        s6 =       1.000000


         ---------------------------------------------------------
                                   SCF
               by Justin Turney, Rob Parrish, Andy Simmonett
                          and Daniel G. A. Smith
                              RKS Reference
                        4 Threads,   5722 MiB Core
         ---------------------------------------------------------

  ==> Geometry <==

    Molecular point group: c1
    Full point group: C1

    Geometry (in Angstrom), charge = 0, multiplicity = 1:

       Center              X                  Y                   Z               Mass       
    ------------   -----------------  -----------------  -----------------  -----------------
         C            0.066126338100     0.342753122300     0.106263072800    12.000000000000
         O            1.395936477500     0.339965250800     0.024540533800    15.994914619570
         O            2.072886350200    -0.778808320100    -0.002644272800    15.994914619570
         C           -0.722431162900    -0.928134328800     0.017950851100    12.000000000000
         C           -2.081042801900    -0.987132554900    -0.159815580100    12.000000000000
         C           -0.634981648400     1.714110967900     0.039880409800    12.000000000000
         H           -0.395580802200    -1.833137221700     0.418820047400     1.007825032230
         H           -2.604952994400    -0.123373109600    -0.444558704800     1.007825032230
         H           -2.726695218000    -1.871279542500    -0.285426107000     1.007825032230
         H            0.269213477500     2.304541112100    -0.079486117100     1.007825032230
         H           -1.168971490800     2.231207389800     0.781828332400     1.007825032230
         H           -1.133103766800     1.923029801000    -0.784611648900     1.007825032230

  Running in c1 symmetry.

  Rotational constants: A =      0.18106  B =      0.09237  C =      0.06202 [cm^-1]
  Rotational constants: A =   5428.16813  B =   2769.27067  C =   1859.30527 [MHz]
  Nuclear repulsion =  221.745091963824876

  Charge       = 0
  Multiplicity = 1
  Electrons    = 46
  Nalpha       = 23
  Nbeta        = 23

  ==> Algorithm <==

  SCF Algorithm Type is DF.
  DIIS enabled.
  MOM disabled.
  Fractional occupation disabled.
  Guess Type is SAD.
  Energy threshold   = 1.00e-07
  Density threshold  = 1.00e-07
  Integral threshold = 1.00e-12

  ==> Primary Basis <==

  Basis Set: 6-31G*
    Blend: 6-31G*
    Number of shells: 48
    Number of basis functions: 102
    Number of Cartesian functions: 102
    Spherical Harmonics?: false
    Max angular momentum: 2

  ==> DFT Potential <==

   => LibXC <=

    Version 7.0.0
    S. Lehtola, C. Steigemann, M. J.T. Oliveira, and M. A.L. Marques.,  SoftwareX 7, 1–5 (2018) (10.1016/j.softx.2017.11.002)

   => Composite Functional: WB97X-D <= 

    wB97X-D Hyb-GGA Exchange-Correlation Functional

    J.-D. Chai and M. Head-Gordon.,  Phys. Chem. Chem. Phys. 10, 6615-6620 (2008) (10.1039/B810189B)

    Deriv               =              1
    GGA                 =           TRUE
    Meta                =          FALSE

    Exchange Hybrid     =           TRUE
    MP2 Hybrid          =          FALSE

   => Exchange-Correlation Functionals <=

    1.0000   wB97X-D range-separated functional

   => Exact (HF) Exchange <=

    0.7780            HF,LR [omega = 0.2000]
    0.2220               HF 

   => LibXC Density Thresholds  <==

    XC_HYB_GGA_XC_WB97X_D:  1.00E-14 

   => Molecular Quadrature <=

    Radial Scheme          =       TREUTLER
    Pruning Scheme         =           NONE
    Nuclear Scheme         =       TREUTLER

    Blocking Scheme        =         OCTREE
    BS radius alpha        =              1
    Pruning alpha          =              1
    Radial Points          =             75
    Spherical Points       =            302
    Total Points           =         254559
    Total Blocks           =           1924
    Max Points             =            256
    Max Functions          =            100
    Weights Tolerance      =       1.00E-15

   => Loading Basis Set <=

    Name: (6-31G* AUX)
    Role: JKFIT
    Keyword: DF_BASIS_SCF
    atoms 1, 4-6 entry C          line   121 file /Users/jmsmith1/anaconda3/envs/jupyterenv/share/psi4/basis/cc-pvdz-jkfit.gbs 
    atoms 2-3    entry O          line   221 file /Users/jmsmith1/anaconda3/envs/jupyterenv/share/psi4/basis/cc-pvdz-jkfit.gbs 
    atoms 7-12   entry H          line    51 file /Users/jmsmith1/anaconda3/envs/jupyterenv/share/psi4/basis/cc-pvdz-jkfit.gbs 

  ==> Integral Setup <==

  DFHelper Memory: AOs need 0.151 GiB; user supplied 3.605 GiB. 
  SCF_SUBTYPE=INCORE selected. In-core MEM_DF algorithm will be used.
  Using in-core AOs.

  ==> MemDFJK: Density-Fitted J/K Matrices <==

    J tasked:                   Yes
    K tasked:                   Yes
    wK tasked:                  Yes
    Omega:                2.000E-01
    OpenMP threads:               4
    Memory [MiB]:              3691
    Algorithm:                 Core
    Schwarz Cutoff:           1E-12
    Mask sparsity (%):       1.9223
    Fitting Condition:        1E-10

   => Auxiliary Basis Set <=

  Basis Set: (6-31G* AUX)
    Blend: CC-PVDZ-JKFIT
    Number of shells: 198
    Number of basis functions: 636
    Number of Cartesian functions: 636
    Spherical Harmonics?: false
    Max angular momentum: 3

  Cached 100.0% of DFT collocation blocks in 0.586 [GiB].

  Minimum eigenvalue in the overlap matrix is 3.6516009704E-03.
  Reciprocal condition number of the overlap matrix is 5.3658303260E-04.
    Using symmetric orthogonalization.

  ==> Pre-Iterations <==

  SCF Guess: Superposition of Atomic Densities via on-the-fly atomic UHF (no occupation information).

   -------------------------
    Irrep   Nso     Nmo    
   -------------------------
     A        102     102 
   -------------------------
    Total     102     102
   -------------------------

  ==> Iterations <==

                           Total Energy        Delta E     RMS |[F,P]|

   @DF-RKS iter SAD:  -300.28502131940922   -3.00285e+02   0.00000e+00 
   @DF-RKS iter   1:  -296.76617377377858    3.51885e+00   3.39534e-02 ADIIS/DIIS
   @DF-RKS iter   2:  -275.17099580191012    2.15952e+01   6.25918e-02 ADIIS/DIIS
   @DF-RKS iter   3:  -304.69855568788967   -2.95276e+01   1.70591e-02 ADIIS/DIIS
   @DF-RKS iter   4:  -303.94814697461675    7.50409e-01   2.02806e-02 ADIIS/DIIS
   @DF-RKS iter   5:  -306.07339199165426   -2.12525e+00   3.64450e-03 ADIIS/DIIS
   @DF-RKS iter   6:  -306.12969145611316   -5.62995e-02   2.22265e-03 ADIIS/DIIS
   @DF-RKS iter   7:  -306.15407063734023   -2.43792e-02   3.31307e-04 ADIIS/DIIS
   @DF-RKS iter   8:  -306.15461986131851   -5.49224e-04   2.46164e-04 ADIIS/DIIS
   @DF-RKS iter   9:  -306.15494438463952   -3.24523e-04   7.46113e-05 DIIS
   @DF-RKS iter  10:  -306.15497872864728   -3.43440e-05   3.17416e-05 DIIS
   @DF-RKS iter  11:  -306.15498280627219   -4.07762e-06   2.20227e-05 DIIS
   @DF-RKS iter  12:  -306.15498557352242   -2.76725e-06   8.52203e-06 DIIS
   @DF-RKS iter  13:  -306.15498612346039   -5.49938e-07   8.99840e-07 DIIS
   @DF-RKS iter  14:  -306.15498615352044   -3.00601e-08   6.25778e-07 DIIS
   @DF-RKS iter  15:  -306.15498616509393   -1.15735e-08   3.64468e-07 DIIS
   @DF-RKS iter  16:  -306.15498617458809   -9.49416e-09   9.05419e-08 DIIS
  Energy and wave function converged.


  ==> Post-Iterations <==

   Electrons on quadrature grid:
      Ntotal   =   45.9999426923 ; deviation = -5.731e-05 

    Orbital Energies [Eh]
    ---------------------

    Doubly Occupied:                                                      

       1A    -19.425061     2A    -19.258177     3A    -10.421406  
       4A    -10.335191     5A    -10.333537     6A    -10.315197  
       7A     -1.292662     8A     -0.992750     9A     -0.901126  
      10A     -0.853968    11A     -0.749473    12A     -0.660328  
      13A     -0.615491    14A     -0.599883    15A     -0.578414  
      16A     -0.536022    17A     -0.523333    18A     -0.502585  
      19A     -0.487601    20A     -0.452585    21A     -0.388641  
      22A     -0.311201    23A     -0.295070  

    Virtual:                                                              

      24A     -0.028130    25A      0.095364    26A      0.172910  
      27A      0.178518    28A      0.211501    29A      0.235699  
      30A      0.242194    31A      0.261311    32A      0.277767  
      33A      0.296101    34A      0.338810    35A      0.412642  
      36A      0.432365    37A      0.562962    38A      0.576690  
      39A      0.595688    40A      0.632110    41A      0.646653  
      42A      0.686767    43A      0.693621    44A      0.700040  
      45A      0.742348    46A      0.790880    47A      0.840973  
      48A      0.890072    49A      0.905595    50A      0.928174  
      51A      0.946971    52A      0.963772    53A      0.990356  
      54A      1.016678    55A      1.036846    56A      1.050776  
      57A      1.080695    58A      1.114262    59A      1.147152  
      60A      1.156548    61A      1.190048    62A      1.202492  
      63A      1.344204    64A      1.369121    65A      1.418181  
      66A      1.458484    67A      1.503873    68A      1.612181  
      69A      1.619598    70A      1.718102    71A      1.741387  
      72A      1.760658    73A      1.834395    74A      1.838054  
      75A      1.903608    76A      1.922275    77A      1.952551  
      78A      1.996510    79A      2.055753    80A      2.146508  
      81A      2.188127    82A      2.251718    83A      2.306683  
      84A      2.356152    85A      2.373135    86A      2.432697  
      87A      2.469126    88A      2.514777    89A      2.555613  
      90A      2.610484    91A      2.705792    92A      2.760549  
      93A      2.902211    94A      2.909566    95A      3.098694  
      96A      3.210764    97A      3.592055    98A      4.101142  
      99A      4.129346   100A      4.252634   101A      4.349554  
     102A      4.588287  

    Final Occupation by Irrep:
              A 
    DOCC [    23 ]
    NA   [    23 ]
    NB   [    23 ]

  @DF-RKS Final Energy:  -306.15498617458809

   => Energetics <=

    Nuclear Repulsion Energy =            221.7450919638248763
    One-Electron Energy =                -854.9215340803947356
    Two-Electron Energy =                 355.3104152946397676
    DFT Exchange-Correlation Energy =     -28.2847650572894338
    Empirical Dispersion Energy =          -0.0041942953685022
    VV10 Nonlocal Energy =                  0.0000000000000000
    Total Energy =                       -306.1549861745880889

Computation Completed


Properties will be evaluated at   0.000000,   0.000000,   0.000000 [a0]

Properties computed using the SCF density matrix


 Multipole Moments:

 ------------------------------------------------------------------------------------
     Multipole            Electronic (a.u.)      Nuclear  (a.u.)        Total (a.u.)
 ------------------------------------------------------------------------------------

 L = 1.  Multiply by 2.5417464519 to convert [e a0] to [Debye]
 Dipole X            :         -1.3978041           -0.4601177           -1.8579218
 Dipole Y            :          0.7594357           -0.0570185            0.7024172
 Dipole Z            :          0.3623986           -0.3639454           -0.0015467
 Magnitude           :                                                    1.9862694

 ------------------------------------------------------------------------------------

*** tstop() called on cst14372 at Tue Apr 21 11:08:51 2026
Module time:
	user time   =      26.75 seconds =       0.45 minutes
	system time =       0.38 seconds =       0.01 minutes
	total time  =         13 seconds =       0.22 minutes
Total time:
	user time   =    1002.15 seconds =      16.70 minutes
	system time =      14.17 seconds =       0.24 minutes
	total time  =        484 seconds =       8.07 minutes

Scratch directory: /tmp/
gradient() will perform analytic gradient computation.

*** tstart() called on cst14372
*** at Tue Apr 21 11:08:51 2026


         ------------------------------------------------------------
                                   SCF GRAD                          
                          Rob Parrish, Justin Turney,                
                       Andy Simmonett, and Alex Sokolov              
         ------------------------------------------------------------

  ==> Geometry <==

    Molecular point group: c1
    Full point group: C1

    Geometry (in Angstrom), charge = 0, multiplicity = 1:

       Center              X                  Y                   Z               Mass       
    ------------   -----------------  -----------------  -----------------  -----------------
         C            0.066126338100     0.342753122300     0.106263072800    12.000000000000
         O            1.395936477500     0.339965250800     0.024540533800    15.994914619570
         O            2.072886350200    -0.778808320100    -0.002644272800    15.994914619570
         C           -0.722431162900    -0.928134328800     0.017950851100    12.000000000000
         C           -2.081042801900    -0.987132554900    -0.159815580100    12.000000000000
         C           -0.634981648400     1.714110967900     0.039880409800    12.000000000000
         H           -0.395580802200    -1.833137221700     0.418820047400     1.007825032230
         H           -2.604952994400    -0.123373109600    -0.444558704800     1.007825032230
         H           -2.726695218000    -1.871279542500    -0.285426107000     1.007825032230
         H            0.269213477500     2.304541112100    -0.079486117100     1.007825032230
         H           -1.168971490800     2.231207389800     0.781828332400     1.007825032230
         H           -1.133103766800     1.923029801000    -0.784611648900     1.007825032230

  Nuclear repulsion =  221.745091963824876

  ==> Basis Set <==

  Basis Set: 6-31G*
    Blend: 6-31G*
    Number of shells: 48
    Number of basis functions: 102
    Number of Cartesian functions: 102
    Spherical Harmonics?: false
    Max angular momentum: 2

  ==> DFJKGrad: Density-Fitted SCF Gradients <==

    Gradient:                    1
    J tasked:                  Yes
    K tasked:                  Yes
    wK tasked:                 Yes
    Omega:               2.000E-01
    OpenMP threads:              4
    Integrals threads:           4
    Memory [MiB]:             4291
    Schwarz Cutoff:          1E-12
    Fitting Condition:       1E-10

   => Auxiliary Basis Set <=

  Basis Set: (6-31G* AUX)
    Blend: CC-PVDZ-JKFIT
    Number of shells: 198
    Number of basis functions: 636
    Number of Cartesian functions: 636
    Spherical Harmonics?: false
    Max angular momentum: 3

  ==> DFT Potential <==

   => LibXC <=

    Version 7.0.0
    S. Lehtola, C. Steigemann, M. J.T. Oliveira, and M. A.L. Marques.,  SoftwareX 7, 1–5 (2018) (10.1016/j.softx.2017.11.002)

   => Composite Functional: WB97X-D <= 

    wB97X-D Hyb-GGA Exchange-Correlation Functional

    J.-D. Chai and M. Head-Gordon.,  Phys. Chem. Chem. Phys. 10, 6615-6620 (2008) (10.1039/B810189B)

    Deriv               =              1
    GGA                 =           TRUE
    Meta                =          FALSE

    Exchange Hybrid     =           TRUE
    MP2 Hybrid          =          FALSE

   => Exchange-Correlation Functionals <=

    1.0000   wB97X-D range-separated functional

   => Exact (HF) Exchange <=

    0.7780            HF,LR [omega = 0.2000]
    0.2220               HF 

   => LibXC Density Thresholds  <==

    XC_HYB_GGA_XC_WB97X_D:  1.00E-14 

   => Molecular Quadrature <=

    Radial Scheme          =       TREUTLER
    Pruning Scheme         =           NONE
    Nuclear Scheme         =       TREUTLER

    Blocking Scheme        =         OCTREE
    BS radius alpha        =              1
    Pruning alpha          =              1
    Radial Points          =             75
    Spherical Points       =            302
    Total Points           =         254559
    Total Blocks           =           1924
    Max Points             =            256
    Max Functions          =            100
    Weights Tolerance      =       1.00E-15


  -Total Gradient:
     Atom            X                  Y                   Z
    ------   -----------------  -----------------  -----------------
       1        0.009759984616     0.023194372578     0.010997048559
       2        0.065083419548    -0.024274406960    -0.011203084131
       3       -0.001324421256     0.014857267571     0.001745180146
       4        0.041283668086    -0.023176003224    -0.018026259627
       5       -0.030028990560    -0.001583976373     0.016037360753
       6       -0.108038762246     0.021106033881    -0.039188820598
       7       -0.036424240726     0.026983767477    -0.001497024977
       8        0.015100693803    -0.028854600661     0.006329888820
       9       -0.017940661236     0.000650232091    -0.012511464716
      10       -0.003727219584    -0.016405692871     0.000071878139
      11        0.015369582844     0.009242161028    -0.041133400131
      12        0.051056800557    -0.001620910025     0.088333763326


*** tstop() called on cst14372 at Tue Apr 21 11:08:53 2026
Module time:
	user time   =       3.62 seconds =       0.06 minutes
	system time =       0.07 seconds =       0.00 minutes
	total time  =          2 seconds =       0.03 minutes
Total time:
	user time   =    1005.79 seconds =      16.76 minutes
	system time =      14.24 seconds =       0.24 minutes
	total time  =        486 seconds =       8.10 minutes

Scratch directory: /tmp/
   => Libint2 <=

    Primary   basis highest AM E, G, H:  6, 6, 3
    Auxiliary basis highest AM E, G, H:  7, 7, 4
    Onebody   basis highest AM E, G, H:  -, -, -
    Solid Harmonics ordering:            Gaussian

*** tstart() called on cst14372
*** at Tue Apr 21 11:08:53 2026

   => Loading Basis Set <=

    Name: 6-31G*
    Role: ORBITAL
    Keyword: BASIS
    atoms 1, 4-6 entry C          line   111 file /Users/jmsmith1/anaconda3/envs/jupyterenv/share/psi4/basis/6-31gs.gbs 
    atoms 2-3    entry O          line   145 file /Users/jmsmith1/anaconda3/envs/jupyterenv/share/psi4/basis/6-31gs.gbs 
    atoms 7-12   entry H          line    44 file /Users/jmsmith1/anaconda3/envs/jupyterenv/share/psi4/basis/6-31gs.gbs 

   => WB97X-D: Empirical Dispersion <=

    Chai and Head-Gordon Dispersion Correction
    Chai, J.-D.; Head-Gordon, M. (2010), J. Chem. Phys., 132: 6615-6620

        s6 =       1.000000


         ---------------------------------------------------------
                                   SCF
               by Justin Turney, Rob Parrish, Andy Simmonett
                          and Daniel G. A. Smith
                              RKS Reference
                        4 Threads,   5722 MiB Core
         ---------------------------------------------------------

  ==> Geometry <==

    Molecular point group: c1
    Full point group: C1

    Geometry (in Angstrom), charge = 0, multiplicity = 1:

       Center              X                  Y                   Z               Mass       
    ------------   -----------------  -----------------  -----------------  -----------------
         C            0.065905668400     0.341244579800     0.109434704900    12.000000000000
         O            1.395894400700     0.342080065900     0.025630582800    15.994914619570
         O            2.076117536600    -0.776049322900    -0.002784251400    15.994914619570
         C           -0.724143037500    -0.930864507100     0.019698952000    12.000000000000
         C           -2.081651838000    -0.989323954900    -0.165927050600    12.000000000000
         C           -0.637623859100     1.715079765700     0.040762320400    12.000000000000
         H           -0.391899474800    -1.829064388400     0.427382848700     1.007825032230
         H           -2.603888423200    -0.125360332600    -0.459306982600     1.007825032230
         H           -2.721401168700    -1.875223533600    -0.288939247800     1.007825032230
         H            0.266060285000     2.304361633600    -0.082444346800     1.007825032230
         H           -1.166486117300     2.228770804900     0.784198583300     1.007825032230
         H           -1.131293041100     1.915332389300    -0.785422743600     1.007825032230

  Running in c1 symmetry.

  Rotational constants: A =      0.18089  B =      0.09220  C =      0.06194 [cm^-1]
  Rotational constants: A =   5422.87697  B =   2764.21274  C =   1857.01564 [MHz]
  Nuclear repulsion =  221.630883580221223

  Charge       = 0
  Multiplicity = 1
  Electrons    = 46
  Nalpha       = 23
  Nbeta        = 23

  ==> Algorithm <==

  SCF Algorithm Type is DF.
  DIIS enabled.
  MOM disabled.
  Fractional occupation disabled.
  Guess Type is SAD.
  Energy threshold   = 1.00e-07
  Density threshold  = 1.00e-07
  Integral threshold = 1.00e-12

  ==> Primary Basis <==

  Basis Set: 6-31G*
    Blend: 6-31G*
    Number of shells: 48
    Number of basis functions: 102
    Number of Cartesian functions: 102
    Spherical Harmonics?: false
    Max angular momentum: 2

  ==> DFT Potential <==

   => LibXC <=

    Version 7.0.0
    S. Lehtola, C. Steigemann, M. J.T. Oliveira, and M. A.L. Marques.,  SoftwareX 7, 1–5 (2018) (10.1016/j.softx.2017.11.002)

   => Composite Functional: WB97X-D <= 

    wB97X-D Hyb-GGA Exchange-Correlation Functional

    J.-D. Chai and M. Head-Gordon.,  Phys. Chem. Chem. Phys. 10, 6615-6620 (2008) (10.1039/B810189B)

    Deriv               =              1
    GGA                 =           TRUE
    Meta                =          FALSE

    Exchange Hybrid     =           TRUE
    MP2 Hybrid          =          FALSE

   => Exchange-Correlation Functionals <=

    1.0000   wB97X-D range-separated functional

   => Exact (HF) Exchange <=

    0.7780            HF,LR [omega = 0.2000]
    0.2220               HF 

   => LibXC Density Thresholds  <==

    XC_HYB_GGA_XC_WB97X_D:  1.00E-14 

   => Molecular Quadrature <=

    Radial Scheme          =       TREUTLER
    Pruning Scheme         =           NONE
    Nuclear Scheme         =       TREUTLER

    Blocking Scheme        =         OCTREE
    BS radius alpha        =              1
    Pruning alpha          =              1
    Radial Points          =             75
    Spherical Points       =            302
    Total Points           =         254561
    Total Blocks           =           1926
    Max Points             =            256
    Max Functions          =            100
    Weights Tolerance      =       1.00E-15

   => Loading Basis Set <=

    Name: (6-31G* AUX)
    Role: JKFIT
    Keyword: DF_BASIS_SCF
    atoms 1, 4-6 entry C          line   121 file /Users/jmsmith1/anaconda3/envs/jupyterenv/share/psi4/basis/cc-pvdz-jkfit.gbs 
    atoms 2-3    entry O          line   221 file /Users/jmsmith1/anaconda3/envs/jupyterenv/share/psi4/basis/cc-pvdz-jkfit.gbs 
    atoms 7-12   entry H          line    51 file /Users/jmsmith1/anaconda3/envs/jupyterenv/share/psi4/basis/cc-pvdz-jkfit.gbs 

  ==> Integral Setup <==

  DFHelper Memory: AOs need 0.151 GiB; user supplied 3.605 GiB. 
  SCF_SUBTYPE=INCORE selected. In-core MEM_DF algorithm will be used.
  Using in-core AOs.

  ==> MemDFJK: Density-Fitted J/K Matrices <==

    J tasked:                   Yes
    K tasked:                   Yes
    wK tasked:                  Yes
    Omega:                2.000E-01
    OpenMP threads:               4
    Memory [MiB]:              3691
    Algorithm:                 Core
    Schwarz Cutoff:           1E-12
    Mask sparsity (%):       1.9223
    Fitting Condition:        1E-10

   => Auxiliary Basis Set <=

  Basis Set: (6-31G* AUX)
    Blend: CC-PVDZ-JKFIT
    Number of shells: 198
    Number of basis functions: 636
    Number of Cartesian functions: 636
    Spherical Harmonics?: false
    Max angular momentum: 3

  Cached 100.0% of DFT collocation blocks in 0.586 [GiB].

  Minimum eigenvalue in the overlap matrix is 3.6889230045E-03.
  Reciprocal condition number of the overlap matrix is 5.4234631096E-04.
    Using symmetric orthogonalization.

  ==> Pre-Iterations <==

  SCF Guess: Superposition of Atomic Densities via on-the-fly atomic UHF (no occupation information).

   -------------------------
    Irrep   Nso     Nmo    
   -------------------------
     A        102     102 
   -------------------------
    Total     102     102
   -------------------------

  ==> Iterations <==

                           Total Energy        Delta E     RMS |[F,P]|

   @DF-RKS iter SAD:  -300.27673278471423   -3.00277e+02   0.00000e+00 
   @DF-RKS iter   1:  -296.80010015040614    3.47663e+00   3.38894e-02 ADIIS/DIIS
   @DF-RKS iter   2:  -275.25165675269307    2.15484e+01   6.24769e-02 ADIIS/DIIS
   @DF-RKS iter   3:  -304.70675941764188   -2.94551e+01   1.70251e-02 ADIIS/DIIS
   @DF-RKS iter   4:  -303.98083182821517    7.25928e-01   2.01343e-02 ADIIS/DIIS
   @DF-RKS iter   5:  -306.07424409268890   -2.09341e+00   3.63210e-03 ADIIS/DIIS
   @DF-RKS iter   6:  -306.13021833405242   -5.59742e-02   2.19962e-03 ADIIS/DIIS
   @DF-RKS iter   7:  -306.15407272483748   -2.38544e-02   3.33100e-04 ADIIS/DIIS
   @DF-RKS iter   8:  -306.15460085998888   -5.28135e-04   2.51502e-04 ADIIS/DIIS
   @DF-RKS iter   9:  -306.15493886567327   -3.38006e-04   7.21235e-05 DIIS
   @DF-RKS iter  10:  -306.15497188498898   -3.30193e-05   3.11631e-05 DIIS
   @DF-RKS iter  11:  -306.15497588381021   -3.99882e-06   2.13418e-05 DIIS
   @DF-RKS iter  12:  -306.15497849210476   -2.60829e-06   8.42477e-06 DIIS
   @DF-RKS iter  13:  -306.15497903313093   -5.41026e-07   9.34644e-07 DIIS
   @DF-RKS iter  14:  -306.15497906368222   -3.05513e-08   6.33890e-07 DIIS
   @DF-RKS iter  15:  -306.15497907477709   -1.10949e-08   3.65132e-07 DIIS
   @DF-RKS iter  16:  -306.15497908473202   -9.95493e-09   8.84925e-08 DIIS
  Energy and wave function converged.


  ==> Post-Iterations <==

   Electrons on quadrature grid:
      Ntotal   =   45.9999444691 ; deviation = -5.553e-05 

    Orbital Energies [Eh]
    ---------------------

    Doubly Occupied:                                                      

       1A    -19.424974     2A    -19.258023     3A    -10.421558  
       4A    -10.335383     5A    -10.333685     6A    -10.314666  
       7A     -1.291857     8A     -0.992254     9A     -0.901044  
      10A     -0.854044    11A     -0.749489    12A     -0.660090  
      13A     -0.615183    14A     -0.598973    15A     -0.578249  
      16A     -0.536235    17A     -0.524846    18A     -0.502532  
      19A     -0.488145    20A     -0.452430    21A     -0.388604  
      22A     -0.311141    23A     -0.295140  

    Virtual:                                                              

      24A     -0.028068    25A      0.094997    26A      0.173372  
      27A      0.178712    28A      0.211829    29A      0.235573  
      30A      0.241991    31A      0.261420    32A      0.277890  
      33A      0.295308    34A      0.338415    35A      0.411802  
      36A      0.431374    37A      0.563137    38A      0.576886  
      39A      0.594990    40A      0.631669    41A      0.646595  
      42A      0.684803    43A      0.693696    44A      0.699952  
      45A      0.741392    46A      0.790151    47A      0.840395  
      48A      0.890334    49A      0.905541    50A      0.928800  
      51A      0.947125    52A      0.965028    53A      0.991917  
      54A      1.017742    55A      1.037501    56A      1.050739  
      57A      1.080949    58A      1.115062    59A      1.148334  
      60A      1.156725    61A      1.189223    62A      1.202498  
      63A      1.344016    64A      1.368212    65A      1.418490  
      66A      1.459031    67A      1.504347    68A      1.611604  
      69A      1.618579    70A      1.717944    71A      1.741767  
      72A      1.759808    73A      1.834727    74A      1.836627  
      75A      1.904260    76A      1.921753    77A      1.952870  
      78A      1.998179    79A      2.055329    80A      2.146008  
      81A      2.187329    82A      2.254171    83A      2.304487  
      84A      2.356888    85A      2.371622    86A      2.434052  
      87A      2.468722    88A      2.512656    89A      2.554001  
      90A      2.609381    91A      2.704699    92A      2.758504  
      93A      2.900052    94A      2.909753    95A      3.096986  
      96A      3.209392    97A      3.591247    98A      4.101071  
      99A      4.127664   100A      4.252429   101A      4.349950  
     102A      4.587242  

    Final Occupation by Irrep:
              A 
    DOCC [    23 ]
    NA   [    23 ]
    NB   [    23 ]

  @DF-RKS Final Energy:  -306.15497908473202

   => Energetics <=

    Nuclear Repulsion Energy =            221.6308835802212229
    One-Electron Energy =                -854.6950230418418641
    Two-Electron Energy =                 355.1985927567010890
    DFT Exchange-Correlation Energy =     -28.2852352340316138
    Empirical Dispersion Energy =          -0.0041971457807853
    VV10 Nonlocal Energy =                  0.0000000000000000
    Total Energy =                       -306.1549790847320196

Computation Completed


Properties will be evaluated at   0.000000,   0.000000,   0.000000 [a0]

Properties computed using the SCF density matrix


 Multipole Moments:

 ------------------------------------------------------------------------------------
     Multipole            Electronic (a.u.)      Nuclear  (a.u.)        Total (a.u.)
 ------------------------------------------------------------------------------------

 L = 1.  Multiply by 2.5417464519 to convert [e a0] to [Debye]
 Dipole X            :         -1.4111288           -0.4495485           -1.8606774
 Dipole Y            :          0.7658800           -0.0682610            0.6976190
 Dipole Z            :          0.3730418           -0.3740669           -0.0010251
 Magnitude           :                                                    1.9871572

 ------------------------------------------------------------------------------------

*** tstop() called on cst14372 at Tue Apr 21 11:09:05 2026
Module time:
	user time   =      26.79 seconds =       0.45 minutes
	system time =       0.36 seconds =       0.01 minutes
	total time  =         12 seconds =       0.20 minutes
Total time:
	user time   =    1032.60 seconds =      17.21 minutes
	system time =      14.60 seconds =       0.24 minutes
	total time  =        498 seconds =       8.30 minutes

Scratch directory: /tmp/
gradient() will perform analytic gradient computation.

*** tstart() called on cst14372
*** at Tue Apr 21 11:09:05 2026


         ------------------------------------------------------------
                                   SCF GRAD                          
                          Rob Parrish, Justin Turney,                
                       Andy Simmonett, and Alex Sokolov              
         ------------------------------------------------------------

  ==> Geometry <==

    Molecular point group: c1
    Full point group: C1

    Geometry (in Angstrom), charge = 0, multiplicity = 1:

       Center              X                  Y                   Z               Mass       
    ------------   -----------------  -----------------  -----------------  -----------------
         C            0.065905668400     0.341244579800     0.109434704900    12.000000000000
         O            1.395894400700     0.342080065900     0.025630582800    15.994914619570
         O            2.076117536600    -0.776049322900    -0.002784251400    15.994914619570
         C           -0.724143037500    -0.930864507100     0.019698952000    12.000000000000
         C           -2.081651838000    -0.989323954900    -0.165927050600    12.000000000000
         C           -0.637623859100     1.715079765700     0.040762320400    12.000000000000
         H           -0.391899474800    -1.829064388400     0.427382848700     1.007825032230
         H           -2.603888423200    -0.125360332600    -0.459306982600     1.007825032230
         H           -2.721401168700    -1.875223533600    -0.288939247800     1.007825032230
         H            0.266060285000     2.304361633600    -0.082444346800     1.007825032230
         H           -1.166486117300     2.228770804900     0.784198583300     1.007825032230
         H           -1.131293041100     1.915332389300    -0.785422743600     1.007825032230

  Nuclear repulsion =  221.630883580221223

  ==> Basis Set <==

  Basis Set: 6-31G*
    Blend: 6-31G*
    Number of shells: 48
    Number of basis functions: 102
    Number of Cartesian functions: 102
    Spherical Harmonics?: false
    Max angular momentum: 2

  ==> DFJKGrad: Density-Fitted SCF Gradients <==

    Gradient:                    1
    J tasked:                  Yes
    K tasked:                  Yes
    wK tasked:                 Yes
    Omega:               2.000E-01
    OpenMP threads:              4
    Integrals threads:           4
    Memory [MiB]:             4291
    Schwarz Cutoff:          1E-12
    Fitting Condition:       1E-10

   => Auxiliary Basis Set <=

  Basis Set: (6-31G* AUX)
    Blend: CC-PVDZ-JKFIT
    Number of shells: 198
    Number of basis functions: 636
    Number of Cartesian functions: 636
    Spherical Harmonics?: false
    Max angular momentum: 3

  ==> DFT Potential <==

   => LibXC <=

    Version 7.0.0
    S. Lehtola, C. Steigemann, M. J.T. Oliveira, and M. A.L. Marques.,  SoftwareX 7, 1–5 (2018) (10.1016/j.softx.2017.11.002)

   => Composite Functional: WB97X-D <= 

    wB97X-D Hyb-GGA Exchange-Correlation Functional

    J.-D. Chai and M. Head-Gordon.,  Phys. Chem. Chem. Phys. 10, 6615-6620 (2008) (10.1039/B810189B)

    Deriv               =              1
    GGA                 =           TRUE
    Meta                =          FALSE

    Exchange Hybrid     =           TRUE
    MP2 Hybrid          =          FALSE

   => Exchange-Correlation Functionals <=

    1.0000   wB97X-D range-separated functional

   => Exact (HF) Exchange <=

    0.7780            HF,LR [omega = 0.2000]
    0.2220               HF 

   => LibXC Density Thresholds  <==

    XC_HYB_GGA_XC_WB97X_D:  1.00E-14 

   => Molecular Quadrature <=

    Radial Scheme          =       TREUTLER
    Pruning Scheme         =           NONE
    Nuclear Scheme         =       TREUTLER

    Blocking Scheme        =         OCTREE
    BS radius alpha        =              1
    Pruning alpha          =              1
    Radial Points          =             75
    Spherical Points       =            302
    Total Points           =         254561
    Total Blocks           =           1926
    Max Points             =            256
    Max Functions          =            100
    Weights Tolerance      =       1.00E-15


  -Total Gradient:
     Atom            X                  Y                   Z
    ------   -----------------  -----------------  -----------------
       1        0.010021564851     0.021671110231     0.011615327887
       2        0.065319048437    -0.022851047536    -0.011452638848
       3       -0.000876954707     0.014127263292     0.001746412497
       4        0.040384329666    -0.025776393485    -0.017474242104
       5       -0.031097843677    -0.002738370890     0.015709621401
       6       -0.111300763356     0.024389166648    -0.040112327237
       7       -0.035971269797     0.028384529802    -0.002105417452
       8        0.014364087176    -0.027406017928     0.006137974293
       9       -0.016622556242     0.001336077627    -0.012293499515
      10       -0.004098549718    -0.016622990756    -0.000004650994
      11        0.016981141673     0.007715156219    -0.042262941500
      12        0.053043087273    -0.002116801539     0.090471251916


*** tstop() called on cst14372 at Tue Apr 21 11:09:07 2026
Module time:
	user time   =       3.68 seconds =       0.06 minutes
	system time =       0.06 seconds =       0.00 minutes
	total time  =          2 seconds =       0.03 minutes
Total time:
	user time   =    1036.30 seconds =      17.27 minutes
	system time =      14.66 seconds =       0.24 minutes
	total time  =        500 seconds =       8.33 minutes

Scratch directory: /tmp/
   => Libint2 <=

    Primary   basis highest AM E, G, H:  6, 6, 3
    Auxiliary basis highest AM E, G, H:  7, 7, 4
    Onebody   basis highest AM E, G, H:  -, -, -
    Solid Harmonics ordering:            Gaussian

*** tstart() called on cst14372
*** at Tue Apr 21 11:09:07 2026

   => Loading Basis Set <=

    Name: 6-31G*
    Role: ORBITAL
    Keyword: BASIS
    atoms 1, 4-6 entry C          line   111 file /Users/jmsmith1/anaconda3/envs/jupyterenv/share/psi4/basis/6-31gs.gbs 
    atoms 2-3    entry O          line   145 file /Users/jmsmith1/anaconda3/envs/jupyterenv/share/psi4/basis/6-31gs.gbs 
    atoms 7-12   entry H          line    44 file /Users/jmsmith1/anaconda3/envs/jupyterenv/share/psi4/basis/6-31gs.gbs 

   => WB97X-D: Empirical Dispersion <=

    Chai and Head-Gordon Dispersion Correction
    Chai, J.-D.; Head-Gordon, M. (2010), J. Chem. Phys., 132: 6615-6620

        s6 =       1.000000


         ---------------------------------------------------------
                                   SCF
               by Justin Turney, Rob Parrish, Andy Simmonett
                          and Daniel G. A. Smith
                              RKS Reference
                        4 Threads,   5722 MiB Core
         ---------------------------------------------------------

  ==> Geometry <==

    Molecular point group: c1
    Full point group: C1

    Geometry (in Angstrom), charge = 0, multiplicity = 1:

       Center              X                  Y                   Z               Mass       
    ------------   -----------------  -----------------  -----------------  -----------------
         C            0.065655137100     0.339667600600     0.112584563300    12.000000000000
         O            1.395710092900     0.344252504200     0.026749624700    15.994914619570
         O            2.079362732300    -0.773310720000    -0.002928552700    15.994914619570
         C           -0.725978327200    -0.933530230100     0.021504227600    12.000000000000
         C           -2.082173056900    -0.991515628600    -0.172106925300    12.000000000000
         C           -0.639953499200     1.715981530400     0.041763749600    12.000000000000
         H           -0.386962533100    -1.825956212500     0.436050405500     1.007825032230
         H           -2.603315752300    -0.126408868000    -0.474322397200     1.007825032230
         H           -2.715513435400    -1.879228421200    -0.292041141300     1.007825032230
         H            0.263036775800     2.304755353900    -0.085413495500     1.007825032230
         H           -1.164577670700     2.226058745800     0.788036743800     1.007825032230
         H           -1.131306725900     1.907679226000    -0.789360190600     1.007825032230

  Running in c1 symmetry.

  Rotational constants: A =      0.18069  B =      0.09204  C =      0.06187 [cm^-1]
  Rotational constants: A =   5416.94128  B =   2759.14198  C =   1854.76372 [MHz]
  Nuclear repulsion =  221.487760574349977

  Charge       = 0
  Multiplicity = 1
  Electrons    = 46
  Nalpha       = 23
  Nbeta        = 23

  ==> Algorithm <==

  SCF Algorithm Type is DF.
  DIIS enabled.
  MOM disabled.
  Fractional occupation disabled.
  Guess Type is SAD.
  Energy threshold   = 1.00e-07
  Density threshold  = 1.00e-07
  Integral threshold = 1.00e-12

  ==> Primary Basis <==

  Basis Set: 6-31G*
    Blend: 6-31G*
    Number of shells: 48
    Number of basis functions: 102
    Number of Cartesian functions: 102
    Spherical Harmonics?: false
    Max angular momentum: 2

  ==> DFT Potential <==

   => LibXC <=

    Version 7.0.0
    S. Lehtola, C. Steigemann, M. J.T. Oliveira, and M. A.L. Marques.,  SoftwareX 7, 1–5 (2018) (10.1016/j.softx.2017.11.002)

   => Composite Functional: WB97X-D <= 

    wB97X-D Hyb-GGA Exchange-Correlation Functional

    J.-D. Chai and M. Head-Gordon.,  Phys. Chem. Chem. Phys. 10, 6615-6620 (2008) (10.1039/B810189B)

    Deriv               =              1
    GGA                 =           TRUE
    Meta                =          FALSE

    Exchange Hybrid     =           TRUE
    MP2 Hybrid          =          FALSE

   => Exchange-Correlation Functionals <=

    1.0000   wB97X-D range-separated functional

   => Exact (HF) Exchange <=

    0.7780            HF,LR [omega = 0.2000]
    0.2220               HF 

   => LibXC Density Thresholds  <==

    XC_HYB_GGA_XC_WB97X_D:  1.00E-14 

   => Molecular Quadrature <=

    Radial Scheme          =       TREUTLER
    Pruning Scheme         =           NONE
    Nuclear Scheme         =       TREUTLER

    Blocking Scheme        =         OCTREE
    BS radius alpha        =              1
    Pruning alpha          =              1
    Radial Points          =             75
    Spherical Points       =            302
    Total Points           =         254576
    Total Blocks           =           1933
    Max Points             =            256
    Max Functions          =            100
    Weights Tolerance      =       1.00E-15

   => Loading Basis Set <=

    Name: (6-31G* AUX)
    Role: JKFIT
    Keyword: DF_BASIS_SCF
    atoms 1, 4-6 entry C          line   121 file /Users/jmsmith1/anaconda3/envs/jupyterenv/share/psi4/basis/cc-pvdz-jkfit.gbs 
    atoms 2-3    entry O          line   221 file /Users/jmsmith1/anaconda3/envs/jupyterenv/share/psi4/basis/cc-pvdz-jkfit.gbs 
    atoms 7-12   entry H          line    51 file /Users/jmsmith1/anaconda3/envs/jupyterenv/share/psi4/basis/cc-pvdz-jkfit.gbs 

  ==> Integral Setup <==

  DFHelper Memory: AOs need 0.151 GiB; user supplied 3.605 GiB. 
  SCF_SUBTYPE=INCORE selected. In-core MEM_DF algorithm will be used.
  Using in-core AOs.

  ==> MemDFJK: Density-Fitted J/K Matrices <==

    J tasked:                   Yes
    K tasked:                   Yes
    wK tasked:                  Yes
    Omega:                2.000E-01
    OpenMP threads:               4
    Memory [MiB]:              3691
    Algorithm:                 Core
    Schwarz Cutoff:           1E-12
    Mask sparsity (%):       1.9031
    Fitting Condition:        1E-10

   => Auxiliary Basis Set <=

  Basis Set: (6-31G* AUX)
    Blend: CC-PVDZ-JKFIT
    Number of shells: 198
    Number of basis functions: 636
    Number of Cartesian functions: 636
    Spherical Harmonics?: false
    Max angular momentum: 3

  Cached 100.0% of DFT collocation blocks in 0.586 [GiB].

  Minimum eigenvalue in the overlap matrix is 3.7266130799E-03.
  Reciprocal condition number of the overlap matrix is 5.4832486394E-04.
    Using symmetric orthogonalization.

  ==> Pre-Iterations <==

  SCF Guess: Superposition of Atomic Densities via on-the-fly atomic UHF (no occupation information).

   -------------------------
    Irrep   Nso     Nmo    
   -------------------------
     A        102     102 
   -------------------------
    Total     102     102
   -------------------------

  ==> Iterations <==

                           Total Energy        Delta E     RMS |[F,P]|

   @DF-RKS iter SAD:  -300.26270090753059   -3.00263e+02   0.00000e+00 
   @DF-RKS iter   1:  -296.83171504733900    3.43099e+00   3.38266e-02 ADIIS/DIIS
   @DF-RKS iter   2:  -275.31458938588253    2.15171e+01   6.23817e-02 ADIIS/DIIS
   @DF-RKS iter   3:  -304.71520332847564   -2.94006e+01   1.69938e-02 ADIIS/DIIS
   @DF-RKS iter   4:  -304.00687392901199    7.08329e-01   2.00184e-02 ADIIS/DIIS
   @DF-RKS iter   5:  -306.07613350668936   -2.06926e+00   3.62065e-03 ADIIS/DIIS
   @DF-RKS iter   6:  -306.13181320519061   -5.56797e-02   2.17948e-03 ADIIS/DIIS
   @DF-RKS iter   7:  -306.15521003046888   -2.33968e-02   3.36063e-04 ADIIS/DIIS
   @DF-RKS iter   8:  -306.15572055171089   -5.10521e-04   2.57234e-04 ADIIS/DIIS
   @DF-RKS iter   9:  -306.15607342149730   -3.52870e-04   6.99625e-05 DIIS
   @DF-RKS iter  10:  -306.15610534260315   -3.19211e-05   3.07486e-05 DIIS
   @DF-RKS iter  11:  -306.15610929702575   -3.95442e-06   2.07995e-05 DIIS
   @DF-RKS iter  12:  -306.15611178606468   -2.48904e-06   8.33051e-06 DIIS
   @DF-RKS iter  13:  -306.15611231934230   -5.33278e-07   9.65171e-07 DIIS
   @DF-RKS iter  14:  -306.15611235052074   -3.11784e-08   6.40372e-07 DIIS
   @DF-RKS iter  15:  -306.15611236145031   -1.09296e-08   3.65799e-07 DIIS
   @DF-RKS iter  16:  -306.15611237169668   -1.02464e-08   8.70463e-08 DIIS
  Energy and wave function converged.


  ==> Post-Iterations <==

   Electrons on quadrature grid:
      Ntotal   =   45.9999470971 ; deviation = -5.290e-05 

    Orbital Energies [Eh]
    ---------------------

    Doubly Occupied:                                                      

       1A    -19.424851     2A    -19.257842     3A    -10.421688  
       4A    -10.335713     5A    -10.333937     6A    -10.314686  
       7A     -1.290977     8A     -0.991738     9A     -0.900900  
      10A     -0.853660    11A     -0.749421    12A     -0.659563  
      13A     -0.614817    14A     -0.597854    15A     -0.578022  
      16A     -0.536451    17A     -0.525942    18A     -0.502410  
      19A     -0.488625    20A     -0.452173    21A     -0.388584  
      22A     -0.311065    23A     -0.295200  

    Virtual:                                                              

      24A     -0.028011    25A      0.094649    26A      0.173809  
      27A      0.178568    28A      0.212110    29A      0.235253  
      30A      0.241454    31A      0.261285    32A      0.277180  
      33A      0.294491    34A      0.337993    35A      0.410961  
      36A      0.430367    37A      0.563243    38A      0.577273  
      39A      0.594515    40A      0.631354    41A      0.646687  
      42A      0.682761    43A      0.693912    44A      0.699972  
      45A      0.740411    46A      0.789474    47A      0.839677  
      48A      0.890538    49A      0.905475    50A      0.929328  
      51A      0.947219    52A      0.965424    53A      0.992345  
      54A      1.018577    55A      1.037844    56A      1.049911  
      57A      1.080578    58A      1.114757    59A      1.148501  
      60A      1.156539    61A      1.188153    62A      1.202402  
      63A      1.343904    64A      1.367299    65A      1.418753  
      66A      1.459525    67A      1.504577    68A      1.610895  
      69A      1.617708    70A      1.717942    71A      1.742163  
      72A      1.758901    73A      1.835057    74A      1.835575  
      75A      1.904998    76A      1.921070    77A      1.953223  
      78A      1.999724    79A      2.054931    80A      2.144969  
      81A      2.186641    82A      2.255721    83A      2.301911  
      84A      2.357033    85A      2.370004    86A      2.434465  
      87A      2.467518    88A      2.509625    89A      2.552193  
      90A      2.606506    91A      2.703221    92A      2.756236  
      93A      2.897900    94A      2.909901    95A      3.095360  
      96A      3.208204    97A      3.590440    98A      4.100880  
      99A      4.125946   100A      4.251988   101A      4.349762  
     102A      4.586106  

    Final Occupation by Irrep:
              A 
    DOCC [    23 ]
    NA   [    23 ]
    NB   [    23 ]

  @DF-RKS Final Energy:  -306.15611237169668

   => Energetics <=

    Nuclear Repulsion Energy =            221.4877605743499771
    One-Electron Energy =                -854.4170413132486601
    Two-Electron Energy =                 355.0608032717365177
    DFT Exchange-Correlation Energy =     -28.2834334833327254
    Empirical Dispersion Energy =          -0.0042014212017795
    VV10 Nonlocal Energy =                  0.0000000000000000
    Total Energy =                       -306.1561123716966790

Computation Completed


Properties will be evaluated at   0.000000,   0.000000,   0.000000 [a0]

Properties computed using the SCF density matrix


 Multipole Moments:

 ------------------------------------------------------------------------------------
     Multipole            Electronic (a.u.)      Nuclear  (a.u.)        Total (a.u.)
 ------------------------------------------------------------------------------------

 L = 1.  Multiply by 2.5417464519 to convert [e a0] to [Debye]
 Dipole X            :         -1.4237800           -0.4398436           -1.8636236
 Dipole Y            :          0.7716822           -0.0792670            0.6924152
 Dipole Z            :          0.3853238           -0.3855189           -0.0001951
 Magnitude           :                                                    1.9880976

 ------------------------------------------------------------------------------------

*** tstop() called on cst14372 at Tue Apr 21 11:09:20 2026
Module time:
	user time   =      26.75 seconds =       0.45 minutes
	system time =       0.33 seconds =       0.01 minutes
	total time  =         13 seconds =       0.22 minutes
Total time:
	user time   =    1063.07 seconds =      17.72 minutes
	system time =      15.00 seconds =       0.25 minutes
	total time  =        513 seconds =       8.55 minutes

Scratch directory: /tmp/
gradient() will perform analytic gradient computation.

*** tstart() called on cst14372
*** at Tue Apr 21 11:09:20 2026


         ------------------------------------------------------------
                                   SCF GRAD                          
                          Rob Parrish, Justin Turney,                
                       Andy Simmonett, and Alex Sokolov              
         ------------------------------------------------------------

  ==> Geometry <==

    Molecular point group: c1
    Full point group: C1

    Geometry (in Angstrom), charge = 0, multiplicity = 1:

       Center              X                  Y                   Z               Mass       
    ------------   -----------------  -----------------  -----------------  -----------------
         C            0.065655137100     0.339667600600     0.112584563300    12.000000000000
         O            1.395710092900     0.344252504200     0.026749624700    15.994914619570
         O            2.079362732300    -0.773310720000    -0.002928552700    15.994914619570
         C           -0.725978327200    -0.933530230100     0.021504227600    12.000000000000
         C           -2.082173056900    -0.991515628600    -0.172106925300    12.000000000000
         C           -0.639953499200     1.715981530400     0.041763749600    12.000000000000
         H           -0.386962533100    -1.825956212500     0.436050405500     1.007825032230
         H           -2.603315752300    -0.126408868000    -0.474322397200     1.007825032230
         H           -2.715513435400    -1.879228421200    -0.292041141300     1.007825032230
         H            0.263036775800     2.304755353900    -0.085413495500     1.007825032230
         H           -1.164577670700     2.226058745800     0.788036743800     1.007825032230
         H           -1.131306725900     1.907679226000    -0.789360190600     1.007825032230

  Nuclear repulsion =  221.487760574349977

  ==> Basis Set <==

  Basis Set: 6-31G*
    Blend: 6-31G*
    Number of shells: 48
    Number of basis functions: 102
    Number of Cartesian functions: 102
    Spherical Harmonics?: false
    Max angular momentum: 2

  ==> DFJKGrad: Density-Fitted SCF Gradients <==

    Gradient:                    1
    J tasked:                  Yes
    K tasked:                  Yes
    wK tasked:                 Yes
    Omega:               2.000E-01
    OpenMP threads:              4
    Integrals threads:           4
    Memory [MiB]:             4291
    Schwarz Cutoff:          1E-12
    Fitting Condition:       1E-10

   => Auxiliary Basis Set <=

  Basis Set: (6-31G* AUX)
    Blend: CC-PVDZ-JKFIT
    Number of shells: 198
    Number of basis functions: 636
    Number of Cartesian functions: 636
    Spherical Harmonics?: false
    Max angular momentum: 3

  ==> DFT Potential <==

   => LibXC <=

    Version 7.0.0
    S. Lehtola, C. Steigemann, M. J.T. Oliveira, and M. A.L. Marques.,  SoftwareX 7, 1–5 (2018) (10.1016/j.softx.2017.11.002)

   => Composite Functional: WB97X-D <= 

    wB97X-D Hyb-GGA Exchange-Correlation Functional

    J.-D. Chai and M. Head-Gordon.,  Phys. Chem. Chem. Phys. 10, 6615-6620 (2008) (10.1039/B810189B)

    Deriv               =              1
    GGA                 =           TRUE
    Meta                =          FALSE

    Exchange Hybrid     =           TRUE
    MP2 Hybrid          =          FALSE

   => Exchange-Correlation Functionals <=

    1.0000   wB97X-D range-separated functional

   => Exact (HF) Exchange <=

    0.7780            HF,LR [omega = 0.2000]
    0.2220               HF 

   => LibXC Density Thresholds  <==

    XC_HYB_GGA_XC_WB97X_D:  1.00E-14 

   => Molecular Quadrature <=

    Radial Scheme          =       TREUTLER
    Pruning Scheme         =           NONE
    Nuclear Scheme         =       TREUTLER

    Blocking Scheme        =         OCTREE
    BS radius alpha        =              1
    Pruning alpha          =              1
    Radial Points          =             75
    Spherical Points       =            302
    Total Points           =         254576
    Total Blocks           =           1933
    Max Points             =            256
    Max Functions          =            100
    Weights Tolerance      =       1.00E-15


  -Total Gradient:
     Atom            X                  Y                   Z
    ------   -----------------  -----------------  -----------------
       1        0.010221268540     0.020060888092     0.012245355835
       2        0.065412724911    -0.021283852681    -0.011691282495
       3       -0.000384530325     0.013309005728     0.001744784333
       4        0.038903419556    -0.027321670443    -0.017342754085
       5       -0.031765902330    -0.004699335734     0.015554444637
       6       -0.111714096132     0.026205024878    -0.037889061777
       7       -0.034982741923     0.028668614380    -0.002227407162
       8        0.013156441096    -0.025134091374     0.005645034447
       9       -0.015158206485     0.002127294047    -0.012011058334
      10       -0.004322457815    -0.016720133518    -0.000088288898
      11        0.018075049450     0.006662212968    -0.042467528395
      12        0.052673257219    -0.001767315486     0.088520808599


*** tstop() called on cst14372 at Tue Apr 21 11:09:22 2026
Module time:
	user time   =       3.63 seconds =       0.06 minutes
	system time =       0.06 seconds =       0.00 minutes
	total time  =          2 seconds =       0.03 minutes
Total time:
	user time   =    1066.71 seconds =      17.78 minutes
	system time =      15.06 seconds =       0.25 minutes
	total time  =        515 seconds =       8.58 minutes

Scratch directory: /tmp/
   => Libint2 <=

    Primary   basis highest AM E, G, H:  6, 6, 3
    Auxiliary basis highest AM E, G, H:  7, 7, 4
    Onebody   basis highest AM E, G, H:  -, -, -
    Solid Harmonics ordering:            Gaussian

*** tstart() called on cst14372
*** at Tue Apr 21 11:09:22 2026

   => Loading Basis Set <=

    Name: 6-31G*
    Role: ORBITAL
    Keyword: BASIS
    atoms 1, 4-6 entry C          line   111 file /Users/jmsmith1/anaconda3/envs/jupyterenv/share/psi4/basis/6-31gs.gbs 
    atoms 2-3    entry O          line   145 file /Users/jmsmith1/anaconda3/envs/jupyterenv/share/psi4/basis/6-31gs.gbs 
    atoms 7-12   entry H          line    44 file /Users/jmsmith1/anaconda3/envs/jupyterenv/share/psi4/basis/6-31gs.gbs 

   => WB97X-D: Empirical Dispersion <=

    Chai and Head-Gordon Dispersion Correction
    Chai, J.-D.; Head-Gordon, M. (2010), J. Chem. Phys., 132: 6615-6620

        s6 =       1.000000


         ---------------------------------------------------------
                                   SCF
               by Justin Turney, Rob Parrish, Andy Simmonett
                          and Daniel G. A. Smith
                              RKS Reference
                        4 Threads,   5722 MiB Core
         ---------------------------------------------------------

  ==> Geometry <==

    Molecular point group: c1
    Full point group: C1

    Geometry (in Angstrom), charge = 0, multiplicity = 1:

       Center              X                  Y                   Z               Mass       
    ------------   -----------------  -----------------  -----------------  -----------------
         C            0.065374103000     0.338026890600     0.115710161900    12.000000000000
         O            1.395382864900     0.346478967000     0.027898077800    15.994914619570
         O            2.082620318600    -0.770591311800    -0.003077162600    15.994914619570
         C           -0.727932854100    -0.936126293700     0.023366172400    12.000000000000
         C           -2.082604106200    -0.993701491800    -0.178353864100    12.000000000000
         C           -0.641967799800     1.716810590100     0.042878508400    12.000000000000
         H           -0.380800425500    -1.823826597500     0.444825711600     1.007825032230
         H           -2.603195196900    -0.126593519200    -0.489586137400     1.007825032230
         H           -2.709081484700    -1.883321001300    -0.294739462800     1.007825032230
         H            0.260151710900     2.305727647400    -0.088390168000     1.007825032230
         H           -1.163286371700     2.223107054100     0.793354529500     1.007825032230
         H           -1.133138716100     1.900059820900    -0.796367354700     1.007825032230

  Running in c1 symmetry.

  Rotational constants: A =      0.18047  B =      0.09187  C =      0.06179 [cm^-1]
  Rotational constants: A =   5410.37503  B =   2754.06040  C =   1852.55200 [MHz]
  Nuclear repulsion =  221.316012351979140

  Charge       = 0
  Multiplicity = 1
  Electrons    = 46
  Nalpha       = 23
  Nbeta        = 23

  ==> Algorithm <==

  SCF Algorithm Type is DF.
  DIIS enabled.
  MOM disabled.
  Fractional occupation disabled.
  Guess Type is SAD.
  Energy threshold   = 1.00e-07
  Density threshold  = 1.00e-07
  Integral threshold = 1.00e-12

  ==> Primary Basis <==

  Basis Set: 6-31G*
    Blend: 6-31G*
    Number of shells: 48
    Number of basis functions: 102
    Number of Cartesian functions: 102
    Spherical Harmonics?: false
    Max angular momentum: 2

  ==> DFT Potential <==

   => LibXC <=

    Version 7.0.0
    S. Lehtola, C. Steigemann, M. J.T. Oliveira, and M. A.L. Marques.,  SoftwareX 7, 1–5 (2018) (10.1016/j.softx.2017.11.002)

   => Composite Functional: WB97X-D <= 

    wB97X-D Hyb-GGA Exchange-Correlation Functional

    J.-D. Chai and M. Head-Gordon.,  Phys. Chem. Chem. Phys. 10, 6615-6620 (2008) (10.1039/B810189B)

    Deriv               =              1
    GGA                 =           TRUE
    Meta                =          FALSE

    Exchange Hybrid     =           TRUE
    MP2 Hybrid          =          FALSE

   => Exchange-Correlation Functionals <=

    1.0000   wB97X-D range-separated functional

   => Exact (HF) Exchange <=

    0.7780            HF,LR [omega = 0.2000]
    0.2220               HF 

   => LibXC Density Thresholds  <==

    XC_HYB_GGA_XC_WB97X_D:  1.00E-14 

   => Molecular Quadrature <=

    Radial Scheme          =       TREUTLER
    Pruning Scheme         =           NONE
    Nuclear Scheme         =       TREUTLER

    Blocking Scheme        =         OCTREE
    BS radius alpha        =              1
    Pruning alpha          =              1
    Radial Points          =             75
    Spherical Points       =            302
    Total Points           =         254569
    Total Blocks           =           1917
    Max Points             =            256
    Max Functions          =            100
    Weights Tolerance      =       1.00E-15

   => Loading Basis Set <=

    Name: (6-31G* AUX)
    Role: JKFIT
    Keyword: DF_BASIS_SCF
    atoms 1, 4-6 entry C          line   121 file /Users/jmsmith1/anaconda3/envs/jupyterenv/share/psi4/basis/cc-pvdz-jkfit.gbs 
    atoms 2-3    entry O          line   221 file /Users/jmsmith1/anaconda3/envs/jupyterenv/share/psi4/basis/cc-pvdz-jkfit.gbs 
    atoms 7-12   entry H          line    51 file /Users/jmsmith1/anaconda3/envs/jupyterenv/share/psi4/basis/cc-pvdz-jkfit.gbs 

  ==> Integral Setup <==

  DFHelper Memory: AOs need 0.151 GiB; user supplied 3.605 GiB. 
  SCF_SUBTYPE=INCORE selected. In-core MEM_DF algorithm will be used.
  Using in-core AOs.

  ==> MemDFJK: Density-Fitted J/K Matrices <==

    J tasked:                   Yes
    K tasked:                   Yes
    wK tasked:                  Yes
    Omega:                2.000E-01
    OpenMP threads:               4
    Memory [MiB]:              3691
    Algorithm:                 Core
    Schwarz Cutoff:           1E-12
    Mask sparsity (%):       1.9031
    Fitting Condition:        1E-10

   => Auxiliary Basis Set <=

  Basis Set: (6-31G* AUX)
    Blend: CC-PVDZ-JKFIT
    Number of shells: 198
    Number of basis functions: 636
    Number of Cartesian functions: 636
    Spherical Harmonics?: false
    Max angular momentum: 3

  Cached 100.0% of DFT collocation blocks in 0.586 [GiB].

  Minimum eigenvalue in the overlap matrix is 3.7646515443E-03.
  Reciprocal condition number of the overlap matrix is 5.5452206932E-04.
    Using symmetric orthogonalization.

  ==> Pre-Iterations <==

  SCF Guess: Superposition of Atomic Densities via on-the-fly atomic UHF (no occupation information).

   -------------------------
    Irrep   Nso     Nmo    
   -------------------------
     A        102     102 
   -------------------------
    Total     102     102
   -------------------------

  ==> Iterations <==

                           Total Energy        Delta E     RMS |[F,P]|

   @DF-RKS iter SAD:  -300.24296006425647   -3.00243e+02   0.00000e+00 
   @DF-RKS iter   1:  -296.86062814052218    3.38233e+00   3.37654e-02 ADIIS/DIIS
   @DF-RKS iter   2:  -275.35948240757830    2.15011e+01   6.23065e-02 ADIIS/DIIS
   @DF-RKS iter   3:  -304.72373899564138   -2.93643e+01   1.69654e-02 ADIIS/DIIS
   @DF-RKS iter   4:  -304.02694321136050    6.96796e-01   1.99309e-02 ADIIS/DIIS
   @DF-RKS iter   5:  -306.07898316629860   -2.05204e+00   3.61028e-03 ADIIS/DIIS
   @DF-RKS iter   6:  -306.13439891713665   -5.54158e-02   2.16232e-03 ADIIS/DIIS
   @DF-RKS iter   7:  -306.15740502947921   -2.30061e-02   3.40168e-04 ADIIS/DIIS
   @DF-RKS iter   8:  -306.15790140231496   -4.96373e-04   2.63291e-04 ADIIS/DIIS
   @DF-RKS iter   9:  -306.15827047164652   -3.69069e-04   6.80730e-05 DIIS
   @DF-RKS iter  10:  -306.15830147644772   -3.10048e-05   3.04837e-05 DIIS
   @DF-RKS iter  11:  -306.15830541425112   -3.93780e-06   2.03903e-05 DIIS
   @DF-RKS iter  12:  -306.15830781925615   -2.40501e-06   8.24638e-06 DIIS
   @DF-RKS iter  13:  -306.15830834672960   -5.27473e-07   9.88484e-07 DIIS
   @DF-RKS iter  14:  -306.15830837862131   -3.18917e-08   6.45934e-07 DIIS
   @DF-RKS iter  15:  -306.15830838956259   -1.09413e-08   3.67207e-07 DIIS
   @DF-RKS iter  16:  -306.15830840004736   -1.04848e-08   8.61467e-08 DIIS
  Energy and wave function converged.


  ==> Post-Iterations <==

   Electrons on quadrature grid:
      Ntotal   =   45.9999505757 ; deviation = -4.942e-05 

    Orbital Energies [Eh]
    ---------------------

    Doubly Occupied:                                                      

       1A    -19.424692     2A    -19.257635     3A    -10.421802  
       4A    -10.336183     5A    -10.334287     6A    -10.315263  
       7A     -1.290026     8A     -0.991204     9A     -0.900701  
      10A     -0.852822    11A     -0.749273    12A     -0.658768  
      13A     -0.614388    14A     -0.596553    15A     -0.577716  
      16A     -0.536669    17A     -0.526593    18A     -0.502217  
      19A     -0.489021    20A     -0.451817    21A     -0.388583  
      22A     -0.310974    23A     -0.295250  

    Virtual:                                                              

      24A     -0.027959    25A      0.094324    26A      0.174212  
      27A      0.178080    28A      0.212307    29A      0.234738  
      30A      0.240610    31A      0.260873    32A      0.275690  
      33A      0.293623    34A      0.337536    35A      0.410122  
      36A      0.429344    37A      0.563282    38A      0.577822  
      39A      0.594298    40A      0.631162    41A      0.646928  
      42A      0.680685    43A      0.694229    44A      0.700105  
      45A      0.739416    46A      0.788843    47A      0.838838  
      48A      0.890687    49A      0.905379    50A      0.929740  
      51A      0.947250    52A      0.965067    53A      0.991543  
      54A      1.019070    55A      1.037838    56A      1.048342  
      57A      1.079545    58A      1.113276    59A      1.147505  
      60A      1.156345    61A      1.186890    62A      1.202222  
      63A      1.343869    64A      1.366397    65A      1.418962  
      66A      1.459959    67A      1.504593    68A      1.610039  
      69A      1.616989    70A      1.718132    71A      1.742457  
      72A      1.757968    73A      1.833564    74A      1.836730  
      75A      1.905808    76A      1.920257    77A      1.953614  
      78A      2.001089    79A      2.054550    80A      2.143434  
      81A      2.186047    82A      2.256281    83A      2.298994  
      84A      2.356519    85A      2.368306    86A      2.433874  
      87A      2.465545    88A      2.505627    89A      2.550195  
      90A      2.601961    91A      2.701418    92A      2.753788  
      93A      2.895770    94A      2.909973    95A      3.093809  
      96A      3.207212    97A      3.589631    98A      4.100581  
      99A      4.124181   100A      4.251309   101A      4.348969  
     102A      4.584887  

    Final Occupation by Irrep:
              A 
    DOCC [    23 ]
    NA   [    23 ]
    NB   [    23 ]

  @DF-RKS Final Energy:  -306.15830840004736

   => Energetics <=

    Nuclear Repulsion Energy =            221.3160123519791398
    One-Electron Energy =                -854.0879816690628559
    Two-Electron Energy =                 354.8972297445871504
    DFT Exchange-Correlation Energy =     -28.2793616668483629
    Empirical Dispersion Energy =          -0.0042071607023757
    VV10 Nonlocal Energy =                  0.0000000000000000
    Total Energy =                       -306.1583084000473605

Computation Completed


Properties will be evaluated at   0.000000,   0.000000,   0.000000 [a0]

Properties computed using the SCF density matrix


 Multipole Moments:

 ------------------------------------------------------------------------------------
     Multipole            Electronic (a.u.)      Nuclear  (a.u.)        Total (a.u.)
 ------------------------------------------------------------------------------------

 L = 1.  Multiply by 2.5417464519 to convert [e a0] to [Debye]
 Dipole X            :         -1.4357061           -0.4310635           -1.8667696
 Dipole Y            :          0.7769764           -0.0901157            0.6868607
 Dipole Z            :          0.3991574           -0.3982214            0.0009360
 Magnitude           :                                                    1.9891222

 ------------------------------------------------------------------------------------

*** tstop() called on cst14372 at Tue Apr 21 11:09:35 2026
Module time:
	user time   =      26.76 seconds =       0.45 minutes
	system time =       0.32 seconds =       0.01 minutes
	total time  =         13 seconds =       0.22 minutes
Total time:
	user time   =    1093.50 seconds =      18.23 minutes
	system time =      15.39 seconds =       0.26 minutes
	total time  =        528 seconds =       8.80 minutes

Scratch directory: /tmp/
gradient() will perform analytic gradient computation.

*** tstart() called on cst14372
*** at Tue Apr 21 11:09:35 2026


         ------------------------------------------------------------
                                   SCF GRAD                          
                          Rob Parrish, Justin Turney,                
                       Andy Simmonett, and Alex Sokolov              
         ------------------------------------------------------------

  ==> Geometry <==

    Molecular point group: c1
    Full point group: C1

    Geometry (in Angstrom), charge = 0, multiplicity = 1:

       Center              X                  Y                   Z               Mass       
    ------------   -----------------  -----------------  -----------------  -----------------
         C            0.065374103000     0.338026890600     0.115710161900    12.000000000000
         O            1.395382864900     0.346478967000     0.027898077800    15.994914619570
         O            2.082620318600    -0.770591311800    -0.003077162600    15.994914619570
         C           -0.727932854100    -0.936126293700     0.023366172400    12.000000000000
         C           -2.082604106200    -0.993701491800    -0.178353864100    12.000000000000
         C           -0.641967799800     1.716810590100     0.042878508400    12.000000000000
         H           -0.380800425500    -1.823826597500     0.444825711600     1.007825032230
         H           -2.603195196900    -0.126593519200    -0.489586137400     1.007825032230
         H           -2.709081484700    -1.883321001300    -0.294739462800     1.007825032230
         H            0.260151710900     2.305727647400    -0.088390168000     1.007825032230
         H           -1.163286371700     2.223107054100     0.793354529500     1.007825032230
         H           -1.133138716100     1.900059820900    -0.796367354700     1.007825032230

  Nuclear repulsion =  221.316012351979140

  ==> Basis Set <==

  Basis Set: 6-31G*
    Blend: 6-31G*
    Number of shells: 48
    Number of basis functions: 102
    Number of Cartesian functions: 102
    Spherical Harmonics?: false
    Max angular momentum: 2

  ==> DFJKGrad: Density-Fitted SCF Gradients <==

    Gradient:                    1
    J tasked:                  Yes
    K tasked:                  Yes
    wK tasked:                 Yes
    Omega:               2.000E-01
    OpenMP threads:              4
    Integrals threads:           4
    Memory [MiB]:             4291
    Schwarz Cutoff:          1E-12
    Fitting Condition:       1E-10

   => Auxiliary Basis Set <=

  Basis Set: (6-31G* AUX)
    Blend: CC-PVDZ-JKFIT
    Number of shells: 198
    Number of basis functions: 636
    Number of Cartesian functions: 636
    Spherical Harmonics?: false
    Max angular momentum: 3

  ==> DFT Potential <==

   => LibXC <=

    Version 7.0.0
    S. Lehtola, C. Steigemann, M. J.T. Oliveira, and M. A.L. Marques.,  SoftwareX 7, 1–5 (2018) (10.1016/j.softx.2017.11.002)

   => Composite Functional: WB97X-D <= 

    wB97X-D Hyb-GGA Exchange-Correlation Functional

    J.-D. Chai and M. Head-Gordon.,  Phys. Chem. Chem. Phys. 10, 6615-6620 (2008) (10.1039/B810189B)

    Deriv               =              1
    GGA                 =           TRUE
    Meta                =          FALSE

    Exchange Hybrid     =           TRUE
    MP2 Hybrid          =          FALSE

   => Exchange-Correlation Functionals <=

    1.0000   wB97X-D range-separated functional

   => Exact (HF) Exchange <=

    0.7780            HF,LR [omega = 0.2000]
    0.2220               HF 

   => LibXC Density Thresholds  <==

    XC_HYB_GGA_XC_WB97X_D:  1.00E-14 

   => Molecular Quadrature <=

    Radial Scheme          =       TREUTLER
    Pruning Scheme         =           NONE
    Nuclear Scheme         =       TREUTLER

    Blocking Scheme        =         OCTREE
    BS radius alpha        =              1
    Pruning alpha          =              1
    Radial Points          =             75
    Spherical Points       =            302
    Total Points           =         254569
    Total Blocks           =           1917
    Max Points             =            256
    Max Functions          =            100
    Weights Tolerance      =       1.00E-15


  -Total Gradient:
     Atom            X                  Y                   Z
    ------   -----------------  -----------------  -----------------
       1        0.010364222633     0.018369786532     0.012890309158
       2        0.065365915385    -0.019583560701    -0.011918000186
       3        0.000152077119     0.012408767238     0.001739488978
       4        0.036821512591    -0.027814366209    -0.017661413031
       5       -0.032069169289    -0.007346648442     0.015564524815
       6       -0.109355291846     0.026651939731    -0.032671328362
       7       -0.033443296891     0.027844032636    -0.001833816252
       8        0.011545609649    -0.022144289511     0.004864029351
       9       -0.013571943320     0.003000503907    -0.011667995799
      10       -0.004389942659    -0.016692958358    -0.000181210211
      11        0.018611338571     0.006123620472    -0.041692045381
      12        0.050048906040    -0.000712567640     0.082578176299


*** tstop() called on cst14372 at Tue Apr 21 11:09:37 2026
Module time:
	user time   =       3.89 seconds =       0.06 minutes
	system time =       0.06 seconds =       0.00 minutes
	total time  =          2 seconds =       0.03 minutes
Total time:
	user time   =    1097.41 seconds =      18.29 minutes
	system time =      15.45 seconds =       0.26 minutes
	total time  =        530 seconds =       8.83 minutes

Scratch directory: /tmp/
   => Libint2 <=

    Primary   basis highest AM E, G, H:  6, 6, 3
    Auxiliary basis highest AM E, G, H:  7, 7, 4
    Onebody   basis highest AM E, G, H:  -, -, -
    Solid Harmonics ordering:            Gaussian

*** tstart() called on cst14372
*** at Tue Apr 21 11:09:37 2026

   => Loading Basis Set <=

    Name: 6-31G*
    Role: ORBITAL
    Keyword: BASIS
    atoms 1, 4-6 entry C          line   111 file /Users/jmsmith1/anaconda3/envs/jupyterenv/share/psi4/basis/6-31gs.gbs 
    atoms 2-3    entry O          line   145 file /Users/jmsmith1/anaconda3/envs/jupyterenv/share/psi4/basis/6-31gs.gbs 
    atoms 7-12   entry H          line    44 file /Users/jmsmith1/anaconda3/envs/jupyterenv/share/psi4/basis/6-31gs.gbs 

   => WB97X-D: Empirical Dispersion <=

    Chai and Head-Gordon Dispersion Correction
    Chai, J.-D.; Head-Gordon, M. (2010), J. Chem. Phys., 132: 6615-6620

        s6 =       1.000000


         ---------------------------------------------------------
                                   SCF
               by Justin Turney, Rob Parrish, Andy Simmonett
                          and Daniel G. A. Smith
                              RKS Reference
                        4 Threads,   5722 MiB Core
         ---------------------------------------------------------

  ==> Geometry <==

    Molecular point group: c1
    Full point group: C1

    Geometry (in Angstrom), charge = 0, multiplicity = 1:

       Center              X                  Y                   Z               Mass       
    ------------   -----------------  -----------------  -----------------  -----------------
         C            0.065062129300     0.336327605900     0.118808643900    12.000000000000
         O            1.394912425300     0.348755296000     0.029076202800    15.994914619570
         O            2.085888226800    -0.767889994400    -0.003230041000    15.994914619570
         C           -0.730000428400    -0.938650280500     0.025285363400    12.000000000000
         C           -2.082943674600    -0.995873222800    -0.184666314700    12.000000000000
         C           -0.643671932400     1.717565161800     0.044091547300    12.000000000000
         H           -0.373463887100    -1.822651042600     0.453693007100     1.007825032230
         H           -2.603472738600    -0.126014474200    -0.505067671200     1.007825032230
         H           -2.702160071600    -1.887530525400    -0.297043892400     1.007825032230
         H            0.257408728500     2.307279270100    -0.091370320100     1.007825032230
         H           -1.162633211800     2.219934356100     0.800128686700     1.007825032230
         H           -1.136704112200     1.892440093700    -0.806247580600     1.007825032230

  Running in c1 symmetry.

  Rotational constants: A =      0.18023  B =      0.09170  C =      0.06172 [cm^-1]
  Rotational constants: A =   5403.21511  B =   2748.97509  C =   1850.38454 [MHz]
  Nuclear repulsion =  221.117500445938106

  Charge       = 0
  Multiplicity = 1
  Electrons    = 46
  Nalpha       = 23
  Nbeta        = 23

  ==> Algorithm <==

  SCF Algorithm Type is DF.
  DIIS enabled.
  MOM disabled.
  Fractional occupation disabled.
  Guess Type is SAD.
  Energy threshold   = 1.00e-07
  Density threshold  = 1.00e-07
  Integral threshold = 1.00e-12

  ==> Primary Basis <==

  Basis Set: 6-31G*
    Blend: 6-31G*
    Number of shells: 48
    Number of basis functions: 102
    Number of Cartesian functions: 102
    Spherical Harmonics?: false
    Max angular momentum: 2

  ==> DFT Potential <==

   => LibXC <=

    Version 7.0.0
    S. Lehtola, C. Steigemann, M. J.T. Oliveira, and M. A.L. Marques.,  SoftwareX 7, 1–5 (2018) (10.1016/j.softx.2017.11.002)

   => Composite Functional: WB97X-D <= 

    wB97X-D Hyb-GGA Exchange-Correlation Functional

    J.-D. Chai and M. Head-Gordon.,  Phys. Chem. Chem. Phys. 10, 6615-6620 (2008) (10.1039/B810189B)

    Deriv               =              1
    GGA                 =           TRUE
    Meta                =          FALSE

    Exchange Hybrid     =           TRUE
    MP2 Hybrid          =          FALSE

   => Exchange-Correlation Functionals <=

    1.0000   wB97X-D range-separated functional

   => Exact (HF) Exchange <=

    0.7780            HF,LR [omega = 0.2000]
    0.2220               HF 

   => LibXC Density Thresholds  <==

    XC_HYB_GGA_XC_WB97X_D:  1.00E-14 

   => Molecular Quadrature <=

    Radial Scheme          =       TREUTLER
    Pruning Scheme         =           NONE
    Nuclear Scheme         =       TREUTLER

    Blocking Scheme        =         OCTREE
    BS radius alpha        =              1
    Pruning alpha          =              1
    Radial Points          =             75
    Spherical Points       =            302
    Total Points           =         254586
    Total Blocks           =           1922
    Max Points             =            256
    Max Functions          =            100
    Weights Tolerance      =       1.00E-15

   => Loading Basis Set <=

    Name: (6-31G* AUX)
    Role: JKFIT
    Keyword: DF_BASIS_SCF
    atoms 1, 4-6 entry C          line   121 file /Users/jmsmith1/anaconda3/envs/jupyterenv/share/psi4/basis/cc-pvdz-jkfit.gbs 
    atoms 2-3    entry O          line   221 file /Users/jmsmith1/anaconda3/envs/jupyterenv/share/psi4/basis/cc-pvdz-jkfit.gbs 
    atoms 7-12   entry H          line    51 file /Users/jmsmith1/anaconda3/envs/jupyterenv/share/psi4/basis/cc-pvdz-jkfit.gbs 

  ==> Integral Setup <==

  DFHelper Memory: AOs need 0.151 GiB; user supplied 3.605 GiB. 
  SCF_SUBTYPE=INCORE selected. In-core MEM_DF algorithm will be used.
  Using in-core AOs.

  ==> MemDFJK: Density-Fitted J/K Matrices <==

    J tasked:                   Yes
    K tasked:                   Yes
    wK tasked:                  Yes
    Omega:                2.000E-01
    OpenMP threads:               4
    Memory [MiB]:              3691
    Algorithm:                 Core
    Schwarz Cutoff:           1E-12
    Mask sparsity (%):       1.9031
    Fitting Condition:        1E-10

   => Auxiliary Basis Set <=

  Basis Set: (6-31G* AUX)
    Blend: CC-PVDZ-JKFIT
    Number of shells: 198
    Number of basis functions: 636
    Number of Cartesian functions: 636
    Spherical Harmonics?: false
    Max angular momentum: 3

  Cached 100.0% of DFT collocation blocks in 0.586 [GiB].

  Minimum eigenvalue in the overlap matrix is 3.8030122517E-03.
  Reciprocal condition number of the overlap matrix is 5.6093038424E-04.
    Using symmetric orthogonalization.

  ==> Pre-Iterations <==

  SCF Guess: Superposition of Atomic Densities via on-the-fly atomic UHF (no occupation information).

   -------------------------
    Irrep   Nso     Nmo    
   -------------------------
     A        102     102 
   -------------------------
    Total     102     102
   -------------------------

  ==> Iterations <==

                           Total Energy        Delta E     RMS |[F,P]|

   @DF-RKS iter SAD:  -300.21769873414263   -3.00218e+02   0.00000e+00 
   @DF-RKS iter   1:  -296.88653586835892    3.33116e+00   3.37061e-02 ADIIS/DIIS
   @DF-RKS iter   2:  -275.38657024978846    2.15000e+01   6.22511e-02 ADIIS/DIIS
   @DF-RKS iter   3:  -304.73206068575166   -2.93455e+01   1.69405e-02 ADIIS/DIIS
   @DF-RKS iter   4:  -304.04136857109336    6.90692e-01   1.98701e-02 ADIIS/DIIS
   @DF-RKS iter   5:  -306.08255421016048   -2.04119e+00   3.60121e-03 ADIIS/DIIS
   @DF-RKS iter   6:  -306.13774032451141   -5.51861e-02   2.14821e-03 ADIIS/DIIS
   @DF-RKS iter   7:  -306.16042219426811   -2.26819e-02   3.45387e-04 ADIIS/DIIS
   @DF-RKS iter   8:  -306.16090795216735   -4.85758e-04   2.69600e-04 ADIIS/DIIS
   @DF-RKS iter   9:  -306.16129446760323   -3.86515e-04   6.64105e-05 DIIS
   @DF-RKS iter  10:  -306.16132470222016   -3.02346e-05   3.03570e-05 DIIS
   @DF-RKS iter  11:  -306.16132864639530   -3.94418e-06   2.01098e-05 DIIS
   @DF-RKS iter  12:  -306.16133099937730   -2.35298e-06   8.17714e-06 DIIS
   @DF-RKS iter  13:  -306.16133152344412   -5.24067e-07   1.00326e-06 DIIS
   @DF-RKS iter  14:  -306.16133155613420   -3.26901e-08   6.51088e-07 DIIS
   @DF-RKS iter  15:  -306.16133156722907   -1.10949e-08   3.69560e-07 DIIS
   @DF-RKS iter  16:  -306.16133157790739   -1.06783e-08   8.57699e-08 DIIS
  Energy and wave function converged.


  ==> Post-Iterations <==

   Electrons on quadrature grid:
      Ntotal   =   45.9999548673 ; deviation = -4.513e-05 

    Orbital Energies [Eh]
    ---------------------

    Doubly Occupied:                                                      

       1A    -19.424500     2A    -19.257403     3A    -10.421905  
       4A    -10.336789     5A    -10.334729     6A    -10.316379  
       7A     -1.289008     8A     -0.990654     9A     -0.900455  
      10A     -0.851565    11A     -0.749053    12A     -0.657737  
      13A     -0.613895    14A     -0.595106    15A     -0.577320  
      16A     -0.536890    17A     -0.526789    18A     -0.501958  
      19A     -0.489318    20A     -0.451367    21A     -0.388602  
      22A     -0.310868    23A     -0.295290  

    Virtual:                                                              

      24A     -0.027912    25A      0.094024    26A      0.174557  
      27A      0.177259    28A      0.212380    29A      0.234024  
      30A      0.239512    31A      0.260143    32A      0.273514  
      33A      0.292688    34A      0.337040    35A      0.409284  
      36A      0.428308    37A      0.563255    38A      0.578481  
      39A      0.594367    40A      0.631088    41A      0.647317  
      42A      0.678600    43A      0.694636    44A      0.700360  
      45A      0.738421    46A      0.788251    47A      0.837896  
      48A      0.890778    49A      0.905232    50A      0.930011  
      51A      0.947219    52A      0.964023    53A      0.989474  
      54A      1.019142    55A      1.037410    56A      1.046075  
      57A      1.077725    58A      1.110604    59A      1.145601  
      60A      1.156498    61A      1.185531    62A      1.201997  
      63A      1.343909    64A      1.365527    65A      1.419117  
      66A      1.460336    67A      1.504439    68A      1.609038  
      69A      1.616407    70A      1.718506    71A      1.742537  
      72A      1.757062    73A      1.832012    74A      1.838324  
      75A      1.906673    76A      1.919356    77A      1.954045  
      78A      2.002223    79A      2.054176    80A      2.141454  
      81A      2.185517    82A      2.255741    83A      2.295825  
      84A      2.355317    85A      2.366477    86A      2.432040  
      87A      2.462956    88A      2.500799    89A      2.548010  
      90A      2.596089    91A      2.699388    92A      2.751208  
      93A      2.893674    94A      2.909931    95A      3.092329  
      96A      3.206427    97A      3.588820    98A      4.100189  
      99A      4.122355   100A      4.250394   101A      4.347581  
     102A      4.583598  

    Final Occupation by Irrep:
              A 
    DOCC [    23 ]
    NA   [    23 ]
    NB   [    23 ]

  @DF-RKS Final Energy:  -306.16133157790739

   => Energetics <=

    Nuclear Repulsion Energy =            221.1175004459381057
    One-Electron Energy =                -853.7108521109661297
    Two-Electron Energy =                 354.7093713993755273
    DFT Exchange-Correlation Energy =     -28.2731369002259783
    Empirical Dispersion Energy =          -0.0042144120290195
    VV10 Nonlocal Energy =                  0.0000000000000000
    Total Energy =                       -306.1613315779073901

Computation Completed


Properties will be evaluated at   0.000000,   0.000000,   0.000000 [a0]

Properties computed using the SCF density matrix


 Multipole Moments:

 ------------------------------------------------------------------------------------
     Multipole            Electronic (a.u.)      Nuclear  (a.u.)        Total (a.u.)
 ------------------------------------------------------------------------------------

 L = 1.  Multiply by 2.5417464519 to convert [e a0] to [Debye]
 Dipole X            :         -1.4469170           -0.4231919           -1.8701089
 Dipole Y            :          0.7819237           -0.1009195            0.6810042
 Dipole Z            :          0.4143742           -0.4120038            0.0023704
 Magnitude           :                                                    1.9902462

 ------------------------------------------------------------------------------------

*** tstop() called on cst14372 at Tue Apr 21 11:09:50 2026
Module time:
	user time   =      26.83 seconds =       0.45 minutes
	system time =       0.38 seconds =       0.01 minutes
	total time  =         13 seconds =       0.22 minutes
Total time:
	user time   =    1124.26 seconds =      18.74 minutes
	system time =      15.84 seconds =       0.26 minutes
	total time  =        543 seconds =       9.05 minutes

Scratch directory: /tmp/
gradient() will perform analytic gradient computation.

*** tstart() called on cst14372
*** at Tue Apr 21 11:09:50 2026


         ------------------------------------------------------------
                                   SCF GRAD                          
                          Rob Parrish, Justin Turney,                
                       Andy Simmonett, and Alex Sokolov              
         ------------------------------------------------------------

  ==> Geometry <==

    Molecular point group: c1
    Full point group: C1

    Geometry (in Angstrom), charge = 0, multiplicity = 1:

       Center              X                  Y                   Z               Mass       
    ------------   -----------------  -----------------  -----------------  -----------------
         C            0.065062129300     0.336327605900     0.118808643900    12.000000000000
         O            1.394912425300     0.348755296000     0.029076202800    15.994914619570
         O            2.085888226800    -0.767889994400    -0.003230041000    15.994914619570
         C           -0.730000428400    -0.938650280500     0.025285363400    12.000000000000
         C           -2.082943674600    -0.995873222800    -0.184666314700    12.000000000000
         C           -0.643671932400     1.717565161800     0.044091547300    12.000000000000
         H           -0.373463887100    -1.822651042600     0.453693007100     1.007825032230
         H           -2.603472738600    -0.126014474200    -0.505067671200     1.007825032230
         H           -2.702160071600    -1.887530525400    -0.297043892400     1.007825032230
         H            0.257408728500     2.307279270100    -0.091370320100     1.007825032230
         H           -1.162633211800     2.219934356100     0.800128686700     1.007825032230
         H           -1.136704112200     1.892440093700    -0.806247580600     1.007825032230

  Nuclear repulsion =  221.117500445938106

  ==> Basis Set <==

  Basis Set: 6-31G*
    Blend: 6-31G*
    Number of shells: 48
    Number of basis functions: 102
    Number of Cartesian functions: 102
    Spherical Harmonics?: false
    Max angular momentum: 2

  ==> DFJKGrad: Density-Fitted SCF Gradients <==

    Gradient:                    1
    J tasked:                  Yes
    K tasked:                  Yes
    wK tasked:                 Yes
    Omega:               2.000E-01
    OpenMP threads:              4
    Integrals threads:           4
    Memory [MiB]:             4291
    Schwarz Cutoff:          1E-12
    Fitting Condition:       1E-10

   => Auxiliary Basis Set <=

  Basis Set: (6-31G* AUX)
    Blend: CC-PVDZ-JKFIT
    Number of shells: 198
    Number of basis functions: 636
    Number of Cartesian functions: 636
    Spherical Harmonics?: false
    Max angular momentum: 3

  ==> DFT Potential <==

   => LibXC <=

    Version 7.0.0
    S. Lehtola, C. Steigemann, M. J.T. Oliveira, and M. A.L. Marques.,  SoftwareX 7, 1–5 (2018) (10.1016/j.softx.2017.11.002)

   => Composite Functional: WB97X-D <= 

    wB97X-D Hyb-GGA Exchange-Correlation Functional

    J.-D. Chai and M. Head-Gordon.,  Phys. Chem. Chem. Phys. 10, 6615-6620 (2008) (10.1039/B810189B)

    Deriv               =              1
    GGA                 =           TRUE
    Meta                =          FALSE

    Exchange Hybrid     =           TRUE
    MP2 Hybrid          =          FALSE

   => Exchange-Correlation Functionals <=

    1.0000   wB97X-D range-separated functional

   => Exact (HF) Exchange <=

    0.7780            HF,LR [omega = 0.2000]
    0.2220               HF 

   => LibXC Density Thresholds  <==

    XC_HYB_GGA_XC_WB97X_D:  1.00E-14 

   => Molecular Quadrature <=

    Radial Scheme          =       TREUTLER
    Pruning Scheme         =           NONE
    Nuclear Scheme         =       TREUTLER

    Blocking Scheme        =         OCTREE
    BS radius alpha        =              1
    Pruning alpha          =              1
    Radial Points          =             75
    Spherical Points       =            302
    Total Points           =         254586
    Total Blocks           =           1922
    Max Points             =            256
    Max Functions          =            100
    Weights Tolerance      =       1.00E-15


  -Total Gradient:
     Atom            X                  Y                   Z
    ------   -----------------  -----------------  -----------------
       1        0.010458466370     0.016603452374     0.013554642811
       2        0.065180854775    -0.017762437162    -0.012131519887
       3        0.000731985848     0.011433510301     0.001729429006
       4        0.034143334695    -0.027323697866    -0.018426690044
       5       -0.032057261762    -0.010526843937     0.015719743469
       6       -0.104560077847     0.025949196608    -0.024991412122
       7       -0.031360870649     0.025984874842    -0.000930001043
       8        0.009615163386    -0.018571021797     0.003823211310
       9       -0.011891844855     0.003926956785    -0.011269182931
      10       -0.004292880916    -0.016537232254    -0.000285715528
      11        0.018577400336     0.006106602950    -0.039924312976
      12        0.045502842042     0.000821722618     0.073162750701


*** tstop() called on cst14372 at Tue Apr 21 11:09:52 2026
Module time:
	user time   =       3.90 seconds =       0.06 minutes
	system time =       0.07 seconds =       0.00 minutes
	total time  =          2 seconds =       0.03 minutes
Total time:
	user time   =    1128.18 seconds =      18.80 minutes
	system time =      15.91 seconds =       0.27 minutes
	total time  =        545 seconds =       9.08 minutes

Scratch directory: /tmp/
   => Libint2 <=

    Primary   basis highest AM E, G, H:  6, 6, 3
    Auxiliary basis highest AM E, G, H:  7, 7, 4
    Onebody   basis highest AM E, G, H:  -, -, -
    Solid Harmonics ordering:            Gaussian

*** tstart() called on cst14372
*** at Tue Apr 21 11:09:52 2026

   => Loading Basis Set <=

    Name: 6-31G*
    Role: ORBITAL
    Keyword: BASIS
    atoms 1, 4-6 entry C          line   111 file /Users/jmsmith1/anaconda3/envs/jupyterenv/share/psi4/basis/6-31gs.gbs 
    atoms 2-3    entry O          line   145 file /Users/jmsmith1/anaconda3/envs/jupyterenv/share/psi4/basis/6-31gs.gbs 
    atoms 7-12   entry H          line    44 file /Users/jmsmith1/anaconda3/envs/jupyterenv/share/psi4/basis/6-31gs.gbs 

   => WB97X-D: Empirical Dispersion <=

    Chai and Head-Gordon Dispersion Correction
    Chai, J.-D.; Head-Gordon, M. (2010), J. Chem. Phys., 132: 6615-6620

        s6 =       1.000000


         ---------------------------------------------------------
                                   SCF
               by Justin Turney, Rob Parrish, Andy Simmonett
                          and Daniel G. A. Smith
                              RKS Reference
                        4 Threads,   5722 MiB Core
         ---------------------------------------------------------

  ==> Geometry <==

    Molecular point group: c1
    Full point group: C1

    Geometry (in Angstrom), charge = 0, multiplicity = 1:

       Center              X                  Y                   Z               Mass       
    ------------   -----------------  -----------------  -----------------  -----------------
         C            0.064718953800     0.334575262200     0.121876940900    12.000000000000
         O            1.394298893700     0.351076907200     0.030284152600    15.994914619570
         O            2.089164109700    -0.765205627900    -0.003387127000    15.994914619570
         C           -0.732172936700    -0.941102524500     0.027263537400    12.000000000000
         C           -2.083191396900    -0.998020824700    -0.191042769200    12.000000000000
         C           -0.645078240100     1.718246791700     0.045380513900    12.000000000000
         H           -0.365023651600    -1.822368749000     0.462618353000     1.007825032230
         H           -2.604082898900    -0.124792873600    -0.520726458000     1.007825032230
         H           -2.694808026000    -1.891887886100    -0.298966183700     1.007825032230
         H            0.254805857900     2.309406112300    -0.094349336300     1.007825032230
         H           -1.162619220600     2.216541640200     0.808300407600     1.007825032230
         H           -1.141850186300     1.884769704600    -0.818681475900     1.007825032230

  Running in c1 symmetry.

  Rotational constants: A =      0.17998  B =      0.09153  C =      0.06165 [cm^-1]
  Rotational constants: A =   5395.51977  B =   2743.89776  C =   1848.26665 [MHz]
  Nuclear repulsion =  220.895428728035796

  Charge       = 0
  Multiplicity = 1
  Electrons    = 46
  Nalpha       = 23
  Nbeta        = 23

  ==> Algorithm <==

  SCF Algorithm Type is DF.
  DIIS enabled.
  MOM disabled.
  Fractional occupation disabled.
  Guess Type is SAD.
  Energy threshold   = 1.00e-07
  Density threshold  = 1.00e-07
  Integral threshold = 1.00e-12

  ==> Primary Basis <==

  Basis Set: 6-31G*
    Blend: 6-31G*
    Number of shells: 48
    Number of basis functions: 102
    Number of Cartesian functions: 102
    Spherical Harmonics?: false
    Max angular momentum: 2

  ==> DFT Potential <==

   => LibXC <=

    Version 7.0.0
    S. Lehtola, C. Steigemann, M. J.T. Oliveira, and M. A.L. Marques.,  SoftwareX 7, 1–5 (2018) (10.1016/j.softx.2017.11.002)

   => Composite Functional: WB97X-D <= 

    wB97X-D Hyb-GGA Exchange-Correlation Functional

    J.-D. Chai and M. Head-Gordon.,  Phys. Chem. Chem. Phys. 10, 6615-6620 (2008) (10.1039/B810189B)

    Deriv               =              1
    GGA                 =           TRUE
    Meta                =          FALSE

    Exchange Hybrid     =           TRUE
    MP2 Hybrid          =          FALSE

   => Exchange-Correlation Functionals <=

    1.0000   wB97X-D range-separated functional

   => Exact (HF) Exchange <=

    0.7780            HF,LR [omega = 0.2000]
    0.2220               HF 

   => LibXC Density Thresholds  <==

    XC_HYB_GGA_XC_WB97X_D:  1.00E-14 

   => Molecular Quadrature <=

    Radial Scheme          =       TREUTLER
    Pruning Scheme         =           NONE
    Nuclear Scheme         =       TREUTLER

    Blocking Scheme        =         OCTREE
    BS radius alpha        =              1
    Pruning alpha          =              1
    Radial Points          =             75
    Spherical Points       =            302
    Total Points           =         254619
    Total Blocks           =           1923
    Max Points             =            256
    Max Functions          =            100
    Weights Tolerance      =       1.00E-15

   => Loading Basis Set <=

    Name: (6-31G* AUX)
    Role: JKFIT
    Keyword: DF_BASIS_SCF
    atoms 1, 4-6 entry C          line   121 file /Users/jmsmith1/anaconda3/envs/jupyterenv/share/psi4/basis/cc-pvdz-jkfit.gbs 
    atoms 2-3    entry O          line   221 file /Users/jmsmith1/anaconda3/envs/jupyterenv/share/psi4/basis/cc-pvdz-jkfit.gbs 
    atoms 7-12   entry H          line    51 file /Users/jmsmith1/anaconda3/envs/jupyterenv/share/psi4/basis/cc-pvdz-jkfit.gbs 

  ==> Integral Setup <==

  DFHelper Memory: AOs need 0.151 GiB; user supplied 3.605 GiB. 
  SCF_SUBTYPE=INCORE selected. In-core MEM_DF algorithm will be used.
  Using in-core AOs.

  ==> MemDFJK: Density-Fitted J/K Matrices <==

    J tasked:                   Yes
    K tasked:                   Yes
    wK tasked:                  Yes
    Omega:                2.000E-01
    OpenMP threads:               4
    Memory [MiB]:              3691
    Algorithm:                 Core
    Schwarz Cutoff:           1E-12
    Mask sparsity (%):       1.9031
    Fitting Condition:        1E-10

   => Auxiliary Basis Set <=

  Basis Set: (6-31G* AUX)
    Blend: CC-PVDZ-JKFIT
    Number of shells: 198
    Number of basis functions: 636
    Number of Cartesian functions: 636
    Spherical Harmonics?: false
    Max angular momentum: 3

  Cached 100.0% of DFT collocation blocks in 0.586 [GiB].

  Minimum eigenvalue in the overlap matrix is 3.8416396770E-03.
  Reciprocal condition number of the overlap matrix is 5.6752858848E-04.
    Using symmetric orthogonalization.

  ==> Pre-Iterations <==

  SCF Guess: Superposition of Atomic Densities via on-the-fly atomic UHF (no occupation information).

   -------------------------
    Irrep   Nso     Nmo    
   -------------------------
     A        102     102 
   -------------------------
    Total     102     102
   -------------------------

  ==> Iterations <==

                           Total Energy        Delta E     RMS |[F,P]|

   @DF-RKS iter SAD:  -300.18726898219364   -3.00187e+02   0.00000e+00 
   @DF-RKS iter   1:  -296.90925870033396    3.27801e+00   3.36488e-02 ADIIS/DIIS
   @DF-RKS iter   2:  -275.39661402057914    2.15126e+01   6.22145e-02 ADIIS/DIIS
   @DF-RKS iter   3:  -304.73975980982203   -2.93431e+01   1.69193e-02 ADIIS/DIIS
   @DF-RKS iter   4:  -304.05022745940698    6.89532e-01   1.98348e-02 ADIIS/DIIS
   @DF-RKS iter   5:  -306.08649674965858   -2.03627e+00   3.59369e-03 ADIIS/DIIS
   @DF-RKS iter   6:  -306.14149365061030   -5.49969e-02   2.13721e-03 ADIIS/DIIS
   @DF-RKS iter   7:  -306.16391737998811   -2.24237e-02   3.51685e-04 ADIIS/DIIS
   @DF-RKS iter   8:  -306.16439617440358   -4.78794e-04   2.76083e-04 ADIIS/DIIS
   @DF-RKS iter   9:  -306.16480126597799   -4.05092e-04   6.49403e-05 DIIS
   @DF-RKS iter  10:  -306.16483084799461   -2.95820e-05   3.03595e-05 DIIS
   @DF-RKS iter  11:  -306.16483481833859   -3.97034e-06   1.99545e-05 DIIS
   @DF-RKS iter  12:  -306.16483714905860   -2.33072e-06   8.12544e-06 DIIS
   @DF-RKS iter  13:  -306.16483767236178   -5.23303e-07   1.00913e-06 DIIS
   @DF-RKS iter  14:  -306.16483770587558   -3.35138e-08   6.56014e-07 DIIS
   @DF-RKS iter  15:  -306.16483771722022   -1.13446e-08   3.72836e-07 DIIS
   @DF-RKS iter  16:  -306.16483772807993   -1.08597e-08   8.59171e-08 DIIS
  Energy and wave function converged.


  ==> Post-Iterations <==

   Electrons on quadrature grid:
      Ntotal   =   45.9999598685 ; deviation = -4.013e-05 

    Orbital Energies [Eh]
    ---------------------

    Doubly Occupied:                                                      

       1A    -19.424275     2A    -19.257150     3A    -10.422001  
       4A    -10.337524     5A    -10.335252     6A    -10.317996  
       7A     -1.287930     8A     -0.990092     9A     -0.900176  
      10A     -0.849947    11A     -0.748769    12A     -0.656513  
      13A     -0.613336    14A     -0.593557    15A     -0.576826  
      16A     -0.537111    17A     -0.526546    18A     -0.501643  
      19A     -0.489498    20A     -0.450830    21A     -0.388645  
      22A     -0.310749    23A     -0.295321  

    Virtual:                                                              

      24A     -0.027870    25A      0.093751    26A      0.174728  
      27A      0.176205    28A      0.212278    29A      0.233100  
      30A      0.238238    31A      0.259038    32A      0.270790  
      33A      0.291692    34A      0.336502    35A      0.408447  
      36A      0.427264    37A      0.563169    38A      0.579189  
      39A      0.594736    40A      0.631118    41A      0.647855  
      42A      0.676520    43A      0.695129    44A      0.700743  
      45A      0.737436    46A      0.787679    47A      0.836867  
      48A      0.890804    49A      0.905011    50A      0.930107  
      51A      0.947129    52A      0.962333    53A      0.986151  
      54A      1.018761    55A      1.036302    56A      1.043319  
      57A      1.074927    58A      1.107037    59A      1.143522  
      60A      1.156997    61A      1.184174    62A      1.201773  
      63A      1.344021    64A      1.364715    65A      1.419221  
      66A      1.460665    67A      1.504159    68A      1.607900  
      69A      1.615940    70A      1.719014    71A      1.742300  
      72A      1.756257    73A      1.830471    74A      1.840267  
      75A      1.907571    76A      1.918419    77A      1.954518  
      78A      2.003086    79A      2.053796    80A      2.139096  
      81A      2.185012    82A      2.253965    83A      2.292555  
      84A      2.353458    85A      2.364361    86A      2.428541  
      87A      2.460069    88A      2.495482    89A      2.545641  
      90A      2.589401    91A      2.697237    92A      2.748548  
      93A      2.891624    94A      2.909740    95A      3.090918  
      96A      3.205853    97A      3.588007    98A      4.099721  
      99A      4.120458   100A      4.249249   101A      4.345638  
     102A      4.582257  

    Final Occupation by Irrep:
              A 
    DOCC [    23 ]
    NA   [    23 ]
    NB   [    23 ]

  @DF-RKS Final Energy:  -306.16483772807993

   => Energetics <=

    Nuclear Repulsion Energy =            220.8954287280357960
    One-Electron Energy =                -853.2909507204001329
    Two-Electron Energy =                 354.4998838816529769
    DFT Exchange-Correlation Energy =     -28.2649763950670803
    Empirical Dispersion Energy =          -0.0042232223014683
    VV10 Nonlocal Energy =                  0.0000000000000000
    Total Energy =                       -306.1648377280799309

Computation Completed


Properties will be evaluated at   0.000000,   0.000000,   0.000000 [a0]

Properties computed using the SCF density matrix


 Multipole Moments:

 ------------------------------------------------------------------------------------
     Multipole            Electronic (a.u.)      Nuclear  (a.u.)        Total (a.u.)
 ------------------------------------------------------------------------------------

 L = 1.  Multiply by 2.5417464519 to convert [e a0] to [Debye]
 Dipole X            :         -1.4574781           -0.4161476           -1.8736256
 Dipole Y            :          0.7867044           -0.1118143            0.6748901
 Dipole Z            :          0.4307361           -0.4266230            0.0041131
 Magnitude           :                                                    1.9914735

 ------------------------------------------------------------------------------------

*** tstop() called on cst14372 at Tue Apr 21 11:10:04 2026
Module time:
	user time   =      26.81 seconds =       0.45 minutes
	system time =       0.39 seconds =       0.01 minutes
	total time  =         12 seconds =       0.20 minutes
Total time:
	user time   =    1155.01 seconds =      19.25 minutes
	system time =      16.31 seconds =       0.27 minutes
	total time  =        557 seconds =       9.28 minutes

Scratch directory: /tmp/
gradient() will perform analytic gradient computation.

*** tstart() called on cst14372
*** at Tue Apr 21 11:10:05 2026


         ------------------------------------------------------------
                                   SCF GRAD                          
                          Rob Parrish, Justin Turney,                
                       Andy Simmonett, and Alex Sokolov              
         ------------------------------------------------------------

  ==> Geometry <==

    Molecular point group: c1
    Full point group: C1

    Geometry (in Angstrom), charge = 0, multiplicity = 1:

       Center              X                  Y                   Z               Mass       
    ------------   -----------------  -----------------  -----------------  -----------------
         C            0.064718953800     0.334575262200     0.121876940900    12.000000000000
         O            1.394298893700     0.351076907200     0.030284152600    15.994914619570
         O            2.089164109700    -0.765205627900    -0.003387127000    15.994914619570
         C           -0.732172936700    -0.941102524500     0.027263537400    12.000000000000
         C           -2.083191396900    -0.998020824700    -0.191042769200    12.000000000000
         C           -0.645078240100     1.718246791700     0.045380513900    12.000000000000
         H           -0.365023651600    -1.822368749000     0.462618353000     1.007825032230
         H           -2.604082898900    -0.124792873600    -0.520726458000     1.007825032230
         H           -2.694808026000    -1.891887886100    -0.298966183700     1.007825032230
         H            0.254805857900     2.309406112300    -0.094349336300     1.007825032230
         H           -1.162619220600     2.216541640200     0.808300407600     1.007825032230
         H           -1.141850186300     1.884769704600    -0.818681475900     1.007825032230

  Nuclear repulsion =  220.895428728035796

  ==> Basis Set <==

  Basis Set: 6-31G*
    Blend: 6-31G*
    Number of shells: 48
    Number of basis functions: 102
    Number of Cartesian functions: 102
    Spherical Harmonics?: false
    Max angular momentum: 2

  ==> DFJKGrad: Density-Fitted SCF Gradients <==

    Gradient:                    1
    J tasked:                  Yes
    K tasked:                  Yes
    wK tasked:                 Yes
    Omega:               2.000E-01
    OpenMP threads:              4
    Integrals threads:           4
    Memory [MiB]:             4291
    Schwarz Cutoff:          1E-12
    Fitting Condition:       1E-10

   => Auxiliary Basis Set <=

  Basis Set: (6-31G* AUX)
    Blend: CC-PVDZ-JKFIT
    Number of shells: 198
    Number of basis functions: 636
    Number of Cartesian functions: 636
    Spherical Harmonics?: false
    Max angular momentum: 3

  ==> DFT Potential <==

   => LibXC <=

    Version 7.0.0
    S. Lehtola, C. Steigemann, M. J.T. Oliveira, and M. A.L. Marques.,  SoftwareX 7, 1–5 (2018) (10.1016/j.softx.2017.11.002)

   => Composite Functional: WB97X-D <= 

    wB97X-D Hyb-GGA Exchange-Correlation Functional

    J.-D. Chai and M. Head-Gordon.,  Phys. Chem. Chem. Phys. 10, 6615-6620 (2008) (10.1039/B810189B)

    Deriv               =              1
    GGA                 =           TRUE
    Meta                =          FALSE

    Exchange Hybrid     =           TRUE
    MP2 Hybrid          =          FALSE

   => Exchange-Correlation Functionals <=

    1.0000   wB97X-D range-separated functional

   => Exact (HF) Exchange <=

    0.7780            HF,LR [omega = 0.2000]
    0.2220               HF 

   => LibXC Density Thresholds  <==

    XC_HYB_GGA_XC_WB97X_D:  1.00E-14 

   => Molecular Quadrature <=

    Radial Scheme          =       TREUTLER
    Pruning Scheme         =           NONE
    Nuclear Scheme         =       TREUTLER

    Blocking Scheme        =         OCTREE
    BS radius alpha        =              1
    Pruning alpha          =              1
    Radial Points          =             75
    Spherical Points       =            302
    Total Points           =         254619
    Total Blocks           =           1923
    Max Points             =            256
    Max Functions          =            100
    Weights Tolerance      =       1.00E-15


  -Total Gradient:
     Atom            X                  Y                   Z
    ------   -----------------  -----------------  -----------------
       1        0.010513601689     0.014767418998     0.014243215621
       2        0.064860235726    -0.015833847349    -0.012330393794
       3        0.001354235838     0.010390730469     0.001713294114
       4        0.030898698598    -0.025977603215    -0.019602153695
       5       -0.031786468801    -0.014065146273     0.015990000409
       6       -0.097850082435     0.024387459182    -0.015648629426
       7       -0.028767800120     0.023223333026     0.000444457429
       8        0.007456935728    -0.014565642603     0.002562886563
       9       -0.010149137931     0.004872726006    -0.010820251260
      10       -0.004025507604    -0.016249339684    -0.000404186895
      11        0.017989561493     0.006583912907    -0.037198527501
      12        0.039525743491     0.002575016793     0.061106375081


*** tstop() called on cst14372 at Tue Apr 21 11:10:06 2026
Module time:
	user time   =       3.66 seconds =       0.06 minutes
	system time =       0.07 seconds =       0.00 minutes
	total time  =          1 seconds =       0.02 minutes
Total time:
	user time   =    1158.69 seconds =      19.31 minutes
	system time =      16.38 seconds =       0.27 minutes
	total time  =        559 seconds =       9.32 minutes

Scratch directory: /tmp/
   => Libint2 <=

    Primary   basis highest AM E, G, H:  6, 6, 3
    Auxiliary basis highest AM E, G, H:  7, 7, 4
    Onebody   basis highest AM E, G, H:  -, -, -
    Solid Harmonics ordering:            Gaussian

*** tstart() called on cst14372
*** at Tue Apr 21 11:10:06 2026

   => Loading Basis Set <=

    Name: 6-31G*
    Role: ORBITAL
    Keyword: BASIS
    atoms 1, 4-6 entry C          line   111 file /Users/jmsmith1/anaconda3/envs/jupyterenv/share/psi4/basis/6-31gs.gbs 
    atoms 2-3    entry O          line   145 file /Users/jmsmith1/anaconda3/envs/jupyterenv/share/psi4/basis/6-31gs.gbs 
    atoms 7-12   entry H          line    44 file /Users/jmsmith1/anaconda3/envs/jupyterenv/share/psi4/basis/6-31gs.gbs 

   => WB97X-D: Empirical Dispersion <=

    Chai and Head-Gordon Dispersion Correction
    Chai, J.-D.; Head-Gordon, M. (2010), J. Chem. Phys., 132: 6615-6620

        s6 =       1.000000


         ---------------------------------------------------------
                                   SCF
               by Justin Turney, Rob Parrish, Andy Simmonett
                          and Daniel G. A. Smith
                              RKS Reference
                        4 Threads,   5722 MiB Core
         ---------------------------------------------------------

  ==> Geometry <==

    Molecular point group: c1
    Full point group: C1

    Geometry (in Angstrom), charge = 0, multiplicity = 1:

       Center              X                  Y                   Z               Mass       
    ------------   -----------------  -----------------  -----------------  -----------------
         C            0.064344448800     0.332775631300     0.124911922300    12.000000000000
         O            1.393542783400     0.353438935800     0.031522027000    15.994914619570
         O            2.092445511700    -0.762536914000    -0.003548343200    15.994914619570
         C           -0.734440526900    -0.943485883600     0.029303581400    12.000000000000
         C           -2.083347719100    -1.000133248100    -0.197481997000    12.000000000000
         C           -0.646204848900     1.718859566900     0.046718122300    12.000000000000
         H           -0.355569044400    -1.822886994100     0.471551421700     1.007825032230
         H           -2.604951920100    -0.123065562900    -0.536514124400     1.007825032230
         H           -2.687086814300    -1.896424625900    -0.300520113100     1.007825032230
         H            0.252335154000     2.312099095300    -0.097322103100     1.007825032230
         H           -1.163225881900     2.212912996500     0.817776689400     1.007825032230
         H           -1.148373300200     1.876990654700    -0.833255828500     1.007825032230

  Running in c1 symmetry.

  Rotational constants: A =      0.17970  B =      0.09136  C =      0.06158 [cm^-1]
  Rotational constants: A =   5387.36584  B =   2738.84402  C =   1846.20465 [MHz]
  Nuclear repulsion =  220.653977586231093

  Charge       = 0
  Multiplicity = 1
  Electrons    = 46
  Nalpha       = 23
  Nbeta        = 23

  ==> Algorithm <==

  SCF Algorithm Type is DF.
  DIIS enabled.
  MOM disabled.
  Fractional occupation disabled.
  Guess Type is SAD.
  Energy threshold   = 1.00e-07
  Density threshold  = 1.00e-07
  Integral threshold = 1.00e-12

  ==> Primary Basis <==

  Basis Set: 6-31G*
    Blend: 6-31G*
    Number of shells: 48
    Number of basis functions: 102
    Number of Cartesian functions: 102
    Spherical Harmonics?: false
    Max angular momentum: 2

  ==> DFT Potential <==

   => LibXC <=

    Version 7.0.0
    S. Lehtola, C. Steigemann, M. J.T. Oliveira, and M. A.L. Marques.,  SoftwareX 7, 1–5 (2018) (10.1016/j.softx.2017.11.002)

   => Composite Functional: WB97X-D <= 

    wB97X-D Hyb-GGA Exchange-Correlation Functional

    J.-D. Chai and M. Head-Gordon.,  Phys. Chem. Chem. Phys. 10, 6615-6620 (2008) (10.1039/B810189B)

    Deriv               =              1
    GGA                 =           TRUE
    Meta                =          FALSE

    Exchange Hybrid     =           TRUE
    MP2 Hybrid          =          FALSE

   => Exchange-Correlation Functionals <=

    1.0000   wB97X-D range-separated functional

   => Exact (HF) Exchange <=

    0.7780            HF,LR [omega = 0.2000]
    0.2220               HF 

   => LibXC Density Thresholds  <==

    XC_HYB_GGA_XC_WB97X_D:  1.00E-14 

   => Molecular Quadrature <=

    Radial Scheme          =       TREUTLER
    Pruning Scheme         =           NONE
    Nuclear Scheme         =       TREUTLER

    Blocking Scheme        =         OCTREE
    BS radius alpha        =              1
    Pruning alpha          =              1
    Radial Points          =             75
    Spherical Points       =            302
    Total Points           =         254666
    Total Blocks           =           1917
    Max Points             =            256
    Max Functions          =            100
    Weights Tolerance      =       1.00E-15

   => Loading Basis Set <=

    Name: (6-31G* AUX)
    Role: JKFIT
    Keyword: DF_BASIS_SCF
    atoms 1, 4-6 entry C          line   121 file /Users/jmsmith1/anaconda3/envs/jupyterenv/share/psi4/basis/cc-pvdz-jkfit.gbs 
    atoms 2-3    entry O          line   221 file /Users/jmsmith1/anaconda3/envs/jupyterenv/share/psi4/basis/cc-pvdz-jkfit.gbs 
    atoms 7-12   entry H          line    51 file /Users/jmsmith1/anaconda3/envs/jupyterenv/share/psi4/basis/cc-pvdz-jkfit.gbs 

  ==> Integral Setup <==

  DFHelper Memory: AOs need 0.151 GiB; user supplied 3.605 GiB. 
  SCF_SUBTYPE=INCORE selected. In-core MEM_DF algorithm will be used.
  Using in-core AOs.

  ==> MemDFJK: Density-Fitted J/K Matrices <==

    J tasked:                   Yes
    K tasked:                   Yes
    wK tasked:                  Yes
    Omega:                2.000E-01
    OpenMP threads:               4
    Memory [MiB]:              3691
    Algorithm:                 Core
    Schwarz Cutoff:           1E-12
    Mask sparsity (%):       1.9223
    Fitting Condition:        1E-10

   => Auxiliary Basis Set <=

  Basis Set: (6-31G* AUX)
    Blend: CC-PVDZ-JKFIT
    Number of shells: 198
    Number of basis functions: 636
    Number of Cartesian functions: 636
    Spherical Harmonics?: false
    Max angular momentum: 3

  Cached 100.0% of DFT collocation blocks in 0.586 [GiB].

  Minimum eigenvalue in the overlap matrix is 3.8803451969E-03.
  Reciprocal condition number of the overlap matrix is 5.7426814976E-04.
    Using symmetric orthogonalization.

  ==> Pre-Iterations <==

  SCF Guess: Superposition of Atomic Densities via on-the-fly atomic UHF (no occupation information).

   -------------------------
    Irrep   Nso     Nmo    
   -------------------------
     A        102     102 
   -------------------------
    Total     102     102
   -------------------------

  ==> Iterations <==

                           Total Energy        Delta E     RMS |[F,P]|

   @DF-RKS iter SAD:  -300.15218999852789   -3.00152e+02   0.00000e+00 
   @DF-RKS iter   1:  -296.92876908914309    3.22342e+00   3.35932e-02 ADIIS/DIIS
   @DF-RKS iter   2:  -275.39085939226817    2.15379e+01   6.21950e-02 ADIIS/DIIS
   @DF-RKS iter   3:  -304.74639662658109   -2.93555e+01   1.69025e-02 ADIIS/DIIS
   @DF-RKS iter   4:  -304.05342320484374    6.92973e-01   1.98240e-02 ADIIS/DIIS
   @DF-RKS iter   5:  -306.09041989860447   -2.03700e+00   3.58798e-03 ADIIS/DIIS
   @DF-RKS iter   6:  -306.14527537416586   -5.48555e-02   2.12938e-03 ADIIS/DIIS
   @DF-RKS iter   7:  -306.16750692350007   -2.22315e-02   3.59023e-04 ADIIS/DIIS
   @DF-RKS iter   8:  -306.16798255735318   -4.75634e-04   2.82672e-04 ADIIS/DIIS
   @DF-RKS iter   9:  -306.16840722389856   -4.24667e-04   6.36372e-05 DIIS
   @DF-RKS iter  10:  -306.16843624927475   -2.90254e-05   3.04846e-05 DIIS
   @DF-RKS iter  11:  -306.16844026361031   -4.01434e-06   1.99221e-05 DIIS
   @DF-RKS iter  12:  -306.16844260057144   -2.33696e-06   8.09228e-06 DIIS
   @DF-RKS iter  13:  -306.16844312573664   -5.25165e-07   1.00627e-06 DIIS
   @DF-RKS iter  14:  -306.16844316011179   -3.43751e-08   6.60541e-07 DIIS
   @DF-RKS iter  15:  -306.16844317179539   -1.16836e-08   3.76868e-07 DIIS
   @DF-RKS iter  16:  -306.16844318280494   -1.10095e-08   8.66105e-08 DIIS
  Energy and wave function converged.


  ==> Post-Iterations <==

   Electrons on quadrature grid:
      Ntotal   =   45.9999653935 ; deviation = -3.461e-05 

    Orbital Energies [Eh]
    ---------------------

    Doubly Occupied:                                                      

       1A    -19.424020     2A    -19.256877     3A    -10.422096  
       4A    -10.338374     5A    -10.335845     6A    -10.320055  
       7A     -1.286798     8A     -0.989522     9A     -0.899879  
      10A     -0.848042    11A     -0.748434    12A     -0.655140  
      13A     -0.612711    14A     -0.591951    15A     -0.576239  
      16A     -0.537323    17A     -0.525901    18A     -0.501289  
      19A     -0.489548    20A     -0.450211    21A     -0.388711  
      22A     -0.310618    23A     -0.295343  

    Virtual:                                                              

      24A     -0.027833    25A      0.093503    26A      0.173997  
      27A      0.175635    28A      0.211947    29A      0.231960  
      30A      0.236874    31A      0.257476    32A      0.267717  
      33A      0.290650    34A      0.335921    35A      0.407611  
      36A      0.426220    37A      0.563032    38A      0.579887  
      39A      0.595396    40A      0.631239    41A      0.648535  
      42A      0.674459    43A      0.695706    44A      0.701264  
      45A      0.736474    46A      0.787103    47A      0.835767  
      48A      0.890750    49A      0.904690    50A      0.929988  
      51A      0.946985    52A      0.960029    53A      0.981634  
      54A      1.017946    55A      1.033739    56A      1.040801  
      57A      1.071030    58A      1.103296    59A      1.141861  
      60A      1.157731    61A      1.182883    62A      1.201587  
      63A      1.344192    64A      1.363985    65A      1.419279  
      66A      1.460958    67A      1.503790    68A      1.606631  
      69A      1.615558    70A      1.719564    71A      1.741678  
      72A      1.755630    73A      1.828977    74A      1.842491  
      75A      1.908470    76A      1.917518    77A      1.955033  
      78A      2.003644    79A      2.053395    80A      2.136433  
      81A      2.184483    82A      2.250804    83A      2.289376  
      84A      2.351019    85A      2.361701    86A      2.422957  
      87A      2.457327    88A      2.490135    89A      2.543089  
      90A      2.582454    91A      2.695044    92A      2.745851  
      93A      2.889630    94A      2.909370    95A      3.089575  
      96A      3.205490    97A      3.587192    98A      4.099196  
      99A      4.118480   100A      4.247885   101A      4.343210  
     102A      4.580888  

    Final Occupation by Irrep:
              A 
    DOCC [    23 ]
    NA   [    23 ]
    NB   [    23 ]

  @DF-RKS Final Energy:  -306.16844318280494

   => Energetics <=

    Nuclear Repulsion Energy =            220.6539775862310933
    One-Electron Energy =                -852.8353268476683979
    Two-Electron Energy =                 354.2723124349620889
    DFT Exchange-Correlation Energy =     -28.2551727305801954
    Empirical Dispersion Energy =          -0.0042336257495661
    VV10 Nonlocal Energy =                  0.0000000000000000
    Total Energy =                       -306.1684431828049355

Computation Completed


Properties will be evaluated at   0.000000,   0.000000,   0.000000 [a0]

Properties computed using the SCF density matrix


 Multipole Moments:

 ------------------------------------------------------------------------------------
     Multipole            Electronic (a.u.)      Nuclear  (a.u.)        Total (a.u.)
 ------------------------------------------------------------------------------------

 L = 1.  Multiply by 2.5417464519 to convert [e a0] to [Debye]
 Dipole X            :         -1.4675005           -0.4098009           -1.8773014
 Dipole Y            :          0.7915079           -0.1229491            0.6685588
 Dipole Z            :          0.4479531           -0.4417893            0.0061639
 Magnitude           :                                                    1.9928044

 ------------------------------------------------------------------------------------

*** tstop() called on cst14372 at Tue Apr 21 11:10:19 2026
Module time:
	user time   =      26.59 seconds =       0.44 minutes
	system time =       0.35 seconds =       0.01 minutes
	total time  =         13 seconds =       0.22 minutes
Total time:
	user time   =    1185.30 seconds =      19.75 minutes
	system time =      16.74 seconds =       0.28 minutes
	total time  =        572 seconds =       9.53 minutes

Scratch directory: /tmp/
gradient() will perform analytic gradient computation.

*** tstart() called on cst14372
*** at Tue Apr 21 11:10:19 2026


         ------------------------------------------------------------
                                   SCF GRAD                          
                          Rob Parrish, Justin Turney,                
                       Andy Simmonett, and Alex Sokolov              
         ------------------------------------------------------------

  ==> Geometry <==

    Molecular point group: c1
    Full point group: C1

    Geometry (in Angstrom), charge = 0, multiplicity = 1:

       Center              X                  Y                   Z               Mass       
    ------------   -----------------  -----------------  -----------------  -----------------
         C            0.064344448800     0.332775631300     0.124911922300    12.000000000000
         O            1.393542783400     0.353438935800     0.031522027000    15.994914619570
         O            2.092445511700    -0.762536914000    -0.003548343200    15.994914619570
         C           -0.734440526900    -0.943485883600     0.029303581400    12.000000000000
         C           -2.083347719100    -1.000133248100    -0.197481997000    12.000000000000
         C           -0.646204848900     1.718859566900     0.046718122300    12.000000000000
         H           -0.355569044400    -1.822886994100     0.471551421700     1.007825032230
         H           -2.604951920100    -0.123065562900    -0.536514124400     1.007825032230
         H           -2.687086814300    -1.896424625900    -0.300520113100     1.007825032230
         H            0.252335154000     2.312099095300    -0.097322103100     1.007825032230
         H           -1.163225881900     2.212912996500     0.817776689400     1.007825032230
         H           -1.148373300200     1.876990654700    -0.833255828500     1.007825032230

  Nuclear repulsion =  220.653977586231093

  ==> Basis Set <==

  Basis Set: 6-31G*
    Blend: 6-31G*
    Number of shells: 48
    Number of basis functions: 102
    Number of Cartesian functions: 102
    Spherical Harmonics?: false
    Max angular momentum: 2

  ==> DFJKGrad: Density-Fitted SCF Gradients <==

    Gradient:                    1
    J tasked:                  Yes
    K tasked:                  Yes
    wK tasked:                 Yes
    Omega:               2.000E-01
    OpenMP threads:              4
    Integrals threads:           4
    Memory [MiB]:             4291
    Schwarz Cutoff:          1E-12
    Fitting Condition:       1E-10

   => Auxiliary Basis Set <=

  Basis Set: (6-31G* AUX)
    Blend: CC-PVDZ-JKFIT
    Number of shells: 198
    Number of basis functions: 636
    Number of Cartesian functions: 636
    Spherical Harmonics?: false
    Max angular momentum: 3

  ==> DFT Potential <==

   => LibXC <=

    Version 7.0.0
    S. Lehtola, C. Steigemann, M. J.T. Oliveira, and M. A.L. Marques.,  SoftwareX 7, 1–5 (2018) (10.1016/j.softx.2017.11.002)

   => Composite Functional: WB97X-D <= 

    wB97X-D Hyb-GGA Exchange-Correlation Functional

    J.-D. Chai and M. Head-Gordon.,  Phys. Chem. Chem. Phys. 10, 6615-6620 (2008) (10.1039/B810189B)

    Deriv               =              1
    GGA                 =           TRUE
    Meta                =          FALSE

    Exchange Hybrid     =           TRUE
    MP2 Hybrid          =          FALSE

   => Exchange-Correlation Functionals <=

    1.0000   wB97X-D range-separated functional

   => Exact (HF) Exchange <=

    0.7780            HF,LR [omega = 0.2000]
    0.2220               HF 

   => LibXC Density Thresholds  <==

    XC_HYB_GGA_XC_WB97X_D:  1.00E-14 

   => Molecular Quadrature <=

    Radial Scheme          =       TREUTLER
    Pruning Scheme         =           NONE
    Nuclear Scheme         =       TREUTLER

    Blocking Scheme        =         OCTREE
    BS radius alpha        =              1
    Pruning alpha          =              1
    Radial Points          =             75
    Spherical Points       =            302
    Total Points           =         254666
    Total Blocks           =           1917
    Max Points             =            256
    Max Functions          =            100
    Weights Tolerance      =       1.00E-15


  -Total Gradient:
     Atom            X                  Y                   Z
    ------   -----------------  -----------------  -----------------
       1        0.010539750152     0.012867732456     0.014960343557
       2        0.064407321711    -0.013811838844    -0.012513134388
       3        0.002017563072     0.009288391589     0.001689682115
       4        0.027140967344    -0.023947907199    -0.021123100616
       5       -0.031313577309    -0.017778084502     0.016338841699
       6       -0.089834668774     0.022273482915    -0.005550307484
       7       -0.025719021016     0.019734693696     0.002220661832
       8        0.005163457845    -0.010284355074     0.001131248631
       9       -0.008377588777     0.005799001564    -0.010327324482
      10       -0.003586028820    -0.015827172463    -0.000539078928
      11        0.016891555872     0.007496659637    -0.033593979793
      12        0.032668694217     0.004303728101     0.047386967025


*** tstop() called on cst14372 at Tue Apr 21 11:10:21 2026
Module time:
	user time   =       3.71 seconds =       0.06 minutes
	system time =       0.06 seconds =       0.00 minutes
	total time  =          2 seconds =       0.03 minutes
Total time:
	user time   =    1189.03 seconds =      19.82 minutes
	system time =      16.80 seconds =       0.28 minutes
	total time  =        574 seconds =       9.57 minutes

Scratch directory: /tmp/
   => Libint2 <=

    Primary   basis highest AM E, G, H:  6, 6, 3
    Auxiliary basis highest AM E, G, H:  7, 7, 4
    Onebody   basis highest AM E, G, H:  -, -, -
    Solid Harmonics ordering:            Gaussian

*** tstart() called on cst14372
*** at Tue Apr 21 11:10:21 2026

   => Loading Basis Set <=

    Name: 6-31G*
    Role: ORBITAL
    Keyword: BASIS
    atoms 1, 4-6 entry C          line   111 file /Users/jmsmith1/anaconda3/envs/jupyterenv/share/psi4/basis/6-31gs.gbs 
    atoms 2-3    entry O          line   145 file /Users/jmsmith1/anaconda3/envs/jupyterenv/share/psi4/basis/6-31gs.gbs 
    atoms 7-12   entry H          line    44 file /Users/jmsmith1/anaconda3/envs/jupyterenv/share/psi4/basis/6-31gs.gbs 

   => WB97X-D: Empirical Dispersion <=

    Chai and Head-Gordon Dispersion Correction
    Chai, J.-D.; Head-Gordon, M. (2010), J. Chem. Phys., 132: 6615-6620

        s6 =       1.000000


         ---------------------------------------------------------
                                   SCF
               by Justin Turney, Rob Parrish, Andy Simmonett
                          and Daniel G. A. Smith
                              RKS Reference
                        4 Threads,   5722 MiB Core
         ---------------------------------------------------------

  ==> Geometry <==

    Molecular point group: c1
    Full point group: C1

    Geometry (in Angstrom), charge = 0, multiplicity = 1:

       Center              X                  Y                   Z               Mass       
    ------------   -----------------  -----------------  -----------------  -----------------
         C            0.063938578200     0.330934653800     0.127910494100    12.000000000000
         O            1.392644966000     0.355836356100     0.032789913600    15.994914619570
         O            2.095729991600    -0.759882318700    -0.003713598600    15.994914619570
         C           -0.736791850800    -0.945805330900     0.031409419100    12.000000000000
         C           -2.083413740100    -1.002199006000    -0.203983172500    12.000000000000
         C           -0.647073937100     1.719409251100     0.048074841600    12.000000000000
         H           -0.345205695500    -1.824087213200     0.480428200000     1.007825032230
         H           -2.606001043500    -0.120979540400    -0.552376722000     1.007825032230
         H           -2.679059037300    -1.901171734000    -0.301721310800     1.007825032230
         H            0.249982539600     2.315344199000    -0.100283034000     1.007825032230
         H           -1.164416637500     2.209017485100     0.828433427600     1.007825032230
         H           -1.156038234100     1.869045445500    -0.849498054200     1.007825032230

  Running in c1 symmetry.

  Rotational constants: A =      0.17942  B =      0.09119  C =      0.06152 [cm^-1]
  Rotational constants: A =   5378.84512  B =   2733.83255  C =   1844.20552 [MHz]
  Nuclear repulsion =  220.397891227973417

  Charge       = 0
  Multiplicity = 1
  Electrons    = 46
  Nalpha       = 23
  Nbeta        = 23

  ==> Algorithm <==

  SCF Algorithm Type is DF.
  DIIS enabled.
  MOM disabled.
  Fractional occupation disabled.
  Guess Type is SAD.
  Energy threshold   = 1.00e-07
  Density threshold  = 1.00e-07
  Integral threshold = 1.00e-12

  ==> Primary Basis <==

  Basis Set: 6-31G*
    Blend: 6-31G*
    Number of shells: 48
    Number of basis functions: 102
    Number of Cartesian functions: 102
    Spherical Harmonics?: false
    Max angular momentum: 2

  ==> DFT Potential <==

   => LibXC <=

    Version 7.0.0
    S. Lehtola, C. Steigemann, M. J.T. Oliveira, and M. A.L. Marques.,  SoftwareX 7, 1–5 (2018) (10.1016/j.softx.2017.11.002)

   => Composite Functional: WB97X-D <= 

    wB97X-D Hyb-GGA Exchange-Correlation Functional

    J.-D. Chai and M. Head-Gordon.,  Phys. Chem. Chem. Phys. 10, 6615-6620 (2008) (10.1039/B810189B)

    Deriv               =              1
    GGA                 =           TRUE
    Meta                =          FALSE

    Exchange Hybrid     =           TRUE
    MP2 Hybrid          =          FALSE

   => Exchange-Correlation Functionals <=

    1.0000   wB97X-D range-separated functional

   => Exact (HF) Exchange <=

    0.7780            HF,LR [omega = 0.2000]
    0.2220               HF 

   => LibXC Density Thresholds  <==

    XC_HYB_GGA_XC_WB97X_D:  1.00E-14 

   => Molecular Quadrature <=

    Radial Scheme          =       TREUTLER
    Pruning Scheme         =           NONE
    Nuclear Scheme         =       TREUTLER

    Blocking Scheme        =         OCTREE
    BS radius alpha        =              1
    Pruning alpha          =              1
    Radial Points          =             75
    Spherical Points       =            302
    Total Points           =         254679
    Total Blocks           =           1919
    Max Points             =            256
    Max Functions          =            100
    Weights Tolerance      =       1.00E-15

   => Loading Basis Set <=

    Name: (6-31G* AUX)
    Role: JKFIT
    Keyword: DF_BASIS_SCF
    atoms 1, 4-6 entry C          line   121 file /Users/jmsmith1/anaconda3/envs/jupyterenv/share/psi4/basis/cc-pvdz-jkfit.gbs 
    atoms 2-3    entry O          line   221 file /Users/jmsmith1/anaconda3/envs/jupyterenv/share/psi4/basis/cc-pvdz-jkfit.gbs 
    atoms 7-12   entry H          line    51 file /Users/jmsmith1/anaconda3/envs/jupyterenv/share/psi4/basis/cc-pvdz-jkfit.gbs 

  ==> Integral Setup <==

  DFHelper Memory: AOs need 0.151 GiB; user supplied 3.605 GiB. 
  SCF_SUBTYPE=INCORE selected. In-core MEM_DF algorithm will be used.
  Using in-core AOs.

  ==> MemDFJK: Density-Fitted J/K Matrices <==

    J tasked:                   Yes
    K tasked:                   Yes
    wK tasked:                  Yes
    Omega:                2.000E-01
    OpenMP threads:               4
    Memory [MiB]:              3691
    Algorithm:                 Core
    Schwarz Cutoff:           1E-12
    Mask sparsity (%):       1.9223
    Fitting Condition:        1E-10

   => Auxiliary Basis Set <=

  Basis Set: (6-31G* AUX)
    Blend: CC-PVDZ-JKFIT
    Number of shells: 198
    Number of basis functions: 636
    Number of Cartesian functions: 636
    Spherical Harmonics?: false
    Max angular momentum: 3

  Cached 100.0% of DFT collocation blocks in 0.586 [GiB].

  Minimum eigenvalue in the overlap matrix is 3.9179700140E-03.
  Reciprocal condition number of the overlap matrix is 5.8095131203E-04.
    Using symmetric orthogonalization.

  ==> Pre-Iterations <==

  SCF Guess: Superposition of Atomic Densities via on-the-fly atomic UHF (no occupation information).

   -------------------------
    Irrep   Nso     Nmo    
   -------------------------
     A        102     102 
   -------------------------
    Total     102     102
   -------------------------

  ==> Iterations <==

                           Total Energy        Delta E     RMS |[F,P]|

   @DF-RKS iter SAD:  -300.11313678448118   -3.00113e+02   0.00000e+00 
   @DF-RKS iter   1:  -296.94520209218723    3.16793e+00   3.35392e-02 ADIIS/DIIS
   @DF-RKS iter   2:  -275.37097339322293    2.15742e+01   6.21906e-02 ADIIS/DIIS
   @DF-RKS iter   3:  -304.75156662901321   -2.93806e+01   1.68902e-02 ADIIS/DIIS
   @DF-RKS iter   4:  -304.05072901504747    7.00838e-01   1.98372e-02 ADIIS/DIIS
   @DF-RKS iter   5:  -306.09395903082697   -2.04323e+00   3.58432e-03 ADIIS/DIIS
   @DF-RKS iter   6:  -306.14872846232822   -5.47694e-02   2.12477e-03 ADIIS/DIIS
   @DF-RKS iter   7:  -306.17083435122265   -2.21059e-02   3.67347e-04 ADIIS/DIIS
   @DF-RKS iter   8:  -306.17131079824702   -4.76447e-04   2.89307e-04 ADIIS/DIIS
   @DF-RKS iter   9:  -306.17175589985948   -4.45102e-04   6.24877e-05 DIIS
   @DF-RKS iter  10:  -306.17178445031442   -2.85505e-05   3.07283e-05 DIIS
   @DF-RKS iter  11:  -306.17178852572476   -4.07541e-06   2.00115e-05 DIIS
   @DF-RKS iter  12:  -306.17179089706639   -2.37134e-06   8.07737e-06 DIIS
   @DF-RKS iter  13:  -306.17179142658154   -5.29515e-07   9.95353e-07 DIIS
   @DF-RKS iter  14:  -306.17179146182269   -3.52412e-08   6.64201e-07 DIIS
   @DF-RKS iter  15:  -306.17179147394489   -1.21222e-08   3.81337e-07 DIIS
   @DF-RKS iter  16:  -306.17179148503647   -1.10916e-08   8.78942e-08 DIIS
  Energy and wave function converged.


  ==> Post-Iterations <==

   Electrons on quadrature grid:
      Ntotal   =   45.9999711836 ; deviation = -2.882e-05 

    Orbital Energies [Eh]
    ---------------------

    Doubly Occupied:                                                      

       1A    -19.423738     2A    -19.256587     3A    -10.422194  
       4A    -10.339324     5A    -10.336495     6A    -10.322482  
       7A     -1.285619     8A     -0.988950     9A     -0.899582  
      10A     -0.845930    11A     -0.748058    12A     -0.653669  
      13A     -0.612022    14A     -0.590327    15A     -0.575569  
      16A     -0.537513    17A     -0.524912    18A     -0.500918  
      19A     -0.489452    20A     -0.449518    21A     -0.388803  
      22A     -0.310477    23A     -0.295358  

    Virtual:                                                              

      24A     -0.027801    25A      0.093281    26A      0.172191  
      27A      0.175706    28A      0.211333    29A      0.230616  
      30A      0.235489    31A      0.255345    32A      0.264566  
      33A      0.289579    34A      0.335299    35A      0.406773  
      36A      0.425182    37A      0.562851    38A      0.580539  
      39A      0.596307    40A      0.631436    41A      0.649344  
      42A      0.672436    43A      0.696362    44A      0.701927  
      45A      0.735545    46A      0.786488    47A      0.834613  
      48A      0.890597    49A      0.904242    50A      0.929605  
      51A      0.946779    52A      0.957168    53A      0.976059  
      54A      1.016746    55A      1.029041    56A      1.039244  
      57A      1.066253    58A      1.100138    59A      1.140803  
      60A      1.158629    61A      1.181697    62A      1.201466  
      63A      1.344407    64A      1.363357    65A      1.419296  
      66A      1.461226    67A      1.503357    68A      1.605237  
      69A      1.615236    70A      1.720017    71A      1.740691  
      72A      1.755219    73A      1.827566    74A      1.844915  
      75A      1.909309    76A      1.916754    77A      1.955590  
      78A      2.003870    79A      2.052953    80A      2.133549  
      81A      2.183875    82A      2.246160    83A      2.286463  
      84A      2.348091    85A      2.358138    86A      2.415321  
      87A      2.455077    88A      2.485154    89A      2.540362  
      90A      2.575729    91A      2.692863    92A      2.743150  
      93A      2.887702    94A      2.908794    95A      3.088301  
      96A      3.205332    97A      3.586376    98A      4.098634  
      99A      4.116422   100A      4.246323   101A      4.340390  
     102A      4.579520  

    Final Occupation by Irrep:
              A 
    DOCC [    23 ]
    NA   [    23 ]
    NB   [    23 ]

  @DF-RKS Final Energy:  -306.17179148503647

   => Energetics <=

    Nuclear Repulsion Energy =            220.3978912279734175
    One-Electron Energy =                -852.3521419756302748
    Two-Electron Energy =                 354.0307688888909183
    DFT Exchange-Correlation Energy =     -28.2440639965115672
    Empirical Dispersion Energy =          -0.0042456297590064
    VV10 Nonlocal Energy =                  0.0000000000000000
    Total Energy =                       -306.1717914850364650

Computation Completed


Properties will be evaluated at   0.000000,   0.000000,   0.000000 [a0]

Properties computed using the SCF density matrix


 Multipole Moments:

 ------------------------------------------------------------------------------------
     Multipole            Electronic (a.u.)      Nuclear  (a.u.)        Total (a.u.)
 ------------------------------------------------------------------------------------

 L = 1.  Multiply by 2.5417464519 to convert [e a0] to [Debye]
 Dipole X            :         -1.4771266           -0.4039935           -1.8811201
 Dipole Y            :          0.7965231           -0.1344760            0.6620470
 Dipole Z            :          0.4657088           -0.4571956            0.0085132
 Magnitude           :                                                    1.9942396

 ------------------------------------------------------------------------------------

*** tstop() called on cst14372 at Tue Apr 21 11:10:34 2026
Module time:
	user time   =      26.82 seconds =       0.45 minutes
	system time =       0.33 seconds =       0.01 minutes
	total time  =         13 seconds =       0.22 minutes
Total time:
	user time   =    1215.87 seconds =      20.26 minutes
	system time =      17.14 seconds =       0.29 minutes
	total time  =        587 seconds =       9.78 minutes

Scratch directory: /tmp/
gradient() will perform analytic gradient computation.

*** tstart() called on cst14372
*** at Tue Apr 21 11:10:34 2026


         ------------------------------------------------------------
                                   SCF GRAD                          
                          Rob Parrish, Justin Turney,                
                       Andy Simmonett, and Alex Sokolov              
         ------------------------------------------------------------

  ==> Geometry <==

    Molecular point group: c1
    Full point group: C1

    Geometry (in Angstrom), charge = 0, multiplicity = 1:

       Center              X                  Y                   Z               Mass       
    ------------   -----------------  -----------------  -----------------  -----------------
         C            0.063938578200     0.330934653800     0.127910494100    12.000000000000
         O            1.392644966000     0.355836356100     0.032789913600    15.994914619570
         O            2.095729991600    -0.759882318700    -0.003713598600    15.994914619570
         C           -0.736791850800    -0.945805330900     0.031409419100    12.000000000000
         C           -2.083413740100    -1.002199006000    -0.203983172500    12.000000000000
         C           -0.647073937100     1.719409251100     0.048074841600    12.000000000000
         H           -0.345205695500    -1.824087213200     0.480428200000     1.007825032230
         H           -2.606001043500    -0.120979540400    -0.552376722000     1.007825032230
         H           -2.679059037300    -1.901171734000    -0.301721310800     1.007825032230
         H            0.249982539600     2.315344199000    -0.100283034000     1.007825032230
         H           -1.164416637500     2.209017485100     0.828433427600     1.007825032230
         H           -1.156038234100     1.869045445500    -0.849498054200     1.007825032230

  Nuclear repulsion =  220.397891227973417

  ==> Basis Set <==

  Basis Set: 6-31G*
    Blend: 6-31G*
    Number of shells: 48
    Number of basis functions: 102
    Number of Cartesian functions: 102
    Spherical Harmonics?: false
    Max angular momentum: 2

  ==> DFJKGrad: Density-Fitted SCF Gradients <==

    Gradient:                    1
    J tasked:                  Yes
    K tasked:                  Yes
    wK tasked:                 Yes
    Omega:               2.000E-01
    OpenMP threads:              4
    Integrals threads:           4
    Memory [MiB]:             4291
    Schwarz Cutoff:          1E-12
    Fitting Condition:       1E-10

   => Auxiliary Basis Set <=

  Basis Set: (6-31G* AUX)
    Blend: CC-PVDZ-JKFIT
    Number of shells: 198
    Number of basis functions: 636
    Number of Cartesian functions: 636
    Spherical Harmonics?: false
    Max angular momentum: 3

  ==> DFT Potential <==

   => LibXC <=

    Version 7.0.0
    S. Lehtola, C. Steigemann, M. J.T. Oliveira, and M. A.L. Marques.,  SoftwareX 7, 1–5 (2018) (10.1016/j.softx.2017.11.002)

   => Composite Functional: WB97X-D <= 

    wB97X-D Hyb-GGA Exchange-Correlation Functional

    J.-D. Chai and M. Head-Gordon.,  Phys. Chem. Chem. Phys. 10, 6615-6620 (2008) (10.1039/B810189B)

    Deriv               =              1
    GGA                 =           TRUE
    Meta                =          FALSE

    Exchange Hybrid     =           TRUE
    MP2 Hybrid          =          FALSE

   => Exchange-Correlation Functionals <=

    1.0000   wB97X-D range-separated functional

   => Exact (HF) Exchange <=

    0.7780            HF,LR [omega = 0.2000]
    0.2220               HF 

   => LibXC Density Thresholds  <==

    XC_HYB_GGA_XC_WB97X_D:  1.00E-14 

   => Molecular Quadrature <=

    Radial Scheme          =       TREUTLER
    Pruning Scheme         =           NONE
    Nuclear Scheme         =       TREUTLER

    Blocking Scheme        =         OCTREE
    BS radius alpha        =              1
    Pruning alpha          =              1
    Radial Points          =             75
    Spherical Points       =            302
    Total Points           =         254679
    Total Blocks           =           1919
    Max Points             =            256
    Max Functions          =            100
    Weights Tolerance      =       1.00E-15


  -Total Gradient:
     Atom            X                  Y                   Z
    ------   -----------------  -----------------  -----------------
       1        0.010545965868     0.010911309807     0.015708958012
       2        0.063825848735    -0.011710646822    -0.012678324790
       3        0.002720351696     0.008134660038     0.001657216107
       4        0.022943348972    -0.021431671732    -0.022904147156
       5       -0.030690866190    -0.021484734387     0.016726957366
       6       -0.081106340687     0.019886045707     0.004461601003
       7       -0.022287915193     0.015718711991     0.004308546783
       8        0.002821742014    -0.005877914090    -0.000419715067
       9       -0.006612392200     0.006663160721    -0.009796614567
      10       -0.002978061925    -0.015270841526    -0.000692831143
      11        0.015350091992     0.008760710850    -0.029229092223
      12        0.025453899994     0.005817878813     0.032964659899


*** tstop() called on cst14372 at Tue Apr 21 11:10:36 2026
Module time:
	user time   =       3.75 seconds =       0.06 minutes
	system time =       0.05 seconds =       0.00 minutes
	total time  =          2 seconds =       0.03 minutes
Total time:
	user time   =    1219.64 seconds =      20.33 minutes
	system time =      17.19 seconds =       0.29 minutes
	total time  =        589 seconds =       9.82 minutes

Scratch directory: /tmp/
   => Libint2 <=

    Primary   basis highest AM E, G, H:  6, 6, 3
    Auxiliary basis highest AM E, G, H:  7, 7, 4
    Onebody   basis highest AM E, G, H:  -, -, -
    Solid Harmonics ordering:            Gaussian

*** tstart() called on cst14372
*** at Tue Apr 21 11:10:36 2026

   => Loading Basis Set <=

    Name: 6-31G*
    Role: ORBITAL
    Keyword: BASIS
    atoms 1, 4-6 entry C          line   111 file /Users/jmsmith1/anaconda3/envs/jupyterenv/share/psi4/basis/6-31gs.gbs 
    atoms 2-3    entry O          line   145 file /Users/jmsmith1/anaconda3/envs/jupyterenv/share/psi4/basis/6-31gs.gbs 
    atoms 7-12   entry H          line    44 file /Users/jmsmith1/anaconda3/envs/jupyterenv/share/psi4/basis/6-31gs.gbs 

   => WB97X-D: Empirical Dispersion <=

    Chai and Head-Gordon Dispersion Correction
    Chai, J.-D.; Head-Gordon, M. (2010), J. Chem. Phys., 132: 6615-6620

        s6 =       1.000000


         ---------------------------------------------------------
                                   SCF
               by Justin Turney, Rob Parrish, Andy Simmonett
                          and Daniel G. A. Smith
                              RKS Reference
                        4 Threads,   5722 MiB Core
         ---------------------------------------------------------

  ==> Geometry <==

    Molecular point group: c1
    Full point group: C1

    Geometry (in Angstrom), charge = 0, multiplicity = 1:

       Center              X                  Y                   Z               Mass       
    ------------   -----------------  -----------------  -----------------  -----------------
         C            0.063501360300     0.329058374300     0.130869645400    12.000000000000
         O            1.391606630400     0.358264065400     0.034087912000    15.994914619570
         O            2.099015189800    -0.757240042900    -0.003882789000    15.994914619570
         C           -0.739214336700    -0.948067420900     0.033585809700    12.000000000000
         C           -2.083391051800    -1.004206740900    -0.210545892200    12.000000000000
         C           -0.647709996700     1.719902479700     0.049421384500    12.000000000000
         H           -0.334052650000    -1.825832040300     0.489174282800     1.007825032230
         H           -2.607149614900    -0.118686560200    -0.568256863400     1.007825032230
         H           -2.670786973800    -1.906158257200    -0.302587019000     1.007825032230
         H            0.247727898300     2.319122590300    -0.103226044200     1.007825032230
         H           -1.166139267200     2.204811927000     0.840119876600     1.007825032230
         H           -1.164596621800     1.860883521700    -0.866910116700     1.007825032230

  Running in c1 symmetry.

  Rotational constants: A =      0.17913  B =      0.09103  C =      0.06145 [cm^-1]
  Rotational constants: A =   5370.06046  B =   2728.88422  C =   1842.27671 [MHz]
  Nuclear repulsion =  220.132097142727559

  Charge       = 0
  Multiplicity = 1
  Electrons    = 46
  Nalpha       = 23
  Nbeta        = 23

  ==> Algorithm <==

  SCF Algorithm Type is DF.
  DIIS enabled.
  MOM disabled.
  Fractional occupation disabled.
  Guess Type is SAD.
  Energy threshold   = 1.00e-07
  Density threshold  = 1.00e-07
  Integral threshold = 1.00e-12

  ==> Primary Basis <==

  Basis Set: 6-31G*
    Blend: 6-31G*
    Number of shells: 48
    Number of basis functions: 102
    Number of Cartesian functions: 102
    Spherical Harmonics?: false
    Max angular momentum: 2

  ==> DFT Potential <==

   => LibXC <=

    Version 7.0.0
    S. Lehtola, C. Steigemann, M. J.T. Oliveira, and M. A.L. Marques.,  SoftwareX 7, 1–5 (2018) (10.1016/j.softx.2017.11.002)

   => Composite Functional: WB97X-D <= 

    wB97X-D Hyb-GGA Exchange-Correlation Functional

    J.-D. Chai and M. Head-Gordon.,  Phys. Chem. Chem. Phys. 10, 6615-6620 (2008) (10.1039/B810189B)

    Deriv               =              1
    GGA                 =           TRUE
    Meta                =          FALSE

    Exchange Hybrid     =           TRUE
    MP2 Hybrid          =          FALSE

   => Exchange-Correlation Functionals <=

    1.0000   wB97X-D range-separated functional

   => Exact (HF) Exchange <=

    0.7780            HF,LR [omega = 0.2000]
    0.2220               HF 

   => LibXC Density Thresholds  <==

    XC_HYB_GGA_XC_WB97X_D:  1.00E-14 

   => Molecular Quadrature <=

    Radial Scheme          =       TREUTLER
    Pruning Scheme         =           NONE
    Nuclear Scheme         =       TREUTLER

    Blocking Scheme        =         OCTREE
    BS radius alpha        =              1
    Pruning alpha          =              1
    Radial Points          =             75
    Spherical Points       =            302
    Total Points           =         254713
    Total Blocks           =           1921
    Max Points             =            256
    Max Functions          =            100
    Weights Tolerance      =       1.00E-15

   => Loading Basis Set <=

    Name: (6-31G* AUX)
    Role: JKFIT
    Keyword: DF_BASIS_SCF
    atoms 1, 4-6 entry C          line   121 file /Users/jmsmith1/anaconda3/envs/jupyterenv/share/psi4/basis/cc-pvdz-jkfit.gbs 
    atoms 2-3    entry O          line   221 file /Users/jmsmith1/anaconda3/envs/jupyterenv/share/psi4/basis/cc-pvdz-jkfit.gbs 
    atoms 7-12   entry H          line    51 file /Users/jmsmith1/anaconda3/envs/jupyterenv/share/psi4/basis/cc-pvdz-jkfit.gbs 

  ==> Integral Setup <==

  DFHelper Memory: AOs need 0.151 GiB; user supplied 3.605 GiB. 
  SCF_SUBTYPE=INCORE selected. In-core MEM_DF algorithm will be used.
  Using in-core AOs.

  ==> MemDFJK: Density-Fitted J/K Matrices <==

    J tasked:                   Yes
    K tasked:                   Yes
    wK tasked:                  Yes
    Omega:                2.000E-01
    OpenMP threads:               4
    Memory [MiB]:              3691
    Algorithm:                 Core
    Schwarz Cutoff:           1E-12
    Mask sparsity (%):       1.9416
    Fitting Condition:        1E-10

   => Auxiliary Basis Set <=

  Basis Set: (6-31G* AUX)
    Blend: CC-PVDZ-JKFIT
    Number of shells: 198
    Number of basis functions: 636
    Number of Cartesian functions: 636
    Spherical Harmonics?: false
    Max angular momentum: 3

  Cached 100.0% of DFT collocation blocks in 0.586 [GiB].

  Minimum eigenvalue in the overlap matrix is 3.9414371131E-03.
  Reciprocal condition number of the overlap matrix is 5.8560553049E-04.
    Using symmetric orthogonalization.

  ==> Pre-Iterations <==

  SCF Guess: Superposition of Atomic Densities via on-the-fly atomic UHF (no occupation information).

   -------------------------
    Irrep   Nso     Nmo    
   -------------------------
     A        102     102 
   -------------------------
    Total     102     102
   -------------------------

  ==> Iterations <==

                           Total Energy        Delta E     RMS |[F,P]|

   @DF-RKS iter SAD:  -300.07091136681908   -3.00071e+02   0.00000e+00 
   @DF-RKS iter   1:  -296.95884487552763    3.11207e+00   3.34867e-02 ADIIS/DIIS
   @DF-RKS iter   2:  -275.33897655665714    2.16199e+01   6.21988e-02 ADIIS/DIIS
   @DF-RKS iter   3:  -304.75495266134442   -2.94160e+01   1.68830e-02 ADIIS/DIIS
   @DF-RKS iter   4:  -304.04181751101413    7.13135e-01   1.98748e-02 ADIIS/DIIS
   @DF-RKS iter   5:  -306.09682421726592   -2.05501e+00   3.58293e-03 ADIIS/DIIS
   @DF-RKS iter   6:  -306.15157007547089   -5.47459e-02   2.12347e-03 ADIIS/DIIS
   @DF-RKS iter   7:  -306.17361829645722   -2.20482e-02   3.76586e-04 ADIIS/DIIS
   @DF-RKS iter   8:  -306.17409969150350   -4.81395e-04   2.95936e-04 ADIIS/DIIS
   @DF-RKS iter   9:  -306.17456593977903   -4.66248e-04   6.14901e-05 DIIS
   @DF-RKS iter  10:  -306.17459408986383   -2.81501e-05   3.10884e-05 DIIS
   @DF-RKS iter  11:  -306.17459824373060   -4.15387e-06   2.02227e-05 DIIS
   @DF-RKS iter  12:  -306.17460067798311   -2.43425e-06   8.07914e-06 DIIS
   @DF-RKS iter  13:  -306.17460121400916   -5.36026e-07   9.77609e-07 DIIS
   @DF-RKS iter  14:  -306.17460125009706   -3.60879e-08   6.66304e-07 DIIS
   @DF-RKS iter  15:  -306.17460126284169   -1.27446e-08   3.85644e-07 DIIS
   @DF-RKS iter  16:  -306.17460127387665   -1.10350e-08   8.98349e-08 DIIS
  Energy and wave function converged.


  ==> Post-Iterations <==

   Electrons on quadrature grid:
      Ntotal   =   45.9999769445 ; deviation = -2.306e-05 

    Orbital Energies [Eh]
    ---------------------

    Doubly Occupied:                                                      

       1A    -19.423430     2A    -19.256282     3A    -10.422297  
       4A    -10.340354     5A    -10.337191     6A    -10.325193  
       7A     -1.284399     8A     -0.988380     9A     -0.899297  
      10A     -0.843690    11A     -0.747653    12A     -0.652146  
      13A     -0.611273    14A     -0.588720    15A     -0.574831  
      16A     -0.537666    17A     -0.523649    18A     -0.500562  
      19A     -0.489196    20A     -0.448758    21A     -0.388920  
      22A     -0.310327    23A     -0.295367  

    Virtual:                                                              

      24A     -0.027773    25A      0.093081    26A      0.169901  
      27A      0.175824    28A      0.210394    29A      0.229109  
      30A      0.234109    31A      0.252564    32A      0.261613  
      33A      0.288494    34A      0.334636    35A      0.405932  
      36A      0.424157    37A      0.562639    38A      0.581130  
      39A      0.597401    40A      0.631697    41A      0.650260  
      42A      0.670473    43A      0.697091    44A      0.702737  
      45A      0.734659    46A      0.785786    47A      0.833420  
      48A      0.890309    49A      0.903641    50A      0.928908  
      51A      0.946436    52A      0.953881    53A      0.969690  
      54A      1.015162    55A      1.022831    56A      1.038335  
      57A      1.061163    58A      1.097881    59A      1.140287  
      60A      1.159656    61A      1.180635    62A      1.201431  
      63A      1.344646    64A      1.362846    65A      1.419278  
      66A      1.461478    67A      1.502876    68A      1.603711  
      69A      1.614951    70A      1.720178    71A      1.739482  
      72A      1.755009    73A      1.826275    74A      1.847450  
      75A      1.909977    76A      1.916282    77A      1.956190  
      78A      2.003743    79A      2.052454    80A      2.130535  
      81A      2.183128    82A      2.240054    83A      2.283901  
      84A      2.344753    85A      2.353244    86A      2.406412  
      87A      2.453384    88A      2.480733    89A      2.537485  
      90A      2.569554    91A      2.690720    92A      2.740464  
      93A      2.885848    94A      2.907994    95A      3.087097  
      96A      3.205371    97A      3.585561    98A      4.098052  
      99A      4.114293   100A      4.244590   101A      4.337287  
     102A      4.578178  

    Final Occupation by Irrep:
              A 
    DOCC [    23 ]
    NA   [    23 ]
    NB   [    23 ]

  @DF-RKS Final Energy:  -306.17460127387665

   => Energetics <=

    Nuclear Repulsion Energy =            220.1320971427275595
    One-Electron Energy =                -851.8500598109732209
    Two-Electron Energy =                 353.7796255668108643
    DFT Exchange-Correlation Energy =     -28.2320049716017394
    Empirical Dispersion Energy =          -0.0042592008400613
    VV10 Nonlocal Energy =                  0.0000000000000000
    Total Energy =                       -306.1746012738766467

Computation Completed


Properties will be evaluated at   0.000000,   0.000000,   0.000000 [a0]

Properties computed using the SCF density matrix


 Multipole Moments:

 ------------------------------------------------------------------------------------
     Multipole            Electronic (a.u.)      Nuclear  (a.u.)        Total (a.u.)
 ------------------------------------------------------------------------------------

 L = 1.  Multiply by 2.5417464519 to convert [e a0] to [Debye]
 Dipole X            :         -1.4865170           -0.3985561           -1.8850731
 Dipole Y            :          0.8019324           -0.1465416            0.6553908
 Dipole Z            :          0.4836806           -0.4725434            0.0111372
 Magnitude           :                                                    1.9957860

 ------------------------------------------------------------------------------------

*** tstop() called on cst14372 at Tue Apr 21 11:10:49 2026
Module time:
	user time   =      26.83 seconds =       0.45 minutes
	system time =       0.36 seconds =       0.01 minutes
	total time  =         13 seconds =       0.22 minutes
Total time:
	user time   =    1246.49 seconds =      20.77 minutes
	system time =      17.56 seconds =       0.29 minutes
	total time  =        602 seconds =      10.03 minutes

Scratch directory: /tmp/
gradient() will perform analytic gradient computation.

*** tstart() called on cst14372
*** at Tue Apr 21 11:10:49 2026


         ------------------------------------------------------------
                                   SCF GRAD                          
                          Rob Parrish, Justin Turney,                
                       Andy Simmonett, and Alex Sokolov              
         ------------------------------------------------------------

  ==> Geometry <==

    Molecular point group: c1
    Full point group: C1

    Geometry (in Angstrom), charge = 0, multiplicity = 1:

       Center              X                  Y                   Z               Mass       
    ------------   -----------------  -----------------  -----------------  -----------------
         C            0.063501360300     0.329058374300     0.130869645400    12.000000000000
         O            1.391606630400     0.358264065400     0.034087912000    15.994914619570
         O            2.099015189800    -0.757240042900    -0.003882789000    15.994914619570
         C           -0.739214336700    -0.948067420900     0.033585809700    12.000000000000
         C           -2.083391051800    -1.004206740900    -0.210545892200    12.000000000000
         C           -0.647709996700     1.719902479700     0.049421384500    12.000000000000
         H           -0.334052650000    -1.825832040300     0.489174282800     1.007825032230
         H           -2.607149614900    -0.118686560200    -0.568256863400     1.007825032230
         H           -2.670786973800    -1.906158257200    -0.302587019000     1.007825032230
         H            0.247727898300     2.319122590300    -0.103226044200     1.007825032230
         H           -1.166139267200     2.204811927000     0.840119876600     1.007825032230
         H           -1.164596621800     1.860883521700    -0.866910116700     1.007825032230

  Nuclear repulsion =  220.132097142727559

  ==> Basis Set <==

  Basis Set: 6-31G*
    Blend: 6-31G*
    Number of shells: 48
    Number of basis functions: 102
    Number of Cartesian functions: 102
    Spherical Harmonics?: false
    Max angular momentum: 2

  ==> DFJKGrad: Density-Fitted SCF Gradients <==

    Gradient:                    1
    J tasked:                  Yes
    K tasked:                  Yes
    wK tasked:                 Yes
    Omega:               2.000E-01
    OpenMP threads:              4
    Integrals threads:           4
    Memory [MiB]:             4291
    Schwarz Cutoff:          1E-12
    Fitting Condition:       1E-10

   => Auxiliary Basis Set <=

  Basis Set: (6-31G* AUX)
    Blend: CC-PVDZ-JKFIT
    Number of shells: 198
    Number of basis functions: 636
    Number of Cartesian functions: 636
    Spherical Harmonics?: false
    Max angular momentum: 3

  ==> DFT Potential <==

   => LibXC <=

    Version 7.0.0
    S. Lehtola, C. Steigemann, M. J.T. Oliveira, and M. A.L. Marques.,  SoftwareX 7, 1–5 (2018) (10.1016/j.softx.2017.11.002)

   => Composite Functional: WB97X-D <= 

    wB97X-D Hyb-GGA Exchange-Correlation Functional

    J.-D. Chai and M. Head-Gordon.,  Phys. Chem. Chem. Phys. 10, 6615-6620 (2008) (10.1039/B810189B)

    Deriv               =              1
    GGA                 =           TRUE
    Meta                =          FALSE

    Exchange Hybrid     =           TRUE
    MP2 Hybrid          =          FALSE

   => Exchange-Correlation Functionals <=

    1.0000   wB97X-D range-separated functional

   => Exact (HF) Exchange <=

    0.7780            HF,LR [omega = 0.2000]
    0.2220               HF 

   => LibXC Density Thresholds  <==

    XC_HYB_GGA_XC_WB97X_D:  1.00E-14 

   => Molecular Quadrature <=

    Radial Scheme          =       TREUTLER
    Pruning Scheme         =           NONE
    Nuclear Scheme         =       TREUTLER

    Blocking Scheme        =         OCTREE
    BS radius alpha        =              1
    Pruning alpha          =              1
    Radial Points          =             75
    Spherical Points       =            302
    Total Points           =         254713
    Total Blocks           =           1921
    Max Points             =            256
    Max Functions          =            100
    Weights Tolerance      =       1.00E-15


  -Total Gradient:
     Atom            X                  Y                   Z
    ------   -----------------  -----------------  -----------------
       1        0.010539667545     0.008905991767     0.016490046745
       2        0.063119680901    -0.009544461520    -0.012824677594
       3        0.003460466768     0.006937846074     0.001614650746
       4        0.018393397794    -0.018632068712    -0.024848285557
       5       -0.029962674147    -0.025015436821     0.017115199000
       6       -0.072175303110     0.017453768337     0.013718432646
       7       -0.018560262868     0.011380965462     0.006606516394
       8        0.000509127540    -0.001482942493    -0.002038036326
       9       -0.004888927037     0.007420271655    -0.009234063646
      10       -0.002211540078    -0.014583406188    -0.000867626752
      11        0.013448394865     0.010275515031    -0.024251769557
      12        0.018313772668     0.006996393106     0.018660317305


*** tstop() called on cst14372 at Tue Apr 21 11:10:51 2026
Module time:
	user time   =       3.64 seconds =       0.06 minutes
	system time =       0.06 seconds =       0.00 minutes
	total time  =          2 seconds =       0.03 minutes
Total time:
	user time   =    1250.15 seconds =      20.84 minutes
	system time =      17.62 seconds =       0.29 minutes
	total time  =        604 seconds =      10.07 minutes

Scratch directory: /tmp/
   => Libint2 <=

    Primary   basis highest AM E, G, H:  6, 6, 3
    Auxiliary basis highest AM E, G, H:  7, 7, 4
    Onebody   basis highest AM E, G, H:  -, -, -
    Solid Harmonics ordering:            Gaussian

*** tstart() called on cst14372
*** at Tue Apr 21 11:10:51 2026

   => Loading Basis Set <=

    Name: 6-31G*
    Role: ORBITAL
    Keyword: BASIS
    atoms 1, 4-6 entry C          line   111 file /Users/jmsmith1/anaconda3/envs/jupyterenv/share/psi4/basis/6-31gs.gbs 
    atoms 2-3    entry O          line   145 file /Users/jmsmith1/anaconda3/envs/jupyterenv/share/psi4/basis/6-31gs.gbs 
    atoms 7-12   entry H          line    44 file /Users/jmsmith1/anaconda3/envs/jupyterenv/share/psi4/basis/6-31gs.gbs 

   => WB97X-D: Empirical Dispersion <=

    Chai and Head-Gordon Dispersion Correction
    Chai, J.-D.; Head-Gordon, M. (2010), J. Chem. Phys., 132: 6615-6620

        s6 =       1.000000


         ---------------------------------------------------------
                                   SCF
               by Justin Turney, Rob Parrish, Andy Simmonett
                          and Daniel G. A. Smith
                              RKS Reference
                        4 Threads,   5722 MiB Core
         ---------------------------------------------------------

  ==> Geometry <==

    Molecular point group: c1
    Full point group: C1

    Geometry (in Angstrom), charge = 0, multiplicity = 1:

       Center              X                  Y                   Z               Mass       
    ------------   -----------------  -----------------  -----------------  -----------------
         C            0.063032838900     0.327152897600     0.133786459200    12.000000000000
         O            1.390429244700     0.360716938700     0.035416143700    15.994914619570
         O            2.102298855200    -0.754608027800    -0.004055796300    15.994914619570
         C           -0.741694476200    -0.950279703200     0.035838089100    12.000000000000
         C           -2.083281595900    -1.006145728000    -0.217170110800    12.000000000000
         C           -0.648138305800     1.720346087600     0.050730673500    12.000000000000
         H           -0.322239144000    -1.827972572000     0.497708447700     1.007825032230
         H           -2.608317839100    -0.116338255300    -0.584095652600     1.007825032230
         H           -2.662331218800    -1.911409789600    -0.303135825600     1.007825032230
         H            0.245545423400     2.323410842800    -0.106144493400     1.007825032230
         H           -1.168328865800     2.200244306600     0.852664055900     1.007825032230
         H           -1.173802240300     1.852465421400    -0.884997496500     1.007825032230

  Running in c1 symmetry.

  Rotational constants: A =      0.17883  B =      0.09086  C =      0.06139 [cm^-1]
  Rotational constants: A =   5361.12176  B =   2724.02132  C =   1840.42591 [MHz]
  Nuclear repulsion =  219.861406376834651

  Charge       = 0
  Multiplicity = 1
  Electrons    = 46
  Nalpha       = 23
  Nbeta        = 23

  ==> Algorithm <==

  SCF Algorithm Type is DF.
  DIIS enabled.
  MOM disabled.
  Fractional occupation disabled.
  Guess Type is SAD.
  Energy threshold   = 1.00e-07
  Density threshold  = 1.00e-07
  Integral threshold = 1.00e-12

  ==> Primary Basis <==

  Basis Set: 6-31G*
    Blend: 6-31G*
    Number of shells: 48
    Number of basis functions: 102
    Number of Cartesian functions: 102
    Spherical Harmonics?: false
    Max angular momentum: 2

  ==> DFT Potential <==

   => LibXC <=

    Version 7.0.0
    S. Lehtola, C. Steigemann, M. J.T. Oliveira, and M. A.L. Marques.,  SoftwareX 7, 1–5 (2018) (10.1016/j.softx.2017.11.002)

   => Composite Functional: WB97X-D <= 

    wB97X-D Hyb-GGA Exchange-Correlation Functional

    J.-D. Chai and M. Head-Gordon.,  Phys. Chem. Chem. Phys. 10, 6615-6620 (2008) (10.1039/B810189B)

    Deriv               =              1
    GGA                 =           TRUE
    Meta                =          FALSE

    Exchange Hybrid     =           TRUE
    MP2 Hybrid          =          FALSE

   => Exchange-Correlation Functionals <=

    1.0000   wB97X-D range-separated functional

   => Exact (HF) Exchange <=

    0.7780            HF,LR [omega = 0.2000]
    0.2220               HF 

   => LibXC Density Thresholds  <==

    XC_HYB_GGA_XC_WB97X_D:  1.00E-14 

   => Molecular Quadrature <=

    Radial Scheme          =       TREUTLER
    Pruning Scheme         =           NONE
    Nuclear Scheme         =       TREUTLER

    Blocking Scheme        =         OCTREE
    BS radius alpha        =              1
    Pruning alpha          =              1
    Radial Points          =             75
    Spherical Points       =            302
    Total Points           =         254755
    Total Blocks           =           1920
    Max Points             =            256
    Max Functions          =            100
    Weights Tolerance      =       1.00E-15

   => Loading Basis Set <=

    Name: (6-31G* AUX)
    Role: JKFIT
    Keyword: DF_BASIS_SCF
    atoms 1, 4-6 entry C          line   121 file /Users/jmsmith1/anaconda3/envs/jupyterenv/share/psi4/basis/cc-pvdz-jkfit.gbs 
    atoms 2-3    entry O          line   221 file /Users/jmsmith1/anaconda3/envs/jupyterenv/share/psi4/basis/cc-pvdz-jkfit.gbs 
    atoms 7-12   entry H          line    51 file /Users/jmsmith1/anaconda3/envs/jupyterenv/share/psi4/basis/cc-pvdz-jkfit.gbs 

  ==> Integral Setup <==

  DFHelper Memory: AOs need 0.151 GiB; user supplied 3.606 GiB. 
  SCF_SUBTYPE=INCORE selected. In-core MEM_DF algorithm will be used.
  Using in-core AOs.

  ==> MemDFJK: Density-Fitted J/K Matrices <==

    J tasked:                   Yes
    K tasked:                   Yes
    wK tasked:                  Yes
    Omega:                2.000E-01
    OpenMP threads:               4
    Memory [MiB]:              3692
    Algorithm:                 Core
    Schwarz Cutoff:           1E-12
    Mask sparsity (%):       1.9416
    Fitting Condition:        1E-10

   => Auxiliary Basis Set <=

  Basis Set: (6-31G* AUX)
    Blend: CC-PVDZ-JKFIT
    Number of shells: 198
    Number of basis functions: 636
    Number of Cartesian functions: 636
    Spherical Harmonics?: false
    Max angular momentum: 3

  Cached 100.0% of DFT collocation blocks in 0.585 [GiB].

  Minimum eigenvalue in the overlap matrix is 3.9426966811E-03.
  Reciprocal condition number of the overlap matrix is 5.8699037702E-04.
    Using symmetric orthogonalization.

  ==> Pre-Iterations <==

  SCF Guess: Superposition of Atomic Densities via on-the-fly atomic UHF (no occupation information).

   -------------------------
    Irrep   Nso     Nmo    
   -------------------------
     A        102     102 
   -------------------------
    Total     102     102
   -------------------------

  ==> Iterations <==

                           Total Energy        Delta E     RMS |[F,P]|

   @DF-RKS iter SAD:  -300.02639901288222   -3.00026e+02   0.00000e+00 
   @DF-RKS iter   1:  -296.97010742639634    3.05629e+00   3.34355e-02 ADIIS/DIIS
   @DF-RKS iter   2:  -275.29714510318769    2.16730e+01   6.22171e-02 ADIIS/DIIS
   @DF-RKS iter   3:  -304.75635617977412   -2.94592e+01   1.68811e-02 ADIIS/DIIS
   @DF-RKS iter   4:  -304.02624148186260    7.30115e-01   1.99376e-02 ADIIS/DIIS
   @DF-RKS iter   5:  -306.09882434697477   -2.07258e+00   3.58392e-03 ADIIS/DIIS
   @DF-RKS iter   6:  -306.15361493984716   -5.47906e-02   2.12559e-03 ADIIS/DIIS
   @DF-RKS iter   7:  -306.17567602780252   -2.20611e-02   3.86649e-04 ADIIS/DIIS
   @DF-RKS iter   8:  -306.17616662770195   -4.90600e-04   3.02519e-04 ADIIS/DIIS
   @DF-RKS iter   9:  -306.17665457964284   -4.87952e-04   6.06560e-05 DIIS
   @DF-RKS iter  10:  -306.17668240397018   -2.78243e-05   3.15645e-05 DIIS
   @DF-RKS iter  11:  -306.17668665488094   -4.25091e-06   2.05562e-05 DIIS
   @DF-RKS iter  12:  -306.17668918166066   -2.52678e-06   8.09458e-06 DIIS
   @DF-RKS iter  13:  -306.17668972573421   -5.44074e-07   9.55013e-07 DIIS
   @DF-RKS iter  14:  -306.17668976262649   -3.68923e-08   6.66061e-07 DIIS
   @DF-RKS iter  15:  -306.17668977627079   -1.36443e-08   3.88507e-07 DIIS
   @DF-RKS iter  16:  -306.17668978697247   -1.07017e-08   9.25302e-08 DIIS
  Energy and wave function converged.


  ==> Post-Iterations <==

   Electrons on quadrature grid:
      Ntotal   =   45.9999823884 ; deviation = -1.761e-05 

    Orbital Energies [Eh]
    ---------------------

    Doubly Occupied:                                                      

       1A    -19.423098     2A    -19.255964     3A    -10.422408  
       4A    -10.341443     5A    -10.337921     6A    -10.328100  
       7A     -1.283144     8A     -0.987814     9A     -0.899038  
      10A     -0.841397    11A     -0.747230    12A     -0.650614  
      13A     -0.610473    14A     -0.587157    15A     -0.574046  
      16A     -0.537770    17A     -0.522190    18A     -0.500254  
      19A     -0.488767    20A     -0.447938    21A     -0.389064  
      22A     -0.310169    23A     -0.295371  

    Virtual:                                                              

      24A     -0.027749    25A      0.092903    26A      0.167239  
      27A      0.175887    28A      0.209111    29A      0.227496  
      30A      0.232714    31A      0.249225    32A      0.258997  
      33A      0.287405    34A      0.333936    35A      0.405091  
      36A      0.423152    37A      0.562403    38A      0.581662  
      39A      0.598596    40A      0.632008    41A      0.651248  
      42A      0.668597    43A      0.697886    44A      0.703690  
      45A      0.733825    46A      0.784947    47A      0.832206  
      48A      0.889835    49A      0.902876    50A      0.927852  
      51A      0.945607    52A      0.950549    53A      0.962995  
      54A      1.012605    55A      1.016612    56A      1.037709  
      57A      1.056310    58A      1.096437    59A      1.140184  
      60A      1.160793    61A      1.179708    62A      1.201492  
      63A      1.344887    64A      1.362459    65A      1.419229  
      66A      1.461717    67A      1.502360    68A      1.602045  
      69A      1.614687    70A      1.719802    71A      1.738300  
      72A      1.754947    73A      1.825140    74A      1.850007  
      75A      1.910319    76A      1.916302    77A      1.956831  
      78A      2.003251    79A      2.051879    80A      2.127485  
      81A      2.182177    82A      2.232653    83A      2.281658  
      84A      2.341065    85A      2.346625    86A      2.397476  
      87A      2.452114    88A      2.476882    89A      2.534510  
      90A      2.564091    91A      2.688629    92A      2.737801  
      93A      2.884072    94A      2.906961    95A      3.085968  
      96A      3.205598    97A      3.584748    98A      4.097467  
      99A      4.112109   100A      4.242720   101A      4.334016  
     102A      4.576887  

    Final Occupation by Irrep:
              A 
    DOCC [    23 ]
    NA   [    23 ]
    NB   [    23 ]

  @DF-RKS Final Energy:  -306.17668978697247

   => Energetics <=

    Nuclear Repulsion Energy =            219.8614063768346512
    One-Electron Energy =                -851.3377405059596867
    Two-Electron Energy =                 353.5232637675531464
    DFT Exchange-Correlation Energy =     -28.2193451729845854
    Empirical Dispersion Energy =          -0.0042742524160248
    VV10 Nonlocal Energy =                  0.0000000000000000
    Total Energy =                       -306.1766897869724744

Computation Completed


Properties will be evaluated at   0.000000,   0.000000,   0.000000 [a0]

Properties computed using the SCF density matrix


 Multipole Moments:

 ------------------------------------------------------------------------------------
     Multipole            Electronic (a.u.)      Nuclear  (a.u.)        Total (a.u.)
 ------------------------------------------------------------------------------------

 L = 1.  Multiply by 2.5417464519 to convert [e a0] to [Debye]
 Dipole X            :         -1.4958410           -0.3933244           -1.8891654
 Dipole Y            :          0.8079076           -0.1592802            0.6486274
 Dipole Z            :          0.5015554           -0.4875635            0.0139918
 Magnitude           :                                                    1.9974632

 ------------------------------------------------------------------------------------

*** tstop() called on cst14372 at Tue Apr 21 11:11:03 2026
Module time:
	user time   =      26.75 seconds =       0.45 minutes
	system time =       0.35 seconds =       0.01 minutes
	total time  =         12 seconds =       0.20 minutes
Total time:
	user time   =    1276.93 seconds =      21.28 minutes
	system time =      17.98 seconds =       0.30 minutes
	total time  =        616 seconds =      10.27 minutes

Scratch directory: /tmp/
gradient() will perform analytic gradient computation.

*** tstart() called on cst14372
*** at Tue Apr 21 11:11:03 2026


         ------------------------------------------------------------
                                   SCF GRAD                          
                          Rob Parrish, Justin Turney,                
                       Andy Simmonett, and Alex Sokolov              
         ------------------------------------------------------------

  ==> Geometry <==

    Molecular point group: c1
    Full point group: C1

    Geometry (in Angstrom), charge = 0, multiplicity = 1:

       Center              X                  Y                   Z               Mass       
    ------------   -----------------  -----------------  -----------------  -----------------
         C            0.063032838900     0.327152897600     0.133786459200    12.000000000000
         O            1.390429244700     0.360716938700     0.035416143700    15.994914619570
         O            2.102298855200    -0.754608027800    -0.004055796300    15.994914619570
         C           -0.741694476200    -0.950279703200     0.035838089100    12.000000000000
         C           -2.083281595900    -1.006145728000    -0.217170110800    12.000000000000
         C           -0.648138305800     1.720346087600     0.050730673500    12.000000000000
         H           -0.322239144000    -1.827972572000     0.497708447700     1.007825032230
         H           -2.608317839100    -0.116338255300    -0.584095652600     1.007825032230
         H           -2.662331218800    -1.911409789600    -0.303135825600     1.007825032230
         H            0.245545423400     2.323410842800    -0.106144493400     1.007825032230
         H           -1.168328865800     2.200244306600     0.852664055900     1.007825032230
         H           -1.173802240300     1.852465421400    -0.884997496500     1.007825032230

  Nuclear repulsion =  219.861406376834651

  ==> Basis Set <==

  Basis Set: 6-31G*
    Blend: 6-31G*
    Number of shells: 48
    Number of basis functions: 102
    Number of Cartesian functions: 102
    Spherical Harmonics?: false
    Max angular momentum: 2

  ==> DFJKGrad: Density-Fitted SCF Gradients <==

    Gradient:                    1
    J tasked:                  Yes
    K tasked:                  Yes
    wK tasked:                 Yes
    Omega:               2.000E-01
    OpenMP threads:              4
    Integrals threads:           4
    Memory [MiB]:             4291
    Schwarz Cutoff:          1E-12
    Fitting Condition:       1E-10

   => Auxiliary Basis Set <=

  Basis Set: (6-31G* AUX)
    Blend: CC-PVDZ-JKFIT
    Number of shells: 198
    Number of basis functions: 636
    Number of Cartesian functions: 636
    Spherical Harmonics?: false
    Max angular momentum: 3

  ==> DFT Potential <==

   => LibXC <=

    Version 7.0.0
    S. Lehtola, C. Steigemann, M. J.T. Oliveira, and M. A.L. Marques.,  SoftwareX 7, 1–5 (2018) (10.1016/j.softx.2017.11.002)

   => Composite Functional: WB97X-D <= 

    wB97X-D Hyb-GGA Exchange-Correlation Functional

    J.-D. Chai and M. Head-Gordon.,  Phys. Chem. Chem. Phys. 10, 6615-6620 (2008) (10.1039/B810189B)

    Deriv               =              1
    GGA                 =           TRUE
    Meta                =          FALSE

    Exchange Hybrid     =           TRUE
    MP2 Hybrid          =          FALSE

   => Exchange-Correlation Functionals <=

    1.0000   wB97X-D range-separated functional

   => Exact (HF) Exchange <=

    0.7780            HF,LR [omega = 0.2000]
    0.2220               HF 

   => LibXC Density Thresholds  <==

    XC_HYB_GGA_XC_WB97X_D:  1.00E-14 

   => Molecular Quadrature <=

    Radial Scheme          =       TREUTLER
    Pruning Scheme         =           NONE
    Nuclear Scheme         =       TREUTLER

    Blocking Scheme        =         OCTREE
    BS radius alpha        =              1
    Pruning alpha          =              1
    Radial Points          =             75
    Spherical Points       =            302
    Total Points           =         254755
    Total Blocks           =           1920
    Max Points             =            256
    Max Functions          =            100
    Weights Tolerance      =       1.00E-15


  -Total Gradient:
     Atom            X                  Y                   Z
    ------   -----------------  -----------------  -----------------
       1        0.010525947663     0.006860667013     0.017302453195
       2        0.062293024629    -0.007327197809    -0.012951109077
       3        0.004235457052     0.005706336857     0.001560936074
       4        0.013586610537    -0.015740890641    -0.026856557695
       5       -0.029164686177    -0.028218398032     0.017466570255
       6       -0.063442236843     0.015146811617     0.021759484038
       7       -0.014627492966     0.006916498468     0.009011167549
       8       -0.001709313603     0.002783440597    -0.003674926960
       9       -0.003241414116     0.008024957980    -0.008645016206
      10       -0.001302810086    -0.013771084697    -0.001065231687
      11        0.011278593029     0.011934159732    -0.018827248686
      12        0.011561616772     0.007785004251     0.005089335860


*** tstop() called on cst14372 at Tue Apr 21 11:11:05 2026
Module time:
	user time   =       3.69 seconds =       0.06 minutes
	system time =       0.06 seconds =       0.00 minutes
	total time  =          2 seconds =       0.03 minutes
Total time:
	user time   =    1280.64 seconds =      21.34 minutes
	system time =      18.04 seconds =       0.30 minutes
	total time  =        618 seconds =      10.30 minutes

Scratch directory: /tmp/
   => Libint2 <=

    Primary   basis highest AM E, G, H:  6, 6, 3
    Auxiliary basis highest AM E, G, H:  7, 7, 4
    Onebody   basis highest AM E, G, H:  -, -, -
    Solid Harmonics ordering:            Gaussian

*** tstart() called on cst14372
*** at Tue Apr 21 11:11:05 2026

   => Loading Basis Set <=

    Name: 6-31G*
    Role: ORBITAL
    Keyword: BASIS
    atoms 1, 4-6 entry C          line   111 file /Users/jmsmith1/anaconda3/envs/jupyterenv/share/psi4/basis/6-31gs.gbs 
    atoms 2-3    entry O          line   145 file /Users/jmsmith1/anaconda3/envs/jupyterenv/share/psi4/basis/6-31gs.gbs 
    atoms 7-12   entry H          line    44 file /Users/jmsmith1/anaconda3/envs/jupyterenv/share/psi4/basis/6-31gs.gbs 

   => WB97X-D: Empirical Dispersion <=

    Chai and Head-Gordon Dispersion Correction
    Chai, J.-D.; Head-Gordon, M. (2010), J. Chem. Phys., 132: 6615-6620

        s6 =       1.000000


         ---------------------------------------------------------
                                   SCF
               by Justin Turney, Rob Parrish, Andy Simmonett
                          and Daniel G. A. Smith
                              RKS Reference
                        4 Threads,   5722 MiB Core
         ---------------------------------------------------------

  ==> Geometry <==

    Molecular point group: c1
    Full point group: C1

    Geometry (in Angstrom), charge = 0, multiplicity = 1:

       Center              X                  Y                   Z               Mass       
    ------------   -----------------  -----------------  -----------------  -----------------
         C            0.062533063600     0.325224355900     0.136658106000    12.000000000000
         O            1.389114524500     0.363189862700     0.036774752200    15.994914619570
         O            2.105578846400    -0.751983980000    -0.004232486600    15.994914619570
         C           -0.744218115000    -0.952450151900     0.038171890900    12.000000000000
         C           -2.083087545200    -1.008006308000    -0.223856035600    12.000000000000
         C           -0.648383717000     1.720746603500     0.051979189200    12.000000000000
         H           -0.309901286000    -1.830355238400     0.505946211600     1.007825032230
         H           -2.609429080700    -0.114081989700    -0.599834371800     1.007825032230
         H           -2.653749439500    -1.916946922500    -0.303387413800     1.007825032230
         H            0.243404204100     2.328181241900    -0.109031119600     1.007825032230
         H           -1.170911118300     2.195257419800     0.865878655300     1.007825032230
         H           -1.183422086300     1.843764664300    -0.903290847200     1.007825032230

  Running in c1 symmetry.

  Rotational constants: A =      0.17853  B =      0.09070  C =      0.06133 [cm^-1]
  Rotational constants: A =   5352.14236  B =   2719.26681  C =   1838.66088 [MHz]
  Nuclear repulsion =  219.590311334482294

  Charge       = 0
  Multiplicity = 1
  Electrons    = 46
  Nalpha       = 23
  Nbeta        = 23

  ==> Algorithm <==

  SCF Algorithm Type is DF.
  DIIS enabled.
  MOM disabled.
  Fractional occupation disabled.
  Guess Type is SAD.
  Energy threshold   = 1.00e-07
  Density threshold  = 1.00e-07
  Integral threshold = 1.00e-12

  ==> Primary Basis <==

  Basis Set: 6-31G*
    Blend: 6-31G*
    Number of shells: 48
    Number of basis functions: 102
    Number of Cartesian functions: 102
    Spherical Harmonics?: false
    Max angular momentum: 2

  ==> DFT Potential <==

   => LibXC <=

    Version 7.0.0
    S. Lehtola, C. Steigemann, M. J.T. Oliveira, and M. A.L. Marques.,  SoftwareX 7, 1–5 (2018) (10.1016/j.softx.2017.11.002)

   => Composite Functional: WB97X-D <= 

    wB97X-D Hyb-GGA Exchange-Correlation Functional

    J.-D. Chai and M. Head-Gordon.,  Phys. Chem. Chem. Phys. 10, 6615-6620 (2008) (10.1039/B810189B)

    Deriv               =              1
    GGA                 =           TRUE
    Meta                =          FALSE

    Exchange Hybrid     =           TRUE
    MP2 Hybrid          =          FALSE

   => Exchange-Correlation Functionals <=

    1.0000   wB97X-D range-separated functional

   => Exact (HF) Exchange <=

    0.7780            HF,LR [omega = 0.2000]
    0.2220               HF 

   => LibXC Density Thresholds  <==

    XC_HYB_GGA_XC_WB97X_D:  1.00E-14 

   => Molecular Quadrature <=

    Radial Scheme          =       TREUTLER
    Pruning Scheme         =           NONE
    Nuclear Scheme         =       TREUTLER

    Blocking Scheme        =         OCTREE
    BS radius alpha        =              1
    Pruning alpha          =              1
    Radial Points          =             75
    Spherical Points       =            302
    Total Points           =         254789
    Total Blocks           =           1924
    Max Points             =            256
    Max Functions          =            100
    Weights Tolerance      =       1.00E-15

   => Loading Basis Set <=

    Name: (6-31G* AUX)
    Role: JKFIT
    Keyword: DF_BASIS_SCF
    atoms 1, 4-6 entry C          line   121 file /Users/jmsmith1/anaconda3/envs/jupyterenv/share/psi4/basis/cc-pvdz-jkfit.gbs 
    atoms 2-3    entry O          line   221 file /Users/jmsmith1/anaconda3/envs/jupyterenv/share/psi4/basis/cc-pvdz-jkfit.gbs 
    atoms 7-12   entry H          line    51 file /Users/jmsmith1/anaconda3/envs/jupyterenv/share/psi4/basis/cc-pvdz-jkfit.gbs 

  ==> Integral Setup <==

  DFHelper Memory: AOs need 0.151 GiB; user supplied 3.606 GiB. 
  SCF_SUBTYPE=INCORE selected. In-core MEM_DF algorithm will be used.
  Using in-core AOs.

  ==> MemDFJK: Density-Fitted J/K Matrices <==

    J tasked:                   Yes
    K tasked:                   Yes
    wK tasked:                  Yes
    Omega:                2.000E-01
    OpenMP threads:               4
    Memory [MiB]:              3692
    Algorithm:                 Core
    Schwarz Cutoff:           1E-12
    Mask sparsity (%):       1.9416
    Fitting Condition:        1E-10

   => Auxiliary Basis Set <=

  Basis Set: (6-31G* AUX)
    Blend: CC-PVDZ-JKFIT
    Number of shells: 198
    Number of basis functions: 636
    Number of Cartesian functions: 636
    Spherical Harmonics?: false
    Max angular momentum: 3

  Cached 100.0% of DFT collocation blocks in 0.585 [GiB].

  Minimum eigenvalue in the overlap matrix is 3.9388718012E-03.
  Reciprocal condition number of the overlap matrix is 5.8761246331E-04.
    Using symmetric orthogonalization.

  ==> Pre-Iterations <==

  SCF Guess: Superposition of Atomic Densities via on-the-fly atomic UHF (no occupation information).

   -------------------------
    Irrep   Nso     Nmo    
   -------------------------
     A        102     102 
   -------------------------
    Total     102     102
   -------------------------

  ==> Iterations <==

                           Total Energy        Delta E     RMS |[F,P]|

   @DF-RKS iter SAD:  -299.98051958772811   -2.99981e+02   0.00000e+00 
   @DF-RKS iter   1:  -296.97948958460591    3.00103e+00   3.33858e-02 ADIIS/DIIS
   @DF-RKS iter   2:  -275.24788107022840    2.17316e+01   6.22429e-02 ADIIS/DIIS
   @DF-RKS iter   3:  -304.75570004642174   -2.95078e+01   1.68848e-02 ADIIS/DIIS
   @DF-RKS iter   4:  -304.00329580380998    7.52404e-01   2.00280e-02 ADIIS/DIIS
   @DF-RKS iter   5:  -306.09986861226270   -2.09657e+00   3.58734e-03 ADIIS/DIIS
   @DF-RKS iter   6:  -306.15477589754784   -5.49073e-02   2.13133e-03 ADIIS/DIIS
   @DF-RKS iter   7:  -306.17692509384182   -2.21492e-02   3.97411e-04 ADIIS/DIIS
   @DF-RKS iter   8:  -306.17742921795866   -5.04124e-04   3.09024e-04 ADIIS/DIIS
   @DF-RKS iter   9:  -306.17793925479930   -5.10037e-04   6.00166e-05 DIIS
   @DF-RKS iter  10:  -306.17796683912536   -2.75843e-05   3.21572e-05 DIIS
   @DF-RKS iter  11:  -306.17797120800276   -4.36888e-06   2.10134e-05 DIIS
   @DF-RKS iter  12:  -306.17797385842880   -2.65043e-06   8.11965e-06 DIIS
   @DF-RKS iter  13:  -306.17797441125384   -5.52825e-07   9.30626e-07 DIIS
   @DF-RKS iter  14:  -306.17797444883831   -3.75845e-08   6.63012e-07 DIIS
   @DF-RKS iter  15:  -306.17797446388380   -1.50455e-08   3.86822e-07 DIIS
   @DF-RKS iter  16:  -306.17797447370987   -9.82607e-09   9.61361e-08 DIIS
  Energy and wave function converged.


  ==> Post-Iterations <==

   Electrons on quadrature grid:
      Ntotal   =   45.9999872665 ; deviation = -1.273e-05 

    Orbital Energies [Eh]
    ---------------------

    Doubly Occupied:                                                      

       1A    -19.422742     2A    -19.255633     3A    -10.422527  
       4A    -10.342571     5A    -10.338674     6A    -10.331121  
       7A     -1.281860     8A     -0.987256     9A     -0.898815  
      10A     -0.839111    11A     -0.746799    12A     -0.649111  
      13A     -0.609633    14A     -0.585656    15A     -0.573234  
      16A     -0.537812    17A     -0.520609    18A     -0.500023  
      19A     -0.488163    20A     -0.447067    21A     -0.389231  
      22A     -0.310003    23A     -0.295369  

    Virtual:                                                              

      24A     -0.027726    25A      0.092744    26A      0.164252  
      27A      0.175875    28A      0.207495    29A      0.225820  
      30A      0.231245    31A      0.245629    32A      0.256674  
      33A      0.286317    34A      0.333203    35A      0.404248  
      36A      0.422172    37A      0.562153    38A      0.582146  
      39A      0.599814    40A      0.632360    41A      0.652255  
      42A      0.666846    43A      0.698737    44A      0.704780  
      45A      0.733048    46A      0.783919    47A      0.830982  
      48A      0.889106    49A      0.901960    50A      0.926397  
      51A      0.943317    52A      0.947994    53A      0.956782  
      54A      1.006910    55A      1.013295    56A      1.037222  
      57A      1.051962    58A      1.095597    59A      1.140378  
      60A      1.162021    61A      1.178918    62A      1.201657  
      63A      1.345104    64A      1.362201    65A      1.419156  
      66A      1.461945    67A      1.501820    68A      1.600223  
      69A      1.614430    70A      1.718648    71A      1.737422  
      72A      1.754973    73A      1.824194    74A      1.852499  
      75A      1.910271    76A      1.916924    77A      1.957517  
      78A      2.002394    79A      2.051217    80A      2.124492  
      81A      2.180955    82A      2.224236    83A      2.279599  
      84A      2.336980    85A      2.338321    86A      2.389583  
      87A      2.451095    88A      2.473519    89A      2.531518  
      90A      2.559369    91A      2.686594    92A      2.735159  
      93A      2.882378    94A      2.905698    95A      3.084913  
      96A      3.206002    97A      3.583942    98A      4.096893  
      99A      4.109896   100A      4.240753   101A      4.330683  
     102A      4.575666  

    Final Occupation by Irrep:
              A 
    DOCC [    23 ]
    NA   [    23 ]
    NB   [    23 ]

  @DF-RKS Final Energy:  -306.17797447370987

   => Energetics <=

    Nuclear Repulsion Energy =            219.5903113344822941
    One-Electron Energy =                -850.8234529514861606
    Two-Electron Energy =                 353.2658685517920958
    DFT Exchange-Correlation Energy =     -28.2064107720436148
    Empirical Dispersion Energy =          -0.0042906364544649
    VV10 Nonlocal Energy =                  0.0000000000000000
    Total Energy =                       -306.1779744737098667

Computation Completed


Properties will be evaluated at   0.000000,   0.000000,   0.000000 [a0]

Properties computed using the SCF density matrix


 Multipole Moments:

 ------------------------------------------------------------------------------------
     Multipole            Electronic (a.u.)      Nuclear  (a.u.)        Total (a.u.)
 ------------------------------------------------------------------------------------

 L = 1.  Multiply by 2.5417464519 to convert [e a0] to [Debye]
 Dipole X            :         -1.5052646           -0.3881492           -1.8934138
 Dipole Y            :          0.8145992           -0.1728093            0.6417898
 Dipole Z            :          0.5190504           -0.5020282            0.0170222
 Magnitude           :                                                    1.9992998

 ------------------------------------------------------------------------------------

*** tstop() called on cst14372 at Tue Apr 21 11:11:18 2026
Module time:
	user time   =      26.82 seconds =       0.45 minutes
	system time =       0.33 seconds =       0.01 minutes
	total time  =         13 seconds =       0.22 minutes
Total time:
	user time   =    1307.49 seconds =      21.79 minutes
	system time =      18.37 seconds =       0.31 minutes
	total time  =        631 seconds =      10.52 minutes

Scratch directory: /tmp/
gradient() will perform analytic gradient computation.

*** tstart() called on cst14372
*** at Tue Apr 21 11:11:18 2026


         ------------------------------------------------------------
                                   SCF GRAD                          
                          Rob Parrish, Justin Turney,                
                       Andy Simmonett, and Alex Sokolov              
         ------------------------------------------------------------

  ==> Geometry <==

    Molecular point group: c1
    Full point group: C1

    Geometry (in Angstrom), charge = 0, multiplicity = 1:

       Center              X                  Y                   Z               Mass       
    ------------   -----------------  -----------------  -----------------  -----------------
         C            0.062533063600     0.325224355900     0.136658106000    12.000000000000
         O            1.389114524500     0.363189862700     0.036774752200    15.994914619570
         O            2.105578846400    -0.751983980000    -0.004232486600    15.994914619570
         C           -0.744218115000    -0.952450151900     0.038171890900    12.000000000000
         C           -2.083087545200    -1.008006308000    -0.223856035600    12.000000000000
         C           -0.648383717000     1.720746603500     0.051979189200    12.000000000000
         H           -0.309901286000    -1.830355238400     0.505946211600     1.007825032230
         H           -2.609429080700    -0.114081989700    -0.599834371800     1.007825032230
         H           -2.653749439500    -1.916946922500    -0.303387413800     1.007825032230
         H            0.243404204100     2.328181241900    -0.109031119600     1.007825032230
         H           -1.170911118300     2.195257419800     0.865878655300     1.007825032230
         H           -1.183422086300     1.843764664300    -0.903290847200     1.007825032230

  Nuclear repulsion =  219.590311334482294

  ==> Basis Set <==

  Basis Set: 6-31G*
    Blend: 6-31G*
    Number of shells: 48
    Number of basis functions: 102
    Number of Cartesian functions: 102
    Spherical Harmonics?: false
    Max angular momentum: 2

  ==> DFJKGrad: Density-Fitted SCF Gradients <==

    Gradient:                    1
    J tasked:                  Yes
    K tasked:                  Yes
    wK tasked:                 Yes
    Omega:               2.000E-01
    OpenMP threads:              4
    Integrals threads:           4
    Memory [MiB]:             4291
    Schwarz Cutoff:          1E-12
    Fitting Condition:       1E-10

   => Auxiliary Basis Set <=

  Basis Set: (6-31G* AUX)
    Blend: CC-PVDZ-JKFIT
    Number of shells: 198
    Number of basis functions: 636
    Number of Cartesian functions: 636
    Spherical Harmonics?: false
    Max angular momentum: 3

  ==> DFT Potential <==

   => LibXC <=

    Version 7.0.0
    S. Lehtola, C. Steigemann, M. J.T. Oliveira, and M. A.L. Marques.,  SoftwareX 7, 1–5 (2018) (10.1016/j.softx.2017.11.002)

   => Composite Functional: WB97X-D <= 

    wB97X-D Hyb-GGA Exchange-Correlation Functional

    J.-D. Chai and M. Head-Gordon.,  Phys. Chem. Chem. Phys. 10, 6615-6620 (2008) (10.1039/B810189B)

    Deriv               =              1
    GGA                 =           TRUE
    Meta                =          FALSE

    Exchange Hybrid     =           TRUE
    MP2 Hybrid          =          FALSE

   => Exchange-Correlation Functionals <=

    1.0000   wB97X-D range-separated functional

   => Exact (HF) Exchange <=

    0.7780            HF,LR [omega = 0.2000]
    0.2220               HF 

   => LibXC Density Thresholds  <==

    XC_HYB_GGA_XC_WB97X_D:  1.00E-14 

   => Molecular Quadrature <=

    Radial Scheme          =       TREUTLER
    Pruning Scheme         =           NONE
    Nuclear Scheme         =       TREUTLER

    Blocking Scheme        =         OCTREE
    BS radius alpha        =              1
    Pruning alpha          =              1
    Radial Points          =             75
    Spherical Points       =            302
    Total Points           =         254789
    Total Blocks           =           1924
    Max Points             =            256
    Max Functions          =            100
    Weights Tolerance      =       1.00E-15


  -Total Gradient:
     Atom            X                  Y                   Z
    ------   -----------------  -----------------  -----------------
       1        0.010507441511     0.004784741045     0.018143011183
       2        0.061350304239    -0.005072384841    -0.013056753388
       3        0.005042718167     0.004448606329     0.001495234913
       4        0.008620344457    -0.012925861934    -0.028836052229
       5       -0.028325395687    -0.030964033009     0.017747166074
       6       -0.055176189086     0.013080246800     0.028359331738
       7       -0.010580364497     0.002498155836     0.011425344620
       8       -0.003782288225     0.006824451667    -0.005286530001
       9       -0.001701342785     0.008433614785    -0.008033873176
      10       -0.000274034343    -0.012843220482    -0.001286776140
      11        0.008934368417     0.013632636635    -0.013125537219
      12        0.005393889740     0.008181393143    -0.007344906966


*** tstop() called on cst14372 at Tue Apr 21 11:11:20 2026
Module time:
	user time   =       3.65 seconds =       0.06 minutes
	system time =       0.07 seconds =       0.00 minutes
	total time  =          2 seconds =       0.03 minutes
Total time:
	user time   =    1311.15 seconds =      21.85 minutes
	system time =      18.44 seconds =       0.31 minutes
	total time  =        633 seconds =      10.55 minutes

Scratch directory: /tmp/
   => Libint2 <=

    Primary   basis highest AM E, G, H:  6, 6, 3
    Auxiliary basis highest AM E, G, H:  7, 7, 4
    Onebody   basis highest AM E, G, H:  -, -, -
    Solid Harmonics ordering:            Gaussian

*** tstart() called on cst14372
*** at Tue Apr 21 11:11:20 2026

   => Loading Basis Set <=

    Name: 6-31G*
    Role: ORBITAL
    Keyword: BASIS
    atoms 1, 4-6 entry C          line   111 file /Users/jmsmith1/anaconda3/envs/jupyterenv/share/psi4/basis/6-31gs.gbs 
    atoms 2-3    entry O          line   145 file /Users/jmsmith1/anaconda3/envs/jupyterenv/share/psi4/basis/6-31gs.gbs 
    atoms 7-12   entry H          line    44 file /Users/jmsmith1/anaconda3/envs/jupyterenv/share/psi4/basis/6-31gs.gbs 

   => WB97X-D: Empirical Dispersion <=

    Chai and Head-Gordon Dispersion Correction
    Chai, J.-D.; Head-Gordon, M. (2010), J. Chem. Phys., 132: 6615-6620

        s6 =       1.000000


         ---------------------------------------------------------
                                   SCF
               by Justin Turney, Rob Parrish, Andy Simmonett
                          and Daniel G. A. Smith
                              RKS Reference
                        4 Threads,   5722 MiB Core
         ---------------------------------------------------------

  ==> Geometry <==

    Molecular point group: c1
    Full point group: C1

    Geometry (in Angstrom), charge = 0, multiplicity = 1:

       Center              X                  Y                   Z               Mass       
    ------------   -----------------  -----------------  -----------------  -----------------
         C            0.062002079700     0.323278885200     0.139481832400    12.000000000000
         O            1.387664405700     0.365677758700     0.038163900300    15.994914619570
         O            2.108853121600    -0.749365405400    -0.004412707900    15.994914619570
         C           -0.746770734500    -0.954586659000     0.040592877200    12.000000000000
         C           -2.082811206600    -1.009780246300    -0.230604005700    12.000000000000
         C           -0.648469832200     1.721109903100     0.053147623500    12.000000000000
         H           -0.297178843900    -1.832827862500     0.513803125900     1.007825032230
         H           -2.610411662900    -0.112057465400    -0.615415927200     1.007825032230
         H           -2.645095276700    -1.922783741500    -0.303362349900     1.007825032230
         H            0.241269014100     2.333402170500    -0.111877982400     1.007825032230
         H           -1.173805604800     2.189792433800     0.879567011700     1.007825032230
         H           -1.193243314400     1.834767864600    -0.921360131200     1.007825032230

  Running in c1 symmetry.

  Rotational constants: A =      0.17823  B =      0.09055  C =      0.06128 [cm^-1]
  Rotational constants: A =   5343.23580  B =   2714.64367  C =   1836.98932 [MHz]
  Nuclear repulsion =  219.322872492849712

  Charge       = 0
  Multiplicity = 1
  Electrons    = 46
  Nalpha       = 23
  Nbeta        = 23

  ==> Algorithm <==

  SCF Algorithm Type is DF.
  DIIS enabled.
  MOM disabled.
  Fractional occupation disabled.
  Guess Type is SAD.
  Energy threshold   = 1.00e-07
  Density threshold  = 1.00e-07
  Integral threshold = 1.00e-12

  ==> Primary Basis <==

  Basis Set: 6-31G*
    Blend: 6-31G*
    Number of shells: 48
    Number of basis functions: 102
    Number of Cartesian functions: 102
    Spherical Harmonics?: false
    Max angular momentum: 2

  ==> DFT Potential <==

   => LibXC <=

    Version 7.0.0
    S. Lehtola, C. Steigemann, M. J.T. Oliveira, and M. A.L. Marques.,  SoftwareX 7, 1–5 (2018) (10.1016/j.softx.2017.11.002)

   => Composite Functional: WB97X-D <= 

    wB97X-D Hyb-GGA Exchange-Correlation Functional

    J.-D. Chai and M. Head-Gordon.,  Phys. Chem. Chem. Phys. 10, 6615-6620 (2008) (10.1039/B810189B)

    Deriv               =              1
    GGA                 =           TRUE
    Meta                =          FALSE

    Exchange Hybrid     =           TRUE
    MP2 Hybrid          =          FALSE

   => Exchange-Correlation Functionals <=

    1.0000   wB97X-D range-separated functional

   => Exact (HF) Exchange <=

    0.7780            HF,LR [omega = 0.2000]
    0.2220               HF 

   => LibXC Density Thresholds  <==

    XC_HYB_GGA_XC_WB97X_D:  1.00E-14 

   => Molecular Quadrature <=

    Radial Scheme          =       TREUTLER
    Pruning Scheme         =           NONE
    Nuclear Scheme         =       TREUTLER

    Blocking Scheme        =         OCTREE
    BS radius alpha        =              1
    Pruning alpha          =              1
    Radial Points          =             75
    Spherical Points       =            302
    Total Points           =         254835
    Total Blocks           =           1923
    Max Points             =            256
    Max Functions          =            100
    Weights Tolerance      =       1.00E-15

   => Loading Basis Set <=

    Name: (6-31G* AUX)
    Role: JKFIT
    Keyword: DF_BASIS_SCF
    atoms 1, 4-6 entry C          line   121 file /Users/jmsmith1/anaconda3/envs/jupyterenv/share/psi4/basis/cc-pvdz-jkfit.gbs 
    atoms 2-3    entry O          line   221 file /Users/jmsmith1/anaconda3/envs/jupyterenv/share/psi4/basis/cc-pvdz-jkfit.gbs 
    atoms 7-12   entry H          line    51 file /Users/jmsmith1/anaconda3/envs/jupyterenv/share/psi4/basis/cc-pvdz-jkfit.gbs 

  ==> Integral Setup <==

  DFHelper Memory: AOs need 0.151 GiB; user supplied 3.606 GiB. 
  SCF_SUBTYPE=INCORE selected. In-core MEM_DF algorithm will be used.
  Using in-core AOs.

  ==> MemDFJK: Density-Fitted J/K Matrices <==

    J tasked:                   Yes
    K tasked:                   Yes
    wK tasked:                  Yes
    Omega:                2.000E-01
    OpenMP threads:               4
    Memory [MiB]:              3692
    Algorithm:                 Core
    Schwarz Cutoff:           1E-12
    Mask sparsity (%):       1.9416
    Fitting Condition:        1E-10

   => Auxiliary Basis Set <=

  Basis Set: (6-31G* AUX)
    Blend: CC-PVDZ-JKFIT
    Number of shells: 198
    Number of basis functions: 636
    Number of Cartesian functions: 636
    Spherical Harmonics?: false
    Max angular momentum: 3

  Cached 100.0% of DFT collocation blocks in 0.585 [GiB].

  Minimum eigenvalue in the overlap matrix is 3.9323366647E-03.
  Reciprocal condition number of the overlap matrix is 5.8779769468E-04.
    Using symmetric orthogonalization.

  ==> Pre-Iterations <==

  SCF Guess: Superposition of Atomic Densities via on-the-fly atomic UHF (no occupation information).

   -------------------------
    Irrep   Nso     Nmo    
   -------------------------
     A        102     102 
   -------------------------
    Total     102     102
   -------------------------

  ==> Iterations <==

                           Total Energy        Delta E     RMS |[F,P]|

   @DF-RKS iter SAD:  -299.93418162881255   -2.99934e+02   0.00000e+00 
   @DF-RKS iter   1:  -296.98754417016215    2.94664e+00   3.33375e-02 ADIIS/DIIS
   @DF-RKS iter   2:  -275.19365006637145    2.17939e+01   6.22738e-02 ADIIS/DIIS
   @DF-RKS iter   3:  -304.75301964152789   -2.95594e+01   1.68943e-02 ADIIS/DIIS
   @DF-RKS iter   4:  -303.97173428834867    7.81285e-01   2.01505e-02 ADIIS/DIIS
   @DF-RKS iter   5:  -306.09995185848567   -2.12822e+00   3.59307e-03 ADIIS/DIIS
   @DF-RKS iter   6:  -306.15504864448758   -5.50968e-02   2.14104e-03 ADIIS/DIIS
   @DF-RKS iter   7:  -306.17737006725736   -2.23214e-02   4.08702e-04 ADIIS/DIIS
   @DF-RKS iter   8:  -306.17789204468380   -5.21977e-04   3.15409e-04 ADIIS/DIIS
   @DF-RKS iter   9:  -306.17842429146060   -5.32247e-04   5.96337e-05 DIIS
   @DF-RKS iter  10:  -306.17845174796884   -2.74565e-05   3.28715e-05 DIIS
   @DF-RKS iter  11:  -306.17845625953026   -4.51156e-06   2.16000e-05 DIIS
   @DF-RKS iter  12:  -306.17845906745401   -2.80792e-06   8.14893e-06 DIIS
   @DF-RKS iter  13:  -306.17845962835014   -5.60896e-07   9.08570e-07 DIIS
   @DF-RKS iter  14:  -306.17845966634701   -3.79969e-08   6.57534e-07 DIIS
   @DF-RKS iter  15:  -306.17845968364674   -1.72997e-08   3.72058e-07 DIIS
   @DF-RKS iter  16:  -306.17845969172458   -8.07785e-09   1.00907e-07 DIIS
   @DF-RKS iter  17:  -306.17845969224618   -5.21595e-10   3.40893e-08 DIIS
  Energy and wave function converged.


  ==> Post-Iterations <==

   Electrons on quadrature grid:
      Ntotal   =   45.9999913872 ; deviation = -8.613e-06 

    Orbital Energies [Eh]
    ---------------------

    Doubly Occupied:                                                      

       1A    -19.422364     2A    -19.255289     3A    -10.422650  
       4A    -10.343716     5A    -10.339441     6A    -10.334176  
       7A     -1.280552     8A     -0.986705     9A     -0.898636  
      10A     -0.836883    11A     -0.746368    12A     -0.647663  
      13A     -0.608770    14A     -0.584228    15A     -0.572415  
      16A     -0.537784    17A     -0.518980    18A     -0.499894  
      19A     -0.487395    20A     -0.446153    21A     -0.389421  
      22A     -0.309828    23A     -0.295362  

    Virtual:                                                              

      24A     -0.027704    25A      0.092603    26A      0.160995  
      27A      0.175780    28A      0.205593    29A      0.224092  
      30A      0.229622    31A      0.242138    32A      0.254552  
      33A      0.285237    34A      0.332441    35A      0.403406  
      36A      0.421219    37A      0.561898    38A      0.582591  
      39A      0.600990    40A      0.632746    41A      0.653215  
      42A      0.665267    43A      0.699630    44A      0.705994  
      45A      0.732336    46A      0.782657    47A      0.829757  
      48A      0.888048    49A      0.900944    50A      0.924514  
      51A      0.939626    52A      0.945302    53A      0.952616  
      54A      1.000094    55A      1.011394    56A      1.036813  
      57A      1.048178    58A      1.095182    59A      1.140775  
      60A      1.163322    61A      1.178260    62A      1.201931  
      63A      1.345274    64A      1.362070    65A      1.419061  
      66A      1.462158    67A      1.501276    68A      1.598227  
      69A      1.614169    70A      1.716609    71A      1.737003  
      72A      1.755036    73A      1.823468    74A      1.854853  
      75A      1.909964    76A      1.918062    77A      1.958251  
      78A      2.001188    79A      2.050459    80A      2.121641  
      81A      2.179380    82A      2.215160    83A      2.277517  
      84A      2.328429    85A      2.332995    86A      2.383150  
      87A      2.450185    88A      2.470554    89A      2.528608  
      90A      2.555326    91A      2.684620    92A      2.732533  
      93A      2.880768    94A      2.904218    95A      3.083935  
      96A      3.206572    97A      3.583148    98A      4.096342  
      99A      4.107684   100A      4.238726   101A      4.327381  
     102A      4.574527  

    Final Occupation by Irrep:
              A 
    DOCC [    23 ]
    NA   [    23 ]
    NB   [    23 ]

  @DF-RKS Final Energy:  -306.17845969224618

   => Energetics <=

    Nuclear Repulsion Energy =            219.3228724928497115
    One-Electron Energy =                -850.3148332155868729
    Two-Electron Energy =                 353.0113039289822723
    DFT Exchange-Correlation Energy =     -28.1934947576092654
    Empirical Dispersion Energy =          -0.0043081408820137
    VV10 Nonlocal Energy =                  0.0000000000000000
    Total Energy =                       -306.1784596922461787

Computation Completed


Properties will be evaluated at   0.000000,   0.000000,   0.000000 [a0]

Properties computed using the SCF density matrix


 Multipole Moments:

 ------------------------------------------------------------------------------------
     Multipole            Electronic (a.u.)      Nuclear  (a.u.)        Total (a.u.)
 ------------------------------------------------------------------------------------

 L = 1.  Multiply by 2.5417464519 to convert [e a0] to [Debye]
 Dipole X            :         -1.5149413           -0.3829032           -1.8978444
 Dipole Y            :          0.8221325           -0.1872274            0.6349051
 Dipole Z            :          0.5359141           -0.5157568            0.0201573
 Magnitude           :                                                    2.0013306

 ------------------------------------------------------------------------------------

*** tstop() called on cst14372 at Tue Apr 21 11:11:34 2026
Module time:
	user time   =      28.18 seconds =       0.47 minutes
	system time =       0.40 seconds =       0.01 minutes
	total time  =         14 seconds =       0.23 minutes
Total time:
	user time   =    1339.35 seconds =      22.32 minutes
	system time =      18.84 seconds =       0.31 minutes
	total time  =        647 seconds =      10.78 minutes

Scratch directory: /tmp/
gradient() will perform analytic gradient computation.

*** tstart() called on cst14372
*** at Tue Apr 21 11:11:34 2026


         ------------------------------------------------------------
                                   SCF GRAD                          
                          Rob Parrish, Justin Turney,                
                       Andy Simmonett, and Alex Sokolov              
         ------------------------------------------------------------

  ==> Geometry <==

    Molecular point group: c1
    Full point group: C1

    Geometry (in Angstrom), charge = 0, multiplicity = 1:

       Center              X                  Y                   Z               Mass       
    ------------   -----------------  -----------------  -----------------  -----------------
         C            0.062002079700     0.323278885200     0.139481832400    12.000000000000
         O            1.387664405700     0.365677758700     0.038163900300    15.994914619570
         O            2.108853121600    -0.749365405400    -0.004412707900    15.994914619570
         C           -0.746770734500    -0.954586659000     0.040592877200    12.000000000000
         C           -2.082811206600    -1.009780246300    -0.230604005700    12.000000000000
         C           -0.648469832200     1.721109903100     0.053147623500    12.000000000000
         H           -0.297178843900    -1.832827862500     0.513803125900     1.007825032230
         H           -2.610411662900    -0.112057465400    -0.615415927200     1.007825032230
         H           -2.645095276700    -1.922783741500    -0.303362349900     1.007825032230
         H            0.241269014100     2.333402170500    -0.111877982400     1.007825032230
         H           -1.173805604800     2.189792433800     0.879567011700     1.007825032230
         H           -1.193243314400     1.834767864600    -0.921360131200     1.007825032230

  Nuclear repulsion =  219.322872492849712

  ==> Basis Set <==

  Basis Set: 6-31G*
    Blend: 6-31G*
    Number of shells: 48
    Number of basis functions: 102
    Number of Cartesian functions: 102
    Spherical Harmonics?: false
    Max angular momentum: 2

  ==> DFJKGrad: Density-Fitted SCF Gradients <==

    Gradient:                    1
    J tasked:                  Yes
    K tasked:                  Yes
    wK tasked:                 Yes
    Omega:               2.000E-01
    OpenMP threads:              4
    Integrals threads:           4
    Memory [MiB]:             4291
    Schwarz Cutoff:          1E-12
    Fitting Condition:       1E-10

   => Auxiliary Basis Set <=

  Basis Set: (6-31G* AUX)
    Blend: CC-PVDZ-JKFIT
    Number of shells: 198
    Number of basis functions: 636
    Number of Cartesian functions: 636
    Spherical Harmonics?: false
    Max angular momentum: 3

  ==> DFT Potential <==

   => LibXC <=

    Version 7.0.0
    S. Lehtola, C. Steigemann, M. J.T. Oliveira, and M. A.L. Marques.,  SoftwareX 7, 1–5 (2018) (10.1016/j.softx.2017.11.002)

   => Composite Functional: WB97X-D <= 

    wB97X-D Hyb-GGA Exchange-Correlation Functional

    J.-D. Chai and M. Head-Gordon.,  Phys. Chem. Chem. Phys. 10, 6615-6620 (2008) (10.1039/B810189B)

    Deriv               =              1
    GGA                 =           TRUE
    Meta                =          FALSE

    Exchange Hybrid     =           TRUE
    MP2 Hybrid          =          FALSE

   => Exchange-Correlation Functionals <=

    1.0000   wB97X-D range-separated functional

   => Exact (HF) Exchange <=

    0.7780            HF,LR [omega = 0.2000]
    0.2220               HF 

   => LibXC Density Thresholds  <==

    XC_HYB_GGA_XC_WB97X_D:  1.00E-14 

   => Molecular Quadrature <=

    Radial Scheme          =       TREUTLER
    Pruning Scheme         =           NONE
    Nuclear Scheme         =       TREUTLER

    Blocking Scheme        =         OCTREE
    BS radius alpha        =              1
    Pruning alpha          =              1
    Radial Points          =             75
    Spherical Points       =            302
    Total Points           =         254835
    Total Blocks           =           1923
    Max Points             =            256
    Max Functions          =            100
    Weights Tolerance      =       1.00E-15


  -Total Gradient:
     Atom            X                  Y                   Z
    ------   -----------------  -----------------  -----------------
       1        0.010484838229     0.002687786761     0.019006403880
       2        0.060297156235    -0.002793100469    -0.013139780527
       3        0.005878820869     0.003173303193     0.001416469213
       4        0.003588976590    -0.010324626660    -0.030704972751
       5       -0.027467532439    -0.033146390000     0.017926228480
       6       -0.047543803368     0.011327023043     0.033464305443
       7       -0.006503646666    -0.001730254334     0.013764027506
       8       -0.005671104378     0.010563406327    -0.006835057834
       9       -0.000295981492     0.008607048749    -0.007403836380
      10        0.000848044870    -0.011812021346    -0.001532494068
      11        0.006504745921     0.015277238538    -0.007310221019
      12       -0.000091827310     0.008217726367    -0.018426266682


*** tstop() called on cst14372 at Tue Apr 21 11:11:35 2026
Module time:
	user time   =       3.71 seconds =       0.06 minutes
	system time =       0.08 seconds =       0.00 minutes
	total time  =          1 seconds =       0.02 minutes
Total time:
	user time   =    1343.08 seconds =      22.38 minutes
	system time =      18.92 seconds =       0.32 minutes
	total time  =        648 seconds =      10.80 minutes

Scratch directory: /tmp/
   => Libint2 <=

    Primary   basis highest AM E, G, H:  6, 6, 3
    Auxiliary basis highest AM E, G, H:  7, 7, 4
    Onebody   basis highest AM E, G, H:  -, -, -
    Solid Harmonics ordering:            Gaussian

*** tstart() called on cst14372
*** at Tue Apr 21 11:11:36 2026

   => Loading Basis Set <=

    Name: 6-31G*
    Role: ORBITAL
    Keyword: BASIS
    atoms 1, 4-6 entry C          line   111 file /Users/jmsmith1/anaconda3/envs/jupyterenv/share/psi4/basis/6-31gs.gbs 
    atoms 2-3    entry O          line   145 file /Users/jmsmith1/anaconda3/envs/jupyterenv/share/psi4/basis/6-31gs.gbs 
    atoms 7-12   entry H          line    44 file /Users/jmsmith1/anaconda3/envs/jupyterenv/share/psi4/basis/6-31gs.gbs 

   => WB97X-D: Empirical Dispersion <=

    Chai and Head-Gordon Dispersion Correction
    Chai, J.-D.; Head-Gordon, M. (2010), J. Chem. Phys., 132: 6615-6620

        s6 =       1.000000


         ---------------------------------------------------------
                                   SCF
               by Justin Turney, Rob Parrish, Andy Simmonett
                          and Daniel G. A. Smith
                              RKS Reference
                        4 Threads,   5722 MiB Core
         ---------------------------------------------------------

  ==> Geometry <==

    Molecular point group: c1
    Full point group: C1

    Geometry (in Angstrom), charge = 0, multiplicity = 1:

       Center              X                  Y                   Z               Mass       
    ------------   -----------------  -----------------  -----------------  -----------------
         C            0.061439924500     0.321322604700     0.142254951900    12.000000000000
         O            1.386081020300     0.368175599400     0.039583761400    15.994914619570
         O            2.112119725200    -0.746749645700    -0.004596287500    15.994914619570
         C           -0.749337717700    -0.956696614300     0.043106498400    12.000000000000
         C           -2.082454944000    -1.011461019600    -0.237414369100    12.000000000000
         C           -0.648418485500     1.721440987200     0.054221029500    12.000000000000
         H           -0.284212301900    -1.835244670900     0.521197628100     1.007825032230
         H           -2.611200207600    -0.110394066400    -0.630786051300     1.007825032230
         H           -2.636417424000    -1.928926468700    -0.303081925400     1.007825032230
         H            0.239101252500     2.339038571300    -0.114676432400     1.007825032230
         H           -1.176928917200     2.183792097300     0.893528787700     1.007825032230
         H           -1.203076677200     1.825473659200    -0.938822136400     1.007825032230

  Running in c1 symmetry.

  Rotational constants: A =      0.17794  B =      0.09040  C =      0.06122 [cm^-1]
  Rotational constants: A =   5334.51309  B =   2710.17440  C =   1835.41874 [MHz]
  Nuclear repulsion =  219.062675024236654

  Charge       = 0
  Multiplicity = 1
  Electrons    = 46
  Nalpha       = 23
  Nbeta        = 23

  ==> Algorithm <==

  SCF Algorithm Type is DF.
  DIIS enabled.
  MOM disabled.
  Fractional occupation disabled.
  Guess Type is SAD.
  Energy threshold   = 1.00e-07
  Density threshold  = 1.00e-07
  Integral threshold = 1.00e-12

  ==> Primary Basis <==

  Basis Set: 6-31G*
    Blend: 6-31G*
    Number of shells: 48
    Number of basis functions: 102
    Number of Cartesian functions: 102
    Spherical Harmonics?: false
    Max angular momentum: 2

  ==> DFT Potential <==

   => LibXC <=

    Version 7.0.0
    S. Lehtola, C. Steigemann, M. J.T. Oliveira, and M. A.L. Marques.,  SoftwareX 7, 1–5 (2018) (10.1016/j.softx.2017.11.002)

   => Composite Functional: WB97X-D <= 

    wB97X-D Hyb-GGA Exchange-Correlation Functional

    J.-D. Chai and M. Head-Gordon.,  Phys. Chem. Chem. Phys. 10, 6615-6620 (2008) (10.1039/B810189B)

    Deriv               =              1
    GGA                 =           TRUE
    Meta                =          FALSE

    Exchange Hybrid     =           TRUE
    MP2 Hybrid          =          FALSE

   => Exchange-Correlation Functionals <=

    1.0000   wB97X-D range-separated functional

   => Exact (HF) Exchange <=

    0.7780            HF,LR [omega = 0.2000]
    0.2220               HF 

   => LibXC Density Thresholds  <==

    XC_HYB_GGA_XC_WB97X_D:  1.00E-14 

   => Molecular Quadrature <=

    Radial Scheme          =       TREUTLER
    Pruning Scheme         =           NONE
    Nuclear Scheme         =       TREUTLER

    Blocking Scheme        =         OCTREE
    BS radius alpha        =              1
    Pruning alpha          =              1
    Radial Points          =             75
    Spherical Points       =            302
    Total Points           =         254865
    Total Blocks           =           1926
    Max Points             =            256
    Max Functions          =            100
    Weights Tolerance      =       1.00E-15

   => Loading Basis Set <=

    Name: (6-31G* AUX)
    Role: JKFIT
    Keyword: DF_BASIS_SCF
    atoms 1, 4-6 entry C          line   121 file /Users/jmsmith1/anaconda3/envs/jupyterenv/share/psi4/basis/cc-pvdz-jkfit.gbs 
    atoms 2-3    entry O          line   221 file /Users/jmsmith1/anaconda3/envs/jupyterenv/share/psi4/basis/cc-pvdz-jkfit.gbs 
    atoms 7-12   entry H          line    51 file /Users/jmsmith1/anaconda3/envs/jupyterenv/share/psi4/basis/cc-pvdz-jkfit.gbs 

  ==> Integral Setup <==

  DFHelper Memory: AOs need 0.151 GiB; user supplied 3.606 GiB. 
  SCF_SUBTYPE=INCORE selected. In-core MEM_DF algorithm will be used.
  Using in-core AOs.

  ==> MemDFJK: Density-Fitted J/K Matrices <==

    J tasked:                   Yes
    K tasked:                   Yes
    wK tasked:                  Yes
    Omega:                2.000E-01
    OpenMP threads:               4
    Memory [MiB]:              3692
    Algorithm:                 Core
    Schwarz Cutoff:           1E-12
    Mask sparsity (%):       1.9608
    Fitting Condition:        1E-10

   => Auxiliary Basis Set <=

  Basis Set: (6-31G* AUX)
    Blend: CC-PVDZ-JKFIT
    Number of shells: 198
    Number of basis functions: 636
    Number of Cartesian functions: 636
    Spherical Harmonics?: false
    Max angular momentum: 3

  Cached 100.0% of DFT collocation blocks in 0.585 [GiB].

  Minimum eigenvalue in the overlap matrix is 3.9235640812E-03.
  Reciprocal condition number of the overlap matrix is 5.8759394274E-04.
    Using symmetric orthogonalization.

  ==> Pre-Iterations <==

  SCF Guess: Superposition of Atomic Densities via on-the-fly atomic UHF (no occupation information).

   -------------------------
    Irrep   Nso     Nmo    
   -------------------------
     A        102     102 
   -------------------------
    Total     102     102
   -------------------------

  ==> Iterations <==

                           Total Energy        Delta E     RMS |[F,P]|

   @DF-RKS iter SAD:  -299.88824516589881   -2.99888e+02   0.00000e+00 
   @DF-RKS iter   1:  -296.99484680490525    2.89340e+00   3.32909e-02 ADIIS/DIIS
   @DF-RKS iter   2:  -275.13692036232430    2.18579e+01   6.23073e-02 ADIIS/DIIS
   @DF-RKS iter   3:  -304.74845658773836   -2.96115e+01   1.69094e-02 ADIIS/DIIS
   @DF-RKS iter   4:  -303.92919864329156    8.19258e-01   2.03141e-02 ADIIS/DIIS
   @DF-RKS iter   5:  -306.09913003598689   -2.16993e+00   3.60082e-03 ADIIS/DIIS
   @DF-RKS iter   6:  -306.15448855528695   -5.53585e-02   2.15537e-03 ADIIS/DIIS
   @DF-RKS iter   7:  -306.17708287743710   -2.25943e-02   4.20260e-04 ADIIS/DIIS
   @DF-RKS iter   8:  -306.17762699302580   -5.44116e-04   3.21604e-04 ADIIS/DIIS
   @DF-RKS iter   9:  -306.17818112912408   -5.54136e-04   5.96236e-05 DIIS
   @DF-RKS iter  10:  -306.17820862104043   -2.74919e-05   3.37227e-05 DIIS
   @DF-RKS iter  11:  -306.17821330673297   -4.68569e-06   2.23313e-05 DIIS
   @DF-RKS iter  12:  -306.17821631097638   -3.00424e-06   8.17431e-06 DIIS
   @DF-RKS iter  13:  -306.17821687700575   -5.66029e-07   8.93649e-07 DIIS
   @DF-RKS iter  14:  -306.17821691485568   -3.78499e-08   6.51185e-07 DIIS
   @DF-RKS iter  15:  -306.17821693523388   -2.03782e-08   3.22828e-07 DIIS
   @DF-RKS iter  16:  -306.17821694066856   -5.43469e-09   1.06415e-07 DIIS
   @DF-RKS iter  17:  -306.17821694116867   -5.00108e-10   3.53718e-08 DIIS
  Energy and wave function converged.


  ==> Post-Iterations <==

   Electrons on quadrature grid:
      Ntotal   =   45.9999946308 ; deviation = -5.369e-06 

    Orbital Energies [Eh]
    ---------------------

    Doubly Occupied:                                                      

       1A    -19.421963     2A    -19.254932     3A    -10.422779  
       4A    -10.344859     5A    -10.340212     6A    -10.337197  
       7A     -1.279226     8A     -0.986164     9A     -0.898503  
      10A     -0.834753    11A     -0.745946    12A     -0.646295  
      13A     -0.607902    14A     -0.582882    15A     -0.571604  
      16A     -0.537679    17A     -0.517369    18A     -0.499874  
      19A     -0.486490    20A     -0.445207    21A     -0.389632  
      22A     -0.309644    23A     -0.295350  

    Virtual:                                                              

      24A     -0.027678    25A      0.092479    26A      0.157540  
      27A      0.175606    28A      0.203471    29A      0.222300  
      30A      0.227763    31A      0.239063    32A      0.252572  
      33A      0.284166    34A      0.331654    35A      0.402569  
      36A      0.420296    37A      0.561645    38A      0.583003  
      39A      0.602076    40A      0.633156    41A      0.654039  
      42A      0.663927    43A      0.700549    44A      0.707319  
      45A      0.731695    46A      0.781141    47A      0.828528  
      48A      0.886622    49A      0.899906    50A      0.922197  
      51A      0.935729    52A      0.941066    53A      0.951322  
      54A      0.993651    55A      1.009723    56A      1.036434  
      57A      1.044938    58A      1.095061    59A      1.141307  
      60A      1.164670    61A      1.177729    62A      1.202313  
      63A      1.345374    64A      1.362059    65A      1.418949  
      66A      1.462352    67A      1.500755    68A      1.596040  
      69A      1.613895    70A      1.713774    71A      1.737016  
      72A      1.755104    73A      1.822982    74A      1.857009  
      75A      1.909580    76A      1.919574    77A      1.959037  
      78A      1.999670    79A      2.049605    80A      2.119003  
      81A      2.177343    82A      2.205839    83A      2.275138  
      84A      2.318487    85A      2.328621    86A      2.378019  
      87A      2.449278    88A      2.467916    89A      2.525876  
      90A      2.551853    91A      2.682707    92A      2.729919  
      93A      2.879242    94A      2.902544    95A      3.083032  
      96A      3.207299    97A      3.582368    98A      4.095824  
      99A      4.105506   100A      4.236682   101A      4.324182  
     102A      4.573476  

    Final Occupation by Irrep:
              A 
    DOCC [    23 ]
    NA   [    23 ]
    NB   [    23 ]

  @DF-RKS Final Energy:  -306.17821694116867

   => Energetics <=

    Nuclear Repulsion Energy =            219.0626750242366541
    One-Electron Energy =                -849.8188038496564332
    Two-Electron Energy =                 352.7630930346078912
    DFT Exchange-Correlation Energy =     -28.1808546562031736
    Empirical Dispersion Energy =          -0.0043264941536356
    VV10 Nonlocal Energy =                  0.0000000000000000
    Total Energy =                       -306.1782169411686709

Computation Completed


Properties will be evaluated at   0.000000,   0.000000,   0.000000 [a0]

Properties computed using the SCF density matrix


 Multipole Moments:

 ------------------------------------------------------------------------------------
     Multipole            Electronic (a.u.)      Nuclear  (a.u.)        Total (a.u.)
 ------------------------------------------------------------------------------------

 L = 1.  Multiply by 2.5417464519 to convert [e a0] to [Debye]
 Dipole X            :         -1.5250097           -0.3774835           -1.9024931
 Dipole Y            :          0.8306290           -0.2026117            0.6280173
 Dipole Z            :          0.5519447           -0.5286163            0.0233284
 Magnitude           :                                                    2.0036043

 ------------------------------------------------------------------------------------

*** tstop() called on cst14372 at Tue Apr 21 11:11:49 2026
Module time:
	user time   =      28.13 seconds =       0.47 minutes
	system time =       0.40 seconds =       0.01 minutes
	total time  =         13 seconds =       0.22 minutes
Total time:
	user time   =    1371.23 seconds =      22.85 minutes
	system time =      19.33 seconds =       0.32 minutes
	total time  =        662 seconds =      11.03 minutes

Scratch directory: /tmp/
gradient() will perform analytic gradient computation.

*** tstart() called on cst14372
*** at Tue Apr 21 11:11:49 2026


         ------------------------------------------------------------
                                   SCF GRAD                          
                          Rob Parrish, Justin Turney,                
                       Andy Simmonett, and Alex Sokolov              
         ------------------------------------------------------------

  ==> Geometry <==

    Molecular point group: c1
    Full point group: C1

    Geometry (in Angstrom), charge = 0, multiplicity = 1:

       Center              X                  Y                   Z               Mass       
    ------------   -----------------  -----------------  -----------------  -----------------
         C            0.061439924500     0.321322604700     0.142254951900    12.000000000000
         O            1.386081020300     0.368175599400     0.039583761400    15.994914619570
         O            2.112119725200    -0.746749645700    -0.004596287500    15.994914619570
         C           -0.749337717700    -0.956696614300     0.043106498400    12.000000000000
         C           -2.082454944000    -1.011461019600    -0.237414369100    12.000000000000
         C           -0.648418485500     1.721440987200     0.054221029500    12.000000000000
         H           -0.284212301900    -1.835244670900     0.521197628100     1.007825032230
         H           -2.611200207600    -0.110394066400    -0.630786051300     1.007825032230
         H           -2.636417424000    -1.928926468700    -0.303081925400     1.007825032230
         H            0.239101252500     2.339038571300    -0.114676432400     1.007825032230
         H           -1.176928917200     2.183792097300     0.893528787700     1.007825032230
         H           -1.203076677200     1.825473659200    -0.938822136400     1.007825032230

  Nuclear repulsion =  219.062675024236654

  ==> Basis Set <==

  Basis Set: 6-31G*
    Blend: 6-31G*
    Number of shells: 48
    Number of basis functions: 102
    Number of Cartesian functions: 102
    Spherical Harmonics?: false
    Max angular momentum: 2

  ==> DFJKGrad: Density-Fitted SCF Gradients <==

    Gradient:                    1
    J tasked:                  Yes
    K tasked:                  Yes
    wK tasked:                 Yes
    Omega:               2.000E-01
    OpenMP threads:              4
    Integrals threads:           4
    Memory [MiB]:             4291
    Schwarz Cutoff:          1E-12
    Fitting Condition:       1E-10

   => Auxiliary Basis Set <=

  Basis Set: (6-31G* AUX)
    Blend: CC-PVDZ-JKFIT
    Number of shells: 198
    Number of basis functions: 636
    Number of Cartesian functions: 636
    Spherical Harmonics?: false
    Max angular momentum: 3

  ==> DFT Potential <==

   => LibXC <=

    Version 7.0.0
    S. Lehtola, C. Steigemann, M. J.T. Oliveira, and M. A.L. Marques.,  SoftwareX 7, 1–5 (2018) (10.1016/j.softx.2017.11.002)

   => Composite Functional: WB97X-D <= 

    wB97X-D Hyb-GGA Exchange-Correlation Functional

    J.-D. Chai and M. Head-Gordon.,  Phys. Chem. Chem. Phys. 10, 6615-6620 (2008) (10.1039/B810189B)

    Deriv               =              1
    GGA                 =           TRUE
    Meta                =          FALSE

    Exchange Hybrid     =           TRUE
    MP2 Hybrid          =          FALSE

   => Exchange-Correlation Functionals <=

    1.0000   wB97X-D range-separated functional

   => Exact (HF) Exchange <=

    0.7780            HF,LR [omega = 0.2000]
    0.2220               HF 

   => LibXC Density Thresholds  <==

    XC_HYB_GGA_XC_WB97X_D:  1.00E-14 

   => Molecular Quadrature <=

    Radial Scheme          =       TREUTLER
    Pruning Scheme         =           NONE
    Nuclear Scheme         =       TREUTLER

    Blocking Scheme        =         OCTREE
    BS radius alpha        =              1
    Pruning alpha          =              1
    Radial Points          =             75
    Spherical Points       =            302
    Total Points           =         254865
    Total Blocks           =           1926
    Max Points             =            256
    Max Functions          =            100
    Weights Tolerance      =       1.00E-15


  -Total Gradient:
     Atom            X                  Y                   Z
    ------   -----------------  -----------------  -----------------
       1        0.010457503848     0.000579502825     0.019887747315
       2        0.059135854987    -0.000501719594    -0.013201994801
       3        0.006742954995     0.001888663775     0.001325124659
       4       -0.001416847818    -0.008041538100    -0.032393757614
       5       -0.026610481038    -0.034684268602     0.017976142387
       6       -0.040622501747     0.009927635725     0.037148784622
       7       -0.002472816429    -0.005656527787     0.015957205482
       8       -0.007347595987     0.013943802152    -0.008289296635
       9        0.000952690026     0.008512920256    -0.006757338267
      10        0.002033173897    -0.010692086234    -0.001801344783
      11        0.004069063713     0.016789990896    -0.001529299297
      12       -0.004871455328     0.007945006591    -0.028083329965


*** tstop() called on cst14372 at Tue Apr 21 11:11:51 2026
Module time:
	user time   =       3.61 seconds =       0.06 minutes
	system time =       0.07 seconds =       0.00 minutes
	total time  =          2 seconds =       0.03 minutes
Total time:
	user time   =    1374.86 seconds =      22.91 minutes
	system time =      19.40 seconds =       0.32 minutes
	total time  =        664 seconds =      11.07 minutes

Scratch directory: /tmp/
   => Libint2 <=

    Primary   basis highest AM E, G, H:  6, 6, 3
    Auxiliary basis highest AM E, G, H:  7, 7, 4
    Onebody   basis highest AM E, G, H:  -, -, -
    Solid Harmonics ordering:            Gaussian

*** tstart() called on cst14372
*** at Tue Apr 21 11:11:51 2026

   => Loading Basis Set <=

    Name: 6-31G*
    Role: ORBITAL
    Keyword: BASIS
    atoms 1, 4-6 entry C          line   111 file /Users/jmsmith1/anaconda3/envs/jupyterenv/share/psi4/basis/6-31gs.gbs 
    atoms 2-3    entry O          line   145 file /Users/jmsmith1/anaconda3/envs/jupyterenv/share/psi4/basis/6-31gs.gbs 
    atoms 7-12   entry H          line    44 file /Users/jmsmith1/anaconda3/envs/jupyterenv/share/psi4/basis/6-31gs.gbs 

   => WB97X-D: Empirical Dispersion <=

    Chai and Head-Gordon Dispersion Correction
    Chai, J.-D.; Head-Gordon, M. (2010), J. Chem. Phys., 132: 6615-6620

        s6 =       1.000000


         ---------------------------------------------------------
                                   SCF
               by Justin Turney, Rob Parrish, Andy Simmonett
                          and Daniel G. A. Smith
                              RKS Reference
                        4 Threads,   5722 MiB Core
         ---------------------------------------------------------

  ==> Geometry <==

    Molecular point group: c1
    Full point group: C1

    Geometry (in Angstrom), charge = 0, multiplicity = 1:

       Center              X                  Y                   Z               Mass       
    ------------   -----------------  -----------------  -----------------  -----------------
         C            0.060846628600     0.319361599500     0.144974834700    12.000000000000
         O            1.384366684100     0.370678421600     0.041034518400    15.994914619570
         O            2.115376767500    -0.744133914400    -0.004783032300    15.994914619570
         C           -0.751904599500    -0.958786583900     0.045717786100    12.000000000000
         C           -2.082021113100    -1.013044032100    -0.244287367100    12.000000000000
         C           -0.648249493600     1.721743855700     0.055188595800    12.000000000000
         H           -0.271140284100    -1.837470178900     0.528053365400     1.007825032230
         H           -2.611736598600    -0.109208928600    -0.645894263900     1.007825032230
         H           -2.627758905500    -1.935372334200    -0.302568036900     1.007825032230
         H            0.236859999800     2.345052470200    -0.117417122800     1.007825032230
         H           -1.180197417300     2.177203409300     0.907565052700     1.007825032230
         H           -1.212757367000     1.815890990500    -0.955342890900     1.007825032230

  Running in c1 symmetry.

  Rotational constants: A =      0.17766  B =      0.09026  C =      0.06117 [cm^-1]
  Rotational constants: A =   5326.08057  B =   2705.88058  C =   1833.95637 [MHz]
  Nuclear repulsion =  218.812833575934718

  Charge       = 0
  Multiplicity = 1
  Electrons    = 46
  Nalpha       = 23
  Nbeta        = 23

  ==> Algorithm <==

  SCF Algorithm Type is DF.
  DIIS enabled.
  MOM disabled.
  Fractional occupation disabled.
  Guess Type is SAD.
  Energy threshold   = 1.00e-07
  Density threshold  = 1.00e-07
  Integral threshold = 1.00e-12

  ==> Primary Basis <==

  Basis Set: 6-31G*
    Blend: 6-31G*
    Number of shells: 48
    Number of basis functions: 102
    Number of Cartesian functions: 102
    Spherical Harmonics?: false
    Max angular momentum: 2

  ==> DFT Potential <==

   => LibXC <=

    Version 7.0.0
    S. Lehtola, C. Steigemann, M. J.T. Oliveira, and M. A.L. Marques.,  SoftwareX 7, 1–5 (2018) (10.1016/j.softx.2017.11.002)

   => Composite Functional: WB97X-D <= 

    wB97X-D Hyb-GGA Exchange-Correlation Functional

    J.-D. Chai and M. Head-Gordon.,  Phys. Chem. Chem. Phys. 10, 6615-6620 (2008) (10.1039/B810189B)

    Deriv               =              1
    GGA                 =           TRUE
    Meta                =          FALSE

    Exchange Hybrid     =           TRUE
    MP2 Hybrid          =          FALSE

   => Exchange-Correlation Functionals <=

    1.0000   wB97X-D range-separated functional

   => Exact (HF) Exchange <=

    0.7780            HF,LR [omega = 0.2000]
    0.2220               HF 

   => LibXC Density Thresholds  <==

    XC_HYB_GGA_XC_WB97X_D:  1.00E-14 

   => Molecular Quadrature <=

    Radial Scheme          =       TREUTLER
    Pruning Scheme         =           NONE
    Nuclear Scheme         =       TREUTLER

    Blocking Scheme        =         OCTREE
    BS radius alpha        =              1
    Pruning alpha          =              1
    Radial Points          =             75
    Spherical Points       =            302
    Total Points           =         254881
    Total Blocks           =           1922
    Max Points             =            256
    Max Functions          =            100
    Weights Tolerance      =       1.00E-15

   => Loading Basis Set <=

    Name: (6-31G* AUX)
    Role: JKFIT
    Keyword: DF_BASIS_SCF
    atoms 1, 4-6 entry C          line   121 file /Users/jmsmith1/anaconda3/envs/jupyterenv/share/psi4/basis/cc-pvdz-jkfit.gbs 
    atoms 2-3    entry O          line   221 file /Users/jmsmith1/anaconda3/envs/jupyterenv/share/psi4/basis/cc-pvdz-jkfit.gbs 
    atoms 7-12   entry H          line    51 file /Users/jmsmith1/anaconda3/envs/jupyterenv/share/psi4/basis/cc-pvdz-jkfit.gbs 

  ==> Integral Setup <==

  DFHelper Memory: AOs need 0.151 GiB; user supplied 3.606 GiB. 
  SCF_SUBTYPE=INCORE selected. In-core MEM_DF algorithm will be used.
  Using in-core AOs.

  ==> MemDFJK: Density-Fitted J/K Matrices <==

    J tasked:                   Yes
    K tasked:                   Yes
    wK tasked:                  Yes
    Omega:                2.000E-01
    OpenMP threads:               4
    Memory [MiB]:              3692
    Algorithm:                 Core
    Schwarz Cutoff:           1E-12
    Mask sparsity (%):       1.9800
    Fitting Condition:        1E-10

   => Auxiliary Basis Set <=

  Basis Set: (6-31G* AUX)
    Blend: CC-PVDZ-JKFIT
    Number of shells: 198
    Number of basis functions: 636
    Number of Cartesian functions: 636
    Spherical Harmonics?: false
    Max angular momentum: 3

  Cached 100.0% of DFT collocation blocks in 0.585 [GiB].

  Minimum eigenvalue in the overlap matrix is 3.9128431887E-03.
  Reciprocal condition number of the overlap matrix is 5.8702597914E-04.
    Using symmetric orthogonalization.

  ==> Pre-Iterations <==

  SCF Guess: Superposition of Atomic Densities via on-the-fly atomic UHF (no occupation information).

   -------------------------
    Irrep   Nso     Nmo    
   -------------------------
     A        102     102 
   -------------------------
    Total     102     102
   -------------------------

  ==> Iterations <==

                           Total Energy        Delta E     RMS |[F,P]|

   @DF-RKS iter SAD:  -299.84349690848057   -2.99843e+02   0.00000e+00 
   @DF-RKS iter   1:  -297.00197136891995    2.84153e+00   3.32460e-02 ADIIS/DIIS
   @DF-RKS iter   2:  -275.08007003920886    2.19219e+01   6.23415e-02 ADIIS/DIIS
   @DF-RKS iter   3:  -304.74224949300748   -2.96622e+01   1.69299e-02 ADIIS/DIIS
   @DF-RKS iter   4:  -303.87087699739345    8.71372e-01   2.05361e-02 ADIIS/DIIS
   @DF-RKS iter   5:  -306.09748027883870   -2.22660e+00   3.61023e-03 ADIIS/DIIS
   @DF-RKS iter   6:  -306.15318109552186   -5.57008e-02   2.17558e-03 ADIIS/DIIS
   @DF-RKS iter   7:  -306.17618127903370   -2.30002e-02   4.31640e-04 ADIIS/DIIS
   @DF-RKS iter   8:  -306.17675173704868   -5.70458e-04   3.27466e-04 ADIIS/DIIS
   @DF-RKS iter   9:  -306.17732656382464   -5.74827e-04   6.02206e-05 DIIS
   @DF-RKS iter  10:  -306.17735436189685   -2.77981e-05   3.47484e-05 DIIS
   @DF-RKS iter  11:  -306.17735926665421   -4.90476e-06   2.32444e-05 DIIS
   @DF-RKS iter  12:  -306.17736251633164   -3.24968e-06   8.18226e-06 DIIS
   @DF-RKS iter  13:  -306.17736308073063   -5.64399e-07   8.90729e-07 DIIS
   @DF-RKS iter  14:  -306.17736311739657   -3.66659e-08   6.46043e-07 DIIS
   @DF-RKS iter  15:  -306.17736313987109   -2.24745e-08   2.39285e-07 DIIS
   @DF-RKS iter  16:  -306.17736314353186   -3.66077e-09   8.49862e-08 DIIS
  Energy and wave function converged.


  ==> Post-Iterations <==

   Electrons on quadrature grid:
      Ntotal   =   45.9999969636 ; deviation = -3.036e-06 

    Orbital Energies [Eh]
    ---------------------

    Doubly Occupied:                                                      

       1A    -19.421539     2A    -19.254561     3A    -10.422912  
       4A    -10.345979     5A    -10.340977     6A    -10.340122  
       7A     -1.277886     8A     -0.985632     9A     -0.898421  
      10A     -0.832748    11A     -0.745541    12A     -0.645020  
      13A     -0.607051    14A     -0.581621    15A     -0.570816  
      16A     -0.537494    17A     -0.515831    18A     -0.499963  
      19A     -0.485488    20A     -0.444237    21A     -0.389859  
      22A     -0.309451    23A     -0.295332  

    Virtual:                                                              

      24A     -0.027647    25A      0.092372    26A      0.153971  
      27A      0.175357    28A      0.201208    29A      0.220426  
      30A      0.225640    31A      0.236590    32A      0.250715  
      33A      0.283107    34A      0.330847    35A      0.401740  
      36A      0.419403    37A      0.561399    38A      0.583383  
      39A      0.603040    40A      0.633583    41A      0.654619  
      42A      0.662915    43A      0.701473    44A      0.708737  
      45A      0.731128    46A      0.779376    47A      0.827281  
      48A      0.884878    49A      0.898911    50A      0.919528  
      51A      0.932205    52A      0.936625    53A      0.951334  
      54A      0.987874    55A      1.008138    56A      1.036022  
      57A      1.042235    58A      1.095152    59A      1.141922  
      60A      1.166036    61A      1.177315    62A      1.202803  
      63A      1.345385    64A      1.362153    65A      1.418827  
      66A      1.462517    67A      1.500295    68A      1.593642  
      69A      1.613601    70A      1.710346    71A      1.737320  
      72A      1.755158    73A      1.822749    74A      1.858929  
      75A      1.909254    76A      1.921363    77A      1.959884  
      78A      1.997900    79A      2.048660    80A      2.116627  
      81A      2.174668    82A      2.196767    83A      2.272130  
      84A      2.309290    85A      2.324177    86A      2.373850  
      87A      2.448298    88A      2.465558    89A      2.523394  
      90A      2.548835    91A      2.680858    92A      2.727318  
      93A      2.877797    94A      2.900709    95A      3.082201  
      96A      3.208174    97A      3.581607    98A      4.095347  
      99A      4.103392   100A      4.234654   101A      4.321140  
     102A      4.572514  

    Final Occupation by Irrep:
              A 
    DOCC [    23 ]
    NA   [    23 ]
    NB   [    23 ]

  @DF-RKS Final Energy:  -306.17736314353186

   => Energetics <=

    Nuclear Repulsion Energy =            218.8128335759347181
    One-Electron Energy =                -849.3414897918507904
    Two-Electron Energy =                 352.5243493224345457
    DFT Exchange-Correlation Energy =     -28.1687108727485764
    Empirical Dispersion Energy =          -0.0043453773017518
    VV10 Nonlocal Energy =                  0.0000000000000000
    Total Energy =                       -306.1773631435318634

Computation Completed


Properties will be evaluated at   0.000000,   0.000000,   0.000000 [a0]

Properties computed using the SCF density matrix


 Multipole Moments:

 ------------------------------------------------------------------------------------
     Multipole            Electronic (a.u.)      Nuclear  (a.u.)        Total (a.u.)
 ------------------------------------------------------------------------------------

 L = 1.  Multiply by 2.5417464519 to convert [e a0] to [Debye]
 Dipole X            :         -1.5355884           -0.3718120           -1.9074004
 Dipole Y            :          0.8401821           -0.2190183            0.6211638
 Dipole Z            :          0.5669686           -0.5405163            0.0264523
 Magnitude           :                                                    2.0061706

 ------------------------------------------------------------------------------------

*** tstop() called on cst14372 at Tue Apr 21 11:12:04 2026
Module time:
	user time   =      26.52 seconds =       0.44 minutes
	system time =       0.38 seconds =       0.01 minutes
	total time  =         13 seconds =       0.22 minutes
Total time:
	user time   =    1401.41 seconds =      23.36 minutes
	system time =      19.78 seconds =       0.33 minutes
	total time  =        677 seconds =      11.28 minutes

Scratch directory: /tmp/
gradient() will perform analytic gradient computation.

*** tstart() called on cst14372
*** at Tue Apr 21 11:12:04 2026


         ------------------------------------------------------------
                                   SCF GRAD                          
                          Rob Parrish, Justin Turney,                
                       Andy Simmonett, and Alex Sokolov              
         ------------------------------------------------------------

  ==> Geometry <==

    Molecular point group: c1
    Full point group: C1

    Geometry (in Angstrom), charge = 0, multiplicity = 1:

       Center              X                  Y                   Z               Mass       
    ------------   -----------------  -----------------  -----------------  -----------------
         C            0.060846628600     0.319361599500     0.144974834700    12.000000000000
         O            1.384366684100     0.370678421600     0.041034518400    15.994914619570
         O            2.115376767500    -0.744133914400    -0.004783032300    15.994914619570
         C           -0.751904599500    -0.958786583900     0.045717786100    12.000000000000
         C           -2.082021113100    -1.013044032100    -0.244287367100    12.000000000000
         C           -0.648249493600     1.721743855700     0.055188595800    12.000000000000
         H           -0.271140284100    -1.837470178900     0.528053365400     1.007825032230
         H           -2.611736598600    -0.109208928600    -0.645894263900     1.007825032230
         H           -2.627758905500    -1.935372334200    -0.302568036900     1.007825032230
         H            0.236859999800     2.345052470200    -0.117417122800     1.007825032230
         H           -1.180197417300     2.177203409300     0.907565052700     1.007825032230
         H           -1.212757367000     1.815890990500    -0.955342890900     1.007825032230

  Nuclear repulsion =  218.812833575934718

  ==> Basis Set <==

  Basis Set: 6-31G*
    Blend: 6-31G*
    Number of shells: 48
    Number of basis functions: 102
    Number of Cartesian functions: 102
    Spherical Harmonics?: false
    Max angular momentum: 2

  ==> DFJKGrad: Density-Fitted SCF Gradients <==

    Gradient:                    1
    J tasked:                  Yes
    K tasked:                  Yes
    wK tasked:                 Yes
    Omega:               2.000E-01
    OpenMP threads:              4
    Integrals threads:           4
    Memory [MiB]:             4291
    Schwarz Cutoff:          1E-12
    Fitting Condition:       1E-10

   => Auxiliary Basis Set <=

  Basis Set: (6-31G* AUX)
    Blend: CC-PVDZ-JKFIT
    Number of shells: 198
    Number of basis functions: 636
    Number of Cartesian functions: 636
    Spherical Harmonics?: false
    Max angular momentum: 3

  ==> DFT Potential <==

   => LibXC <=

    Version 7.0.0
    S. Lehtola, C. Steigemann, M. J.T. Oliveira, and M. A.L. Marques.,  SoftwareX 7, 1–5 (2018) (10.1016/j.softx.2017.11.002)

   => Composite Functional: WB97X-D <= 

    wB97X-D Hyb-GGA Exchange-Correlation Functional

    J.-D. Chai and M. Head-Gordon.,  Phys. Chem. Chem. Phys. 10, 6615-6620 (2008) (10.1039/B810189B)

    Deriv               =              1
    GGA                 =           TRUE
    Meta                =          FALSE

    Exchange Hybrid     =           TRUE
    MP2 Hybrid          =          FALSE

   => Exchange-Correlation Functionals <=

    1.0000   wB97X-D range-separated functional

   => Exact (HF) Exchange <=

    0.7780            HF,LR [omega = 0.2000]
    0.2220               HF 

   => LibXC Density Thresholds  <==

    XC_HYB_GGA_XC_WB97X_D:  1.00E-14 

   => Molecular Quadrature <=

    Radial Scheme          =       TREUTLER
    Pruning Scheme         =           NONE
    Nuclear Scheme         =       TREUTLER

    Blocking Scheme        =         OCTREE
    BS radius alpha        =              1
    Pruning alpha          =              1
    Radial Points          =             75
    Spherical Points       =            302
    Total Points           =         254881
    Total Blocks           =           1922
    Max Points             =            256
    Max Functions          =            100
    Weights Tolerance      =       1.00E-15


  -Total Gradient:
     Atom            X                  Y                   Z
    ------   -----------------  -----------------  -----------------
       1        0.010424053393    -0.001531211277     0.020780188328
       2        0.057870876570     0.001789578233    -0.013242688904
       3        0.007633358096     0.000603795160     0.001220740369
       4       -0.006316055775    -0.006149862170    -0.033847618398
       5       -0.025772566205    -0.035520598530     0.017871926575
       6       -0.034421342040     0.008900383172     0.039573428766
       7        0.001448133744    -0.009198666609     0.017951062441
       8       -0.008791951026     0.016926073430    -0.009623523159
       9        0.002029269340     0.008128246370    -0.006095427618
      10        0.003249664039    -0.009499707149    -0.002091204019
      11        0.001694693045     0.018110254479     0.004090119563
      12       -0.008968894064     0.007419600602    -0.036343239095


*** tstop() called on cst14372 at Tue Apr 21 11:12:06 2026
Module time:
	user time   =       3.70 seconds =       0.06 minutes
	system time =       0.08 seconds =       0.00 minutes
	total time  =          2 seconds =       0.03 minutes
Total time:
	user time   =    1405.13 seconds =      23.42 minutes
	system time =      19.86 seconds =       0.33 minutes
	total time  =        679 seconds =      11.32 minutes

Scratch directory: /tmp/
   => Libint2 <=

    Primary   basis highest AM E, G, H:  6, 6, 3
    Auxiliary basis highest AM E, G, H:  7, 7, 4
    Onebody   basis highest AM E, G, H:  -, -, -
    Solid Harmonics ordering:            Gaussian

*** tstart() called on cst14372
*** at Tue Apr 21 11:12:06 2026

   => Loading Basis Set <=

    Name: 6-31G*
    Role: ORBITAL
    Keyword: BASIS
    atoms 1, 4-6 entry C          line   111 file /Users/jmsmith1/anaconda3/envs/jupyterenv/share/psi4/basis/6-31gs.gbs 
    atoms 2-3    entry O          line   145 file /Users/jmsmith1/anaconda3/envs/jupyterenv/share/psi4/basis/6-31gs.gbs 
    atoms 7-12   entry H          line    44 file /Users/jmsmith1/anaconda3/envs/jupyterenv/share/psi4/basis/6-31gs.gbs 

   => WB97X-D: Empirical Dispersion <=

    Chai and Head-Gordon Dispersion Correction
    Chai, J.-D.; Head-Gordon, M. (2010), J. Chem. Phys., 132: 6615-6620

        s6 =       1.000000


         ---------------------------------------------------------
                                   SCF
               by Justin Turney, Rob Parrish, Andy Simmonett
                          and Daniel G. A. Smith
                              RKS Reference
                        4 Threads,   5722 MiB Core
         ---------------------------------------------------------

  ==> Geometry <==

    Molecular point group: c1
    Full point group: C1

    Geometry (in Angstrom), charge = 0, multiplicity = 1:

       Center              X                  Y                   Z               Mass       
    ------------   -----------------  -----------------  -----------------  -----------------
         C            0.060222220100     0.317401906000     0.147638903900    12.000000000000
         O            1.382523882800     0.373181337200     0.042516356300    15.994914619570
         O            2.118622406300    -0.741515333600    -0.004972726400    15.994914619570
         C           -0.754457285500    -0.960862079800     0.048431187800    12.000000000000
         C           -2.081512002700    -1.014526761400    -0.251223023200    12.000000000000
         C           -0.647980612800     1.722021447100     0.056043170400    12.000000000000
         H           -0.258097409600    -1.839382005900     0.534300956100     1.007825032230
         H           -2.611970647200    -0.108605611300    -0.660694639200     1.007825032230
         H           -2.619156592700    -1.942108761900    -0.301843126400     1.007825032230
         H            0.234503114700     2.351403539900    -0.120090056800     1.007825032230
         H           -1.183529559900     2.169979696000     0.921482598000     1.007825032230
         H           -1.222144160300     1.806037207200    -0.970636609600     1.007825032230

  Running in c1 symmetry.

  Rotational constants: A =      0.17739  B =      0.09012  C =      0.06113 [cm^-1]
  Rotational constants: A =   5318.03825  B =   2701.78250  C =   1832.60907 [MHz]
  Nuclear repulsion =  218.576025558152395

  Charge       = 0
  Multiplicity = 1
  Electrons    = 46
  Nalpha       = 23
  Nbeta        = 23

  ==> Algorithm <==

  SCF Algorithm Type is DF.
  DIIS enabled.
  MOM disabled.
  Fractional occupation disabled.
  Guess Type is SAD.
  Energy threshold   = 1.00e-07
  Density threshold  = 1.00e-07
  Integral threshold = 1.00e-12

  ==> Primary Basis <==

  Basis Set: 6-31G*
    Blend: 6-31G*
    Number of shells: 48
    Number of basis functions: 102
    Number of Cartesian functions: 102
    Spherical Harmonics?: false
    Max angular momentum: 2

  ==> DFT Potential <==

   => LibXC <=

    Version 7.0.0
    S. Lehtola, C. Steigemann, M. J.T. Oliveira, and M. A.L. Marques.,  SoftwareX 7, 1–5 (2018) (10.1016/j.softx.2017.11.002)

   => Composite Functional: WB97X-D <= 

    wB97X-D Hyb-GGA Exchange-Correlation Functional

    J.-D. Chai and M. Head-Gordon.,  Phys. Chem. Chem. Phys. 10, 6615-6620 (2008) (10.1039/B810189B)

    Deriv               =              1
    GGA                 =           TRUE
    Meta                =          FALSE

    Exchange Hybrid     =           TRUE
    MP2 Hybrid          =          FALSE

   => Exchange-Correlation Functionals <=

    1.0000   wB97X-D range-separated functional

   => Exact (HF) Exchange <=

    0.7780            HF,LR [omega = 0.2000]
    0.2220               HF 

   => LibXC Density Thresholds  <==

    XC_HYB_GGA_XC_WB97X_D:  1.00E-14 

   => Molecular Quadrature <=

    Radial Scheme          =       TREUTLER
    Pruning Scheme         =           NONE
    Nuclear Scheme         =       TREUTLER

    Blocking Scheme        =         OCTREE
    BS radius alpha        =              1
    Pruning alpha          =              1
    Radial Points          =             75
    Spherical Points       =            302
    Total Points           =         254904
    Total Blocks           =           1912
    Max Points             =            256
    Max Functions          =            100
    Weights Tolerance      =       1.00E-15

   => Loading Basis Set <=

    Name: (6-31G* AUX)
    Role: JKFIT
    Keyword: DF_BASIS_SCF
    atoms 1, 4-6 entry C          line   121 file /Users/jmsmith1/anaconda3/envs/jupyterenv/share/psi4/basis/cc-pvdz-jkfit.gbs 
    atoms 2-3    entry O          line   221 file /Users/jmsmith1/anaconda3/envs/jupyterenv/share/psi4/basis/cc-pvdz-jkfit.gbs 
    atoms 7-12   entry H          line    51 file /Users/jmsmith1/anaconda3/envs/jupyterenv/share/psi4/basis/cc-pvdz-jkfit.gbs 

  ==> Integral Setup <==

  DFHelper Memory: AOs need 0.151 GiB; user supplied 3.606 GiB. 
  SCF_SUBTYPE=INCORE selected. In-core MEM_DF algorithm will be used.
  Using in-core AOs.

  ==> MemDFJK: Density-Fitted J/K Matrices <==

    J tasked:                   Yes
    K tasked:                   Yes
    wK tasked:                  Yes
    Omega:                2.000E-01
    OpenMP threads:               4
    Memory [MiB]:              3692
    Algorithm:                 Core
    Schwarz Cutoff:           1E-12
    Mask sparsity (%):       1.9800
    Fitting Condition:        1E-10

   => Auxiliary Basis Set <=

  Basis Set: (6-31G* AUX)
    Blend: CC-PVDZ-JKFIT
    Number of shells: 198
    Number of basis functions: 636
    Number of Cartesian functions: 636
    Spherical Harmonics?: false
    Max angular momentum: 3

  Cached 100.0% of DFT collocation blocks in 0.585 [GiB].

  Minimum eigenvalue in the overlap matrix is 3.9004415901E-03.
  Reciprocal condition number of the overlap matrix is 5.8611927412E-04.
    Using symmetric orthogonalization.

  ==> Pre-Iterations <==

  SCF Guess: Superposition of Atomic Densities via on-the-fly atomic UHF (no occupation information).

   -------------------------
    Irrep   Nso     Nmo    
   -------------------------
     A        102     102 
   -------------------------
    Total     102     102
   -------------------------

  ==> Iterations <==

                           Total Energy        Delta E     RMS |[F,P]|

   @DF-RKS iter SAD:  -299.80063606868981   -2.99801e+02   0.00000e+00 
   @DF-RKS iter   1:  -297.00947230961873    2.79116e+00   3.32031e-02 ADIIS/DIIS
   @DF-RKS iter   2:  -275.02534000371719    2.19841e+01   6.23743e-02 ADIIS/DIIS
   @DF-RKS iter   3:  -304.73472060606719   -2.97094e+01   1.69552e-02 ADIIS/DIIS
   @DF-RKS iter   4:  -303.78596250144756    9.48758e-01   2.08532e-02 ADIIS/DIIS
   @DF-RKS iter   5:  -306.09501684430779   -2.30905e+00   3.62147e-03 ADIIS/DIIS
   @DF-RKS iter   6:  -306.15120299298866   -5.61861e-02   2.20417e-03 ADIIS/DIIS
   @DF-RKS iter   7:  -306.17480979802752   -2.36068e-02   4.41988e-04 ADIIS/DIIS
   @DF-RKS iter   8:  -306.17541091530825   -6.01117e-04   3.32675e-04 ADIIS/DIIS
   @DF-RKS iter   9:  -306.17600332853152   -5.92413e-04   6.19716e-05 DIIS
   @DF-RKS iter  10:  -306.17603197128523   -2.86428e-05   3.60505e-05 DIIS
   @DF-RKS iter  11:  -306.17603717369309   -5.20241e-06   2.44363e-05 DIIS
   @DF-RKS iter  12:  -306.17604074510962   -3.57142e-06   8.14798e-06 DIIS
   @DF-RKS iter  13:  -306.17604129471141   -5.49602e-07   9.04426e-07 DIIS
   @DF-RKS iter  14:  -306.17604132843621   -3.37248e-08   6.41625e-07 DIIS
   @DF-RKS iter  15:  -306.17604134920822   -2.07720e-08   2.69779e-07 DIIS
   @DF-RKS iter  16:  -306.17604135372380   -4.51558e-09   1.17037e-07 DIIS
   @DF-RKS iter  17:  -306.17604135420515   -4.81350e-10   3.71142e-08 DIIS
  Energy and wave function converged.


  ==> Post-Iterations <==

   Electrons on quadrature grid:
      Ntotal   =   45.9999984506 ; deviation = -1.549e-06 

    Orbital Energies [Eh]
    ---------------------

    Doubly Occupied:                                                      

       1A    -19.421090     2A    -19.254174     3A    -10.423039  
       4A    -10.347062     5A    -10.342904     6A    -10.341732  
       7A     -1.276534     8A     -0.985106     9A     -0.898389  
      10A     -0.830890    11A     -0.745161    12A     -0.643847  
      13A     -0.606239    14A     -0.580446    15A     -0.570057  
      16A     -0.537227    17A     -0.514415    18A     -0.500147  
      19A     -0.484436    20A     -0.443252    21A     -0.390101  
      22A     -0.309245    23A     -0.295305  

    Virtual:                                                              

      24A     -0.027607    25A      0.092282    26A      0.150386  
      27A      0.175045    28A      0.198881    29A      0.218475  
      30A      0.223325    31A      0.234732    32A      0.248974  
      33A      0.282068    34A      0.330024    35A      0.400924  
      36A      0.418541    37A      0.561168    38A      0.583731  
      39A      0.603864    40A      0.634020    41A      0.654851  
      42A      0.662321    43A      0.702376    44A      0.710233  
      45A      0.730640    46A      0.777405    47A      0.825992  
      48A      0.882970    49A      0.897981    50A      0.916702  
      51A      0.929091    52A      0.932836    53A      0.951799  
      54A      0.982847    55A      1.006608    56A      1.035463  
      57A      1.040123    58A      1.095397    59A      1.142584  
      60A      1.167388    61A      1.177012    62A      1.203400  
      63A      1.345293    64A      1.362333    65A      1.418701  
      66A      1.462646    67A      1.499946    68A      1.591021  
      69A      1.613278    70A      1.706541    71A      1.737772  
      72A      1.755197    73A      1.822775    74A      1.860597  
      75A      1.909071    76A      1.923376    77A      1.960800  
      78A      1.995964    79A      2.047638    80A      2.114532  
      81A      2.171073    82A      2.188542    83A      2.268187  
      84A      2.301621    85A      2.319747    86A      2.370368  
      87A      2.447196    88A      2.463449    89A      2.521206  
      90A      2.546168    91A      2.679077    92A      2.724735  
      93A      2.876430    94A      2.898752    95A      3.081441  
      96A      3.209190    97A      3.580872    98A      4.094919  
      99A      4.101376   100A      4.232673   101A      4.318286  
     102A      4.571637  

    Final Occupation by Irrep:
              A 
    DOCC [    23 ]
    NA   [    23 ]
    NB   [    23 ]

  @DF-RKS Final Energy:  -306.17604135420515

   => Energetics <=

    Nuclear Repulsion Energy =            218.5760255581523950
    One-Electron Energy =                -848.8881935309478877
    Two-Electron Energy =                 352.2977355791629748
    DFT Exchange-Correlation Energy =     -28.1572445181700530
    Empirical Dispersion Energy =          -0.0043644424026150
    VV10 Nonlocal Energy =                  0.0000000000000000
    Total Energy =                       -306.1760413542051538

Computation Completed


Properties will be evaluated at   0.000000,   0.000000,   0.000000 [a0]

Properties computed using the SCF density matrix


 Multipole Moments:

 ------------------------------------------------------------------------------------
     Multipole            Electronic (a.u.)      Nuclear  (a.u.)        Total (a.u.)
 ------------------------------------------------------------------------------------

 L = 1.  Multiply by 2.5417464519 to convert [e a0] to [Debye]
 Dipole X            :         -1.5467751           -0.3658340           -1.9126091
 Dipole Y            :          0.8508482           -0.2364819            0.6143663
 Dipole Z            :          0.5808488           -0.5514040            0.0294448
 Magnitude           :                                                    2.0090761

 ------------------------------------------------------------------------------------

*** tstop() called on cst14372 at Tue Apr 21 11:12:19 2026
Module time:
	user time   =      28.11 seconds =       0.47 minutes
	system time =       0.39 seconds =       0.01 minutes
	total time  =         13 seconds =       0.22 minutes
Total time:
	user time   =    1433.26 seconds =      23.89 minutes
	system time =      20.26 seconds =       0.34 minutes
	total time  =        692 seconds =      11.53 minutes

Scratch directory: /tmp/
gradient() will perform analytic gradient computation.

*** tstart() called on cst14372
*** at Tue Apr 21 11:12:19 2026


         ------------------------------------------------------------
                                   SCF GRAD                          
                          Rob Parrish, Justin Turney,                
                       Andy Simmonett, and Alex Sokolov              
         ------------------------------------------------------------

  ==> Geometry <==

    Molecular point group: c1
    Full point group: C1

    Geometry (in Angstrom), charge = 0, multiplicity = 1:

       Center              X                  Y                   Z               Mass       
    ------------   -----------------  -----------------  -----------------  -----------------
         C            0.060222220100     0.317401906000     0.147638903900    12.000000000000
         O            1.382523882800     0.373181337200     0.042516356300    15.994914619570
         O            2.118622406300    -0.741515333600    -0.004972726400    15.994914619570
         C           -0.754457285500    -0.960862079800     0.048431187800    12.000000000000
         C           -2.081512002700    -1.014526761400    -0.251223023200    12.000000000000
         C           -0.647980612800     1.722021447100     0.056043170400    12.000000000000
         H           -0.258097409600    -1.839382005900     0.534300956100     1.007825032230
         H           -2.611970647200    -0.108605611300    -0.660694639200     1.007825032230
         H           -2.619156592700    -1.942108761900    -0.301843126400     1.007825032230
         H            0.234503114700     2.351403539900    -0.120090056800     1.007825032230
         H           -1.183529559900     2.169979696000     0.921482598000     1.007825032230
         H           -1.222144160300     1.806037207200    -0.970636609600     1.007825032230

  Nuclear repulsion =  218.576025558152395

  ==> Basis Set <==

  Basis Set: 6-31G*
    Blend: 6-31G*
    Number of shells: 48
    Number of basis functions: 102
    Number of Cartesian functions: 102
    Spherical Harmonics?: false
    Max angular momentum: 2

  ==> DFJKGrad: Density-Fitted SCF Gradients <==

    Gradient:                    1
    J tasked:                  Yes
    K tasked:                  Yes
    wK tasked:                 Yes
    Omega:               2.000E-01
    OpenMP threads:              4
    Integrals threads:           4
    Memory [MiB]:             4291
    Schwarz Cutoff:          1E-12
    Fitting Condition:       1E-10

   => Auxiliary Basis Set <=

  Basis Set: (6-31G* AUX)
    Blend: CC-PVDZ-JKFIT
    Number of shells: 198
    Number of basis functions: 636
    Number of Cartesian functions: 636
    Spherical Harmonics?: false
    Max angular momentum: 3

  ==> DFT Potential <==

   => LibXC <=

    Version 7.0.0
    S. Lehtola, C. Steigemann, M. J.T. Oliveira, and M. A.L. Marques.,  SoftwareX 7, 1–5 (2018) (10.1016/j.softx.2017.11.002)

   => Composite Functional: WB97X-D <= 

    wB97X-D Hyb-GGA Exchange-Correlation Functional

    J.-D. Chai and M. Head-Gordon.,  Phys. Chem. Chem. Phys. 10, 6615-6620 (2008) (10.1039/B810189B)

    Deriv               =              1
    GGA                 =           TRUE
    Meta                =          FALSE

    Exchange Hybrid     =           TRUE
    MP2 Hybrid          =          FALSE

   => Exchange-Correlation Functionals <=

    1.0000   wB97X-D range-separated functional

   => Exact (HF) Exchange <=

    0.7780            HF,LR [omega = 0.2000]
    0.2220               HF 

   => LibXC Density Thresholds  <==

    XC_HYB_GGA_XC_WB97X_D:  1.00E-14 

   => Molecular Quadrature <=

    Radial Scheme          =       TREUTLER
    Pruning Scheme         =           NONE
    Nuclear Scheme         =       TREUTLER

    Blocking Scheme        =         OCTREE
    BS radius alpha        =              1
    Pruning alpha          =              1
    Radial Points          =             75
    Spherical Points       =            302
    Total Points           =         254904
    Total Blocks           =           1912
    Max Points             =            256
    Max Functions          =            100
    Weights Tolerance      =       1.00E-15


  -Total Gradient:
     Atom            X                  Y                   Z
    ------   -----------------  -----------------  -----------------
       1        0.010380594531    -0.003635873452     0.021675846826
       2        0.056510459638     0.004069566828    -0.013259480270
       3        0.008546800816    -0.000672366386     0.001102177728
       4       -0.011039627154    -0.004695884684    -0.035026578745
       5       -0.024974124063    -0.035621812510     0.017590594640
       6       -0.028914680992     0.008249149415     0.040928763443
       7        0.005206734169    -0.012301333329     0.019707112099
       8       -0.009992384276     0.019481557655    -0.010816165153
       9        0.002925782640     0.007441062779    -0.005417785529
      10        0.004465545883    -0.008252509155    -0.002399006253
      11       -0.000563842824     0.019194418631     0.009444354948
      12       -0.012436262562     0.006695177528    -0.043293888842


*** tstop() called on cst14372 at Tue Apr 21 11:12:21 2026
Module time:
	user time   =       3.69 seconds =       0.06 minutes
	system time =       0.07 seconds =       0.00 minutes
	total time  =          2 seconds =       0.03 minutes
Total time:
	user time   =    1436.97 seconds =      23.95 minutes
	system time =      20.33 seconds =       0.34 minutes
	total time  =        694 seconds =      11.57 minutes

Scratch directory: /tmp/
   => Libint2 <=

    Primary   basis highest AM E, G, H:  6, 6, 3
    Auxiliary basis highest AM E, G, H:  7, 7, 4
    Onebody   basis highest AM E, G, H:  -, -, -
    Solid Harmonics ordering:            Gaussian

*** tstart() called on cst14372
*** at Tue Apr 21 11:12:21 2026

   => Loading Basis Set <=

    Name: 6-31G*
    Role: ORBITAL
    Keyword: BASIS
    atoms 1, 4-6 entry C          line   111 file /Users/jmsmith1/anaconda3/envs/jupyterenv/share/psi4/basis/6-31gs.gbs 
    atoms 2-3    entry O          line   145 file /Users/jmsmith1/anaconda3/envs/jupyterenv/share/psi4/basis/6-31gs.gbs 
    atoms 7-12   entry H          line    44 file /Users/jmsmith1/anaconda3/envs/jupyterenv/share/psi4/basis/6-31gs.gbs 

   => WB97X-D: Empirical Dispersion <=

    Chai and Head-Gordon Dispersion Correction
    Chai, J.-D.; Head-Gordon, M. (2010), J. Chem. Phys., 132: 6615-6620

        s6 =       1.000000


         ---------------------------------------------------------
                                   SCF
               by Justin Turney, Rob Parrish, Andy Simmonett
                          and Daniel G. A. Smith
                              RKS Reference
                        4 Threads,   5722 MiB Core
         ---------------------------------------------------------

  ==> Geometry <==

    Molecular point group: c1
    Full point group: C1

    Geometry (in Angstrom), charge = 0, multiplicity = 1:

       Center              X                  Y                   Z               Mass       
    ------------   -----------------  -----------------  -----------------  -----------------
         C            0.059566737300     0.315449501100     0.150244635200    12.000000000000
         O            1.380555254500     0.375679541500     0.044029449900    15.994914619570
         O            2.121854831500    -0.738890969900    -0.005165128500    15.994914619570
         C           -0.756982233400    -0.962927410300     0.051250442600    12.000000000000
         C           -2.080929771300    -1.015908840400    -0.258221037400    12.000000000000
         C           -0.647627602500     1.722275621800     0.056780698400    12.000000000000
         H           -0.245212571000    -1.840872756600     0.539879226300     1.007825032230
         H           -2.611860478300    -0.108673151600    -0.675146428800     1.007825032230
         H           -2.610640982400    -1.949112925100    -0.300930178100     1.007825032230
         H            0.231988338000     2.358049693000    -0.122684668800     1.007825032230
         H           -1.186847756900     2.162082109300     0.935097409600     1.007825032230
         H           -1.231117561200     1.795936266400    -0.984462509400     1.007825032230

  Running in c1 symmetry.

  Rotational constants: A =      0.17714  B =      0.08999  C =      0.06109 [cm^-1]
  Rotational constants: A =   5310.47858  B =   2697.89896  C =   1831.38326 [MHz]
  Nuclear repulsion =  218.354538738628463

  Charge       = 0
  Multiplicity = 1
  Electrons    = 46
  Nalpha       = 23
  Nbeta        = 23

  ==> Algorithm <==

  SCF Algorithm Type is DF.
  DIIS enabled.
  MOM disabled.
  Fractional occupation disabled.
  Guess Type is SAD.
  Energy threshold   = 1.00e-07
  Density threshold  = 1.00e-07
  Integral threshold = 1.00e-12

  ==> Primary Basis <==

  Basis Set: 6-31G*
    Blend: 6-31G*
    Number of shells: 48
    Number of basis functions: 102
    Number of Cartesian functions: 102
    Spherical Harmonics?: false
    Max angular momentum: 2

  ==> DFT Potential <==

   => LibXC <=

    Version 7.0.0
    S. Lehtola, C. Steigemann, M. J.T. Oliveira, and M. A.L. Marques.,  SoftwareX 7, 1–5 (2018) (10.1016/j.softx.2017.11.002)

   => Composite Functional: WB97X-D <= 

    wB97X-D Hyb-GGA Exchange-Correlation Functional

    J.-D. Chai and M. Head-Gordon.,  Phys. Chem. Chem. Phys. 10, 6615-6620 (2008) (10.1039/B810189B)

    Deriv               =              1
    GGA                 =           TRUE
    Meta                =          FALSE

    Exchange Hybrid     =           TRUE
    MP2 Hybrid          =          FALSE

   => Exchange-Correlation Functionals <=

    1.0000   wB97X-D range-separated functional

   => Exact (HF) Exchange <=

    0.7780            HF,LR [omega = 0.2000]
    0.2220               HF 

   => LibXC Density Thresholds  <==

    XC_HYB_GGA_XC_WB97X_D:  1.00E-14 

   => Molecular Quadrature <=

    Radial Scheme          =       TREUTLER
    Pruning Scheme         =           NONE
    Nuclear Scheme         =       TREUTLER

    Blocking Scheme        =         OCTREE
    BS radius alpha        =              1
    Pruning alpha          =              1
    Radial Points          =             75
    Spherical Points       =            302
    Total Points           =         254932
    Total Blocks           =           1923
    Max Points             =            256
    Max Functions          =            100
    Weights Tolerance      =       1.00E-15

   => Loading Basis Set <=

    Name: (6-31G* AUX)
    Role: JKFIT
    Keyword: DF_BASIS_SCF
    atoms 1, 4-6 entry C          line   121 file /Users/jmsmith1/anaconda3/envs/jupyterenv/share/psi4/basis/cc-pvdz-jkfit.gbs 
    atoms 2-3    entry O          line   221 file /Users/jmsmith1/anaconda3/envs/jupyterenv/share/psi4/basis/cc-pvdz-jkfit.gbs 
    atoms 7-12   entry H          line    51 file /Users/jmsmith1/anaconda3/envs/jupyterenv/share/psi4/basis/cc-pvdz-jkfit.gbs 

  ==> Integral Setup <==

  DFHelper Memory: AOs need 0.151 GiB; user supplied 3.606 GiB. 
  SCF_SUBTYPE=INCORE selected. In-core MEM_DF algorithm will be used.
  Using in-core AOs.

  ==> MemDFJK: Density-Fitted J/K Matrices <==

    J tasked:                   Yes
    K tasked:                   Yes
    wK tasked:                  Yes
    Omega:                2.000E-01
    OpenMP threads:               4
    Memory [MiB]:              3692
    Algorithm:                 Core
    Schwarz Cutoff:           1E-12
    Mask sparsity (%):       1.9800
    Fitting Condition:        1E-10

   => Auxiliary Basis Set <=

  Basis Set: (6-31G* AUX)
    Blend: CC-PVDZ-JKFIT
    Number of shells: 198
    Number of basis functions: 636
    Number of Cartesian functions: 636
    Spherical Harmonics?: false
    Max angular momentum: 3

  Cached 100.0% of DFT collocation blocks in 0.585 [GiB].

  Minimum eigenvalue in the overlap matrix is 3.8866334530E-03.
  Reciprocal condition number of the overlap matrix is 5.8490372011E-04.
    Using symmetric orthogonalization.

  ==> Pre-Iterations <==

  SCF Guess: Superposition of Atomic Densities via on-the-fly atomic UHF (no occupation information).

   -------------------------
    Irrep   Nso     Nmo    
   -------------------------
     A        102     102 
   -------------------------
    Total     102     102
   -------------------------

  ==> Iterations <==

                           Total Energy        Delta E     RMS |[F,P]|

   @DF-RKS iter SAD:  -299.76027010113535   -2.99760e+02   0.00000e+00 
   @DF-RKS iter   1:  -297.01787215963640    2.74240e+00   3.31621e-02 ADIIS/DIIS
   @DF-RKS iter   2:  -274.97479693380336    2.20431e+01   6.24043e-02 ADIIS/DIIS
   @DF-RKS iter   3:  -304.72626584666182   -2.97515e+01   1.69843e-02 ADIIS/DIIS
   @DF-RKS iter   4:  -303.64798813863075    1.07828e+00   2.13453e-02 ADIIS/DIIS
   @DF-RKS iter   5:  -306.09143806096523   -2.44345e+00   3.63856e-03 ADIIS/DIIS
   @DF-RKS iter   6:  -306.14856677458317   -5.71287e-02   2.24596e-03 ADIIS/DIIS
   @DF-RKS iter   7:  -306.17312440684088   -2.45576e-02   4.49554e-04 ADIIS/DIIS
   @DF-RKS iter   8:  -306.17376201520193   -6.37608e-04   3.36444e-04 ADIIS/DIIS
   @DF-RKS iter   9:  -306.17436429186938   -6.02277e-04   6.63297e-05 DIIS
   @DF-RKS iter  10:  -306.17439509880199   -3.08069e-05   3.79168e-05 DIIS
   @DF-RKS iter  11:  -306.17440077677276   -5.67797e-06   2.61665e-05 DIIS
   @DF-RKS iter  12:  -306.17440482646828   -4.04970e-06   8.01937e-06 DIIS
   @DF-RKS iter  13:  -306.17440533807257   -5.11604e-07   9.42325e-07 DIIS
   @DF-RKS iter  14:  -306.17440536649127   -2.84187e-08   6.30137e-07 DIIS
   @DF-RKS iter  15:  -306.17440538260382   -1.61126e-08   3.30251e-07 DIIS
   @DF-RKS iter  16:  -306.17440538903037   -6.42655e-09   1.32758e-07 DIIS
   @DF-RKS iter  17:  -306.17440538987842   -8.48047e-10   3.81389e-08 DIIS
  Energy and wave function converged.


  ==> Post-Iterations <==

   Electrons on quadrature grid:
      Ntotal   =   45.9999992524 ; deviation = -7.476e-07 

    Orbital Energies [Eh]
    ---------------------

    Doubly Occupied:                                                      

       1A    -19.420616     2A    -19.253770     3A    -10.423162  
       4A    -10.348094     5A    -10.345497     6A    -10.342468  
       7A     -1.275176     8A     -0.984587     9A     -0.898407  
      10A     -0.829191    11A     -0.744814    12A     -0.642782  
      13A     -0.605490    14A     -0.579361    15A     -0.569335  
      16A     -0.536880    17A     -0.513165    18A     -0.500407  
      19A     -0.483384    20A     -0.442262    21A     -0.390355  
      22A     -0.309027    23A     -0.295269  

    Virtual:                                                              

      24A     -0.027555    25A      0.092212    26A      0.146881  
      27A      0.174684    28A      0.196563    29A      0.216490  
      30A      0.220948    31A      0.233387    32A      0.247349  
      33A      0.281053    34A      0.329191    35A      0.400123  
      36A      0.417707    37A      0.560957    38A      0.584043  
      39A      0.604539    40A      0.634456    41A      0.654710  
      42A      0.662158    43A      0.703230    44A      0.711792  
      45A      0.730234    46A      0.775297    47A      0.824629  
      48A      0.881107    49A      0.897092    50A      0.913950  
      51A      0.926153    52A      0.930029    53A      0.952460  
      54A      0.978588    55A      1.005121    56A      1.034605  
      57A      1.038706    58A      1.095758    59A      1.143263  
      60A      1.168692    61A      1.176812    62A      1.204105  
      63A      1.345086    64A      1.362571    65A      1.418581  
      66A      1.462725    67A      1.499765    68A      1.588163  
      69A      1.612919    70A      1.702540    71A      1.738262  
      72A      1.755229    73A      1.823055    74A      1.862021  
      75A      1.909092    76A      1.925570    77A      1.961791  
      78A      1.993973    79A      2.046555    80A      2.112709  
      81A      2.166281    82A      2.181734    83A      2.263255  
      84A      2.295759    85A      2.315435    86A      2.367401  
      87A      2.445946    88A      2.461561    89A      2.519320  
      90A      2.543762    91A      2.677368    92A      2.722185  
      93A      2.875135    94A      2.896720    95A      3.080745  
      96A      3.210341    97A      3.580167    98A      4.094544  
      99A      4.099484   100A      4.230769   101A      4.315644  
     102A      4.570839  

    Final Occupation by Irrep:
              A 
    DOCC [    23 ]
    NA   [    23 ]
    NB   [    23 ]

  @DF-RKS Final Energy:  -306.17440538987842

   => Energetics <=

    Nuclear Repulsion Energy =            218.3545387386284631
    One-Electron Energy =                -848.4636197836716747
    Two-Electron Energy =                 352.0856735885713533
    DFT Exchange-Correlation Energy =     -28.1466145984568783
    Empirical Dispersion Energy =          -0.0043833349496372
    VV10 Nonlocal Energy =                  0.0000000000000000
    Total Energy =                       -306.1744053898784159

Computation Completed


Properties will be evaluated at   0.000000,   0.000000,   0.000000 [a0]

Properties computed using the SCF density matrix


 Multipole Moments:

 ------------------------------------------------------------------------------------
     Multipole            Electronic (a.u.)      Nuclear  (a.u.)        Total (a.u.)
 ------------------------------------------------------------------------------------

 L = 1.  Multiply by 2.5417464519 to convert [e a0] to [Debye]
 Dipole X            :         -1.5586638           -0.3595158           -1.9181795
 Dipole Y            :          0.8626686           -0.2550166            0.6076520
 Dipole Z            :          0.5934947           -0.5612565            0.0322382
 Magnitude           :                                                    2.0123849

 ------------------------------------------------------------------------------------

*** tstop() called on cst14372 at Tue Apr 21 11:12:35 2026
Module time:
	user time   =      28.14 seconds =       0.47 minutes
	system time =       0.40 seconds =       0.01 minutes
	total time  =         14 seconds =       0.23 minutes
Total time:
	user time   =    1465.13 seconds =      24.42 minutes
	system time =      20.74 seconds =       0.35 minutes
	total time  =        708 seconds =      11.80 minutes

Scratch directory: /tmp/
gradient() will perform analytic gradient computation.

*** tstart() called on cst14372
*** at Tue Apr 21 11:12:35 2026


         ------------------------------------------------------------
                                   SCF GRAD                          
                          Rob Parrish, Justin Turney,                
                       Andy Simmonett, and Alex Sokolov              
         ------------------------------------------------------------

  ==> Geometry <==

    Molecular point group: c1
    Full point group: C1

    Geometry (in Angstrom), charge = 0, multiplicity = 1:

       Center              X                  Y                   Z               Mass       
    ------------   -----------------  -----------------  -----------------  -----------------
         C            0.059566737300     0.315449501100     0.150244635200    12.000000000000
         O            1.380555254500     0.375679541500     0.044029449900    15.994914619570
         O            2.121854831500    -0.738890969900    -0.005165128500    15.994914619570
         C           -0.756982233400    -0.962927410300     0.051250442600    12.000000000000
         C           -2.080929771300    -1.015908840400    -0.258221037400    12.000000000000
         C           -0.647627602500     1.722275621800     0.056780698400    12.000000000000
         H           -0.245212571000    -1.840872756600     0.539879226300     1.007825032230
         H           -2.611860478300    -0.108673151600    -0.675146428800     1.007825032230
         H           -2.610640982400    -1.949112925100    -0.300930178100     1.007825032230
         H            0.231988338000     2.358049693000    -0.122684668800     1.007825032230
         H           -1.186847756900     2.162082109300     0.935097409600     1.007825032230
         H           -1.231117561200     1.795936266400    -0.984462509400     1.007825032230

  Nuclear repulsion =  218.354538738628463

  ==> Basis Set <==

  Basis Set: 6-31G*
    Blend: 6-31G*
    Number of shells: 48
    Number of basis functions: 102
    Number of Cartesian functions: 102
    Spherical Harmonics?: false
    Max angular momentum: 2

  ==> DFJKGrad: Density-Fitted SCF Gradients <==

    Gradient:                    1
    J tasked:                  Yes
    K tasked:                  Yes
    wK tasked:                 Yes
    Omega:               2.000E-01
    OpenMP threads:              4
    Integrals threads:           4
    Memory [MiB]:             4291
    Schwarz Cutoff:          1E-12
    Fitting Condition:       1E-10

   => Auxiliary Basis Set <=

  Basis Set: (6-31G* AUX)
    Blend: CC-PVDZ-JKFIT
    Number of shells: 198
    Number of basis functions: 636
    Number of Cartesian functions: 636
    Spherical Harmonics?: false
    Max angular momentum: 3

  ==> DFT Potential <==

   => LibXC <=

    Version 7.0.0
    S. Lehtola, C. Steigemann, M. J.T. Oliveira, and M. A.L. Marques.,  SoftwareX 7, 1–5 (2018) (10.1016/j.softx.2017.11.002)

   => Composite Functional: WB97X-D <= 

    wB97X-D Hyb-GGA Exchange-Correlation Functional

    J.-D. Chai and M. Head-Gordon.,  Phys. Chem. Chem. Phys. 10, 6615-6620 (2008) (10.1039/B810189B)

    Deriv               =              1
    GGA                 =           TRUE
    Meta                =          FALSE

    Exchange Hybrid     =           TRUE
    MP2 Hybrid          =          FALSE

   => Exchange-Correlation Functionals <=

    1.0000   wB97X-D range-separated functional

   => Exact (HF) Exchange <=

    0.7780            HF,LR [omega = 0.2000]
    0.2220               HF 

   => LibXC Density Thresholds  <==

    XC_HYB_GGA_XC_WB97X_D:  1.00E-14 

   => Molecular Quadrature <=

    Radial Scheme          =       TREUTLER
    Pruning Scheme         =           NONE
    Nuclear Scheme         =       TREUTLER

    Blocking Scheme        =         OCTREE
    BS radius alpha        =              1
    Pruning alpha          =              1
    Radial Points          =             75
    Spherical Points       =            302
    Total Points           =         254932
    Total Blocks           =           1923
    Max Points             =            256
    Max Functions          =            100
    Weights Tolerance      =       1.00E-15


  -Total Gradient:
     Atom            X                  Y                   Z
    ------   -----------------  -----------------  -----------------
       1        0.010325360797    -0.005727333522     0.022568691217
       2        0.055054974805     0.006328132533    -0.013254531458
       3        0.009481612850    -0.001932433729     0.000970369904
       4       -0.015525522112    -0.003700072749    -0.035901646784
       5       -0.024241712579    -0.034977131357     0.017110679140
       6       -0.024049304013     0.007964165832     0.041415579534
       7        0.008760151275    -0.014931651412     0.021199661409
       8       -0.010943722021     0.021590953862    -0.011849350285
       9        0.003641666246     0.006451064352    -0.004723454975
      10        0.005649481821    -0.006968792415    -0.002720733505
      11       -0.002665373381     0.020015773521     0.014454198051
      12       -0.015338046536     0.005820083732    -0.049053691225


*** tstop() called on cst14372 at Tue Apr 21 11:12:37 2026
Module time:
	user time   =       3.68 seconds =       0.06 minutes
	system time =       0.08 seconds =       0.00 minutes
	total time  =          2 seconds =       0.03 minutes
Total time:
	user time   =    1468.83 seconds =      24.48 minutes
	system time =      20.82 seconds =       0.35 minutes
	total time  =        710 seconds =      11.83 minutes

Scratch directory: /tmp/
   => Libint2 <=

    Primary   basis highest AM E, G, H:  6, 6, 3
    Auxiliary basis highest AM E, G, H:  7, 7, 4
    Onebody   basis highest AM E, G, H:  -, -, -
    Solid Harmonics ordering:            Gaussian

*** tstart() called on cst14372
*** at Tue Apr 21 11:12:37 2026

   => Loading Basis Set <=

    Name: 6-31G*
    Role: ORBITAL
    Keyword: BASIS
    atoms 1, 4-6 entry C          line   111 file /Users/jmsmith1/anaconda3/envs/jupyterenv/share/psi4/basis/6-31gs.gbs 
    atoms 2-3    entry O          line   145 file /Users/jmsmith1/anaconda3/envs/jupyterenv/share/psi4/basis/6-31gs.gbs 
    atoms 7-12   entry H          line    44 file /Users/jmsmith1/anaconda3/envs/jupyterenv/share/psi4/basis/6-31gs.gbs 

   => WB97X-D: Empirical Dispersion <=

    Chai and Head-Gordon Dispersion Correction
    Chai, J.-D.; Head-Gordon, M. (2010), J. Chem. Phys., 132: 6615-6620

        s6 =       1.000000


         ---------------------------------------------------------
                                   SCF
               by Justin Turney, Rob Parrish, Andy Simmonett
                          and Daniel G. A. Smith
                              RKS Reference
                        4 Threads,   5722 MiB Core
         ---------------------------------------------------------

  ==> Geometry <==

    Molecular point group: c1
    Full point group: C1

    Geometry (in Angstrom), charge = 0, multiplicity = 1:

       Center              X                  Y                   Z               Mass       
    ------------   -----------------  -----------------  -----------------  -----------------
         C            0.058880235500     0.313510295800     0.152789552300    12.000000000000
         O            1.378463593000     0.378168316800     0.045573961300    15.994914619570
         O            2.125072245500    -0.736257867900    -0.005359971900    15.994914619570
         C           -0.759466612800    -0.964985604100     0.054178485600    12.000000000000
         C           -2.080276369100    -1.017192074400    -0.265280680700    12.000000000000
         C           -0.647204374800     1.722507185100     0.057399631500    12.000000000000
         H           -0.232607565000    -1.841851123200     0.544736011500     1.007825032230
         H           -2.611372691800    -0.109485437700    -0.689214556100     1.007825032230
         H           -2.602236236100    -1.956351688200    -0.299852748200     1.007825032230
         H            0.229274372000     2.364947682100    -0.125189936200     1.007825032230
         H           -1.190079770300     2.153480557700     0.948237275100     1.007825032230
         H           -1.239577505300     1.785617130300    -0.996620560900     1.007825032230

  Running in c1 symmetry.

  Rotational constants: A =      0.17691  B =      0.08987  C =      0.06105 [cm^-1]
  Rotational constants: A =   5303.48556  B =   2694.24704  C =   1830.28492 [MHz]
  Nuclear repulsion =  218.150323043817906

  Charge       = 0
  Multiplicity = 1
  Electrons    = 46
  Nalpha       = 23
  Nbeta        = 23

  ==> Algorithm <==

  SCF Algorithm Type is DF.
  DIIS enabled.
  MOM disabled.
  Fractional occupation disabled.
  Guess Type is SAD.
  Energy threshold   = 1.00e-07
  Density threshold  = 1.00e-07
  Integral threshold = 1.00e-12

  ==> Primary Basis <==

  Basis Set: 6-31G*
    Blend: 6-31G*
    Number of shells: 48
    Number of basis functions: 102
    Number of Cartesian functions: 102
    Spherical Harmonics?: false
    Max angular momentum: 2

  ==> DFT Potential <==

   => LibXC <=

    Version 7.0.0
    S. Lehtola, C. Steigemann, M. J.T. Oliveira, and M. A.L. Marques.,  SoftwareX 7, 1–5 (2018) (10.1016/j.softx.2017.11.002)

   => Composite Functional: WB97X-D <= 

    wB97X-D Hyb-GGA Exchange-Correlation Functional

    J.-D. Chai and M. Head-Gordon.,  Phys. Chem. Chem. Phys. 10, 6615-6620 (2008) (10.1039/B810189B)

    Deriv               =              1
    GGA                 =           TRUE
    Meta                =          FALSE

    Exchange Hybrid     =           TRUE
    MP2 Hybrid          =          FALSE

   => Exchange-Correlation Functionals <=

    1.0000   wB97X-D range-separated functional

   => Exact (HF) Exchange <=

    0.7780            HF,LR [omega = 0.2000]
    0.2220               HF 

   => LibXC Density Thresholds  <==

    XC_HYB_GGA_XC_WB97X_D:  1.00E-14 

   => Molecular Quadrature <=

    Radial Scheme          =       TREUTLER
    Pruning Scheme         =           NONE
    Nuclear Scheme         =       TREUTLER

    Blocking Scheme        =         OCTREE
    BS radius alpha        =              1
    Pruning alpha          =              1
    Radial Points          =             75
    Spherical Points       =            302
    Total Points           =         254963
    Total Blocks           =           1924
    Max Points             =            256
    Max Functions          =            100
    Weights Tolerance      =       1.00E-15

   => Loading Basis Set <=

    Name: (6-31G* AUX)
    Role: JKFIT
    Keyword: DF_BASIS_SCF
    atoms 1, 4-6 entry C          line   121 file /Users/jmsmith1/anaconda3/envs/jupyterenv/share/psi4/basis/cc-pvdz-jkfit.gbs 
    atoms 2-3    entry O          line   221 file /Users/jmsmith1/anaconda3/envs/jupyterenv/share/psi4/basis/cc-pvdz-jkfit.gbs 
    atoms 7-12   entry H          line    51 file /Users/jmsmith1/anaconda3/envs/jupyterenv/share/psi4/basis/cc-pvdz-jkfit.gbs 

  ==> Integral Setup <==

  DFHelper Memory: AOs need 0.151 GiB; user supplied 3.606 GiB. 
  SCF_SUBTYPE=INCORE selected. In-core MEM_DF algorithm will be used.
  Using in-core AOs.

  ==> MemDFJK: Density-Fitted J/K Matrices <==

    J tasked:                   Yes
    K tasked:                   Yes
    wK tasked:                  Yes
    Omega:                2.000E-01
    OpenMP threads:               4
    Memory [MiB]:              3692
    Algorithm:                 Core
    Schwarz Cutoff:           1E-12
    Mask sparsity (%):       1.9800
    Fitting Condition:        1E-10

   => Auxiliary Basis Set <=

  Basis Set: (6-31G* AUX)
    Blend: CC-PVDZ-JKFIT
    Number of shells: 198
    Number of basis functions: 636
    Number of Cartesian functions: 636
    Spherical Harmonics?: false
    Max angular momentum: 3

  Cached 100.0% of DFT collocation blocks in 0.585 [GiB].

  Minimum eigenvalue in the overlap matrix is 3.8717038498E-03.
  Reciprocal condition number of the overlap matrix is 5.8341374927E-04.
    Using symmetric orthogonalization.

  ==> Pre-Iterations <==

  SCF Guess: Superposition of Atomic Densities via on-the-fly atomic UHF (no occupation information).

   -------------------------
    Irrep   Nso     Nmo    
   -------------------------
     A        102     102 
   -------------------------
    Total     102     102
   -------------------------

  ==> Iterations <==

                           Total Energy        Delta E     RMS |[F,P]|

   @DF-RKS iter SAD:  -299.72291663001459   -2.99723e+02   0.00000e+00 
   @DF-RKS iter   1:  -297.02764950227333    2.69527e+00   3.31231e-02 ADIIS/DIIS
   @DF-RKS iter   2:  -274.93029175189037    2.20974e+01   6.24300e-02 ADIIS/DIIS
   @DF-RKS iter   3:  -304.71734677578610   -2.97871e+01   1.70158e-02 ADIIS/DIIS
   @DF-RKS iter   4:  -303.39105079726329    1.32630e+00   2.21611e-02 ADIIS/DIIS
   @DF-RKS iter   5:  -306.08519948548354   -2.69415e+00   3.68583e-03 ADIIS/DIIS
   @DF-RKS iter   6:  -306.14517350540922   -5.99740e-02   2.30706e-03 ADIIS/DIIS
   @DF-RKS iter   7:  -306.17127562510461   -2.61021e-02   4.51526e-04 ADIIS/DIIS
   @DF-RKS iter   8:  -306.17196577473197   -6.90150e-04   3.36642e-04 ADIIS/DIIS
   @DF-RKS iter   9:  -306.17255870603964   -5.92931e-04   7.71614e-05 DIIS
   @DF-RKS iter  10:  -306.17259543560766   -3.67296e-05   4.11636e-05 DIIS
   @DF-RKS iter  11:  -306.17260207287359   -6.63727e-06   2.91135e-05 DIIS
   @DF-RKS iter  12:  -306.17260700058091   -4.92771e-06   7.71344e-06 DIIS
   @DF-RKS iter  13:  -306.17260744265434   -4.42073e-07   1.02682e-06 DIIS
   @DF-RKS iter  14:  -306.17260746402735   -2.13730e-08   5.98082e-07 DIIS
   @DF-RKS iter  15:  -306.17260747527394   -1.12466e-08   3.23091e-07 DIIS
   @DF-RKS iter  16:  -306.17260748117008   -5.89614e-09   1.38063e-07 DIIS
   @DF-RKS iter  17:  -306.17260748231644   -1.14636e-09   4.17541e-08 DIIS
  Energy and wave function converged.


  ==> Post-Iterations <==

   Electrons on quadrature grid:
      Ntotal   =   45.9999995997 ; deviation = -4.003e-07 

    Orbital Energies [Eh]
    ---------------------

    Doubly Occupied:                                                      

       1A    -19.420115     2A    -19.253346     3A    -10.423276  
       4A    -10.349064     5A    -10.347867     6A    -10.343181  
       7A     -1.273815     8A     -0.984072     9A     -0.898472  
      10A     -0.827659    11A     -0.744509    12A     -0.641827  
      13A     -0.604824    14A     -0.578365    15A     -0.568655  
      16A     -0.536455    17A     -0.512126    18A     -0.500712  
      19A     -0.482381    20A     -0.441272    21A     -0.390615  
      22A     -0.308793    23A     -0.295222  

    Virtual:                                                              

      24A     -0.027489    25A      0.092162    26A      0.143552  
      27A      0.174292    28A      0.194321    29A      0.214548  
      30A      0.218605    31A      0.232429    32A      0.245837  
      33A      0.280069    34A      0.328353    35A      0.399340  
      36A      0.416900    37A      0.560774    38A      0.584317  
      39A      0.605060    40A      0.634880    41A      0.654296  
      42A      0.662323    43A      0.704007    44A      0.713399  
      45A      0.729913    46A      0.773136    47A      0.823167  
      48A      0.879473    49A      0.896214    50A      0.911446  
      51A      0.923401    52A      0.928118    53A      0.953203  
      54A      0.975086    55A      1.003679    56A      1.033449  
      57A      1.037947    58A      1.096206    59A      1.143941  
      60A      1.169914    61A      1.176713    62A      1.204916  
      63A      1.344755    64A      1.362836    65A      1.418479  
      66A      1.462744    67A      1.499815    68A      1.585064  
      69A      1.612517    70A      1.698484    71A      1.738713  
      72A      1.755275    73A      1.823578    74A      1.863233  
      75A      1.909362    76A      1.927907    77A      1.962856  
      78A      1.992066    79A      2.045432    80A      2.111115  
      81A      2.160493    82A      2.176412    83A      2.257665  
      84A      2.291425    85A      2.311354    86A      2.364858  
      87A      2.444552    88A      2.459855    89A      2.517727  
      90A      2.541551    91A      2.675739    92A      2.719691  
      93A      2.873905    94A      2.894660    95A      3.080113  
      96A      3.211622    97A      3.579500    98A      4.094229  
      99A      4.097742   100A      4.228965   101A      4.313227  
     102A      4.570114  

    Final Occupation by Irrep:
              A 
    DOCC [    23 ]
    NA   [    23 ]
    NB   [    23 ]

  @DF-RKS Final Energy:  -306.17260748231644

   => Energetics <=

    Nuclear Repulsion Energy =            218.1503230438179060
    One-Electron Energy =                -848.0717594433840532
    Two-Electron Energy =                 351.8901797655816495
    DFT Exchange-Correlation Energy =     -28.1369491317802058
    Empirical Dispersion Energy =          -0.0044017165517388
    VV10 Nonlocal Energy =                  0.0000000000000000
    Total Energy =                       -306.1726074823164367

Computation Completed


Properties will be evaluated at   0.000000,   0.000000,   0.000000 [a0]

Properties computed using the SCF density matrix


 Multipole Moments:

 ------------------------------------------------------------------------------------
     Multipole            Electronic (a.u.)      Nuclear  (a.u.)        Total (a.u.)
 ------------------------------------------------------------------------------------

 L = 1.  Multiply by 2.5417464519 to convert [e a0] to [Debye]
 Dipole X            :         -1.5713226           -0.3528410           -1.9241636
 Dipole Y            :          0.8756467           -0.2746159            0.6010308
 Dipole Z            :          0.6048438           -0.5700749            0.0347688
 Magnitude           :                                                    2.0161479

 ------------------------------------------------------------------------------------

*** tstop() called on cst14372 at Tue Apr 21 11:12:50 2026
Module time:
	user time   =      28.20 seconds =       0.47 minutes
	system time =       0.38 seconds =       0.01 minutes
	total time  =         13 seconds =       0.22 minutes
Total time:
	user time   =    1497.05 seconds =      24.95 minutes
	system time =      21.21 seconds =       0.35 minutes
	total time  =        723 seconds =      12.05 minutes

Scratch directory: /tmp/
gradient() will perform analytic gradient computation.

*** tstart() called on cst14372
*** at Tue Apr 21 11:12:50 2026


         ------------------------------------------------------------
                                   SCF GRAD                          
                          Rob Parrish, Justin Turney,                
                       Andy Simmonett, and Alex Sokolov              
         ------------------------------------------------------------

  ==> Geometry <==

    Molecular point group: c1
    Full point group: C1

    Geometry (in Angstrom), charge = 0, multiplicity = 1:

       Center              X                  Y                   Z               Mass       
    ------------   -----------------  -----------------  -----------------  -----------------
         C            0.058880235500     0.313510295800     0.152789552300    12.000000000000
         O            1.378463593000     0.378168316800     0.045573961300    15.994914619570
         O            2.125072245500    -0.736257867900    -0.005359971900    15.994914619570
         C           -0.759466612800    -0.964985604100     0.054178485600    12.000000000000
         C           -2.080276369100    -1.017192074400    -0.265280680700    12.000000000000
         C           -0.647204374800     1.722507185100     0.057399631500    12.000000000000
         H           -0.232607565000    -1.841851123200     0.544736011500     1.007825032230
         H           -2.611372691800    -0.109485437700    -0.689214556100     1.007825032230
         H           -2.602236236100    -1.956351688200    -0.299852748200     1.007825032230
         H            0.229274372000     2.364947682100    -0.125189936200     1.007825032230
         H           -1.190079770300     2.153480557700     0.948237275100     1.007825032230
         H           -1.239577505300     1.785617130300    -0.996620560900     1.007825032230

  Nuclear repulsion =  218.150323043817906

  ==> Basis Set <==

  Basis Set: 6-31G*
    Blend: 6-31G*
    Number of shells: 48
    Number of basis functions: 102
    Number of Cartesian functions: 102
    Spherical Harmonics?: false
    Max angular momentum: 2

  ==> DFJKGrad: Density-Fitted SCF Gradients <==

    Gradient:                    1
    J tasked:                  Yes
    K tasked:                  Yes
    wK tasked:                 Yes
    Omega:               2.000E-01
    OpenMP threads:              4
    Integrals threads:           4
    Memory [MiB]:             4291
    Schwarz Cutoff:          1E-12
    Fitting Condition:       1E-10

   => Auxiliary Basis Set <=

  Basis Set: (6-31G* AUX)
    Blend: CC-PVDZ-JKFIT
    Number of shells: 198
    Number of basis functions: 636
    Number of Cartesian functions: 636
    Spherical Harmonics?: false
    Max angular momentum: 3

  ==> DFT Potential <==

   => LibXC <=

    Version 7.0.0
    S. Lehtola, C. Steigemann, M. J.T. Oliveira, and M. A.L. Marques.,  SoftwareX 7, 1–5 (2018) (10.1016/j.softx.2017.11.002)

   => Composite Functional: WB97X-D <= 

    wB97X-D Hyb-GGA Exchange-Correlation Functional

    J.-D. Chai and M. Head-Gordon.,  Phys. Chem. Chem. Phys. 10, 6615-6620 (2008) (10.1039/B810189B)

    Deriv               =              1
    GGA                 =           TRUE
    Meta                =          FALSE

    Exchange Hybrid     =           TRUE
    MP2 Hybrid          =          FALSE

   => Exchange-Correlation Functionals <=

    1.0000   wB97X-D range-separated functional

   => Exact (HF) Exchange <=

    0.7780            HF,LR [omega = 0.2000]
    0.2220               HF 

   => LibXC Density Thresholds  <==

    XC_HYB_GGA_XC_WB97X_D:  1.00E-14 

   => Molecular Quadrature <=

    Radial Scheme          =       TREUTLER
    Pruning Scheme         =           NONE
    Nuclear Scheme         =       TREUTLER

    Blocking Scheme        =         OCTREE
    BS radius alpha        =              1
    Pruning alpha          =              1
    Radial Points          =             75
    Spherical Points       =            302
    Total Points           =         254963
    Total Blocks           =           1924
    Max Points             =            256
    Max Functions          =            100
    Weights Tolerance      =       1.00E-15


  -Total Gradient:
     Atom            X                  Y                   Z
    ------   -----------------  -----------------  -----------------
       1        0.010254834027    -0.007798787748     0.023451614579
       2        0.053509349209     0.008556273486    -0.013227120584
       3        0.010432118035    -0.003170416341     0.000825351828
       4       -0.019724513367    -0.003167030964    -0.036455013592
       5       -0.023605365333    -0.033594044969     0.016411678284
       6       -0.019759237673     0.008029554405     0.041223503620
       7        0.012074591733    -0.017073984399     0.022414079014
       8       -0.011643814978     0.023241532949    -0.012708701598
       9        0.004183853943     0.005170555424    -0.004010314957
      10        0.006772446809    -0.005666982620    -0.003051576056
      11       -0.004579865928     0.020560382283     0.019061898195
      12       -0.017740420665     0.004835120532    -0.053750128561


*** tstop() called on cst14372 at Tue Apr 21 11:12:52 2026
Module time:
	user time   =       3.85 seconds =       0.06 minutes
	system time =       0.09 seconds =       0.00 minutes
	total time  =          2 seconds =       0.03 minutes
Total time:
	user time   =    1500.92 seconds =      25.02 minutes
	system time =      21.30 seconds =       0.36 minutes
	total time  =        725 seconds =      12.08 minutes

Scratch directory: /tmp/
   => Libint2 <=

    Primary   basis highest AM E, G, H:  6, 6, 3
    Auxiliary basis highest AM E, G, H:  7, 7, 4
    Onebody   basis highest AM E, G, H:  -, -, -
    Solid Harmonics ordering:            Gaussian

*** tstart() called on cst14372
*** at Tue Apr 21 11:12:52 2026

   => Loading Basis Set <=

    Name: 6-31G*
    Role: ORBITAL
    Keyword: BASIS
    atoms 1, 4-6 entry C          line   111 file /Users/jmsmith1/anaconda3/envs/jupyterenv/share/psi4/basis/6-31gs.gbs 
    atoms 2-3    entry O          line   145 file /Users/jmsmith1/anaconda3/envs/jupyterenv/share/psi4/basis/6-31gs.gbs 
    atoms 7-12   entry H          line    44 file /Users/jmsmith1/anaconda3/envs/jupyterenv/share/psi4/basis/6-31gs.gbs 

   => WB97X-D: Empirical Dispersion <=

    Chai and Head-Gordon Dispersion Correction
    Chai, J.-D.; Head-Gordon, M. (2010), J. Chem. Phys., 132: 6615-6620

        s6 =       1.000000


         ---------------------------------------------------------
                                   SCF
               by Justin Turney, Rob Parrish, Andy Simmonett
                          and Daniel G. A. Smith
                              RKS Reference
                        4 Threads,   5722 MiB Core
         ---------------------------------------------------------

  ==> Geometry <==

    Molecular point group: c1
    Full point group: C1

    Geometry (in Angstrom), charge = 0, multiplicity = 1:

       Center              X                  Y                   Z               Mass       
    ------------   -----------------  -----------------  -----------------  -----------------
         C            0.058162800900     0.311590131500     0.155271225400    12.000000000000
         O            1.376251846600     0.380643033200     0.047150028600    15.994914619570
         O            2.128272851700    -0.733613080000    -0.005556963600    15.994914619570
         C           -0.761898425700    -0.967038380300     0.057217380400    12.000000000000
         C           -2.079553451500    -1.018380409000    -0.272400687100    12.000000000000
         C           -0.646723183600     1.722715928900     0.057900371800    12.000000000000
         H           -0.220396045000    -1.842242397300     0.548828591700     1.007825032230
         H           -2.610482426300    -0.111100794300    -0.702869992400     1.007825032230
         H           -2.593960478800    -1.963781967900    -0.298635041500     1.007825032230
         H            0.226321883300     2.372053688700    -0.127594519700     1.007825032230
         H           -1.193159713400     2.144154218200     0.960743639500     1.007825032230
         H           -1.247441000500     1.775112435400    -1.006946940000     1.007825032230

  Running in c1 symmetry.

  Rotational constants: A =      0.17669  B =      0.08976  C =      0.06102 [cm^-1]
  Rotational constants: A =   5297.13413  B =   2690.84199  C =   1829.31945 [MHz]
  Nuclear repulsion =  217.965039768114281

  Charge       = 0
  Multiplicity = 1
  Electrons    = 46
  Nalpha       = 23
  Nbeta        = 23

  ==> Algorithm <==

  SCF Algorithm Type is DF.
  DIIS enabled.
  MOM disabled.
  Fractional occupation disabled.
  Guess Type is SAD.
  Energy threshold   = 1.00e-07
  Density threshold  = 1.00e-07
  Integral threshold = 1.00e-12

  ==> Primary Basis <==

  Basis Set: 6-31G*
    Blend: 6-31G*
    Number of shells: 48
    Number of basis functions: 102
    Number of Cartesian functions: 102
    Spherical Harmonics?: false
    Max angular momentum: 2

  ==> DFT Potential <==

   => LibXC <=

    Version 7.0.0
    S. Lehtola, C. Steigemann, M. J.T. Oliveira, and M. A.L. Marques.,  SoftwareX 7, 1–5 (2018) (10.1016/j.softx.2017.11.002)

   => Composite Functional: WB97X-D <= 

    wB97X-D Hyb-GGA Exchange-Correlation Functional

    J.-D. Chai and M. Head-Gordon.,  Phys. Chem. Chem. Phys. 10, 6615-6620 (2008) (10.1039/B810189B)

    Deriv               =              1
    GGA                 =           TRUE
    Meta                =          FALSE

    Exchange Hybrid     =           TRUE
    MP2 Hybrid          =          FALSE

   => Exchange-Correlation Functionals <=

    1.0000   wB97X-D range-separated functional

   => Exact (HF) Exchange <=

    0.7780            HF,LR [omega = 0.2000]
    0.2220               HF 

   => LibXC Density Thresholds  <==

    XC_HYB_GGA_XC_WB97X_D:  1.00E-14 

   => Molecular Quadrature <=

    Radial Scheme          =       TREUTLER
    Pruning Scheme         =           NONE
    Nuclear Scheme         =       TREUTLER

    Blocking Scheme        =         OCTREE
    BS radius alpha        =              1
    Pruning alpha          =              1
    Radial Points          =             75
    Spherical Points       =            302
    Total Points           =         254985
    Total Blocks           =           1927
    Max Points             =            256
    Max Functions          =            100
    Weights Tolerance      =       1.00E-15

   => Loading Basis Set <=

    Name: (6-31G* AUX)
    Role: JKFIT
    Keyword: DF_BASIS_SCF
    atoms 1, 4-6 entry C          line   121 file /Users/jmsmith1/anaconda3/envs/jupyterenv/share/psi4/basis/cc-pvdz-jkfit.gbs 
    atoms 2-3    entry O          line   221 file /Users/jmsmith1/anaconda3/envs/jupyterenv/share/psi4/basis/cc-pvdz-jkfit.gbs 
    atoms 7-12   entry H          line    51 file /Users/jmsmith1/anaconda3/envs/jupyterenv/share/psi4/basis/cc-pvdz-jkfit.gbs 

  ==> Integral Setup <==

  DFHelper Memory: AOs need 0.151 GiB; user supplied 3.606 GiB. 
  SCF_SUBTYPE=INCORE selected. In-core MEM_DF algorithm will be used.
  Using in-core AOs.

  ==> MemDFJK: Density-Fitted J/K Matrices <==

    J tasked:                   Yes
    K tasked:                   Yes
    wK tasked:                  Yes
    Omega:                2.000E-01
    OpenMP threads:               4
    Memory [MiB]:              3692
    Algorithm:                 Core
    Schwarz Cutoff:           1E-12
    Mask sparsity (%):       1.9992
    Fitting Condition:        1E-10

   => Auxiliary Basis Set <=

  Basis Set: (6-31G* AUX)
    Blend: CC-PVDZ-JKFIT
    Number of shells: 198
    Number of basis functions: 636
    Number of Cartesian functions: 636
    Spherical Harmonics?: false
    Max angular momentum: 3

  Cached 100.0% of DFT collocation blocks in 0.585 [GiB].

  Minimum eigenvalue in the overlap matrix is 3.8559469770E-03.
  Reciprocal condition number of the overlap matrix is 5.8168753279E-04.
    Using symmetric orthogonalization.

  ==> Pre-Iterations <==

  SCF Guess: Superposition of Atomic Densities via on-the-fly atomic UHF (no occupation information).

   -------------------------
    Irrep   Nso     Nmo    
   -------------------------
     A        102     102 
   -------------------------
    Total     102     102
   -------------------------

  ==> Iterations <==

                           Total Energy        Delta E     RMS |[F,P]|

   @DF-RKS iter SAD:  -299.68901000260610   -2.99689e+02   0.00000e+00 
   @DF-RKS iter   1:  -297.03922950477056    2.64978e+00   3.30860e-02 ADIIS/DIIS
   @DF-RKS iter   2:  -274.89342675450627    2.21458e+01   6.24503e-02 ADIIS/DIIS
   @DF-RKS iter   3:  -304.70847620818125   -2.98150e+01   1.70482e-02 ADIIS/DIIS
   @DF-RKS iter   4:  -302.89887011274016    1.80961e+00   2.33118e-02 ADIIS/DIIS
   @DF-RKS iter   5:  -306.07056709223895   -3.17170e+00   3.87415e-03 ADIIS/DIIS
   @DF-RKS iter   6:  -306.14106675609122   -7.04997e-02   2.37850e-03 ADIIS/DIIS
   @DF-RKS iter   7:  -306.16935683217827   -2.82901e-02   4.51831e-04 ADIIS/DIIS
   @DF-RKS iter   8:  -306.17017704134423   -8.20209e-04   3.27952e-04 ADIIS/DIIS
   @DF-RKS iter   9:  -306.17072182713372   -5.44786e-04   1.00776e-04 ADIIS/DIIS
   @DF-RKS iter  10:  -306.17077365407016   -5.18269e-05   4.78379e-05 DIIS
   @DF-RKS iter  11:  -306.17078242321787   -8.76915e-06   3.49467e-05 DIIS
   @DF-RKS iter  12:  -306.17078934401184   -6.92079e-06   7.55586e-06 DIIS
   @DF-RKS iter  13:  -306.17078973606749   -3.92056e-07   1.21125e-06 DIIS
   @DF-RKS iter  14:  -306.17078975286006   -1.67926e-08   5.74391e-07 DIIS
   @DF-RKS iter  15:  -306.17078976063198   -7.77192e-09   2.68333e-07 DIIS
   @DF-RKS iter  16:  -306.17078976382618   -3.19420e-09   1.34718e-07 DIIS
   @DF-RKS iter  17:  -306.17078976495844   -1.13226e-09   4.88777e-08 DIIS
  Energy and wave function converged.


  ==> Post-Iterations <==

   Electrons on quadrature grid:
      Ntotal   =   45.9999997463 ; deviation = -2.537e-07 

    Orbital Energies [Eh]
    ---------------------

    Doubly Occupied:                                                      

       1A    -19.419587     2A    -19.252899     3A    -10.423376  
       4A    -10.349984     5A    -10.349963     6A    -10.343864  
       7A     -1.272453     8A     -0.983561     9A     -0.898584  
      10A     -0.826298    11A     -0.744256    12A     -0.640984  
      13A     -0.604259    14A     -0.577458    15A     -0.568021  
      16A     -0.535958    17A     -0.511344    18A     -0.501027  
      19A     -0.481470    20A     -0.440291    21A     -0.390881  
      22A     -0.308541    23A     -0.295161  

    Virtual:                                                              

      24A     -0.027404    25A      0.092136    26A      0.140487  
      27A      0.173883    28A      0.192216    29A      0.212731  
      30A      0.216341    31A      0.231769    32A      0.244435  
      33A      0.279126    34A      0.327515    35A      0.398581  
      36A      0.416117    37A      0.560624    38A      0.584551  
      39A      0.605428    40A      0.635281    41A      0.653756  
      42A      0.662669    43A      0.704678    44A      0.715043  
      45A      0.729680    46A      0.771012    47A      0.821592  
      48A      0.878190    49A      0.895336    50A      0.909279  
      51A      0.921056    52A      0.926783    53A      0.953945  
      54A      0.972330    55A      1.002293    56A      1.032219  
      57A      1.037600    58A      1.096722    59A      1.144603  
      60A      1.171021    61A      1.176718    62A      1.205833  
      63A      1.344293    64A      1.363091    65A      1.418408  
      66A      1.462694    67A      1.500156    68A      1.581722  
      69A      1.612064    70A      1.694487    71A      1.739074  
      72A      1.755362    73A      1.824328    74A      1.864281  
      75A      1.909911    76A      1.930347    77A      1.963973  
      78A      1.990409    79A      2.044292    80A      2.109679  
      81A      2.154458    82A      2.172051    83A      2.251922  
      84A      2.288077    85A      2.307609    86A      2.362695  
      87A      2.443035    88A      2.458286    89A      2.516401  
      90A      2.539482    91A      2.674200    92A      2.717282  
      93A      2.872731    94A      2.892625    95A      3.079539  
      96A      3.213028    97A      3.578877    98A      4.093977  
      99A      4.096172   100A      4.227282   101A      4.311042  
     102A      4.569455  

    Final Occupation by Irrep:
              A 
    DOCC [    23 ]
    NA   [    23 ]
    NB   [    23 ]

  @DF-RKS Final Energy:  -306.17078976495844

   => Energetics <=

    Nuclear Repulsion Energy =            217.9650397681142806
    One-Electron Energy =                -847.7160642882987531
    Two-Electron Energy =                 351.7130102295903953
    DFT Exchange-Correlation Energy =     -28.1283561901297610
    Empirical Dispersion Energy =          -0.0044192842346097
    VV10 Nonlocal Energy =                  0.0000000000000000
    Total Energy =                       -306.1707897649584424

Computation Completed


Properties will be evaluated at   0.000000,   0.000000,   0.000000 [a0]

Properties computed using the SCF density matrix


 Multipole Moments:

 ------------------------------------------------------------------------------------
     Multipole            Electronic (a.u.)      Nuclear  (a.u.)        Total (a.u.)
 ------------------------------------------------------------------------------------

 L = 1.  Multiply by 2.5417464519 to convert [e a0] to [Debye]
 Dipole X            :         -1.5848015           -0.3458081           -1.9306095
 Dipole Y            :          0.8897680           -0.2952538            0.5945143
 Dipole Z            :          0.6148539           -0.5778782            0.0369756
 Magnitude           :                                                    2.0204127

 ------------------------------------------------------------------------------------

*** tstop() called on cst14372 at Tue Apr 21 11:13:06 2026
Module time:
	user time   =      28.48 seconds =       0.47 minutes
	system time =       0.47 seconds =       0.01 minutes
	total time  =         14 seconds =       0.23 minutes
Total time:
	user time   =    1529.42 seconds =      25.49 minutes
	system time =      21.78 seconds =       0.36 minutes
	total time  =        739 seconds =      12.32 minutes

Scratch directory: /tmp/
gradient() will perform analytic gradient computation.

*** tstart() called on cst14372
*** at Tue Apr 21 11:13:06 2026


         ------------------------------------------------------------
                                   SCF GRAD                          
                          Rob Parrish, Justin Turney,                
                       Andy Simmonett, and Alex Sokolov              
         ------------------------------------------------------------

  ==> Geometry <==

    Molecular point group: c1
    Full point group: C1

    Geometry (in Angstrom), charge = 0, multiplicity = 1:

       Center              X                  Y                   Z               Mass       
    ------------   -----------------  -----------------  -----------------  -----------------
         C            0.058162800900     0.311590131500     0.155271225400    12.000000000000
         O            1.376251846600     0.380643033200     0.047150028600    15.994914619570
         O            2.128272851700    -0.733613080000    -0.005556963600    15.994914619570
         C           -0.761898425700    -0.967038380300     0.057217380400    12.000000000000
         C           -2.079553451500    -1.018380409000    -0.272400687100    12.000000000000
         C           -0.646723183600     1.722715928900     0.057900371800    12.000000000000
         H           -0.220396045000    -1.842242397300     0.548828591700     1.007825032230
         H           -2.610482426300    -0.111100794300    -0.702869992400     1.007825032230
         H           -2.593960478800    -1.963781967900    -0.298635041500     1.007825032230
         H            0.226321883300     2.372053688700    -0.127594519700     1.007825032230
         H           -1.193159713400     2.144154218200     0.960743639500     1.007825032230
         H           -1.247441000500     1.775112435400    -1.006946940000     1.007825032230

  Nuclear repulsion =  217.965039768114281

  ==> Basis Set <==

  Basis Set: 6-31G*
    Blend: 6-31G*
    Number of shells: 48
    Number of basis functions: 102
    Number of Cartesian functions: 102
    Spherical Harmonics?: false
    Max angular momentum: 2

  ==> DFJKGrad: Density-Fitted SCF Gradients <==

    Gradient:                    1
    J tasked:                  Yes
    K tasked:                  Yes
    wK tasked:                 Yes
    Omega:               2.000E-01
    OpenMP threads:              4
    Integrals threads:           4
    Memory [MiB]:             4291
    Schwarz Cutoff:          1E-12
    Fitting Condition:       1E-10

   => Auxiliary Basis Set <=

  Basis Set: (6-31G* AUX)
    Blend: CC-PVDZ-JKFIT
    Number of shells: 198
    Number of basis functions: 636
    Number of Cartesian functions: 636
    Spherical Harmonics?: false
    Max angular momentum: 3

  ==> DFT Potential <==

   => LibXC <=

    Version 7.0.0
    S. Lehtola, C. Steigemann, M. J.T. Oliveira, and M. A.L. Marques.,  SoftwareX 7, 1–5 (2018) (10.1016/j.softx.2017.11.002)

   => Composite Functional: WB97X-D <= 

    wB97X-D Hyb-GGA Exchange-Correlation Functional

    J.-D. Chai and M. Head-Gordon.,  Phys. Chem. Chem. Phys. 10, 6615-6620 (2008) (10.1039/B810189B)

    Deriv               =              1
    GGA                 =           TRUE
    Meta                =          FALSE

    Exchange Hybrid     =           TRUE
    MP2 Hybrid          =          FALSE

   => Exchange-Correlation Functionals <=

    1.0000   wB97X-D range-separated functional

   => Exact (HF) Exchange <=

    0.7780            HF,LR [omega = 0.2000]
    0.2220               HF 

   => LibXC Density Thresholds  <==

    XC_HYB_GGA_XC_WB97X_D:  1.00E-14 

   => Molecular Quadrature <=

    Radial Scheme          =       TREUTLER
    Pruning Scheme         =           NONE
    Nuclear Scheme         =       TREUTLER

    Blocking Scheme        =         OCTREE
    BS radius alpha        =              1
    Pruning alpha          =              1
    Radial Points          =             75
    Spherical Points       =            302
    Total Points           =         254985
    Total Blocks           =           1927
    Max Points             =            256
    Max Functions          =            100
    Weights Tolerance      =       1.00E-15


  -Total Gradient:
     Atom            X                  Y                   Z
    ------   -----------------  -----------------  -----------------
       1        0.010166223794    -0.009844056533     0.024318208592
       2        0.051876855806     0.010745784759    -0.013177386993
       3        0.011393036221    -0.004381314694     0.000667750458
       4       -0.023594723246    -0.003088965790    -0.036675887366
       5       -0.023099125351    -0.031495784384     0.015473585579
       6       -0.015973745146     0.008426554557     0.040517931011
       7        0.015123686401    -0.018725287854     0.023343749801
       8       -0.012091657520     0.024425003703    -0.013383101378
       9        0.004565963127     0.003623679442    -0.003275828678
      10        0.007807970050    -0.004365294878    -0.003386156803
      11       -0.006286964844     0.020824762609     0.023228112976
      12       -0.019706184750     0.003772567381    -0.057507410599


*** tstop() called on cst14372 at Tue Apr 21 11:13:08 2026
Module time:
	user time   =       4.08 seconds =       0.07 minutes
	system time =       0.07 seconds =       0.00 minutes
	total time  =          2 seconds =       0.03 minutes
Total time:
	user time   =    1533.51 seconds =      25.56 minutes
	system time =      21.85 seconds =       0.36 minutes
	total time  =        741 seconds =      12.35 minutes

Scratch directory: /tmp/
   => Libint2 <=

    Primary   basis highest AM E, G, H:  6, 6, 3
    Auxiliary basis highest AM E, G, H:  7, 7, 4
    Onebody   basis highest AM E, G, H:  -, -, -
    Solid Harmonics ordering:            Gaussian

*** tstart() called on cst14372
*** at Tue Apr 21 11:13:08 2026

   => Loading Basis Set <=

    Name: 6-31G*
    Role: ORBITAL
    Keyword: BASIS
    atoms 1, 4-6 entry C          line   111 file /Users/jmsmith1/anaconda3/envs/jupyterenv/share/psi4/basis/6-31gs.gbs 
    atoms 2-3    entry O          line   145 file /Users/jmsmith1/anaconda3/envs/jupyterenv/share/psi4/basis/6-31gs.gbs 
    atoms 7-12   entry H          line    44 file /Users/jmsmith1/anaconda3/envs/jupyterenv/share/psi4/basis/6-31gs.gbs 

   => WB97X-D: Empirical Dispersion <=

    Chai and Head-Gordon Dispersion Correction
    Chai, J.-D.; Head-Gordon, M. (2010), J. Chem. Phys., 132: 6615-6620

        s6 =       1.000000


         ---------------------------------------------------------
                                   SCF
               by Justin Turney, Rob Parrish, Andy Simmonett
                          and Daniel G. A. Smith
                              RKS Reference
                        4 Threads,   5722 MiB Core
         ---------------------------------------------------------

  ==> Geometry <==

    Molecular point group: c1
    Full point group: C1

    Geometry (in Angstrom), charge = 0, multiplicity = 1:

       Center              X                  Y                   Z               Mass       
    ------------   -----------------  -----------------  -----------------  -----------------
         C            0.057414562700     0.309694778200     0.157687267500    12.000000000000
         O            1.373923124300     0.383099145500     0.048757754900    15.994914619570
         O            2.131454839900    -0.730953697400    -0.005755784400    15.994914619570
         C           -0.764266606300    -0.969086153100     0.060368267500    12.000000000000
         C           -2.078762284100    -1.019479855100    -0.279579142700    12.000000000000
         C           -0.646194831500     1.722900681600     0.058284788900    12.000000000000
         H           -0.208682733100    -1.841988563400     0.552123867900     1.007825032230
         H           -2.609173396500    -0.113561698900    -0.716090025600     1.007825032230
         H           -2.585826331000    -1.971351487100    -0.297302011300     1.007825032230
         H            0.223094423900     2.379323892000    -0.129886923300     1.007825032230
         H           -1.196028719900     2.134091714700     0.972472829700     1.007825032230
         H           -1.254639890200     1.764457467500    -1.015309626800     1.007825032230

  Running in c1 symmetry.

  Rotational constants: A =      0.17651  B =      0.08965  C =      0.06099 [cm^-1]
  Rotational constants: A =   5291.48981  B =   2687.69712  C =   1828.49173 [MHz]
  Nuclear repulsion =  217.800104459855334

  Charge       = 0
  Multiplicity = 1
  Electrons    = 46
  Nalpha       = 23
  Nbeta        = 23

  ==> Algorithm <==

  SCF Algorithm Type is DF.
  DIIS enabled.
  MOM disabled.
  Fractional occupation disabled.
  Guess Type is SAD.
  Energy threshold   = 1.00e-07
  Density threshold  = 1.00e-07
  Integral threshold = 1.00e-12

  ==> Primary Basis <==

  Basis Set: 6-31G*
    Blend: 6-31G*
    Number of shells: 48
    Number of basis functions: 102
    Number of Cartesian functions: 102
    Spherical Harmonics?: false
    Max angular momentum: 2

  ==> DFT Potential <==

   => LibXC <=

    Version 7.0.0
    S. Lehtola, C. Steigemann, M. J.T. Oliveira, and M. A.L. Marques.,  SoftwareX 7, 1–5 (2018) (10.1016/j.softx.2017.11.002)

   => Composite Functional: WB97X-D <= 

    wB97X-D Hyb-GGA Exchange-Correlation Functional

    J.-D. Chai and M. Head-Gordon.,  Phys. Chem. Chem. Phys. 10, 6615-6620 (2008) (10.1039/B810189B)

    Deriv               =              1
    GGA                 =           TRUE
    Meta                =          FALSE

    Exchange Hybrid     =           TRUE
    MP2 Hybrid          =          FALSE

   => Exchange-Correlation Functionals <=

    1.0000   wB97X-D range-separated functional

   => Exact (HF) Exchange <=

    0.7780            HF,LR [omega = 0.2000]
    0.2220               HF 

   => LibXC Density Thresholds  <==

    XC_HYB_GGA_XC_WB97X_D:  1.00E-14 

   => Molecular Quadrature <=

    Radial Scheme          =       TREUTLER
    Pruning Scheme         =           NONE
    Nuclear Scheme         =       TREUTLER

    Blocking Scheme        =         OCTREE
    BS radius alpha        =              1
    Pruning alpha          =              1
    Radial Points          =             75
    Spherical Points       =            302
    Total Points           =         254988
    Total Blocks           =           1930
    Max Points             =            256
    Max Functions          =            100
    Weights Tolerance      =       1.00E-15

   => Loading Basis Set <=

    Name: (6-31G* AUX)
    Role: JKFIT
    Keyword: DF_BASIS_SCF
    atoms 1, 4-6 entry C          line   121 file /Users/jmsmith1/anaconda3/envs/jupyterenv/share/psi4/basis/cc-pvdz-jkfit.gbs 
    atoms 2-3    entry O          line   221 file /Users/jmsmith1/anaconda3/envs/jupyterenv/share/psi4/basis/cc-pvdz-jkfit.gbs 
    atoms 7-12   entry H          line    51 file /Users/jmsmith1/anaconda3/envs/jupyterenv/share/psi4/basis/cc-pvdz-jkfit.gbs 

  ==> Integral Setup <==

  DFHelper Memory: AOs need 0.151 GiB; user supplied 3.606 GiB. 
  SCF_SUBTYPE=INCORE selected. In-core MEM_DF algorithm will be used.
  Using in-core AOs.

  ==> MemDFJK: Density-Fitted J/K Matrices <==

    J tasked:                   Yes
    K tasked:                   Yes
    wK tasked:                  Yes
    Omega:                2.000E-01
    OpenMP threads:               4
    Memory [MiB]:              3692
    Algorithm:                 Core
    Schwarz Cutoff:           1E-12
    Mask sparsity (%):       1.9992
    Fitting Condition:        1E-10

   => Auxiliary Basis Set <=

  Basis Set: (6-31G* AUX)
    Blend: CC-PVDZ-JKFIT
    Number of shells: 198
    Number of basis functions: 636
    Number of Cartesian functions: 636
    Spherical Harmonics?: false
    Max angular momentum: 3

  Cached 100.0% of DFT collocation blocks in 0.585 [GiB].

  Minimum eigenvalue in the overlap matrix is 3.8396622154E-03.
  Reciprocal condition number of the overlap matrix is 5.7976589118E-04.
    Using symmetric orthogonalization.

  ==> Pre-Iterations <==

  SCF Guess: Superposition of Atomic Densities via on-the-fly atomic UHF (no occupation information).

   -------------------------
    Irrep   Nso     Nmo    
   -------------------------
     A        102     102 
   -------------------------
    Total     102     102
   -------------------------

  ==> Iterations <==

                           Total Energy        Delta E     RMS |[F,P]|

   @DF-RKS iter SAD:  -299.65890964019457   -2.99659e+02   0.00000e+00 
   @DF-RKS iter   1:  -297.05297474114315    2.60593e+00   3.30507e-02 ADIIS/DIIS
   @DF-RKS iter   2:  -274.86553227807951    2.21874e+01   6.24644e-02 ADIIS/DIIS
   @DF-RKS iter   3:  -304.70019901940282   -2.98347e+01   1.70793e-02 ADIIS/DIIS
   @DF-RKS iter   4:  -302.22124618432230    2.47895e+00   2.39449e-02 ADIIS/DIIS
   @DF-RKS iter   5:  -306.03682849168104   -3.81558e+00   4.42092e-03 ADIIS/DIIS
   @DF-RKS iter   6:  -306.13698695365900   -1.00158e-01   2.41751e-03 ADIIS/DIIS
   @DF-RKS iter   7:  -306.16718208429444   -3.01951e-02   5.03908e-04 ADIIS/DIIS
   @DF-RKS iter   8:  -306.16849477005167   -1.31269e-03   3.09585e-04 ADIIS/DIIS
   @DF-RKS iter   9:  -306.16897782611636   -4.83056e-04   1.33961e-04 ADIIS/DIIS
   @DF-RKS iter  10:  -306.16905376131780   -7.59352e-05   6.06915e-05 DIIS
   @DF-RKS iter  11:  -306.16906597706719   -1.22157e-05   4.64258e-05 DIIS
   @DF-RKS iter  12:  -306.16907758070971   -1.16036e-05   1.03854e-05 DIIS
   @DF-RKS iter  13:  -306.16907829691712   -7.16207e-07   1.37868e-06 DIIS
   @DF-RKS iter  14:  -306.16907831653020   -1.96131e-08   7.24340e-07 DIIS
   @DF-RKS iter  15:  -306.16907832419622   -7.66602e-09   1.98470e-07 DIIS
   @DF-RKS iter  16:  -306.16907832621354   -2.01732e-09   1.12928e-07 DIIS
   @DF-RKS iter  17:  -306.16907832687627   -6.62737e-10   5.65213e-08 DIIS
  Energy and wave function converged.


  ==> Post-Iterations <==

   Electrons on quadrature grid:
      Ntotal   =   45.9999999137 ; deviation = -8.630e-08 

    Orbital Energies [Eh]
    ---------------------

    Doubly Occupied:                                                      

       1A    -19.419030     2A    -19.252428     3A    -10.423458  
       4A    -10.351825     5A    -10.350786     6A    -10.344511  
       7A     -1.271095     8A     -0.983051     9A     -0.898738  
      10A     -0.825111    11A     -0.744064    12A     -0.640253  
      13A     -0.603809    14A     -0.576642    15A     -0.567436  
      16A     -0.535395    17A     -0.510866    18A     -0.501309  
      19A     -0.480689    20A     -0.439323    21A     -0.391147  
      22A     -0.308270    23A     -0.295087  

    Virtual:                                                              

      24A     -0.027299    25A      0.092138    26A      0.137758  
      27A      0.173477    28A      0.190301    29A      0.211104  
      30A      0.214178    31A      0.231352    32A      0.243139  
      33A      0.278236    34A      0.326683    35A      0.397848  
      36A      0.415356    37A      0.560512    38A      0.584746  
      39A      0.605646    40A      0.635645    41A      0.653205  
      42A      0.663087    43A      0.705217    44A      0.716708  
      45A      0.729534    46A      0.769003    47A      0.819903  
      48A      0.877311    49A      0.894492    50A      0.907492  
      51A      0.919246    52A      0.925794    53A      0.954611  
      54A      0.970313    55A      1.000982    56A      1.031100  
      57A      1.037463    58A      1.097290    59A      1.145240  
      60A      1.171981    61A      1.176834    62A      1.206855  
      63A      1.343692    64A      1.363301    65A      1.418383  
      66A      1.462572    67A      1.500842    68A      1.578142  
      69A      1.611550    70A      1.690633    71A      1.739310  
      72A      1.755524    73A      1.825287    74A      1.865231  
      75A      1.910754    76A      1.932844    77A      1.965093  
      78A      1.989203    79A      2.043157    80A      2.108321  
      81A      2.148858    82A      2.168159    83A      2.246423  
      84A      2.285251    85A      2.304269    86A      2.360897  
      87A      2.441433    88A      2.456799    89A      2.515311  
      90A      2.537520    91A      2.672763    92A      2.714993  
      93A      2.871601    94A      2.890669    95A      3.079022  
      96A      3.214555    97A      3.578303    98A      4.093790  
      99A      4.094796   100A      4.225740   101A      4.309092  
     102A      4.568858  

    Final Occupation by Irrep:
              A 
    DOCC [    23 ]
    NA   [    23 ]
    NB   [    23 ]

  @DF-RKS Final Energy:  -306.16907832687627

   => Energetics <=

    Nuclear Repulsion Energy =            217.8001044598553335
    One-Electron Energy =                -847.3994831315852707
    Two-Electron Energy =                 351.5556618995118470
    DFT Exchange-Correlation Energy =     -28.1209257711938641
    Empirical Dispersion Energy =          -0.0044357834643200
    VV10 Nonlocal Energy =                  0.0000000000000000
    Total Energy =                       -306.1690783268762743

Computation Completed


Properties will be evaluated at   0.000000,   0.000000,   0.000000 [a0]

Properties computed using the SCF density matrix


 Multipole Moments:

 ------------------------------------------------------------------------------------
     Multipole            Electronic (a.u.)      Nuclear  (a.u.)        Total (a.u.)
 ------------------------------------------------------------------------------------

 L = 1.  Multiply by 2.5417464519 to convert [e a0] to [Debye]
 Dipole X            :         -1.5991358           -0.3384271           -1.9375629
 Dipole Y            :          0.9050067           -0.3168851            0.5881216
 Dipole Z            :          0.6235003           -0.5846983            0.0388019
 Magnitude           :                                                    2.0252265

 ------------------------------------------------------------------------------------

*** tstop() called on cst14372 at Tue Apr 21 11:13:22 2026
Module time:
	user time   =      28.55 seconds =       0.48 minutes
	system time =       0.46 seconds =       0.01 minutes
	total time  =         14 seconds =       0.23 minutes
Total time:
	user time   =    1562.09 seconds =      26.03 minutes
	system time =      22.32 seconds =       0.37 minutes
	total time  =        755 seconds =      12.58 minutes

Scratch directory: /tmp/
gradient() will perform analytic gradient computation.

*** tstart() called on cst14372
*** at Tue Apr 21 11:13:22 2026


         ------------------------------------------------------------
                                   SCF GRAD                          
                          Rob Parrish, Justin Turney,                
                       Andy Simmonett, and Alex Sokolov              
         ------------------------------------------------------------

  ==> Geometry <==

    Molecular point group: c1
    Full point group: C1

    Geometry (in Angstrom), charge = 0, multiplicity = 1:

       Center              X                  Y                   Z               Mass       
    ------------   -----------------  -----------------  -----------------  -----------------
         C            0.057414562700     0.309694778200     0.157687267500    12.000000000000
         O            1.373923124300     0.383099145500     0.048757754900    15.994914619570
         O            2.131454839900    -0.730953697400    -0.005755784400    15.994914619570
         C           -0.764266606300    -0.969086153100     0.060368267500    12.000000000000
         C           -2.078762284100    -1.019479855100    -0.279579142700    12.000000000000
         C           -0.646194831500     1.722900681600     0.058284788900    12.000000000000
         H           -0.208682733100    -1.841988563400     0.552123867900     1.007825032230
         H           -2.609173396500    -0.113561698900    -0.716090025600     1.007825032230
         H           -2.585826331000    -1.971351487100    -0.297302011300     1.007825032230
         H            0.223094423900     2.379323892000    -0.129886923300     1.007825032230
         H           -1.196028719900     2.134091714700     0.972472829700     1.007825032230
         H           -1.254639890200     1.764457467500    -1.015309626800     1.007825032230

  Nuclear repulsion =  217.800104459855334

  ==> Basis Set <==

  Basis Set: 6-31G*
    Blend: 6-31G*
    Number of shells: 48
    Number of basis functions: 102
    Number of Cartesian functions: 102
    Spherical Harmonics?: false
    Max angular momentum: 2

  ==> DFJKGrad: Density-Fitted SCF Gradients <==

    Gradient:                    1
    J tasked:                  Yes
    K tasked:                  Yes
    wK tasked:                 Yes
    Omega:               2.000E-01
    OpenMP threads:              4
    Integrals threads:           4
    Memory [MiB]:             4291
    Schwarz Cutoff:          1E-12
    Fitting Condition:       1E-10

   => Auxiliary Basis Set <=

  Basis Set: (6-31G* AUX)
    Blend: CC-PVDZ-JKFIT
    Number of shells: 198
    Number of basis functions: 636
    Number of Cartesian functions: 636
    Spherical Harmonics?: false
    Max angular momentum: 3

  ==> DFT Potential <==

   => LibXC <=

    Version 7.0.0
    S. Lehtola, C. Steigemann, M. J.T. Oliveira, and M. A.L. Marques.,  SoftwareX 7, 1–5 (2018) (10.1016/j.softx.2017.11.002)

   => Composite Functional: WB97X-D <= 

    wB97X-D Hyb-GGA Exchange-Correlation Functional

    J.-D. Chai and M. Head-Gordon.,  Phys. Chem. Chem. Phys. 10, 6615-6620 (2008) (10.1039/B810189B)

    Deriv               =              1
    GGA                 =           TRUE
    Meta                =          FALSE

    Exchange Hybrid     =           TRUE
    MP2 Hybrid          =          FALSE

   => Exchange-Correlation Functionals <=

    1.0000   wB97X-D range-separated functional

   => Exact (HF) Exchange <=

    0.7780            HF,LR [omega = 0.2000]
    0.2220               HF 

   => LibXC Density Thresholds  <==

    XC_HYB_GGA_XC_WB97X_D:  1.00E-14 

   => Molecular Quadrature <=

    Radial Scheme          =       TREUTLER
    Pruning Scheme         =           NONE
    Nuclear Scheme         =       TREUTLER

    Blocking Scheme        =         OCTREE
    BS radius alpha        =              1
    Pruning alpha          =              1
    Radial Points          =             75
    Spherical Points       =            302
    Total Points           =         254988
    Total Blocks           =           1930
    Max Points             =            256
    Max Functions          =            100
    Weights Tolerance      =       1.00E-15


  -Total Gradient:
     Atom            X                  Y                   Z
    ------   -----------------  -----------------  -----------------
       1        0.010057127246    -0.011857487225     0.025162255828
       2        0.050160144846     0.012889070990    -0.013105295751
       3        0.012360323845    -0.005560304421     0.000498229247
       4       -0.027100368611    -0.003450819184    -0.036558644993
       5       -0.022759324275    -0.028718570988     0.014278492212
       6       -0.012622583774     0.009136631339     0.039437523682
       7        0.017887024994    -0.019890795877     0.023987644716
       8       -0.012285867912     0.025139301255    -0.013862030166
       9        0.004807041254     0.001845390966    -0.002517177414
      10        0.008732957224    -0.003081331108    -0.003718636966
      11       -0.007773842472     0.020813100735     0.026928189165
      12       -0.021290242462     0.002658386886    -0.060438115930


*** tstop() called on cst14372 at Tue Apr 21 11:13:24 2026
Module time:
	user time   =       3.95 seconds =       0.07 minutes
	system time =       0.07 seconds =       0.00 minutes
	total time  =          2 seconds =       0.03 minutes
Total time:
	user time   =    1566.06 seconds =      26.10 minutes
	system time =      22.39 seconds =       0.37 minutes
	total time  =        757 seconds =      12.62 minutes

  Memory set to   5.588 GiB by Python driver.
  Threads set to 4 by Python driver.
