
Scratch directory: /tmp/
   => Libint2 <=

    Primary   basis highest AM E, G, H:  6, 6, 3
    Auxiliary basis highest AM E, G, H:  7, 7, 4
    Onebody   basis highest AM E, G, H:  -, -, -
    Solid Harmonics ordering:            Gaussian

*** tstart() called on cst14372
*** at Tue Apr 21 11:13:24 2026

   => Loading Basis Set <=

    Name: 6-31G*
    Role: ORBITAL
    Keyword: BASIS
    atoms 1, 4-6 entry C          line   111 file /Users/jmsmith1/anaconda3/envs/jupyterenv/share/psi4/basis/6-31gs.gbs 
    atoms 2-3    entry O          line   145 file /Users/jmsmith1/anaconda3/envs/jupyterenv/share/psi4/basis/6-31gs.gbs 
    atoms 7-12   entry H          line    44 file /Users/jmsmith1/anaconda3/envs/jupyterenv/share/psi4/basis/6-31gs.gbs 

   => WB97X-D: Empirical Dispersion <=

    Chai and Head-Gordon Dispersion Correction
    Chai, J.-D.; Head-Gordon, M. (2010), J. Chem. Phys., 132: 6615-6620

        s6 =       1.000000


         ---------------------------------------------------------
                                   SCF
               by Justin Turney, Rob Parrish, Andy Simmonett
                          and Daniel G. A. Smith
                              RKS Reference
                        4 Threads,   5722 MiB Core
         ---------------------------------------------------------

  ==> Geometry <==

    Molecular point group: c1
    Full point group: Cs

    Geometry (in Angstrom), charge = 0, multiplicity = 1:

       Center              X                  Y                   Z               Mass       
    ------------   -----------------  -----------------  -----------------  -----------------
         C            0.065716817100     0.347867548800     0.000000000000    12.000000000000
         O            1.339680923500     0.303640258600     0.000000000000    15.994914619570
         O            1.976763214300    -0.879292553800     0.000000000000    15.994914619570
         C           -0.712245739600    -0.872352197800     0.000000000000    12.000000000000
         C           -2.050082731400    -0.880178568900     0.000000000000    12.000000000000
         C           -0.508309047300     1.725724149500     0.000000000000    12.000000000000
         H           -0.122316006500    -1.781447880900     0.000000000000     1.007825032230
         H           -2.643062043100     0.030765865400     0.000000000000     1.007825032230
         H           -2.600647644000    -1.815209108700     0.000000000000     1.007825032230
         H            0.298040000600     2.461022688000     0.000000000000     1.007825032230
         H           -1.134878873300     1.883074900400     0.884711575500     1.007825032230
         H           -1.134878873300     1.883074900400    -0.884711575500     1.007825032230

  Running in c1 symmetry.

  Rotational constants: A =      0.18567  B =      0.09973  C =      0.06568 [cm^-1]
  Rotational constants: A =   5566.28365  B =   2989.82069  C =   1968.97777 [MHz]
  Nuclear repulsion =  226.031004634387983

  Charge       = 0
  Multiplicity = 1
  Electrons    = 46
  Nalpha       = 23
  Nbeta        = 23

  ==> Algorithm <==

  SCF Algorithm Type is DF.
  DIIS enabled.
  MOM disabled.
  Fractional occupation disabled.
  Guess Type is SAD.
  Energy threshold   = 1.00e-07
  Density threshold  = 1.00e-07
  Integral threshold = 1.00e-12

  ==> Primary Basis <==

  Basis Set: 6-31G*
    Blend: 6-31G*
    Number of shells: 48
    Number of basis functions: 102
    Number of Cartesian functions: 102
    Spherical Harmonics?: false
    Max angular momentum: 2

  ==> DFT Potential <==

   => LibXC <=

    Version 7.0.0
    S. Lehtola, C. Steigemann, M. J.T. Oliveira, and M. A.L. Marques.,  SoftwareX 7, 1–5 (2018) (10.1016/j.softx.2017.11.002)

   => Composite Functional: WB97X-D <= 

    wB97X-D Hyb-GGA Exchange-Correlation Functional

    J.-D. Chai and M. Head-Gordon.,  Phys. Chem. Chem. Phys. 10, 6615-6620 (2008) (10.1039/B810189B)

    Deriv               =              1
    GGA                 =           TRUE
    Meta                =          FALSE

    Exchange Hybrid     =           TRUE
    MP2 Hybrid          =          FALSE

   => Exchange-Correlation Functionals <=

    1.0000   wB97X-D range-separated functional

   => Exact (HF) Exchange <=

    0.7780            HF,LR [omega = 0.2000]
    0.2220               HF 

   => LibXC Density Thresholds  <==

    XC_HYB_GGA_XC_WB97X_D:  1.00E-14 

   => Molecular Quadrature <=

    Radial Scheme          =       TREUTLER
    Pruning Scheme         =           NONE
    Nuclear Scheme         =       TREUTLER

    Blocking Scheme        =         OCTREE
    BS radius alpha        =              1
    Pruning alpha          =              1
    Radial Points          =             75
    Spherical Points       =            302
    Total Points           =         254274
    Total Blocks           =           1936
    Max Points             =            256
    Max Functions          =            100
    Weights Tolerance      =       1.00E-15

   => Loading Basis Set <=

    Name: (6-31G* AUX)
    Role: JKFIT
    Keyword: DF_BASIS_SCF
    atoms 1, 4-6 entry C          line   121 file /Users/jmsmith1/anaconda3/envs/jupyterenv/share/psi4/basis/cc-pvdz-jkfit.gbs 
    atoms 2-3    entry O          line   221 file /Users/jmsmith1/anaconda3/envs/jupyterenv/share/psi4/basis/cc-pvdz-jkfit.gbs 
    atoms 7-12   entry H          line    51 file /Users/jmsmith1/anaconda3/envs/jupyterenv/share/psi4/basis/cc-pvdz-jkfit.gbs 

  ==> Integral Setup <==

  DFHelper Memory: AOs need 0.151 GiB; user supplied 3.596 GiB. 
  SCF_SUBTYPE=INCORE selected. In-core MEM_DF algorithm will be used.
  Using in-core AOs.

  ==> MemDFJK: Density-Fitted J/K Matrices <==

    J tasked:                   Yes
    K tasked:                   Yes
    wK tasked:                  Yes
    Omega:                2.000E-01
    OpenMP threads:               4
    Memory [MiB]:              3682
    Algorithm:                 Core
    Schwarz Cutoff:           1E-12
    Mask sparsity (%):       1.5186
    Fitting Condition:        1E-10

   => Auxiliary Basis Set <=

  Basis Set: (6-31G* AUX)
    Blend: CC-PVDZ-JKFIT
    Number of shells: 198
    Number of basis functions: 636
    Number of Cartesian functions: 636
    Spherical Harmonics?: false
    Max angular momentum: 3

  Cached 100.0% of DFT collocation blocks in 0.595 [GiB].

  Minimum eigenvalue in the overlap matrix is 2.6963707111E-03.
  Reciprocal condition number of the overlap matrix is 3.8507004376E-04.
    Using symmetric orthogonalization.

  ==> Pre-Iterations <==

  SCF Guess: Superposition of Atomic Densities via on-the-fly atomic UHF (no occupation information).

   -------------------------
    Irrep   Nso     Nmo    
   -------------------------
     A        102     102 
   -------------------------
    Total     102     102
   -------------------------

  ==> Iterations <==

                           Total Energy        Delta E     RMS |[F,P]|

   @DF-RKS iter SAD:  -300.35321325613972   -3.00353e+02   0.00000e+00 
   @DF-RKS iter   1:  -296.71653419625301    3.63668e+00   3.46232e-02 ADIIS/DIIS
   @DF-RKS iter   2:  -274.33026143482414    2.23863e+01   6.52171e-02 ADIIS/DIIS
   @DF-RKS iter   3:  -304.78764758163953   -3.04574e+01   1.69402e-02 ADIIS/DIIS
   @DF-RKS iter   4:  -304.28596630070302    5.01681e-01   1.84698e-02 ADIIS/DIIS
   @DF-RKS iter   5:  -306.11460928452868   -1.82864e+00   4.12639e-03 ADIIS/DIIS
   @DF-RKS iter   6:  -306.19130198441894   -7.66927e-02   1.90337e-03 ADIIS/DIIS
   @DF-RKS iter   7:  -306.20856016217789   -1.72582e-02   4.66273e-04 ADIIS/DIIS
   @DF-RKS iter   8:  -306.20915518330673   -5.95021e-04   3.34314e-04 ADIIS/DIIS
   @DF-RKS iter   9:  -306.20973156204013   -5.76379e-04   5.89333e-05 DIIS
   @DF-RKS iter  10:  -306.20975402783449   -2.24658e-05   2.23612e-05 DIIS
   @DF-RKS iter  11:  -306.20975647104029   -2.44321e-06   1.04632e-05 DIIS
   @DF-RKS iter  12:  -306.20975715080573   -6.79765e-07   3.99331e-06 DIIS
   @DF-RKS iter  13:  -306.20975726953731   -1.18732e-07   6.96994e-07 DIIS
   @DF-RKS iter  14:  -306.20975727380954   -4.27224e-09   2.53979e-07 DIIS
   @DF-RKS iter  15:  -306.20975727420495   -3.95403e-10   5.78234e-08 DIIS
  Energy and wave function converged.


  ==> Post-Iterations <==

   Electrons on quadrature grid:
      Ntotal   =   46.0000265475 ; deviation = 2.655e-05 

    Orbital Energies [Eh]
    ---------------------

    Doubly Occupied:                                                      

       1A    -19.409799     2A    -19.241521     3A    -10.406330  
       4A    -10.336909     5A    -10.328722     6A    -10.328454  
       7A     -1.283503     8A     -0.994289     9A     -0.911842  
      10A     -0.846829    11A     -0.754569    12A     -0.641329  
      13A     -0.618638    14A     -0.591317    15A     -0.584120  
      16A     -0.532794    17A     -0.515293    18A     -0.510122  
      19A     -0.499101    20A     -0.450227    21A     -0.398174  
      22A     -0.302104    23A     -0.290566  

    Virtual:                                                              

      24A     -0.020552    25A      0.124112    26A      0.164357  
      27A      0.179940    28A      0.212173    29A      0.233429  
      30A      0.236505    31A      0.237386    32A      0.267207  
      33A      0.318516    34A      0.357661    35A      0.404409  
      36A      0.433147    37A      0.563077    38A      0.588562  
      39A      0.608673    40A      0.643973    41A      0.675589  
      42A      0.682487    43A      0.697398    44A      0.734680  
      45A      0.756595    46A      0.772371    47A      0.818009  
      48A      0.910111    49A      0.913291    50A      0.931279  
      51A      0.931441    52A      0.956498    53A      0.991053  
      54A      1.009819    55A      1.029308    56A      1.037431  
      57A      1.069516    58A      1.131090    59A      1.149750  
      60A      1.185669    61A      1.223574    62A      1.269688  
      63A      1.383968    64A      1.388876    65A      1.425600  
      66A      1.430337    67A      1.540496    68A      1.573626  
      69A      1.635231    70A      1.706074    71A      1.741446  
      72A      1.826825    73A      1.878329    74A      1.934305  
      75A      1.951419    76A      1.964249    77A      2.024549  
      78A      2.032247    79A      2.078329    80A      2.160928  
      81A      2.169124    82A      2.213609    83A      2.287581  
      84A      2.340377    85A      2.344550    86A      2.443166  
      87A      2.460804    88A      2.555436    89A      2.563601  
      90A      2.602320    91A      2.710251    92A      2.770900  
      93A      2.952045    94A      2.960268    95A      3.184546  
      96A      3.277210    97A      3.633182    98A      4.119674  
      99A      4.180935   100A      4.277126   101A      4.357040  
     102A      4.621834  

    Final Occupation by Irrep:
              A 
    DOCC [    23 ]
    NA   [    23 ]
    NB   [    23 ]

  @DF-RKS Final Energy:  -306.20975727420495

   => Energetics <=

    Nuclear Repulsion Energy =            226.0310046343879833
    One-Electron Energy =                -863.6999984174261726
    Two-Electron Energy =                 359.7634555851104778
    DFT Exchange-Correlation Energy =     -28.2998173230884476
    Empirical Dispersion Energy =          -0.0044017531887587
    VV10 Nonlocal Energy =                  0.0000000000000000
    Total Energy =                       -306.2097572742049465

Computation Completed


Properties will be evaluated at   0.000000,   0.000000,   0.000000 [a0]

Properties computed using the SCF density matrix


 Multipole Moments:

 ------------------------------------------------------------------------------------
     Multipole            Electronic (a.u.)      Nuclear  (a.u.)        Total (a.u.)
 ------------------------------------------------------------------------------------

 L = 1.  Multiply by 2.5417464519 to convert [e a0] to [Debye]
 Dipole X            :         -1.8686020           -0.0674907           -1.9360927
 Dipole Y            :          0.8120545           -0.0332051            0.7788494
 Dipole Z            :          0.0000000            0.0000000            0.0000000
 Magnitude           :                                                    2.0868784

 ------------------------------------------------------------------------------------

*** tstop() called on cst14372 at Tue Apr 21 11:13:37 2026
Module time:
	user time   =      26.17 seconds =       0.44 minutes
	system time =       0.51 seconds =       0.01 minutes
	total time  =         13 seconds =       0.22 minutes
Total time:
	user time   =    1592.25 seconds =      26.54 minutes
	system time =      22.90 seconds =       0.38 minutes
	total time  =        770 seconds =      12.83 minutes

Scratch directory: /tmp/
gradient() will perform analytic gradient computation.

*** tstart() called on cst14372
*** at Tue Apr 21 11:13:37 2026


         ------------------------------------------------------------
                                   SCF GRAD                          
                          Rob Parrish, Justin Turney,                
                       Andy Simmonett, and Alex Sokolov              
         ------------------------------------------------------------

  ==> Geometry <==

    Molecular point group: c1
    Full point group: Cs

    Geometry (in Angstrom), charge = 0, multiplicity = 1:

       Center              X                  Y                   Z               Mass       
    ------------   -----------------  -----------------  -----------------  -----------------
         C            0.065716817100     0.347867548800     0.000000000000    12.000000000000
         O            1.339680923500     0.303640258600     0.000000000000    15.994914619570
         O            1.976763214300    -0.879292553800     0.000000000000    15.994914619570
         C           -0.712245739600    -0.872352197800     0.000000000000    12.000000000000
         C           -2.050082731400    -0.880178568900     0.000000000000    12.000000000000
         C           -0.508309047300     1.725724149500     0.000000000000    12.000000000000
         H           -0.122316006500    -1.781447880900     0.000000000000     1.007825032230
         H           -2.643062043100     0.030765865400     0.000000000000     1.007825032230
         H           -2.600647644000    -1.815209108700     0.000000000000     1.007825032230
         H            0.298040000600     2.461022688000     0.000000000000     1.007825032230
         H           -1.134878873300     1.883074900400     0.884711575500     1.007825032230
         H           -1.134878873300     1.883074900400    -0.884711575500     1.007825032230

  Nuclear repulsion =  226.031004634387983

  ==> Basis Set <==

  Basis Set: 6-31G*
    Blend: 6-31G*
    Number of shells: 48
    Number of basis functions: 102
    Number of Cartesian functions: 102
    Spherical Harmonics?: false
    Max angular momentum: 2

  ==> DFJKGrad: Density-Fitted SCF Gradients <==

    Gradient:                    1
    J tasked:                  Yes
    K tasked:                  Yes
    wK tasked:                 Yes
    Omega:               2.000E-01
    OpenMP threads:              4
    Integrals threads:           4
    Memory [MiB]:             4291
    Schwarz Cutoff:          1E-12
    Fitting Condition:       1E-10

   => Auxiliary Basis Set <=

  Basis Set: (6-31G* AUX)
    Blend: CC-PVDZ-JKFIT
    Number of shells: 198
    Number of basis functions: 636
    Number of Cartesian functions: 636
    Spherical Harmonics?: false
    Max angular momentum: 3

  ==> DFT Potential <==

   => LibXC <=

    Version 7.0.0
    S. Lehtola, C. Steigemann, M. J.T. Oliveira, and M. A.L. Marques.,  SoftwareX 7, 1–5 (2018) (10.1016/j.softx.2017.11.002)

   => Composite Functional: WB97X-D <= 

    wB97X-D Hyb-GGA Exchange-Correlation Functional

    J.-D. Chai and M. Head-Gordon.,  Phys. Chem. Chem. Phys. 10, 6615-6620 (2008) (10.1039/B810189B)

    Deriv               =              1
    GGA                 =           TRUE
    Meta                =          FALSE

    Exchange Hybrid     =           TRUE
    MP2 Hybrid          =          FALSE

   => Exchange-Correlation Functionals <=

    1.0000   wB97X-D range-separated functional

   => Exact (HF) Exchange <=

    0.7780            HF,LR [omega = 0.2000]
    0.2220               HF 

   => LibXC Density Thresholds  <==

    XC_HYB_GGA_XC_WB97X_D:  1.00E-14 

   => Molecular Quadrature <=

    Radial Scheme          =       TREUTLER
    Pruning Scheme         =           NONE
    Nuclear Scheme         =       TREUTLER

    Blocking Scheme        =         OCTREE
    BS radius alpha        =              1
    Pruning alpha          =              1
    Radial Points          =             75
    Spherical Points       =            302
    Total Points           =         254274
    Total Blocks           =           1936
    Max Points             =            256
    Max Functions          =            100
    Weights Tolerance      =       1.00E-15


  -Total Gradient:
     Atom            X                  Y                   Z
    ------   -----------------  -----------------  -----------------
       1        0.000015447414     0.000017744561    -0.000000000005
       2        0.000059311026    -0.000180422644    -0.000000000001
       3       -0.000078260095     0.000190810802    -0.000000000002
       4       -0.000031452420    -0.000058071195     0.000000000020
       5        0.000011697518    -0.000025105658     0.000000000003
       6       -0.000020849933     0.000000055369     0.000000000163
       7        0.000014687585     0.000009459273    -0.000000000003
       8        0.000006781127    -0.000051288772    -0.000000000013
       9        0.000007807518    -0.000012221972    -0.000000000002
      10       -0.000022342531    -0.000019995416    -0.000000000114
      11       -0.000012354979    -0.000020038644    -0.000020063763
      12       -0.000012354912    -0.000020038670     0.000020063718


*** tstop() called on cst14372 at Tue Apr 21 11:13:39 2026
Module time:
	user time   =       3.98 seconds =       0.07 minutes
	system time =       0.10 seconds =       0.00 minutes
	total time  =          2 seconds =       0.03 minutes
Total time:
	user time   =    1596.25 seconds =      26.60 minutes
	system time =      23.00 seconds =       0.38 minutes
	total time  =        772 seconds =      12.87 minutes

Scratch directory: /tmp/
   => Libint2 <=

    Primary   basis highest AM E, G, H:  6, 6, 3
    Auxiliary basis highest AM E, G, H:  7, 7, 4
    Onebody   basis highest AM E, G, H:  -, -, -
    Solid Harmonics ordering:            Gaussian

*** tstart() called on cst14372
*** at Tue Apr 21 11:13:39 2026

   => Loading Basis Set <=

    Name: 6-31G*
    Role: ORBITAL
    Keyword: BASIS
    atoms 1, 4-6 entry C          line   111 file /Users/jmsmith1/anaconda3/envs/jupyterenv/share/psi4/basis/6-31gs.gbs 
    atoms 2-3    entry O          line   145 file /Users/jmsmith1/anaconda3/envs/jupyterenv/share/psi4/basis/6-31gs.gbs 
    atoms 7-12   entry H          line    44 file /Users/jmsmith1/anaconda3/envs/jupyterenv/share/psi4/basis/6-31gs.gbs 

   => WB97X-D: Empirical Dispersion <=

    Chai and Head-Gordon Dispersion Correction
    Chai, J.-D.; Head-Gordon, M. (2010), J. Chem. Phys., 132: 6615-6620

        s6 =       1.000000


         ---------------------------------------------------------
                                   SCF
               by Justin Turney, Rob Parrish, Andy Simmonett
                          and Daniel G. A. Smith
                              RKS Reference
                        4 Threads,   5722 MiB Core
         ---------------------------------------------------------

  ==> Geometry <==

    Molecular point group: c1
    Full point group: C1

    Geometry (in Angstrom), charge = 0, multiplicity = 1:

       Center              X                  Y                   Z               Mass       
    ------------   -----------------  -----------------  -----------------  -----------------
         C            0.065785825100     0.348841340800     0.004322098500    12.000000000000
         O            1.343173244700     0.304345459700     0.000783750000    15.994914619570
         O            1.980458194400    -0.874977567500    -0.000064515300    15.994914619570
         C           -0.711985943000    -0.872730947400    -0.000309766200    12.000000000000
         C           -2.051073496100    -0.886588852400    -0.005548039100    12.000000000000
         C           -0.512645476300     1.723059734000     0.002934969700    12.000000000000
         H           -0.137352877600    -1.800179834100     0.022674520500     1.007825032230
         H           -2.648301646000     0.033285462100    -0.018831808500     1.007825032230
         H           -2.610462478000    -1.812067038300    -0.014900670600     1.007825032230
         H            0.301438118300     2.453946816000    -0.002561057100     1.007825032230
         H           -1.145516535500     1.911223109600     0.886145788200     1.007825032230
         H           -1.152064793600     1.896436058300    -0.900615644400     1.007825032230

  Running in c1 symmetry.

  Rotational constants: A =      0.18538  B =      0.09934  C =      0.06549 [cm^-1]
  Rotational constants: A =   5557.47114  B =   2978.19930  C =   1963.32801 [MHz]
  Nuclear repulsion =  225.639115743990061

  Charge       = 0
  Multiplicity = 1
  Electrons    = 46
  Nalpha       = 23
  Nbeta        = 23

  ==> Algorithm <==

  SCF Algorithm Type is DF.
  DIIS enabled.
  MOM disabled.
  Fractional occupation disabled.
  Guess Type is SAD.
  Energy threshold   = 1.00e-07
  Density threshold  = 1.00e-07
  Integral threshold = 1.00e-12

  ==> Primary Basis <==

  Basis Set: 6-31G*
    Blend: 6-31G*
    Number of shells: 48
    Number of basis functions: 102
    Number of Cartesian functions: 102
    Spherical Harmonics?: false
    Max angular momentum: 2

  ==> DFT Potential <==

   => LibXC <=

    Version 7.0.0
    S. Lehtola, C. Steigemann, M. J.T. Oliveira, and M. A.L. Marques.,  SoftwareX 7, 1–5 (2018) (10.1016/j.softx.2017.11.002)

   => Composite Functional: WB97X-D <= 

    wB97X-D Hyb-GGA Exchange-Correlation Functional

    J.-D. Chai and M. Head-Gordon.,  Phys. Chem. Chem. Phys. 10, 6615-6620 (2008) (10.1039/B810189B)

    Deriv               =              1
    GGA                 =           TRUE
    Meta                =          FALSE

    Exchange Hybrid     =           TRUE
    MP2 Hybrid          =          FALSE

   => Exchange-Correlation Functionals <=

    1.0000   wB97X-D range-separated functional

   => Exact (HF) Exchange <=

    0.7780            HF,LR [omega = 0.2000]
    0.2220               HF 

   => LibXC Density Thresholds  <==

    XC_HYB_GGA_XC_WB97X_D:  1.00E-14 

   => Molecular Quadrature <=

    Radial Scheme          =       TREUTLER
    Pruning Scheme         =           NONE
    Nuclear Scheme         =       TREUTLER

    Blocking Scheme        =         OCTREE
    BS radius alpha        =              1
    Pruning alpha          =              1
    Radial Points          =             75
    Spherical Points       =            302
    Total Points           =         254295
    Total Blocks           =           1929
    Max Points             =            256
    Max Functions          =            100
    Weights Tolerance      =       1.00E-15

   => Loading Basis Set <=

    Name: (6-31G* AUX)
    Role: JKFIT
    Keyword: DF_BASIS_SCF
    atoms 1, 4-6 entry C          line   121 file /Users/jmsmith1/anaconda3/envs/jupyterenv/share/psi4/basis/cc-pvdz-jkfit.gbs 
    atoms 2-3    entry O          line   221 file /Users/jmsmith1/anaconda3/envs/jupyterenv/share/psi4/basis/cc-pvdz-jkfit.gbs 
    atoms 7-12   entry H          line    51 file /Users/jmsmith1/anaconda3/envs/jupyterenv/share/psi4/basis/cc-pvdz-jkfit.gbs 

  ==> Integral Setup <==

  DFHelper Memory: AOs need 0.151 GiB; user supplied 3.597 GiB. 
  SCF_SUBTYPE=INCORE selected. In-core MEM_DF algorithm will be used.
  Using in-core AOs.

  ==> MemDFJK: Density-Fitted J/K Matrices <==

    J tasked:                   Yes
    K tasked:                   Yes
    wK tasked:                  Yes
    Omega:                2.000E-01
    OpenMP threads:               4
    Memory [MiB]:              3683
    Algorithm:                 Core
    Schwarz Cutoff:           1E-12
    Mask sparsity (%):       1.5186
    Fitting Condition:        1E-10

   => Auxiliary Basis Set <=

  Basis Set: (6-31G* AUX)
    Blend: CC-PVDZ-JKFIT
    Number of shells: 198
    Number of basis functions: 636
    Number of Cartesian functions: 636
    Spherical Harmonics?: false
    Max angular momentum: 3

  Cached 100.0% of DFT collocation blocks in 0.594 [GiB].

  Minimum eigenvalue in the overlap matrix is 2.7449256956E-03.
  Reciprocal condition number of the overlap matrix is 3.9335000650E-04.
    Using symmetric orthogonalization.

  ==> Pre-Iterations <==

  SCF Guess: Superposition of Atomic Densities via on-the-fly atomic UHF (no occupation information).

   -------------------------
    Irrep   Nso     Nmo    
   -------------------------
     A        102     102 
   -------------------------
    Total     102     102
   -------------------------

  ==> Iterations <==

                           Total Energy        Delta E     RMS |[F,P]|

   @DF-RKS iter SAD:  -300.31103959140387   -3.00311e+02   0.00000e+00 
   @DF-RKS iter   1:  -296.65541958883671    3.65562e+00   3.46414e-02 ADIIS/DIIS
   @DF-RKS iter   2:  -274.12370772829416    2.25317e+01   6.52788e-02 ADIIS/DIIS
   @DF-RKS iter   3:  -304.76827824122137   -3.06446e+01   1.70188e-02 ADIIS/DIIS
   @DF-RKS iter   4:  -304.20232801637701    5.65950e-01   1.89099e-02 ADIIS/DIIS
   @DF-RKS iter   5:  -306.11428888558788   -1.91196e+00   4.08953e-03 ADIIS/DIIS
   @DF-RKS iter   6:  -306.18892253727051   -7.46337e-02   1.99024e-03 ADIIS/DIIS
   @DF-RKS iter   7:  -306.20782291520806   -1.89004e-02   4.56984e-04 ADIIS/DIIS
   @DF-RKS iter   8:  -306.20840940728647   -5.86492e-04   3.31656e-04 ADIIS/DIIS
   @DF-RKS iter   9:  -306.20897997101133   -5.70564e-04   5.64908e-05 DIIS
   @DF-RKS iter  10:  -306.20900181611472   -2.18451e-05   2.34005e-05 DIIS
   @DF-RKS iter  11:  -306.20900434085570   -2.52474e-06   1.23250e-05 DIIS
   @DF-RKS iter  12:  -306.20900523498273   -8.94127e-07   4.73881e-06 DIIS
   @DF-RKS iter  13:  -306.20900539569197   -1.60709e-07   6.27135e-07 DIIS
   @DF-RKS iter  14:  -306.20900540017044   -4.47847e-09   2.33494e-07 DIIS
   @DF-RKS iter  15:  -306.20900540068436   -5.13921e-10   8.53938e-08 DIIS
  Energy and wave function converged.


  ==> Post-Iterations <==

   Electrons on quadrature grid:
      Ntotal   =   46.0000145826 ; deviation = 1.458e-05 

    Orbital Energies [Eh]
    ---------------------

    Doubly Occupied:                                                      

       1A    -19.410880     2A    -19.242800     3A    -10.407084  
       4A    -10.337113     5A    -10.331748     6A    -10.329695  
       7A     -1.284315     8A     -0.994731     9A     -0.910703  
      10A     -0.844701    11A     -0.753405    12A     -0.641118  
      13A     -0.618182    14A     -0.591302    15A     -0.583023  
      16A     -0.533529    17A     -0.512140    18A     -0.506942  
      19A     -0.497730    20A     -0.451237    21A     -0.397693  
      22A     -0.302761    23A     -0.290817  

    Virtual:                                                              

      24A     -0.021294    25A      0.122343    26A      0.162367  
      27A      0.178088    28A      0.211521    29A      0.232069  
      30A      0.233361    31A      0.237780    32A      0.266129  
      33A      0.317196    34A      0.356434    35A      0.406465  
      36A      0.435033    37A      0.562041    38A      0.588148  
      39A      0.609203    40A      0.647436    41A      0.675666  
      42A      0.680289    43A      0.698993    44A      0.733599  
      45A      0.754634    46A      0.776158    47A      0.815101  
      48A      0.907824    49A      0.910325    50A      0.920756  
      51A      0.929229    52A      0.954230    53A      0.987276  
      54A      1.004451    55A      1.028190    56A      1.034279  
      57A      1.063989    58A      1.129536    59A      1.148096  
      60A      1.185223    61A      1.219848    62A      1.269286  
      63A      1.380327    64A      1.391588    65A      1.423995  
      66A      1.430897    67A      1.540578    68A      1.575538  
      69A      1.635329    70A      1.704925    71A      1.742841  
      72A      1.823491    73A      1.875265    74A      1.931876  
      75A      1.948554    76A      1.959729    77A      2.021455  
      78A      2.027260    79A      2.077033    80A      2.147982  
      81A      2.165737    82A      2.211210    83A      2.287930  
      84A      2.332631    85A      2.345346    86A      2.438460  
      87A      2.459834    88A      2.554125    89A      2.564129  
      90A      2.600368    91A      2.709490    92A      2.770622  
      93A      2.949448    94A      2.957177    95A      3.181900  
      96A      3.275380    97A      3.630811    98A      4.117118  
      99A      4.178821   100A      4.273316   101A      4.354843  
     102A      4.621331  

    Final Occupation by Irrep:
              A 
    DOCC [    23 ]
    NA   [    23 ]
    NB   [    23 ]

  @DF-RKS Final Energy:  -306.20900540068436

   => Energetics <=

    Nuclear Repulsion Energy =            225.6391157439900610
    One-Electron Energy =                -862.9309818042971756
    Two-Electron Energy =                 359.3715235328771769
    DFT Exchange-Correlation Energy =     -28.2842605990974860
    Empirical Dispersion Energy =          -0.0044022741569438
    VV10 Nonlocal Energy =                  0.0000000000000000
    Total Energy =                       -306.2090054006843616

Computation Completed


Properties will be evaluated at   0.000000,   0.000000,   0.000000 [a0]

Properties computed using the SCF density matrix


 Multipole Moments:

 ------------------------------------------------------------------------------------
     Multipole            Electronic (a.u.)      Nuclear  (a.u.)        Total (a.u.)
 ------------------------------------------------------------------------------------

 L = 1.  Multiply by 2.5417464519 to convert [e a0] to [Debye]
 Dipole X            :         -1.8079154           -0.1185297           -1.9264451
 Dipole Y            :          0.7826804           -0.0130857            0.7695947
 Dipole Z            :          0.0295770           -0.0263417            0.0032353
 Magnitude           :                                                    2.0744824

 ------------------------------------------------------------------------------------

*** tstop() called on cst14372 at Tue Apr 21 11:13:51 2026
Module time:
	user time   =      25.96 seconds =       0.43 minutes
	system time =       0.39 seconds =       0.01 minutes
	total time  =         12 seconds =       0.20 minutes
Total time:
	user time   =    1622.23 seconds =      27.04 minutes
	system time =      23.39 seconds =       0.39 minutes
	total time  =        784 seconds =      13.07 minutes

Scratch directory: /tmp/
gradient() will perform analytic gradient computation.

*** tstart() called on cst14372
*** at Tue Apr 21 11:13:51 2026


         ------------------------------------------------------------
                                   SCF GRAD                          
                          Rob Parrish, Justin Turney,                
                       Andy Simmonett, and Alex Sokolov              
         ------------------------------------------------------------

  ==> Geometry <==

    Molecular point group: c1
    Full point group: C1

    Geometry (in Angstrom), charge = 0, multiplicity = 1:

       Center              X                  Y                   Z               Mass       
    ------------   -----------------  -----------------  -----------------  -----------------
         C            0.065785825100     0.348841340800     0.004322098500    12.000000000000
         O            1.343173244700     0.304345459700     0.000783750000    15.994914619570
         O            1.980458194400    -0.874977567500    -0.000064515300    15.994914619570
         C           -0.711985943000    -0.872730947400    -0.000309766200    12.000000000000
         C           -2.051073496100    -0.886588852400    -0.005548039100    12.000000000000
         C           -0.512645476300     1.723059734000     0.002934969700    12.000000000000
         H           -0.137352877600    -1.800179834100     0.022674520500     1.007825032230
         H           -2.648301646000     0.033285462100    -0.018831808500     1.007825032230
         H           -2.610462478000    -1.812067038300    -0.014900670600     1.007825032230
         H            0.301438118300     2.453946816000    -0.002561057100     1.007825032230
         H           -1.145516535500     1.911223109600     0.886145788200     1.007825032230
         H           -1.152064793600     1.896436058300    -0.900615644400     1.007825032230

  Nuclear repulsion =  225.639115743990061

  ==> Basis Set <==

  Basis Set: 6-31G*
    Blend: 6-31G*
    Number of shells: 48
    Number of basis functions: 102
    Number of Cartesian functions: 102
    Spherical Harmonics?: false
    Max angular momentum: 2

  ==> DFJKGrad: Density-Fitted SCF Gradients <==

    Gradient:                    1
    J tasked:                  Yes
    K tasked:                  Yes
    wK tasked:                 Yes
    Omega:               2.000E-01
    OpenMP threads:              4
    Integrals threads:           4
    Memory [MiB]:             4291
    Schwarz Cutoff:          1E-12
    Fitting Condition:       1E-10

   => Auxiliary Basis Set <=

  Basis Set: (6-31G* AUX)
    Blend: CC-PVDZ-JKFIT
    Number of shells: 198
    Number of basis functions: 636
    Number of Cartesian functions: 636
    Spherical Harmonics?: false
    Max angular momentum: 3

  ==> DFT Potential <==

   => LibXC <=

    Version 7.0.0
    S. Lehtola, C. Steigemann, M. J.T. Oliveira, and M. A.L. Marques.,  SoftwareX 7, 1–5 (2018) (10.1016/j.softx.2017.11.002)

   => Composite Functional: WB97X-D <= 

    wB97X-D Hyb-GGA Exchange-Correlation Functional

    J.-D. Chai and M. Head-Gordon.,  Phys. Chem. Chem. Phys. 10, 6615-6620 (2008) (10.1039/B810189B)

    Deriv               =              1
    GGA                 =           TRUE
    Meta                =          FALSE

    Exchange Hybrid     =           TRUE
    MP2 Hybrid          =          FALSE

   => Exchange-Correlation Functionals <=

    1.0000   wB97X-D range-separated functional

   => Exact (HF) Exchange <=

    0.7780            HF,LR [omega = 0.2000]
    0.2220               HF 

   => LibXC Density Thresholds  <==

    XC_HYB_GGA_XC_WB97X_D:  1.00E-14 

   => Molecular Quadrature <=

    Radial Scheme          =       TREUTLER
    Pruning Scheme         =           NONE
    Nuclear Scheme         =       TREUTLER

    Blocking Scheme        =         OCTREE
    BS radius alpha        =              1
    Pruning alpha          =              1
    Radial Points          =             75
    Spherical Points       =            302
    Total Points           =         254295
    Total Blocks           =           1929
    Max Points             =            256
    Max Functions          =            100
    Weights Tolerance      =       1.00E-15


  -Total Gradient:
     Atom            X                  Y                   Z
    ------   -----------------  -----------------  -----------------
       1       -0.000189589329     0.003497675812     0.000315687136
       2        0.004193365453    -0.002456506979    -0.000500974842
       3       -0.000304783966     0.001143553701     0.000136537643
       4        0.000107485809     0.006824531188    -0.002319486579
       5        0.002088547587    -0.010658763459     0.001531130341
       6        0.007618501199    -0.008023984818     0.008663001940
       7        0.000586620434    -0.005903907128     0.001186190477
       8       -0.003512232038     0.005106421474    -0.000192650020
       9       -0.000019985791     0.002821931406    -0.000686928576
      10        0.001454460153     0.000511588143     0.000252645672
      11       -0.003170848024     0.003162793167     0.003116438408
      12       -0.009013482083     0.003643610525    -0.011491681117


*** tstop() called on cst14372 at Tue Apr 21 11:13:53 2026
Module time:
	user time   =       4.00 seconds =       0.07 minutes
	system time =       0.09 seconds =       0.00 minutes
	total time  =          2 seconds =       0.03 minutes
Total time:
	user time   =    1626.24 seconds =      27.10 minutes
	system time =      23.48 seconds =       0.39 minutes
	total time  =        786 seconds =      13.10 minutes

Scratch directory: /tmp/
   => Libint2 <=

    Primary   basis highest AM E, G, H:  6, 6, 3
    Auxiliary basis highest AM E, G, H:  7, 7, 4
    Onebody   basis highest AM E, G, H:  -, -, -
    Solid Harmonics ordering:            Gaussian

*** tstart() called on cst14372
*** at Tue Apr 21 11:13:53 2026

   => Loading Basis Set <=

    Name: 6-31G*
    Role: ORBITAL
    Keyword: BASIS
    atoms 1, 4-6 entry C          line   111 file /Users/jmsmith1/anaconda3/envs/jupyterenv/share/psi4/basis/6-31gs.gbs 
    atoms 2-3    entry O          line   145 file /Users/jmsmith1/anaconda3/envs/jupyterenv/share/psi4/basis/6-31gs.gbs 
    atoms 7-12   entry H          line    44 file /Users/jmsmith1/anaconda3/envs/jupyterenv/share/psi4/basis/6-31gs.gbs 

   => WB97X-D: Empirical Dispersion <=

    Chai and Head-Gordon Dispersion Correction
    Chai, J.-D.; Head-Gordon, M. (2010), J. Chem. Phys., 132: 6615-6620

        s6 =       1.000000


         ---------------------------------------------------------
                                   SCF
               by Justin Turney, Rob Parrish, Andy Simmonett
                          and Daniel G. A. Smith
                              RKS Reference
                        4 Threads,   5722 MiB Core
         ---------------------------------------------------------

  ==> Geometry <==

    Molecular point group: c1
    Full point group: C1

    Geometry (in Angstrom), charge = 0, multiplicity = 1:

       Center              X                  Y                   Z               Mass       
    ------------   -----------------  -----------------  -----------------  -----------------
         C            0.065855432700     0.349805737000     0.008646491400    12.000000000000
         O            1.346659050700     0.305056519200     0.001569169700    15.994914619570
         O            1.984156578600    -0.870661862400    -0.000129374900    15.994914619570
         C           -0.711726264700    -0.873129720800    -0.000613052300    12.000000000000
         C           -2.052071038000    -0.892973058600    -0.011104625200    12.000000000000
         C           -0.517007163300     1.720416553800     0.005847056300    12.000000000000
         H           -0.152421129800    -1.818722175800     0.045324979800     1.007825032230
         H           -2.653424067300     0.035630905300    -0.037670952200     1.007825032230
         H           -2.620283907200    -1.809019910700    -0.029788720800     1.007825032230
         H            0.304788621300     2.446848057700    -0.005132723900     1.007825032230
         H           -1.156052790200     1.939283184500     0.887473638500     1.007825032230
         H           -1.168952764800     1.909681533400    -0.916135386900     1.007825032230

  Running in c1 symmetry.

  Rotational constants: A =      0.18507  B =      0.09895  C =      0.06530 [cm^-1]
  Rotational constants: A =   5548.32535  B =   2966.57295  C =   1957.65807 [MHz]
  Nuclear repulsion =  225.249099150172611

  Charge       = 0
  Multiplicity = 1
  Electrons    = 46
  Nalpha       = 23
  Nbeta        = 23

  ==> Algorithm <==

  SCF Algorithm Type is DF.
  DIIS enabled.
  MOM disabled.
  Fractional occupation disabled.
  Guess Type is SAD.
  Energy threshold   = 1.00e-07
  Density threshold  = 1.00e-07
  Integral threshold = 1.00e-12

  ==> Primary Basis <==

  Basis Set: 6-31G*
    Blend: 6-31G*
    Number of shells: 48
    Number of basis functions: 102
    Number of Cartesian functions: 102
    Spherical Harmonics?: false
    Max angular momentum: 2

  ==> DFT Potential <==

   => LibXC <=

    Version 7.0.0
    S. Lehtola, C. Steigemann, M. J.T. Oliveira, and M. A.L. Marques.,  SoftwareX 7, 1–5 (2018) (10.1016/j.softx.2017.11.002)

   => Composite Functional: WB97X-D <= 

    wB97X-D Hyb-GGA Exchange-Correlation Functional

    J.-D. Chai and M. Head-Gordon.,  Phys. Chem. Chem. Phys. 10, 6615-6620 (2008) (10.1039/B810189B)

    Deriv               =              1
    GGA                 =           TRUE
    Meta                =          FALSE

    Exchange Hybrid     =           TRUE
    MP2 Hybrid          =          FALSE

   => Exchange-Correlation Functionals <=

    1.0000   wB97X-D range-separated functional

   => Exact (HF) Exchange <=

    0.7780            HF,LR [omega = 0.2000]
    0.2220               HF 

   => LibXC Density Thresholds  <==

    XC_HYB_GGA_XC_WB97X_D:  1.00E-14 

   => Molecular Quadrature <=

    Radial Scheme          =       TREUTLER
    Pruning Scheme         =           NONE
    Nuclear Scheme         =       TREUTLER

    Blocking Scheme        =         OCTREE
    BS radius alpha        =              1
    Pruning alpha          =              1
    Radial Points          =             75
    Spherical Points       =            302
    Total Points           =         254352
    Total Blocks           =           1923
    Max Points             =            256
    Max Functions          =            100
    Weights Tolerance      =       1.00E-15

   => Loading Basis Set <=

    Name: (6-31G* AUX)
    Role: JKFIT
    Keyword: DF_BASIS_SCF
    atoms 1, 4-6 entry C          line   121 file /Users/jmsmith1/anaconda3/envs/jupyterenv/share/psi4/basis/cc-pvdz-jkfit.gbs 
    atoms 2-3    entry O          line   221 file /Users/jmsmith1/anaconda3/envs/jupyterenv/share/psi4/basis/cc-pvdz-jkfit.gbs 
    atoms 7-12   entry H          line    51 file /Users/jmsmith1/anaconda3/envs/jupyterenv/share/psi4/basis/cc-pvdz-jkfit.gbs 

  ==> Integral Setup <==

  DFHelper Memory: AOs need 0.151 GiB; user supplied 3.597 GiB. 
  SCF_SUBTYPE=INCORE selected. In-core MEM_DF algorithm will be used.
  Using in-core AOs.

  ==> MemDFJK: Density-Fitted J/K Matrices <==

    J tasked:                   Yes
    K tasked:                   Yes
    wK tasked:                  Yes
    Omega:                2.000E-01
    OpenMP threads:               4
    Memory [MiB]:              3683
    Algorithm:                 Core
    Schwarz Cutoff:           1E-12
    Mask sparsity (%):       1.5379
    Fitting Condition:        1E-10

   => Auxiliary Basis Set <=

  Basis Set: (6-31G* AUX)
    Blend: CC-PVDZ-JKFIT
    Number of shells: 198
    Number of basis functions: 636
    Number of Cartesian functions: 636
    Spherical Harmonics?: false
    Max angular momentum: 3

  Cached 100.0% of DFT collocation blocks in 0.594 [GiB].

  Minimum eigenvalue in the overlap matrix is 2.7952324722E-03.
  Reciprocal condition number of the overlap matrix is 4.0189835090E-04.
    Using symmetric orthogonalization.

  ==> Pre-Iterations <==

  SCF Guess: Superposition of Atomic Densities via on-the-fly atomic UHF (no occupation information).

   -------------------------
    Irrep   Nso     Nmo    
   -------------------------
     A        102     102 
   -------------------------
    Total     102     102
   -------------------------

  ==> Iterations <==

                           Total Energy        Delta E     RMS |[F,P]|

   @DF-RKS iter SAD:  -300.26848068540312   -3.00268e+02   0.00000e+00 
   @DF-RKS iter   1:  -296.59302189028409    3.67546e+00   3.46578e-02 ADIIS/DIIS
   @DF-RKS iter   2:  -273.93209778363041    2.26609e+01   6.53529e-02 ADIIS/DIIS
   @DF-RKS iter   3:  -304.74947623498963   -3.08174e+01   1.70780e-02 ADIIS/DIIS
   @DF-RKS iter   4:  -304.00256053049770    7.46916e-01   1.98661e-02 ADIIS/DIIS
   @DF-RKS iter   5:  -306.11211234787402   -2.10955e+00   4.02586e-03 ADIIS/DIIS
   @DF-RKS iter   6:  -306.18370530623457   -7.15930e-02   2.14052e-03 ADIIS/DIIS
   @DF-RKS iter   7:  -306.20570599792126   -2.20007e-02   4.32611e-04 ADIIS/DIIS
   @DF-RKS iter   8:  -306.20628546319847   -5.79465e-04   3.21045e-04 ADIIS/DIIS
   @DF-RKS iter   9:  -306.20681972735019   -5.34264e-04   5.79576e-05 DIIS
   @DF-RKS iter  10:  -306.20684330444334   -2.35771e-05   2.54225e-05 DIIS
   @DF-RKS iter  11:  -306.20684624203602   -2.93759e-06   1.52699e-05 DIIS
   @DF-RKS iter  12:  -306.20684763322936   -1.39119e-06   5.69639e-06 DIIS
   @DF-RKS iter  13:  -306.20684788404094   -2.50812e-07   6.02319e-07 DIIS
   @DF-RKS iter  14:  -306.20684789546345   -1.14225e-08   3.26967e-07 DIIS
   @DF-RKS iter  15:  -306.20684789957232   -4.10887e-09   1.70517e-07 DIIS
   @DF-RKS iter  16:  -306.20684790135408   -1.78176e-09   6.94586e-08 DIIS
  Energy and wave function converged.


  ==> Post-Iterations <==

   Electrons on quadrature grid:
      Ntotal   =   45.9999991935 ; deviation = -8.065e-07 

    Orbital Energies [Eh]
    ---------------------

    Doubly Occupied:                                                      

       1A    -19.411995     2A    -19.244142     3A    -10.407889  
       4A    -10.337379     5A    -10.335025     6A    -10.330779  
       7A     -1.285220     8A     -0.995218     9A     -0.909601  
      10A     -0.842715    11A     -0.752325    12A     -0.640955  
      13A     -0.617644    14A     -0.591353    15A     -0.582099  
      16A     -0.534243    17A     -0.509067    18A     -0.503663  
      19A     -0.496374    20A     -0.451914    21A     -0.397188  
      22A     -0.303465    23A     -0.291101  

    Virtual:                                                              

      24A     -0.022098    25A      0.120317    26A      0.160032  
      27A      0.176288    28A      0.210304    29A      0.229896  
      30A      0.231145    31A      0.238201    32A      0.264906  
      33A      0.315986    34A      0.355219    35A      0.408515  
      36A      0.436780    37A      0.560999    38A      0.587707  
      39A      0.609791    40A      0.650510    41A      0.674443  
      42A      0.679497    43A      0.700562    44A      0.732612  
      45A      0.752907    46A      0.779865    47A      0.812482  
      48A      0.901107    49A      0.909101    50A      0.912575  
      51A      0.926905    52A      0.952338    53A      0.983156  
      54A      0.998911    55A      1.027035    56A      1.032007  
      57A      1.059265    58A      1.127972    59A      1.146213  
      60A      1.184516    61A      1.216374    62A      1.267867  
      63A      1.376618    64A      1.393710    65A      1.421786  
      66A      1.432241    67A      1.538521    68A      1.579452  
      69A      1.635800    70A      1.702991    71A      1.744545  
      72A      1.819949    73A      1.871950    74A      1.928806  
      75A      1.945356    76A      1.955245    77A      2.016964  
      78A      2.021384    79A      2.075660    80A      2.136590  
      81A      2.161744    82A      2.208961    83A      2.288025  
      84A      2.325974    85A      2.345964    86A      2.434131  
      87A      2.458974    88A      2.552589    89A      2.565034  
      90A      2.598132    91A      2.708806    92A      2.770666  
      93A      2.946735    94A      2.954191    95A      3.178971  
      96A      3.273440    97A      3.628361    98A      4.114521  
      99A      4.176646   100A      4.269498   101A      4.352600  
     102A      4.620680  

    Final Occupation by Irrep:
              A 
    DOCC [    23 ]
    NA   [    23 ]
    NB   [    23 ]

  @DF-RKS Final Energy:  -306.20684790135408

   => Energetics <=

    Nuclear Repulsion Energy =            225.2490991501726114
    One-Electron Energy =                -862.1617420013856190
    Two-Electron Energy =                 358.9788500007377365
    DFT Exchange-Correlation Energy =     -28.2686529858118689
    Empirical Dispersion Energy =          -0.0044020650669102
    VV10 Nonlocal Energy =                  0.0000000000000000
    Total Energy =                       -306.2068479013540809

Computation Completed


Properties will be evaluated at   0.000000,   0.000000,   0.000000 [a0]

Properties computed using the SCF density matrix


 Multipole Moments:

 ------------------------------------------------------------------------------------
     Multipole            Electronic (a.u.)      Nuclear  (a.u.)        Total (a.u.)
 ------------------------------------------------------------------------------------

 L = 1.  Multiply by 2.5417464519 to convert [e a0] to [Debye]
 Dipole X            :         -1.7466757           -0.1691592           -1.9158349
 Dipole Y            :          0.7535645            0.0067575            0.7603220
 Dipole Z            :          0.0592538           -0.0524505            0.0068033
 Magnitude           :                                                    2.0612033

 ------------------------------------------------------------------------------------

*** tstop() called on cst14372 at Tue Apr 21 11:14:07 2026
Module time:
	user time   =      27.37 seconds =       0.46 minutes
	system time =       0.45 seconds =       0.01 minutes
	total time  =         14 seconds =       0.23 minutes
Total time:
	user time   =    1653.63 seconds =      27.56 minutes
	system time =      23.94 seconds =       0.40 minutes
	total time  =        800 seconds =      13.33 minutes

Scratch directory: /tmp/
gradient() will perform analytic gradient computation.

*** tstart() called on cst14372
*** at Tue Apr 21 11:14:07 2026


         ------------------------------------------------------------
                                   SCF GRAD                          
                          Rob Parrish, Justin Turney,                
                       Andy Simmonett, and Alex Sokolov              
         ------------------------------------------------------------

  ==> Geometry <==

    Molecular point group: c1
    Full point group: C1

    Geometry (in Angstrom), charge = 0, multiplicity = 1:

       Center              X                  Y                   Z               Mass       
    ------------   -----------------  -----------------  -----------------  -----------------
         C            0.065855432700     0.349805737000     0.008646491400    12.000000000000
         O            1.346659050700     0.305056519200     0.001569169700    15.994914619570
         O            1.984156578600    -0.870661862400    -0.000129374900    15.994914619570
         C           -0.711726264700    -0.873129720800    -0.000613052300    12.000000000000
         C           -2.052071038000    -0.892973058600    -0.011104625200    12.000000000000
         C           -0.517007163300     1.720416553800     0.005847056300    12.000000000000
         H           -0.152421129800    -1.818722175800     0.045324979800     1.007825032230
         H           -2.653424067300     0.035630905300    -0.037670952200     1.007825032230
         H           -2.620283907200    -1.809019910700    -0.029788720800     1.007825032230
         H            0.304788621300     2.446848057700    -0.005132723900     1.007825032230
         H           -1.156052790200     1.939283184500     0.887473638500     1.007825032230
         H           -1.168952764800     1.909681533400    -0.916135386900     1.007825032230

  Nuclear repulsion =  225.249099150172611

  ==> Basis Set <==

  Basis Set: 6-31G*
    Blend: 6-31G*
    Number of shells: 48
    Number of basis functions: 102
    Number of Cartesian functions: 102
    Spherical Harmonics?: false
    Max angular momentum: 2

  ==> DFJKGrad: Density-Fitted SCF Gradients <==

    Gradient:                    1
    J tasked:                  Yes
    K tasked:                  Yes
    wK tasked:                 Yes
    Omega:               2.000E-01
    OpenMP threads:              4
    Integrals threads:           4
    Memory [MiB]:             4291
    Schwarz Cutoff:          1E-12
    Fitting Condition:       1E-10

   => Auxiliary Basis Set <=

  Basis Set: (6-31G* AUX)
    Blend: CC-PVDZ-JKFIT
    Number of shells: 198
    Number of basis functions: 636
    Number of Cartesian functions: 636
    Spherical Harmonics?: false
    Max angular momentum: 3

  ==> DFT Potential <==

   => LibXC <=

    Version 7.0.0
    S. Lehtola, C. Steigemann, M. J.T. Oliveira, and M. A.L. Marques.,  SoftwareX 7, 1–5 (2018) (10.1016/j.softx.2017.11.002)

   => Composite Functional: WB97X-D <= 

    wB97X-D Hyb-GGA Exchange-Correlation Functional

    J.-D. Chai and M. Head-Gordon.,  Phys. Chem. Chem. Phys. 10, 6615-6620 (2008) (10.1039/B810189B)

    Deriv               =              1
    GGA                 =           TRUE
    Meta                =          FALSE

    Exchange Hybrid     =           TRUE
    MP2 Hybrid          =          FALSE

   => Exchange-Correlation Functionals <=

    1.0000   wB97X-D range-separated functional

   => Exact (HF) Exchange <=

    0.7780            HF,LR [omega = 0.2000]
    0.2220               HF 

   => LibXC Density Thresholds  <==

    XC_HYB_GGA_XC_WB97X_D:  1.00E-14 

   => Molecular Quadrature <=

    Radial Scheme          =       TREUTLER
    Pruning Scheme         =           NONE
    Nuclear Scheme         =       TREUTLER

    Blocking Scheme        =         OCTREE
    BS radius alpha        =              1
    Pruning alpha          =              1
    Radial Points          =             75
    Spherical Points       =            302
    Total Points           =         254352
    Total Blocks           =           1923
    Max Points             =            256
    Max Functions          =            100
    Weights Tolerance      =       1.00E-15


  -Total Gradient:
     Atom            X                  Y                   Z
    ------   -----------------  -----------------  -----------------
       1       -0.000369494947     0.006878041295     0.000615656977
       2        0.008225687498    -0.004739665913    -0.001004717253
       3       -0.000529309794     0.002130535568     0.000266557119
       4        0.000388436530     0.013877571509    -0.004797942587
       5        0.003905748024    -0.020749530601     0.003161773959
       6        0.013999947596    -0.015982506988     0.015449119060
       7        0.001115299107    -0.011876190226     0.002479890271
       8       -0.006795333054     0.009884553683    -0.000515976421
       9       -0.000070746775     0.005524911139    -0.001347735845
      10        0.002971407040     0.001012421777     0.000487894942
      11       -0.006395254752     0.006541404485     0.006287504967
      12       -0.016653257421     0.007129911536    -0.021177393582


*** tstop() called on cst14372 at Tue Apr 21 11:14:09 2026
Module time:
	user time   =       4.01 seconds =       0.07 minutes
	system time =       0.08 seconds =       0.00 minutes
	total time  =          2 seconds =       0.03 minutes
Total time:
	user time   =    1657.66 seconds =      27.63 minutes
	system time =      24.02 seconds =       0.40 minutes
	total time  =        802 seconds =      13.37 minutes

Scratch directory: /tmp/
   => Libint2 <=

    Primary   basis highest AM E, G, H:  6, 6, 3
    Auxiliary basis highest AM E, G, H:  7, 7, 4
    Onebody   basis highest AM E, G, H:  -, -, -
    Solid Harmonics ordering:            Gaussian

*** tstart() called on cst14372
*** at Tue Apr 21 11:14:09 2026

   => Loading Basis Set <=

    Name: 6-31G*
    Role: ORBITAL
    Keyword: BASIS
    atoms 1, 4-6 entry C          line   111 file /Users/jmsmith1/anaconda3/envs/jupyterenv/share/psi4/basis/6-31gs.gbs 
    atoms 2-3    entry O          line   145 file /Users/jmsmith1/anaconda3/envs/jupyterenv/share/psi4/basis/6-31gs.gbs 
    atoms 7-12   entry H          line    44 file /Users/jmsmith1/anaconda3/envs/jupyterenv/share/psi4/basis/6-31gs.gbs 

   => WB97X-D: Empirical Dispersion <=

    Chai and Head-Gordon Dispersion Correction
    Chai, J.-D.; Head-Gordon, M. (2010), J. Chem. Phys., 132: 6615-6620

        s6 =       1.000000


         ---------------------------------------------------------
                                   SCF
               by Justin Turney, Rob Parrish, Andy Simmonett
                          and Daniel G. A. Smith
                              RKS Reference
                        4 Threads,   5722 MiB Core
         ---------------------------------------------------------

  ==> Geometry <==

    Molecular point group: c1
    Full point group: C1

    Geometry (in Angstrom), charge = 0, multiplicity = 1:

       Center              X                  Y                   Z               Mass       
    ------------   -----------------  -----------------  -----------------  -----------------
         C            0.065926163800     0.350750989500     0.012972485500    12.000000000000
         O            1.350129718000     0.305778428800     0.002357385800    15.994914619570
         O            1.987859005000    -0.866347409100    -0.000194864300    15.994914619570
         C           -0.711467506900    -0.873568953500    -0.000902695300    12.000000000000
         C           -2.053080659300    -0.899302230200    -0.016674704100    12.000000000000
         C           -0.521412763100     1.717817543100     0.008716726800    12.000000000000
         H           -0.167539613600    -1.836869627900     0.067907668900     1.007825032230
         H           -2.658316248600     0.037637445800    -0.056507044100     1.007825032230
         H           -2.630110579300    -1.806160852900    -0.044641956600     1.007825032230
         H            0.308039315400     2.439708847400    -0.007723220600     1.007825032230
         H           -1.166376830500     1.967139712900     0.888585786600     1.007825032230
         H           -1.185279879000     1.922691588300    -0.930937247700     1.007825032230

  Running in c1 symmetry.

  Rotational constants: A =      0.18476  B =      0.09857  C =      0.06511 [cm^-1]
  Rotational constants: A =   5538.94642  B =   2954.98176  C =   1951.98465 [MHz]
  Nuclear repulsion =  224.864437845333498

  Charge       = 0
  Multiplicity = 1
  Electrons    = 46
  Nalpha       = 23
  Nbeta        = 23

  ==> Algorithm <==

  SCF Algorithm Type is DF.
  DIIS enabled.
  MOM disabled.
  Fractional occupation disabled.
  Guess Type is SAD.
  Energy threshold   = 1.00e-07
  Density threshold  = 1.00e-07
  Integral threshold = 1.00e-12

  ==> Primary Basis <==

  Basis Set: 6-31G*
    Blend: 6-31G*
    Number of shells: 48
    Number of basis functions: 102
    Number of Cartesian functions: 102
    Spherical Harmonics?: false
    Max angular momentum: 2

  ==> DFT Potential <==

   => LibXC <=

    Version 7.0.0
    S. Lehtola, C. Steigemann, M. J.T. Oliveira, and M. A.L. Marques.,  SoftwareX 7, 1–5 (2018) (10.1016/j.softx.2017.11.002)

   => Composite Functional: WB97X-D <= 

    wB97X-D Hyb-GGA Exchange-Correlation Functional

    J.-D. Chai and M. Head-Gordon.,  Phys. Chem. Chem. Phys. 10, 6615-6620 (2008) (10.1039/B810189B)

    Deriv               =              1
    GGA                 =           TRUE
    Meta                =          FALSE

    Exchange Hybrid     =           TRUE
    MP2 Hybrid          =          FALSE

   => Exchange-Correlation Functionals <=

    1.0000   wB97X-D range-separated functional

   => Exact (HF) Exchange <=

    0.7780            HF,LR [omega = 0.2000]
    0.2220               HF 

   => LibXC Density Thresholds  <==

    XC_HYB_GGA_XC_WB97X_D:  1.00E-14 

   => Molecular Quadrature <=

    Radial Scheme          =       TREUTLER
    Pruning Scheme         =           NONE
    Nuclear Scheme         =       TREUTLER

    Blocking Scheme        =         OCTREE
    BS radius alpha        =              1
    Pruning alpha          =              1
    Radial Points          =             75
    Spherical Points       =            302
    Total Points           =         254385
    Total Blocks           =           1934
    Max Points             =            256
    Max Functions          =            100
    Weights Tolerance      =       1.00E-15

   => Loading Basis Set <=

    Name: (6-31G* AUX)
    Role: JKFIT
    Keyword: DF_BASIS_SCF
    atoms 1, 4-6 entry C          line   121 file /Users/jmsmith1/anaconda3/envs/jupyterenv/share/psi4/basis/cc-pvdz-jkfit.gbs 
    atoms 2-3    entry O          line   221 file /Users/jmsmith1/anaconda3/envs/jupyterenv/share/psi4/basis/cc-pvdz-jkfit.gbs 
    atoms 7-12   entry H          line    51 file /Users/jmsmith1/anaconda3/envs/jupyterenv/share/psi4/basis/cc-pvdz-jkfit.gbs 

  ==> Integral Setup <==

  DFHelper Memory: AOs need 0.151 GiB; user supplied 3.598 GiB. 
  SCF_SUBTYPE=INCORE selected. In-core MEM_DF algorithm will be used.
  Using in-core AOs.

  ==> MemDFJK: Density-Fitted J/K Matrices <==

    J tasked:                   Yes
    K tasked:                   Yes
    wK tasked:                  Yes
    Omega:                2.000E-01
    OpenMP threads:               4
    Memory [MiB]:              3684
    Algorithm:                 Core
    Schwarz Cutoff:           1E-12
    Mask sparsity (%):       1.5379
    Fitting Condition:        1E-10

   => Auxiliary Basis Set <=

  Basis Set: (6-31G* AUX)
    Blend: CC-PVDZ-JKFIT
    Number of shells: 198
    Number of basis functions: 636
    Number of Cartesian functions: 636
    Spherical Harmonics?: false
    Max angular momentum: 3

  Cached 100.0% of DFT collocation blocks in 0.593 [GiB].

  Minimum eigenvalue in the overlap matrix is 2.8459030628E-03.
  Reciprocal condition number of the overlap matrix is 4.1050406333E-04.
    Using symmetric orthogonalization.

  ==> Pre-Iterations <==

  SCF Guess: Superposition of Atomic Densities via on-the-fly atomic UHF (no occupation information).

   -------------------------
    Irrep   Nso     Nmo    
   -------------------------
     A        102     102 
   -------------------------
    Total     102     102
   -------------------------

  ==> Iterations <==

                           Total Energy        Delta E     RMS |[F,P]|

   @DF-RKS iter SAD:  -300.22635948947186   -3.00226e+02   0.00000e+00 
   @DF-RKS iter   1:  -296.53103088098851    3.69533e+00   3.46712e-02 ADIIS/DIIS
   @DF-RKS iter   2:  -273.79395521735574    2.27371e+01   6.54261e-02 ADIIS/DIIS
   @DF-RKS iter   3:  -304.74412827727485   -3.09502e+01   1.70400e-02 ADIIS/DIIS
   @DF-RKS iter   4:  -303.61044291588473    1.13369e+00   2.14535e-02 ADIIS/DIIS
   @DF-RKS iter   5:  -306.10604486946437   -2.49560e+00   3.96813e-03 ADIIS/DIIS
   @DF-RKS iter   6:  -306.17593177829571   -6.98869e-02   2.33060e-03 ADIIS/DIIS
   @DF-RKS iter   7:  -306.20240063877031   -2.64689e-02   3.85477e-04 ADIIS/DIIS
   @DF-RKS iter   8:  -306.20302053938383   -6.19901e-04   2.82220e-04 ADIIS/DIIS
   @DF-RKS iter   9:  -306.20342801748200   -4.07478e-04   7.75150e-05 DIIS
   @DF-RKS iter  10:  -306.20346288061626   -3.48631e-05   2.82481e-05 DIIS
   @DF-RKS iter  11:  -306.20346689406676   -4.01345e-06   1.88336e-05 DIIS
   @DF-RKS iter  12:  -306.20346913586525   -2.24180e-06   6.43757e-06 DIIS
   @DF-RKS iter  13:  -306.20346949091413   -3.55049e-07   1.00242e-06 DIIS
   @DF-RKS iter  14:  -306.20346951665800   -2.57439e-08   5.96798e-07 DIIS
   @DF-RKS iter  15:  -306.20346952739249   -1.07345e-08   3.48047e-07 DIIS
   @DF-RKS iter  16:  -306.20346953636766   -8.97518e-09   9.60580e-08 DIIS
  Energy and wave function converged.


  ==> Post-Iterations <==

   Electrons on quadrature grid:
      Ntotal   =   45.9999851839 ; deviation = -1.482e-05 

    Orbital Energies [Eh]
    ---------------------

    Doubly Occupied:                                                      

       1A    -19.413138     2A    -19.245545     3A    -10.408736  
       4A    -10.338218     5A    -10.337692     6A    -10.331936  
       7A     -1.286209     8A     -0.995739     9A     -0.908537  
      10A     -0.840896    11A     -0.751329    12A     -0.640861  
      13A     -0.617030    14A     -0.591440    15A     -0.581364  
      16A     -0.534887    17A     -0.506134    18A     -0.500393  
      19A     -0.495111    20A     -0.452212    21A     -0.396658  
      22A     -0.304219    23A     -0.291416  

    Virtual:                                                              

      24A     -0.022952    25A      0.118059    26A      0.157435  
      27A      0.174585    28A      0.208517    29A      0.227185  
      30A      0.229924    31A      0.238459    32A      0.263552  
      33A      0.314928    34A      0.354024    35A      0.410525  
      36A      0.438397    37A      0.559979    38A      0.587268  
      39A      0.610417    40A      0.653154    41A      0.671935  
      42A      0.680094    43A      0.702072    44A      0.731697  
      45A      0.751474    46A      0.783242    47A      0.810374  
      48A      0.892499    49A      0.906265    50A      0.908360  
      51A      0.924543    52A      0.950702    53A      0.978722  
      54A      0.993386    55A      1.025806    56A      1.030515  
      57A      1.055188    58A      1.126365    59A      1.144170  
      60A      1.183533    61A      1.213188    62A      1.265443  
      63A      1.373060    64A      1.395076    65A      1.420006  
      66A      1.433507    67A      1.534910    68A      1.584468  
      69A      1.636666    70A      1.700472    71A      1.746420  
      72A      1.816234    73A      1.868454    74A      1.924969  
      75A      1.941895    76A      1.950967    77A      2.010415  
      78A      2.015312    79A      2.074277    80A      2.127304  
      81A      2.157327    82A      2.207016    83A      2.287891  
      84A      2.320500    85A      2.346153    86A      2.430267  
      87A      2.458200    88A      2.550928    89A      2.566090  
      90A      2.595654    91A      2.708192    92A      2.770967  
      93A      2.943907    94A      2.951383    95A      3.175761  
      96A      3.271350    97A      3.625867    98A      4.111919  
      99A      4.174428   100A      4.265755   101A      4.350329  
     102A      4.619866  

    Final Occupation by Irrep:
              A 
    DOCC [    23 ]
    NA   [    23 ]
    NB   [    23 ]

  @DF-RKS Final Energy:  -306.20346953636766

   => Energetics <=

    Nuclear Repulsion Energy =            224.8644378453334980
    One-Electron Energy =                -861.3993022183919948
    Two-Electron Energy =                 358.5890520435002600
    DFT Exchange-Correlation Energy =     -28.2532561616118976
    Empirical Dispersion Energy =          -0.0044010451974951
    VV10 Nonlocal Energy =                  0.0000000000000000
    Total Energy =                       -306.2034695363676633

Computation Completed


Properties will be evaluated at   0.000000,   0.000000,   0.000000 [a0]

Properties computed using the SCF density matrix


 Multipole Moments:

 ------------------------------------------------------------------------------------
     Multipole            Electronic (a.u.)      Nuclear  (a.u.)        Total (a.u.)
 ------------------------------------------------------------------------------------

 L = 1.  Multiply by 2.5417464519 to convert [e a0] to [Debye]
 Dipole X            :         -1.6854221           -0.2189865           -1.9044085
 Dipole Y            :          0.7251497            0.0260392            0.7511889
 Dipole Z            :          0.0887489           -0.0781307            0.0106182
 Magnitude           :                                                    2.0472346

 ------------------------------------------------------------------------------------

*** tstop() called on cst14372 at Tue Apr 21 11:14:22 2026
Module time:
	user time   =      27.42 seconds =       0.46 minutes
	system time =       0.48 seconds =       0.01 minutes
	total time  =         13 seconds =       0.22 minutes
Total time:
	user time   =    1685.11 seconds =      28.09 minutes
	system time =      24.50 seconds =       0.41 minutes
	total time  =        815 seconds =      13.58 minutes

Scratch directory: /tmp/
gradient() will perform analytic gradient computation.

*** tstart() called on cst14372
*** at Tue Apr 21 11:14:22 2026


         ------------------------------------------------------------
                                   SCF GRAD                          
                          Rob Parrish, Justin Turney,                
                       Andy Simmonett, and Alex Sokolov              
         ------------------------------------------------------------

  ==> Geometry <==

    Molecular point group: c1
    Full point group: C1

    Geometry (in Angstrom), charge = 0, multiplicity = 1:

       Center              X                  Y                   Z               Mass       
    ------------   -----------------  -----------------  -----------------  -----------------
         C            0.065926163800     0.350750989500     0.012972485500    12.000000000000
         O            1.350129718000     0.305778428800     0.002357385800    15.994914619570
         O            1.987859005000    -0.866347409100    -0.000194864300    15.994914619570
         C           -0.711467506900    -0.873568953500    -0.000902695300    12.000000000000
         C           -2.053080659300    -0.899302230200    -0.016674704100    12.000000000000
         C           -0.521412763100     1.717817543100     0.008716726800    12.000000000000
         H           -0.167539613600    -1.836869627900     0.067907668900     1.007825032230
         H           -2.658316248600     0.037637445800    -0.056507044100     1.007825032230
         H           -2.630110579300    -1.806160852900    -0.044641956600     1.007825032230
         H            0.308039315400     2.439708847400    -0.007723220600     1.007825032230
         H           -1.166376830500     1.967139712900     0.888585786600     1.007825032230
         H           -1.185279879000     1.922691588300    -0.930937247700     1.007825032230

  Nuclear repulsion =  224.864437845333498

  ==> Basis Set <==

  Basis Set: 6-31G*
    Blend: 6-31G*
    Number of shells: 48
    Number of basis functions: 102
    Number of Cartesian functions: 102
    Spherical Harmonics?: false
    Max angular momentum: 2

  ==> DFJKGrad: Density-Fitted SCF Gradients <==

    Gradient:                    1
    J tasked:                  Yes
    K tasked:                  Yes
    wK tasked:                 Yes
    Omega:               2.000E-01
    OpenMP threads:              4
    Integrals threads:           4
    Memory [MiB]:             4291
    Schwarz Cutoff:          1E-12
    Fitting Condition:       1E-10

   => Auxiliary Basis Set <=

  Basis Set: (6-31G* AUX)
    Blend: CC-PVDZ-JKFIT
    Number of shells: 198
    Number of basis functions: 636
    Number of Cartesian functions: 636
    Spherical Harmonics?: false
    Max angular momentum: 3

  ==> DFT Potential <==

   => LibXC <=

    Version 7.0.0
    S. Lehtola, C. Steigemann, M. J.T. Oliveira, and M. A.L. Marques.,  SoftwareX 7, 1–5 (2018) (10.1016/j.softx.2017.11.002)

   => Composite Functional: WB97X-D <= 

    wB97X-D Hyb-GGA Exchange-Correlation Functional

    J.-D. Chai and M. Head-Gordon.,  Phys. Chem. Chem. Phys. 10, 6615-6620 (2008) (10.1039/B810189B)

    Deriv               =              1
    GGA                 =           TRUE
    Meta                =          FALSE

    Exchange Hybrid     =           TRUE
    MP2 Hybrid          =          FALSE

   => Exchange-Correlation Functionals <=

    1.0000   wB97X-D range-separated functional

   => Exact (HF) Exchange <=

    0.7780            HF,LR [omega = 0.2000]
    0.2220               HF 

   => LibXC Density Thresholds  <==

    XC_HYB_GGA_XC_WB97X_D:  1.00E-14 

   => Molecular Quadrature <=

    Radial Scheme          =       TREUTLER
    Pruning Scheme         =           NONE
    Nuclear Scheme         =       TREUTLER

    Blocking Scheme        =         OCTREE
    BS radius alpha        =              1
    Pruning alpha          =              1
    Radial Points          =             75
    Spherical Points       =            302
    Total Points           =         254385
    Total Blocks           =           1934
    Max Points             =            256
    Max Functions          =            100
    Weights Tolerance      =       1.00E-15


  -Total Gradient:
     Atom            X                  Y                   Z
    ------   -----------------  -----------------  -----------------
       1       -0.000518905755     0.010140604770     0.000900997498
       2        0.012153581994    -0.007028537638    -0.001505283639
       3       -0.000690103122     0.003181188982     0.000393453398
       4        0.000908751599     0.020907815978    -0.007404672101
       5        0.005445088018    -0.030123073809     0.004870737485
       6        0.019155635560    -0.023731022504     0.020615347553
       7        0.001550752345    -0.017746883800     0.003887304720
       8       -0.009784712947     0.014194456812    -0.000946689125
       9       -0.000186529603     0.008022737413    -0.001981472706
      10        0.004497650534     0.001457941356     0.000697164618
      11       -0.009578095942     0.010079570071     0.009356468037
      12       -0.023016748354     0.010383185687    -0.029155054525


*** tstop() called on cst14372 at Tue Apr 21 11:14:24 2026
Module time:
	user time   =       4.00 seconds =       0.07 minutes
	system time =       0.08 seconds =       0.00 minutes
	total time  =          2 seconds =       0.03 minutes
Total time:
	user time   =    1689.13 seconds =      28.15 minutes
	system time =      24.58 seconds =       0.41 minutes
	total time  =        817 seconds =      13.62 minutes

Scratch directory: /tmp/
   => Libint2 <=

    Primary   basis highest AM E, G, H:  6, 6, 3
    Auxiliary basis highest AM E, G, H:  7, 7, 4
    Onebody   basis highest AM E, G, H:  -, -, -
    Solid Harmonics ordering:            Gaussian

*** tstart() called on cst14372
*** at Tue Apr 21 11:14:24 2026

   => Loading Basis Set <=

    Name: 6-31G*
    Role: ORBITAL
    Keyword: BASIS
    atoms 1, 4-6 entry C          line   111 file /Users/jmsmith1/anaconda3/envs/jupyterenv/share/psi4/basis/6-31gs.gbs 
    atoms 2-3    entry O          line   145 file /Users/jmsmith1/anaconda3/envs/jupyterenv/share/psi4/basis/6-31gs.gbs 
    atoms 7-12   entry H          line    44 file /Users/jmsmith1/anaconda3/envs/jupyterenv/share/psi4/basis/6-31gs.gbs 

   => WB97X-D: Empirical Dispersion <=

    Chai and Head-Gordon Dispersion Correction
    Chai, J.-D.; Head-Gordon, M. (2010), J. Chem. Phys., 132: 6615-6620

        s6 =       1.000000


         ---------------------------------------------------------
                                   SCF
               by Justin Turney, Rob Parrish, Andy Simmonett
                          and Daniel G. A. Smith
                              RKS Reference
                        4 Threads,   5722 MiB Core
         ---------------------------------------------------------

  ==> Geometry <==

    Molecular point group: c1
    Full point group: C1

    Geometry (in Angstrom), charge = 0, multiplicity = 1:

       Center              X                  Y                   Z               Mass       
    ------------   -----------------  -----------------  -----------------  -----------------
         C            0.065998456100     0.351667707700     0.017299548300    12.000000000000
         O            1.353576937300     0.306516217100     0.003149540900    15.994914619570
         O            1.991566075900    -0.862036199400    -0.000261263800    15.994914619570
         C           -0.711211158400    -0.874069047000    -0.001171162100    12.000000000000
         C           -2.054106891500    -0.905549631200    -0.022263606800    12.000000000000
         C           -0.525877524400     1.715284979800     0.011529193700    12.000000000000
         H           -0.182724401000    -1.854420712800     0.090375537900     1.007825032230
         H           -2.662875279400     0.039156367900    -0.075326504200     1.007825032230
         H           -2.639939170000    -1.803575932500    -0.059439504900     1.007825032230
         H            0.311137724600     2.432513312100    -0.010339951400     1.007825032230
         H           -1.176379458100     1.994672437100     0.889376335600     1.007825032230
         H           -1.200827412100     1.935354758600    -0.944746626800     1.007825032230

  Running in c1 symmetry.

  Rotational constants: A =      0.18444  B =      0.09818  C =      0.06492 [cm^-1]
  Rotational constants: A =   5529.43322  B =   2943.46240  C =   1946.32413 [MHz]
  Nuclear repulsion =  224.488047603110459

  Charge       = 0
  Multiplicity = 1
  Electrons    = 46
  Nalpha       = 23
  Nbeta        = 23

  ==> Algorithm <==

  SCF Algorithm Type is DF.
  DIIS enabled.
  MOM disabled.
  Fractional occupation disabled.
  Guess Type is SAD.
  Energy threshold   = 1.00e-07
  Density threshold  = 1.00e-07
  Integral threshold = 1.00e-12

  ==> Primary Basis <==

  Basis Set: 6-31G*
    Blend: 6-31G*
    Number of shells: 48
    Number of basis functions: 102
    Number of Cartesian functions: 102
    Spherical Harmonics?: false
    Max angular momentum: 2

  ==> DFT Potential <==

   => LibXC <=

    Version 7.0.0
    S. Lehtola, C. Steigemann, M. J.T. Oliveira, and M. A.L. Marques.,  SoftwareX 7, 1–5 (2018) (10.1016/j.softx.2017.11.002)

   => Composite Functional: WB97X-D <= 

    wB97X-D Hyb-GGA Exchange-Correlation Functional

    J.-D. Chai and M. Head-Gordon.,  Phys. Chem. Chem. Phys. 10, 6615-6620 (2008) (10.1039/B810189B)

    Deriv               =              1
    GGA                 =           TRUE
    Meta                =          FALSE

    Exchange Hybrid     =           TRUE
    MP2 Hybrid          =          FALSE

   => Exchange-Correlation Functionals <=

    1.0000   wB97X-D range-separated functional

   => Exact (HF) Exchange <=

    0.7780            HF,LR [omega = 0.2000]
    0.2220               HF 

   => LibXC Density Thresholds  <==

    XC_HYB_GGA_XC_WB97X_D:  1.00E-14 

   => Molecular Quadrature <=

    Radial Scheme          =       TREUTLER
    Pruning Scheme         =           NONE
    Nuclear Scheme         =       TREUTLER

    Blocking Scheme        =         OCTREE
    BS radius alpha        =              1
    Pruning alpha          =              1
    Radial Points          =             75
    Spherical Points       =            302
    Total Points           =         254442
    Total Blocks           =           1935
    Max Points             =            256
    Max Functions          =            100
    Weights Tolerance      =       1.00E-15

   => Loading Basis Set <=

    Name: (6-31G* AUX)
    Role: JKFIT
    Keyword: DF_BASIS_SCF
    atoms 1, 4-6 entry C          line   121 file /Users/jmsmith1/anaconda3/envs/jupyterenv/share/psi4/basis/cc-pvdz-jkfit.gbs 
    atoms 2-3    entry O          line   221 file /Users/jmsmith1/anaconda3/envs/jupyterenv/share/psi4/basis/cc-pvdz-jkfit.gbs 
    atoms 7-12   entry H          line    51 file /Users/jmsmith1/anaconda3/envs/jupyterenv/share/psi4/basis/cc-pvdz-jkfit.gbs 

  ==> Integral Setup <==

  DFHelper Memory: AOs need 0.151 GiB; user supplied 3.599 GiB. 
  SCF_SUBTYPE=INCORE selected. In-core MEM_DF algorithm will be used.
  Using in-core AOs.

  ==> MemDFJK: Density-Fitted J/K Matrices <==

    J tasked:                   Yes
    K tasked:                   Yes
    wK tasked:                  Yes
    Omega:                2.000E-01
    OpenMP threads:               4
    Memory [MiB]:              3684
    Algorithm:                 Core
    Schwarz Cutoff:           1E-12
    Mask sparsity (%):       1.5571
    Fitting Condition:        1E-10

   => Auxiliary Basis Set <=

  Basis Set: (6-31G* AUX)
    Blend: CC-PVDZ-JKFIT
    Number of shells: 198
    Number of basis functions: 636
    Number of Cartesian functions: 636
    Spherical Harmonics?: false
    Max angular momentum: 3

  Cached 100.0% of DFT collocation blocks in 0.592 [GiB].

  Minimum eigenvalue in the overlap matrix is 2.8950903592E-03.
  Reciprocal condition number of the overlap matrix is 4.1888927009E-04.
    Using symmetric orthogonalization.

  ==> Pre-Iterations <==

  SCF Guess: Superposition of Atomic Densities via on-the-fly atomic UHF (no occupation information).

   -------------------------
    Irrep   Nso     Nmo    
   -------------------------
     A        102     102 
   -------------------------
    Total     102     102
   -------------------------

  ==> Iterations <==

                           Total Energy        Delta E     RMS |[F,P]|

   @DF-RKS iter SAD:  -300.18540525009263   -3.00185e+02   0.00000e+00 
   @DF-RKS iter   1:  -296.47098888297683    3.71442e+00   3.46810e-02 ADIIS/DIIS
   @DF-RKS iter   2:  -273.95664565265918    2.25143e+01   6.52972e-02 ADIIS/DIIS
   @DF-RKS iter   3:  -304.81514143524208   -3.08585e+01   1.65444e-02 ADIIS/DIIS
   @DF-RKS iter   4:  -304.18912965355088    6.26012e-01   1.91008e-02 ADIIS/DIIS
   @DF-RKS iter   5:  -306.10425193535951   -1.91512e+00   4.03204e-03 ADIIS/DIIS
   @DF-RKS iter   6:  -306.17640455779076   -7.21526e-02   2.10211e-03 ADIIS/DIIS
   @DF-RKS iter   7:  -306.19828614327258   -2.18816e-02   3.17454e-04 ADIIS/DIIS
   @DF-RKS iter   8:  -306.19883883383966   -5.52691e-04   2.06863e-04 ADIIS/DIIS
   @DF-RKS iter   9:  -306.19905761207758   -2.18778e-04   8.03616e-05 DIIS
   @DF-RKS iter  10:  -306.19908813021499   -3.05181e-05   2.11512e-05 DIIS
   @DF-RKS iter  11:  -306.19909040867805   -2.27846e-06   1.10532e-05 DIIS
   @DF-RKS iter  12:  -306.19909112946067   -7.20783e-07   4.88601e-06 DIIS
   @DF-RKS iter  13:  -306.19909130616594   -1.76705e-07   6.75520e-07 DIIS
   @DF-RKS iter  14:  -306.19909131364585   -7.47991e-09   2.18752e-07 DIIS
   @DF-RKS iter  15:  -306.19909131502914   -1.38328e-09   1.27421e-07 DIIS
   @DF-RKS iter  16:  -306.19909131596114   -9.32005e-10   5.56417e-08 DIIS
  Energy and wave function converged.


  ==> Post-Iterations <==

   Electrons on quadrature grid:
      Ntotal   =   45.9999758462 ; deviation = -2.415e-05 

    Orbital Energies [Eh]
    ---------------------

    Doubly Occupied:                                                      

       1A    -19.414295     2A    -19.246968     3A    -10.409606  
       4A    -10.341269     5A    -10.338050     6A    -10.333152  
       7A     -1.287264     8A     -0.996274     9A     -0.907517  
      10A     -0.839259    11A     -0.750419    12A     -0.640851  
      13A     -0.616360    14A     -0.591546    15A     -0.580805  
      16A     -0.535432    17A     -0.503405    18A     -0.497246  
      19A     -0.493971    20A     -0.452112    21A     -0.396104  
      22A     -0.304991    23A     -0.291747  

    Virtual:                                                              

      24A     -0.023842    25A      0.115608    26A      0.154689  
      27A      0.172989    28A      0.206264    29A      0.224717  
      30A      0.228962    31A      0.238552    32A      0.262092  
      33A      0.314043    34A      0.352860    35A      0.412458  
      36A      0.439856    37A      0.559012    38A      0.586856  
      39A      0.611042    40A      0.655359    41A      0.669023  
      42A      0.681205    43A      0.703492    44A      0.730809  
      45A      0.750370    46A      0.785979    47A      0.809070  
      48A      0.884108    49A      0.901358    50A      0.906959  
      51A      0.922212    52A      0.949242    53A      0.974060  
      54A      0.988027    55A      1.024620    56A      1.029549  
      57A      1.051617    58A      1.124682    59A      1.142045  
      60A      1.182303    61A      1.210294    62A      1.262128  
      63A      1.369798    64A      1.395619    65A      1.418828  
      66A      1.434648    67A      1.530303    68A      1.589761  
      69A      1.637949    70A      1.697584    71A      1.748355  
      72A      1.812381    73A      1.864849    74A      1.920334  
      75A      1.938235    76A      1.946956    77A      2.001170  
      78A      2.010184    79A      2.072985    80A      2.120200  
      81A      2.152696    82A      2.205465    83A      2.287575  
      84A      2.316001    85A      2.345878    86A      2.426932  
      87A      2.457510    88A      2.549193    89A      2.567150  
      90A      2.592978    91A      2.707645    92A      2.771441  
      93A      2.941001    94A      2.948785    95A      3.172302  
      96A      3.269087    97A      3.623377    98A      4.109351  
      99A      4.172169   100A      4.262143   101A      4.348036  
     102A      4.618879  

    Final Occupation by Irrep:
              A 
    DOCC [    23 ]
    NA   [    23 ]
    NB   [    23 ]

  @DF-RKS Final Energy:  -306.19909131596114

   => Energetics <=

    Nuclear Repulsion Energy =            224.4880476031104592
    One-Electron Energy =                -860.6499070447306394
    Two-Electron Energy =                 358.2054624165056111
    DFT Exchange-Correlation Energy =     -28.2382951575166885
    Empirical Dispersion Energy =          -0.0043991333298278
    VV10 Nonlocal Energy =                  0.0000000000000000
    Total Energy =                       -306.1990913159611409

Computation Completed


Properties will be evaluated at   0.000000,   0.000000,   0.000000 [a0]

Properties computed using the SCF density matrix


 Multipole Moments:

 ------------------------------------------------------------------------------------
     Multipole            Electronic (a.u.)      Nuclear  (a.u.)        Total (a.u.)
 ------------------------------------------------------------------------------------

 L = 1.  Multiply by 2.5417464519 to convert [e a0] to [Debye]
 Dipole X            :         -1.6247667           -0.2676733           -1.8924400
 Dipole Y            :          0.6977042            0.0444925            0.7421968
 Dipole Z            :          0.1178222           -0.1032370            0.0145852
 Magnitude           :                                                    2.0328300

 ------------------------------------------------------------------------------------

*** tstop() called on cst14372 at Tue Apr 21 11:14:37 2026
Module time:
	user time   =      27.31 seconds =       0.46 minutes
	system time =       0.45 seconds =       0.01 minutes
	total time  =         13 seconds =       0.22 minutes
Total time:
	user time   =    1716.46 seconds =      28.61 minutes
	system time =      25.04 seconds =       0.42 minutes
	total time  =        830 seconds =      13.83 minutes

Scratch directory: /tmp/
gradient() will perform analytic gradient computation.

*** tstart() called on cst14372
*** at Tue Apr 21 11:14:37 2026


         ------------------------------------------------------------
                                   SCF GRAD                          
                          Rob Parrish, Justin Turney,                
                       Andy Simmonett, and Alex Sokolov              
         ------------------------------------------------------------

  ==> Geometry <==

    Molecular point group: c1
    Full point group: C1

    Geometry (in Angstrom), charge = 0, multiplicity = 1:

       Center              X                  Y                   Z               Mass       
    ------------   -----------------  -----------------  -----------------  -----------------
         C            0.065998456100     0.351667707700     0.017299548300    12.000000000000
         O            1.353576937300     0.306516217100     0.003149540900    15.994914619570
         O            1.991566075900    -0.862036199400    -0.000261263800    15.994914619570
         C           -0.711211158400    -0.874069047000    -0.001171162100    12.000000000000
         C           -2.054106891500    -0.905549631200    -0.022263606800    12.000000000000
         C           -0.525877524400     1.715284979800     0.011529193700    12.000000000000
         H           -0.182724401000    -1.854420712800     0.090375537900     1.007825032230
         H           -2.662875279400     0.039156367900    -0.075326504200     1.007825032230
         H           -2.639939170000    -1.803575932500    -0.059439504900     1.007825032230
         H            0.311137724600     2.432513312100    -0.010339951400     1.007825032230
         H           -1.176379458100     1.994672437100     0.889376335600     1.007825032230
         H           -1.200827412100     1.935354758600    -0.944746626800     1.007825032230

  Nuclear repulsion =  224.488047603110459

  ==> Basis Set <==

  Basis Set: 6-31G*
    Blend: 6-31G*
    Number of shells: 48
    Number of basis functions: 102
    Number of Cartesian functions: 102
    Spherical Harmonics?: false
    Max angular momentum: 2

  ==> DFJKGrad: Density-Fitted SCF Gradients <==

    Gradient:                    1
    J tasked:                  Yes
    K tasked:                  Yes
    wK tasked:                 Yes
    Omega:               2.000E-01
    OpenMP threads:              4
    Integrals threads:           4
    Memory [MiB]:             4291
    Schwarz Cutoff:          1E-12
    Fitting Condition:       1E-10

   => Auxiliary Basis Set <=

  Basis Set: (6-31G* AUX)
    Blend: CC-PVDZ-JKFIT
    Number of shells: 198
    Number of basis functions: 636
    Number of Cartesian functions: 636
    Spherical Harmonics?: false
    Max angular momentum: 3

  ==> DFT Potential <==

   => LibXC <=

    Version 7.0.0
    S. Lehtola, C. Steigemann, M. J.T. Oliveira, and M. A.L. Marques.,  SoftwareX 7, 1–5 (2018) (10.1016/j.softx.2017.11.002)

   => Composite Functional: WB97X-D <= 

    wB97X-D Hyb-GGA Exchange-Correlation Functional

    J.-D. Chai and M. Head-Gordon.,  Phys. Chem. Chem. Phys. 10, 6615-6620 (2008) (10.1039/B810189B)

    Deriv               =              1
    GGA                 =           TRUE
    Meta                =          FALSE

    Exchange Hybrid     =           TRUE
    MP2 Hybrid          =          FALSE

   => Exchange-Correlation Functionals <=

    1.0000   wB97X-D range-separated functional

   => Exact (HF) Exchange <=

    0.7780            HF,LR [omega = 0.2000]
    0.2220               HF 

   => LibXC Density Thresholds  <==

    XC_HYB_GGA_XC_WB97X_D:  1.00E-14 

   => Molecular Quadrature <=

    Radial Scheme          =       TREUTLER
    Pruning Scheme         =           NONE
    Nuclear Scheme         =       TREUTLER

    Blocking Scheme        =         OCTREE
    BS radius alpha        =              1
    Pruning alpha          =              1
    Radial Points          =             75
    Spherical Points       =            302
    Total Points           =         254442
    Total Blocks           =           1935
    Max Points             =            256
    Max Functions          =            100
    Weights Tolerance      =       1.00E-15


  -Total Gradient:
     Atom            X                  Y                   Z
    ------   -----------------  -----------------  -----------------
       1       -0.000628779469     0.013263639008     0.001174983033
       2        0.015975360761    -0.009297780998    -0.002003599264
       3       -0.000906825475     0.004249379619     0.000529121281
       4        0.001627995136     0.027726381411    -0.010090185414
       5        0.006713708214    -0.038635671063     0.006636750650
       6        0.023169414393    -0.031161831482     0.024465821133
       7        0.001761289888    -0.023404095813     0.005420830552
       8       -0.012447233132     0.017980829073    -0.001460357718
       9       -0.000408200758     0.010247209655    -0.002589681203
      10        0.006001711598     0.001825762574     0.000874798220
      11       -0.012623066768     0.013708413789     0.012212862071
      12       -0.028235175110     0.013375885472    -0.035605785609


*** tstop() called on cst14372 at Tue Apr 21 11:14:39 2026
Module time:
	user time   =       3.96 seconds =       0.07 minutes
	system time =       0.08 seconds =       0.00 minutes
	total time  =          2 seconds =       0.03 minutes
Total time:
	user time   =    1720.44 seconds =      28.67 minutes
	system time =      25.12 seconds =       0.42 minutes
	total time  =        832 seconds =      13.87 minutes

Scratch directory: /tmp/
   => Libint2 <=

    Primary   basis highest AM E, G, H:  6, 6, 3
    Auxiliary basis highest AM E, G, H:  7, 7, 4
    Onebody   basis highest AM E, G, H:  -, -, -
    Solid Harmonics ordering:            Gaussian

*** tstart() called on cst14372
*** at Tue Apr 21 11:14:39 2026

   => Loading Basis Set <=

    Name: 6-31G*
    Role: ORBITAL
    Keyword: BASIS
    atoms 1, 4-6 entry C          line   111 file /Users/jmsmith1/anaconda3/envs/jupyterenv/share/psi4/basis/6-31gs.gbs 
    atoms 2-3    entry O          line   145 file /Users/jmsmith1/anaconda3/envs/jupyterenv/share/psi4/basis/6-31gs.gbs 
    atoms 7-12   entry H          line    44 file /Users/jmsmith1/anaconda3/envs/jupyterenv/share/psi4/basis/6-31gs.gbs 

   => WB97X-D: Empirical Dispersion <=

    Chai and Head-Gordon Dispersion Correction
    Chai, J.-D.; Head-Gordon, M. (2010), J. Chem. Phys., 132: 6615-6620

        s6 =       1.000000


         ---------------------------------------------------------
                                   SCF
               by Justin Turney, Rob Parrish, Andy Simmonett
                          and Daniel G. A. Smith
                              RKS Reference
                        4 Threads,   5722 MiB Core
         ---------------------------------------------------------

  ==> Geometry <==

    Molecular point group: c1
    Full point group: C1

    Geometry (in Angstrom), charge = 0, multiplicity = 1:

       Center              X                  Y                   Z               Mass       
    ------------   -----------------  -----------------  -----------------  -----------------
         C            0.066072635800     0.352546915600     0.021627290700    12.000000000000
         O            1.356992707400     0.307274895900     0.003946794700    15.994914619570
         O            1.995278611100    -0.857730155400    -0.000328875200    15.994914619570
         C           -0.710959278300    -0.874649830000    -0.001410689100    12.000000000000
         C           -2.055153515100    -0.911691140700    -0.027876979500    12.000000000000
         C           -0.530413528400     1.712840186400     0.014273527400    12.000000000000
         H           -0.197984222300    -1.871181499600     0.112677706900     1.007825032230
         H           -2.667009496600     0.040056842800    -0.094113360100     1.007825032230
         H           -2.649762953400    -1.801341842200    -0.074161724800     1.007825032230
         H            0.314032148900     2.425248051600    -0.012989307200     1.007825032230
         H           -1.185956341700     2.021758526000     0.889746598200     1.007825032230
         H           -1.215416209800     1.947568740200    -0.957341534200     1.007825032230

  Running in c1 symmetry.

  Rotational constants: A =      0.18412  B =      0.09780  C =      0.06473 [cm^-1]
  Rotational constants: A =   5519.88186  B =   2932.04770  C =   1940.69231 [MHz]
  Nuclear repulsion =  224.122340600683913

  Charge       = 0
  Multiplicity = 1
  Electrons    = 46
  Nalpha       = 23
  Nbeta        = 23

  ==> Algorithm <==

  SCF Algorithm Type is DF.
  DIIS enabled.
  MOM disabled.
  Fractional occupation disabled.
  Guess Type is SAD.
  Energy threshold   = 1.00e-07
  Density threshold  = 1.00e-07
  Integral threshold = 1.00e-12

  ==> Primary Basis <==

  Basis Set: 6-31G*
    Blend: 6-31G*
    Number of shells: 48
    Number of basis functions: 102
    Number of Cartesian functions: 102
    Spherical Harmonics?: false
    Max angular momentum: 2

  ==> DFT Potential <==

   => LibXC <=

    Version 7.0.0
    S. Lehtola, C. Steigemann, M. J.T. Oliveira, and M. A.L. Marques.,  SoftwareX 7, 1–5 (2018) (10.1016/j.softx.2017.11.002)

   => Composite Functional: WB97X-D <= 

    wB97X-D Hyb-GGA Exchange-Correlation Functional

    J.-D. Chai and M. Head-Gordon.,  Phys. Chem. Chem. Phys. 10, 6615-6620 (2008) (10.1039/B810189B)

    Deriv               =              1
    GGA                 =           TRUE
    Meta                =          FALSE

    Exchange Hybrid     =           TRUE
    MP2 Hybrid          =          FALSE

   => Exchange-Correlation Functionals <=

    1.0000   wB97X-D range-separated functional

   => Exact (HF) Exchange <=

    0.7780            HF,LR [omega = 0.2000]
    0.2220               HF 

   => LibXC Density Thresholds  <==

    XC_HYB_GGA_XC_WB97X_D:  1.00E-14 

   => Molecular Quadrature <=

    Radial Scheme          =       TREUTLER
    Pruning Scheme         =           NONE
    Nuclear Scheme         =       TREUTLER

    Blocking Scheme        =         OCTREE
    BS radius alpha        =              1
    Pruning alpha          =              1
    Radial Points          =             75
    Spherical Points       =            302
    Total Points           =         254504
    Total Blocks           =           1925
    Max Points             =            256
    Max Functions          =            100
    Weights Tolerance      =       1.00E-15

   => Loading Basis Set <=

    Name: (6-31G* AUX)
    Role: JKFIT
    Keyword: DF_BASIS_SCF
    atoms 1, 4-6 entry C          line   121 file /Users/jmsmith1/anaconda3/envs/jupyterenv/share/psi4/basis/cc-pvdz-jkfit.gbs 
    atoms 2-3    entry O          line   221 file /Users/jmsmith1/anaconda3/envs/jupyterenv/share/psi4/basis/cc-pvdz-jkfit.gbs 
    atoms 7-12   entry H          line    51 file /Users/jmsmith1/anaconda3/envs/jupyterenv/share/psi4/basis/cc-pvdz-jkfit.gbs 

  ==> Integral Setup <==

  DFHelper Memory: AOs need 0.151 GiB; user supplied 3.599 GiB. 
  SCF_SUBTYPE=INCORE selected. In-core MEM_DF algorithm will be used.
  Using in-core AOs.

  ==> MemDFJK: Density-Fitted J/K Matrices <==

    J tasked:                   Yes
    K tasked:                   Yes
    wK tasked:                  Yes
    Omega:                2.000E-01
    OpenMP threads:               4
    Memory [MiB]:              3685
    Algorithm:                 Core
    Schwarz Cutoff:           1E-12
    Mask sparsity (%):       1.5571
    Fitting Condition:        1E-10

   => Auxiliary Basis Set <=

  Basis Set: (6-31G* AUX)
    Blend: CC-PVDZ-JKFIT
    Number of shells: 198
    Number of basis functions: 636
    Number of Cartesian functions: 636
    Spherical Harmonics?: false
    Max angular momentum: 3

  Cached 100.0% of DFT collocation blocks in 0.592 [GiB].

  Minimum eigenvalue in the overlap matrix is 2.9402419437E-03.
  Reciprocal condition number of the overlap matrix is 4.2667258293E-04.
    Using symmetric orthogonalization.

  ==> Pre-Iterations <==

  SCF Guess: Superposition of Atomic Densities via on-the-fly atomic UHF (no occupation information).

   -------------------------
    Irrep   Nso     Nmo    
   -------------------------
     A        102     102 
   -------------------------
    Total     102     102
   -------------------------

  ==> Iterations <==

                           Total Energy        Delta E     RMS |[F,P]|

   @DF-RKS iter SAD:  -300.14624602909720   -3.00146e+02   0.00000e+00 
   @DF-RKS iter   1:  -296.41422404351749    3.73202e+00   3.46866e-02 ADIIS/DIIS
   @DF-RKS iter   2:  -274.57614599711951    2.18381e+01   6.37908e-02 ADIIS/DIIS
   @DF-RKS iter   3:  -304.98462037504385   -3.04085e+01   1.55149e-02 ADIIS/DIIS
   @DF-RKS iter   4:  -304.98813252915835   -3.51215e-03   1.53282e-02 ADIIS/DIIS
   @DF-RKS iter   5:  -306.08559886610544   -1.09747e+00   4.48188e-03 ADIIS/DIIS
   @DF-RKS iter   6:  -306.17894985407349   -9.33510e-02   1.70492e-03 ADIIS/DIIS
   @DF-RKS iter   7:  -306.19303655541597   -1.40867e-02   3.97714e-04 ADIIS/DIIS
   @DF-RKS iter   8:  -306.19368145203981   -6.44897e-04   2.34903e-04 ADIIS/DIIS
   @DF-RKS iter   9:  -306.19388119398093   -1.99742e-04   1.15966e-04 ADIIS/DIIS
   @DF-RKS iter  10:  -306.19394160265148   -6.04087e-05   4.38643e-05 DIIS
   @DF-RKS iter  11:  -306.19395073971890   -9.13707e-06   8.29270e-06 DIIS
   @DF-RKS iter  12:  -306.19395108748461   -3.47766e-07   1.77407e-06 DIIS
   @DF-RKS iter  13:  -306.19395111031236   -2.28277e-08   7.27352e-07 DIIS
   @DF-RKS iter  14:  -306.19395111463592   -4.32357e-09   2.86676e-07 DIIS
   @DF-RKS iter  15:  -306.19395111536488   -7.28960e-10   1.01176e-07 DIIS
   @DF-RKS iter  16:  -306.19395111543486   -6.99742e-11   1.11962e-08 DIIS
  Energy and wave function converged.


  ==> Post-Iterations <==

   Electrons on quadrature grid:
      Ntotal   =   45.9999721281 ; deviation = -2.787e-05 

    Orbital Energies [Eh]
    ---------------------

    Doubly Occupied:                                                      

       1A    -19.415459     2A    -19.248412     3A    -10.410494  
       4A    -10.344133     5A    -10.338437     6A    -10.334397  
       7A     -1.288374     8A     -0.996814     9A     -0.906544  
      10A     -0.837808    11A     -0.749588    12A     -0.640925  
      13A     -0.615661    14A     -0.591668    15A     -0.580405  
      16A     -0.535854    17A     -0.500961    18A     -0.494467  
      19A     -0.492769    20A     -0.451628    21A     -0.395528  
      22A     -0.305782    23A     -0.292092  

    Virtual:                                                              

      24A     -0.024754    25A      0.113020    26A      0.151904  
      27A      0.171495    28A      0.203733    29A      0.222489  
      30A      0.228191    31A      0.238482    32A      0.260565  
      33A      0.313319    34A      0.351732    35A      0.414283  
      36A      0.441156    37A      0.558121    38A      0.586486  
      39A      0.611633    40A      0.657121    41A      0.666034  
      42A      0.682508    43A      0.704796    44A      0.729918  
      45A      0.749604    46A      0.787787    47A      0.808828  
      48A      0.876780    49A      0.896674    50A      0.905531  
      51A      0.919959    52A      0.947895    53A      0.969292  
      54A      0.982954    55A      1.023557    56A      1.028863  
      57A      1.048436    58A      1.122877    59A      1.139926  
      60A      1.180851    61A      1.207676    62A      1.258066  
      63A      1.366889    64A      1.395398    65A      1.418172  
      66A      1.435731    67A      1.525068    68A      1.594760  
      69A      1.639636    70A      1.694528    71A      1.750274  
      72A      1.808435    73A      1.861211    74A      1.914984  
      75A      1.934329    76A      1.943181    77A      1.990521  
      78A      2.005645    79A      2.071847    80A      2.114922  
      81A      2.148088    82A      2.204335    83A      2.287129  
      84A      2.312242    85A      2.345140    86A      2.424129  
      87A      2.456901    88A      2.547401    89A      2.568122  
      90A      2.590153    91A      2.707158    92A      2.772002  
      93A      2.938042    94A      2.946391    95A      3.168617  
      96A      3.266641    97A      3.620902    98A      4.106843  
      99A      4.169875   100A      4.258692   101A      4.345729  
     102A      4.617713  

    Final Occupation by Irrep:
              A 
    DOCC [    23 ]
    NA   [    23 ]
    NB   [    23 ]

  @DF-RKS Final Energy:  -306.19395111543486

   => Energetics <=

    Nuclear Repulsion Energy =            224.1223406006839127
    One-Electron Energy =                -859.9187241059702274
    Two-Electron Energy =                 357.8307713648493404
    DFT Exchange-Correlation Energy =     -28.2239427270258716
    Empirical Dispersion Energy =          -0.0043962479720563
    VV10 Nonlocal Energy =                  0.0000000000000000
    Total Energy =                       -306.1939511154348565

Computation Completed


Properties will be evaluated at   0.000000,   0.000000,   0.000000 [a0]

Properties computed using the SCF density matrix


 Multipole Moments:

 ------------------------------------------------------------------------------------
     Multipole            Electronic (a.u.)      Nuclear  (a.u.)        Total (a.u.)
 ------------------------------------------------------------------------------------

 L = 1.  Multiply by 2.5417464519 to convert [e a0] to [Debye]
 Dipole X            :         -1.5652650           -0.3149203           -1.8801853
 Dipole Y            :          0.6716947            0.0618763            0.7335710
 Dipole Z            :          0.1462328           -0.1276687            0.0185641
 Magnitude           :                                                    2.0183082

 ------------------------------------------------------------------------------------

*** tstop() called on cst14372 at Tue Apr 21 11:14:52 2026
Module time:
	user time   =      27.27 seconds =       0.45 minutes
	system time =       0.43 seconds =       0.01 minutes
	total time  =         13 seconds =       0.22 minutes
Total time:
	user time   =    1747.73 seconds =      29.13 minutes
	system time =      25.57 seconds =       0.43 minutes
	total time  =        845 seconds =      14.08 minutes

Scratch directory: /tmp/
gradient() will perform analytic gradient computation.

*** tstart() called on cst14372
*** at Tue Apr 21 11:14:52 2026


         ------------------------------------------------------------
                                   SCF GRAD                          
                          Rob Parrish, Justin Turney,                
                       Andy Simmonett, and Alex Sokolov              
         ------------------------------------------------------------

  ==> Geometry <==

    Molecular point group: c1
    Full point group: C1

    Geometry (in Angstrom), charge = 0, multiplicity = 1:

       Center              X                  Y                   Z               Mass       
    ------------   -----------------  -----------------  -----------------  -----------------
         C            0.066072635800     0.352546915600     0.021627290700    12.000000000000
         O            1.356992707400     0.307274895900     0.003946794700    15.994914619570
         O            1.995278611100    -0.857730155400    -0.000328875200    15.994914619570
         C           -0.710959278300    -0.874649830000    -0.001410689100    12.000000000000
         C           -2.055153515100    -0.911691140700    -0.027876979500    12.000000000000
         C           -0.530413528400     1.712840186400     0.014273527400    12.000000000000
         H           -0.197984222300    -1.871181499600     0.112677706900     1.007825032230
         H           -2.667009496600     0.040056842800    -0.094113360100     1.007825032230
         H           -2.649762953400    -1.801341842200    -0.074161724800     1.007825032230
         H            0.314032148900     2.425248051600    -0.012989307200     1.007825032230
         H           -1.185956341700     2.021758526000     0.889746598200     1.007825032230
         H           -1.215416209800     1.947568740200    -0.957341534200     1.007825032230

  Nuclear repulsion =  224.122340600683913

  ==> Basis Set <==

  Basis Set: 6-31G*
    Blend: 6-31G*
    Number of shells: 48
    Number of basis functions: 102
    Number of Cartesian functions: 102
    Spherical Harmonics?: false
    Max angular momentum: 2

  ==> DFJKGrad: Density-Fitted SCF Gradients <==

    Gradient:                    1
    J tasked:                  Yes
    K tasked:                  Yes
    wK tasked:                 Yes
    Omega:               2.000E-01
    OpenMP threads:              4
    Integrals threads:           4
    Memory [MiB]:             4291
    Schwarz Cutoff:          1E-12
    Fitting Condition:       1E-10

   => Auxiliary Basis Set <=

  Basis Set: (6-31G* AUX)
    Blend: CC-PVDZ-JKFIT
    Number of shells: 198
    Number of basis functions: 636
    Number of Cartesian functions: 636
    Spherical Harmonics?: false
    Max angular momentum: 3

  ==> DFT Potential <==

   => LibXC <=

    Version 7.0.0
    S. Lehtola, C. Steigemann, M. J.T. Oliveira, and M. A.L. Marques.,  SoftwareX 7, 1–5 (2018) (10.1016/j.softx.2017.11.002)

   => Composite Functional: WB97X-D <= 

    wB97X-D Hyb-GGA Exchange-Correlation Functional

    J.-D. Chai and M. Head-Gordon.,  Phys. Chem. Chem. Phys. 10, 6615-6620 (2008) (10.1039/B810189B)

    Deriv               =              1
    GGA                 =           TRUE
    Meta                =          FALSE

    Exchange Hybrid     =           TRUE
    MP2 Hybrid          =          FALSE

   => Exchange-Correlation Functionals <=

    1.0000   wB97X-D range-separated functional

   => Exact (HF) Exchange <=

    0.7780            HF,LR [omega = 0.2000]
    0.2220               HF 

   => LibXC Density Thresholds  <==

    XC_HYB_GGA_XC_WB97X_D:  1.00E-14 

   => Molecular Quadrature <=

    Radial Scheme          =       TREUTLER
    Pruning Scheme         =           NONE
    Nuclear Scheme         =       TREUTLER

    Blocking Scheme        =         OCTREE
    BS radius alpha        =              1
    Pruning alpha          =              1
    Radial Points          =             75
    Spherical Points       =            302
    Total Points           =         254504
    Total Blocks           =           1925
    Max Points             =            256
    Max Functions          =            100
    Weights Tolerance      =       1.00E-15


  -Total Gradient:
     Atom            X                  Y                   Z
    ------   -----------------  -----------------  -----------------
       1       -0.000691079765     0.016231493817     0.001439690525
       2        0.019691024094    -0.011548757464    -0.002496455857
       3       -0.001120225018     0.005348537120     0.000646816295
       4        0.002597388291     0.034174714467    -0.012805347671
       5        0.007737868438    -0.046192921276     0.008441676352
       6        0.026150178386    -0.038198425423     0.027303203421
       7        0.001691216153    -0.028711620928     0.007070308268
       8       -0.014764120625     0.021216572640    -0.002032587477
       9       -0.000774397507     0.012139448890    -0.003176601382
      10        0.007452966211     0.002096381790     0.001018273615
      11       -0.015457168506     0.017340828316     0.014777208010
      12       -0.032456308269     0.016102340811    -0.040732673864


*** tstop() called on cst14372 at Tue Apr 21 11:14:54 2026
Module time:
	user time   =       4.04 seconds =       0.07 minutes
	system time =       0.10 seconds =       0.00 minutes
	total time  =          2 seconds =       0.03 minutes
Total time:
	user time   =    1751.79 seconds =      29.20 minutes
	system time =      25.67 seconds =       0.43 minutes
	total time  =        847 seconds =      14.12 minutes

Scratch directory: /tmp/
   => Libint2 <=

    Primary   basis highest AM E, G, H:  6, 6, 3
    Auxiliary basis highest AM E, G, H:  7, 7, 4
    Onebody   basis highest AM E, G, H:  -, -, -
    Solid Harmonics ordering:            Gaussian

*** tstart() called on cst14372
*** at Tue Apr 21 11:14:54 2026

   => Loading Basis Set <=

    Name: 6-31G*
    Role: ORBITAL
    Keyword: BASIS
    atoms 1, 4-6 entry C          line   111 file /Users/jmsmith1/anaconda3/envs/jupyterenv/share/psi4/basis/6-31gs.gbs 
    atoms 2-3    entry O          line   145 file /Users/jmsmith1/anaconda3/envs/jupyterenv/share/psi4/basis/6-31gs.gbs 
    atoms 7-12   entry H          line    44 file /Users/jmsmith1/anaconda3/envs/jupyterenv/share/psi4/basis/6-31gs.gbs 

   => WB97X-D: Empirical Dispersion <=

    Chai and Head-Gordon Dispersion Correction
    Chai, J.-D.; Head-Gordon, M. (2010), J. Chem. Phys., 132: 6615-6620

        s6 =       1.000000


         ---------------------------------------------------------
                                   SCF
               by Justin Turney, Rob Parrish, Andy Simmonett
                          and Daniel G. A. Smith
                              RKS Reference
                        4 Threads,   5722 MiB Core
         ---------------------------------------------------------

  ==> Geometry <==

    Molecular point group: c1
    Full point group: C1

    Geometry (in Angstrom), charge = 0, multiplicity = 1:

       Center              X                  Y                   Z               Mass       
    ------------   -----------------  -----------------  -----------------  -----------------
         C            0.066148893600     0.353380091300     0.025955452500    12.000000000000
         O            1.360369324400     0.308059464200     0.004750315700    15.994914619570
         O            1.998997512600    -0.853431167300    -0.000397963100    15.994914619570
         C           -0.710714646600    -0.875330108400    -0.001613419200    12.000000000000
         C           -2.056223636100    -0.917705503400    -0.033520724100    12.000000000000
         C           -0.535030000000     1.710503325200     0.016941770300    12.000000000000
         H           -0.213318517400    -1.886970168300     0.134759744300     1.007825032230
         H           -2.670639079100     0.040226799500    -0.112850042900     1.007825032230
         H           -2.659570446000    -1.799523910200    -0.088790023800     1.007825032230
         H            0.316672687800     2.417902818300    -0.015676576200     1.007825032230
         H           -1.195010463000     2.048275460300     0.889607787300     1.007825032230
         H           -1.228901484700     1.959240509900    -0.968545466700     1.007825032230

  Running in c1 symmetry.

  Rotational constants: A =      0.18381  B =      0.09743  C =      0.06455 [cm^-1]
  Rotational constants: A =   5510.38392  B =   2920.76673  C =   1935.10417 [MHz]
  Nuclear repulsion =  223.769293233834929

  Charge       = 0
  Multiplicity = 1
  Electrons    = 46
  Nalpha       = 23
  Nbeta        = 23

  ==> Algorithm <==

  SCF Algorithm Type is DF.
  DIIS enabled.
  MOM disabled.
  Fractional occupation disabled.
  Guess Type is SAD.
  Energy threshold   = 1.00e-07
  Density threshold  = 1.00e-07
  Integral threshold = 1.00e-12

  ==> Primary Basis <==

  Basis Set: 6-31G*
    Blend: 6-31G*
    Number of shells: 48
    Number of basis functions: 102
    Number of Cartesian functions: 102
    Spherical Harmonics?: false
    Max angular momentum: 2

  ==> DFT Potential <==

   => LibXC <=

    Version 7.0.0
    S. Lehtola, C. Steigemann, M. J.T. Oliveira, and M. A.L. Marques.,  SoftwareX 7, 1–5 (2018) (10.1016/j.softx.2017.11.002)

   => Composite Functional: WB97X-D <= 

    wB97X-D Hyb-GGA Exchange-Correlation Functional

    J.-D. Chai and M. Head-Gordon.,  Phys. Chem. Chem. Phys. 10, 6615-6620 (2008) (10.1039/B810189B)

    Deriv               =              1
    GGA                 =           TRUE
    Meta                =          FALSE

    Exchange Hybrid     =           TRUE
    MP2 Hybrid          =          FALSE

   => Exchange-Correlation Functionals <=

    1.0000   wB97X-D range-separated functional

   => Exact (HF) Exchange <=

    0.7780            HF,LR [omega = 0.2000]
    0.2220               HF 

   => LibXC Density Thresholds  <==

    XC_HYB_GGA_XC_WB97X_D:  1.00E-14 

   => Molecular Quadrature <=

    Radial Scheme          =       TREUTLER
    Pruning Scheme         =           NONE
    Nuclear Scheme         =       TREUTLER

    Blocking Scheme        =         OCTREE
    BS radius alpha        =              1
    Pruning alpha          =              1
    Radial Points          =             75
    Spherical Points       =            302
    Total Points           =         254560
    Total Blocks           =           1939
    Max Points             =            256
    Max Functions          =            100
    Weights Tolerance      =       1.00E-15

   => Loading Basis Set <=

    Name: (6-31G* AUX)
    Role: JKFIT
    Keyword: DF_BASIS_SCF
    atoms 1, 4-6 entry C          line   121 file /Users/jmsmith1/anaconda3/envs/jupyterenv/share/psi4/basis/cc-pvdz-jkfit.gbs 
    atoms 2-3    entry O          line   221 file /Users/jmsmith1/anaconda3/envs/jupyterenv/share/psi4/basis/cc-pvdz-jkfit.gbs 
    atoms 7-12   entry H          line    51 file /Users/jmsmith1/anaconda3/envs/jupyterenv/share/psi4/basis/cc-pvdz-jkfit.gbs 

  ==> Integral Setup <==

  DFHelper Memory: AOs need 0.151 GiB; user supplied 3.599 GiB. 
  SCF_SUBTYPE=INCORE selected. In-core MEM_DF algorithm will be used.
  Using in-core AOs.

  ==> MemDFJK: Density-Fitted J/K Matrices <==

    J tasked:                   Yes
    K tasked:                   Yes
    wK tasked:                  Yes
    Omega:                2.000E-01
    OpenMP threads:               4
    Memory [MiB]:              3685
    Algorithm:                 Core
    Schwarz Cutoff:           1E-12
    Mask sparsity (%):       1.5571
    Fitting Condition:        1E-10

   => Auxiliary Basis Set <=

  Basis Set: (6-31G* AUX)
    Blend: CC-PVDZ-JKFIT
    Number of shells: 198
    Number of basis functions: 636
    Number of Cartesian functions: 636
    Spherical Harmonics?: false
    Max angular momentum: 3

  Cached 100.0% of DFT collocation blocks in 0.591 [GiB].

  Minimum eigenvalue in the overlap matrix is 2.9783471031E-03.
  Reciprocal condition number of the overlap matrix is 4.3340377259E-04.
    Using symmetric orthogonalization.

  ==> Pre-Iterations <==

  SCF Guess: Superposition of Atomic Densities via on-the-fly atomic UHF (no occupation information).

   -------------------------
    Irrep   Nso     Nmo    
   -------------------------
     A        102     102 
   -------------------------
    Total     102     102
   -------------------------

  ==> Iterations <==

                           Total Energy        Delta E     RMS |[F,P]|

   @DF-RKS iter SAD:  -300.10941153529001   -3.00109e+02   0.00000e+00 
   @DF-RKS iter   1:  -296.36180550652500    3.74761e+00   3.46880e-02 ADIIS/DIIS
   @DF-RKS iter   2:  -274.51215122829757    2.18497e+01   6.34523e-02 ADIIS/DIIS
   @DF-RKS iter   3:  -304.99392400838320   -3.04818e+01   1.53840e-02 ADIIS/DIIS
   @DF-RKS iter   4:  -305.16615871480121   -1.72235e-01   1.44089e-02 ADIIS/DIIS
   @DF-RKS iter   5:  -306.07776930059447   -9.11611e-01   4.57127e-03 ADIIS/DIIS
   @DF-RKS iter   6:  -306.17388554422314   -9.61162e-02   1.68428e-03 ADIIS/DIIS
   @DF-RKS iter   7:  -306.18719942062916   -1.33139e-02   4.61210e-04 ADIIS/DIIS
   @DF-RKS iter   8:  -306.18806378170103   -8.64361e-04   2.03938e-04 ADIIS/DIIS
   @DF-RKS iter   9:  -306.18822396810930   -1.60186e-04   1.13339e-04 ADIIS/DIIS
   @DF-RKS iter  10:  -306.18827898530924   -5.50172e-05   4.85556e-05 DIIS
   @DF-RKS iter  11:  -306.18829019168669   -1.12064e-05   8.24993e-06 DIIS
   @DF-RKS iter  12:  -306.18829053310515   -3.41418e-07   1.84165e-06 DIIS
   @DF-RKS iter  13:  -306.18829055728690   -2.41818e-08   7.80397e-07 DIIS
   @DF-RKS iter  14:  -306.18829056214634   -4.85943e-09   3.11341e-07 DIIS
   @DF-RKS iter  15:  -306.18829056295192   -8.05585e-10   1.06696e-07 DIIS
   @DF-RKS iter  16:  -306.18829056302781   -7.58860e-11   9.37122e-09 DIIS
  Energy and wave function converged.


  ==> Post-Iterations <==

   Electrons on quadrature grid:
      Ntotal   =   45.9999730302 ; deviation = -2.697e-05 

    Orbital Energies [Eh]
    ---------------------

    Doubly Occupied:                                                      

       1A    -19.416618     2A    -19.249849     3A    -10.411388  
       4A    -10.346770     5A    -10.338847     6A    -10.335652  
       7A     -1.289524     8A     -0.997340     9A     -0.905619  
      10A     -0.836541    11A     -0.748829    12A     -0.641078  
      13A     -0.614964    14A     -0.591803    15A     -0.580139  
      16A     -0.536146    17A     -0.498921    18A     -0.492808  
      19A     -0.490717    20A     -0.450811    21A     -0.394931  
      22A     -0.306573    23A     -0.292440  

    Virtual:                                                              

      24A     -0.025671    25A      0.110361    26A      0.149174  
      27A      0.170092    28A      0.201128    29A      0.220459  
      30A      0.227561    31A      0.238258    32A      0.259019  
      33A      0.312740    34A      0.350647    35A      0.415972  
      36A      0.442286    37A      0.557329    38A      0.586165  
      39A      0.612164    40A      0.658350    41A      0.663203  
      42A      0.683883    43A      0.705969    44A      0.729005  
      45A      0.749171    46A      0.788614    47A      0.809693  
      48A      0.870699    49A      0.892232    50A      0.904027  
      51A      0.917811    52A      0.946609    53A      0.964561  
      54A      0.978252    55A      1.022635    56A      1.028307  
      57A      1.045554    58A      1.120911    59A      1.137901  
      60A      1.179224    61A      1.205302    62A      1.253445  
      63A      1.364341    64A      1.394586    65A      1.417841  
      66A      1.436824    67A      1.519453    68A      1.599137  
      69A      1.641643    70A      1.691510    71A      1.752128  
      72A      1.804432    73A      1.857613    74A      1.909045  
      75A      1.930047    76A      1.939580    77A      1.979805  
      78A      2.001472    79A      2.070865    80A      2.110934  
      81A      2.143762    82A      2.203599    83A      2.286605  
      84A      2.309029    85A      2.343967    86A      2.421829  
      87A      2.456376    88A      2.545561    89A      2.568954  
      90A      2.587228    91A      2.706726    92A      2.772566  
      93A      2.935075    94A      2.944180    95A      3.164744  
      96A      3.264017    97A      3.618474    98A      4.104424  
      99A      4.167542   100A      4.255418   101A      4.343418  
     102A      4.616372  

    Final Occupation by Irrep:
              A 
    DOCC [    23 ]
    NA   [    23 ]
    NB   [    23 ]

  @DF-RKS Final Energy:  -306.18829056302781

   => Energetics <=

    Nuclear Repulsion Energy =            223.7692932338349294
    One-Electron Energy =                -859.2102130486371152
    Two-Electron Energy =                 357.4673744610608992
    DFT Exchange-Correlation Energy =     -28.2103528987104966
    Empirical Dispersion Energy =          -0.0043923105760329
    VV10 Nonlocal Energy =                  0.0000000000000000
    Total Energy =                       -306.1882905630278060

Computation Completed


Properties will be evaluated at   0.000000,   0.000000,   0.000000 [a0]

Properties computed using the SCF density matrix


 Multipole Moments:

 ------------------------------------------------------------------------------------
     Multipole            Electronic (a.u.)      Nuclear  (a.u.)        Total (a.u.)
 ------------------------------------------------------------------------------------

 L = 1.  Multiply by 2.5417464519 to convert [e a0] to [Debye]
 Dipole X            :         -1.5074675           -0.3604633           -1.8679308
 Dipole Y            :          0.6474487            0.0779790            0.7254277
 Dipole Z            :          0.1738181           -0.1513619            0.0224561
 Magnitude           :                                                    2.0039748

 ------------------------------------------------------------------------------------

*** tstop() called on cst14372 at Tue Apr 21 11:15:07 2026
Module time:
	user time   =      27.23 seconds =       0.45 minutes
	system time =       0.45 seconds =       0.01 minutes
	total time  =         13 seconds =       0.22 minutes
Total time:
	user time   =    1779.04 seconds =      29.65 minutes
	system time =      26.12 seconds =       0.44 minutes
	total time  =        860 seconds =      14.33 minutes

Scratch directory: /tmp/
gradient() will perform analytic gradient computation.

*** tstart() called on cst14372
*** at Tue Apr 21 11:15:07 2026


         ------------------------------------------------------------
                                   SCF GRAD                          
                          Rob Parrish, Justin Turney,                
                       Andy Simmonett, and Alex Sokolov              
         ------------------------------------------------------------

  ==> Geometry <==

    Molecular point group: c1
    Full point group: C1

    Geometry (in Angstrom), charge = 0, multiplicity = 1:

       Center              X                  Y                   Z               Mass       
    ------------   -----------------  -----------------  -----------------  -----------------
         C            0.066148893600     0.353380091300     0.025955452500    12.000000000000
         O            1.360369324400     0.308059464200     0.004750315700    15.994914619570
         O            1.998997512600    -0.853431167300    -0.000397963100    15.994914619570
         C           -0.710714646600    -0.875330108400    -0.001613419200    12.000000000000
         C           -2.056223636100    -0.917705503400    -0.033520724100    12.000000000000
         C           -0.535030000000     1.710503325200     0.016941770300    12.000000000000
         H           -0.213318517400    -1.886970168300     0.134759744300     1.007825032230
         H           -2.670639079100     0.040226799500    -0.112850042900     1.007825032230
         H           -2.659570446000    -1.799523910200    -0.088790023800     1.007825032230
         H            0.316672687800     2.417902818300    -0.015676576200     1.007825032230
         H           -1.195010463000     2.048275460300     0.889607787300     1.007825032230
         H           -1.228901484700     1.959240509900    -0.968545466700     1.007825032230

  Nuclear repulsion =  223.769293233834929

  ==> Basis Set <==

  Basis Set: 6-31G*
    Blend: 6-31G*
    Number of shells: 48
    Number of basis functions: 102
    Number of Cartesian functions: 102
    Spherical Harmonics?: false
    Max angular momentum: 2

  ==> DFJKGrad: Density-Fitted SCF Gradients <==

    Gradient:                    1
    J tasked:                  Yes
    K tasked:                  Yes
    wK tasked:                 Yes
    Omega:               2.000E-01
    OpenMP threads:              4
    Integrals threads:           4
    Memory [MiB]:             4291
    Schwarz Cutoff:          1E-12
    Fitting Condition:       1E-10

   => Auxiliary Basis Set <=

  Basis Set: (6-31G* AUX)
    Blend: CC-PVDZ-JKFIT
    Number of shells: 198
    Number of basis functions: 636
    Number of Cartesian functions: 636
    Spherical Harmonics?: false
    Max angular momentum: 3

  ==> DFT Potential <==

   => LibXC <=

    Version 7.0.0
    S. Lehtola, C. Steigemann, M. J.T. Oliveira, and M. A.L. Marques.,  SoftwareX 7, 1–5 (2018) (10.1016/j.softx.2017.11.002)

   => Composite Functional: WB97X-D <= 

    wB97X-D Hyb-GGA Exchange-Correlation Functional

    J.-D. Chai and M. Head-Gordon.,  Phys. Chem. Chem. Phys. 10, 6615-6620 (2008) (10.1039/B810189B)

    Deriv               =              1
    GGA                 =           TRUE
    Meta                =          FALSE

    Exchange Hybrid     =           TRUE
    MP2 Hybrid          =          FALSE

   => Exchange-Correlation Functionals <=

    1.0000   wB97X-D range-separated functional

   => Exact (HF) Exchange <=

    0.7780            HF,LR [omega = 0.2000]
    0.2220               HF 

   => LibXC Density Thresholds  <==

    XC_HYB_GGA_XC_WB97X_D:  1.00E-14 

   => Molecular Quadrature <=

    Radial Scheme          =       TREUTLER
    Pruning Scheme         =           NONE
    Nuclear Scheme         =       TREUTLER

    Blocking Scheme        =         OCTREE
    BS radius alpha        =              1
    Pruning alpha          =              1
    Radial Points          =             75
    Spherical Points       =            302
    Total Points           =         254560
    Total Blocks           =           1939
    Max Points             =            256
    Max Functions          =            100
    Weights Tolerance      =       1.00E-15


  -Total Gradient:
     Atom            X                  Y                   Z
    ------   -----------------  -----------------  -----------------
       1       -0.000699912685     0.019033130426     0.001695844054
       2        0.023301062298    -0.013766001875    -0.002982051231
       3       -0.001383401572     0.006454593131     0.000759659077
       4        0.003782811693     0.040131014870    -0.015503796188
       5        0.008556281326    -0.052732870809     0.010270070076
       6        0.028217692204    -0.044781201357     0.029397389534
       7        0.001289064605    -0.033564945678     0.008810096311
       8       -0.016729933352     0.023894434539    -0.002641342346
       9       -0.001317863895     0.013654190739    -0.003748520877
      10        0.008822331803     0.002253728377     0.001127947724
      11       -0.018034071261     0.020893132586     0.016995883163
      12       -0.035824779343     0.018570066186    -0.044733937583


*** tstop() called on cst14372 at Tue Apr 21 11:15:09 2026
Module time:
	user time   =       3.96 seconds =       0.07 minutes
	system time =       0.09 seconds =       0.00 minutes
	total time  =          2 seconds =       0.03 minutes
Total time:
	user time   =    1783.01 seconds =      29.72 minutes
	system time =      26.21 seconds =       0.44 minutes
	total time  =        862 seconds =      14.37 minutes

Scratch directory: /tmp/
   => Libint2 <=

    Primary   basis highest AM E, G, H:  6, 6, 3
    Auxiliary basis highest AM E, G, H:  7, 7, 4
    Onebody   basis highest AM E, G, H:  -, -, -
    Solid Harmonics ordering:            Gaussian

*** tstart() called on cst14372
*** at Tue Apr 21 11:15:09 2026

   => Loading Basis Set <=

    Name: 6-31G*
    Role: ORBITAL
    Keyword: BASIS
    atoms 1, 4-6 entry C          line   111 file /Users/jmsmith1/anaconda3/envs/jupyterenv/share/psi4/basis/6-31gs.gbs 
    atoms 2-3    entry O          line   145 file /Users/jmsmith1/anaconda3/envs/jupyterenv/share/psi4/basis/6-31gs.gbs 
    atoms 7-12   entry H          line    44 file /Users/jmsmith1/anaconda3/envs/jupyterenv/share/psi4/basis/6-31gs.gbs 

   => WB97X-D: Empirical Dispersion <=

    Chai and Head-Gordon Dispersion Correction
    Chai, J.-D.; Head-Gordon, M. (2010), J. Chem. Phys., 132: 6615-6620

        s6 =       1.000000


         ---------------------------------------------------------
                                   SCF
               by Justin Turney, Rob Parrish, Andy Simmonett
                          and Daniel G. A. Smith
                              RKS Reference
                        4 Threads,   5722 MiB Core
         ---------------------------------------------------------

  ==> Geometry <==

    Molecular point group: c1
    Full point group: C1

    Geometry (in Angstrom), charge = 0, multiplicity = 1:

       Center              X                  Y                   Z               Mass       
    ------------   -----------------  -----------------  -----------------  -----------------
         C            0.066227268000     0.354159191200     0.030283890800    12.000000000000
         O            1.363699368300     0.308874876000     0.005561277000    15.994914619570
         O            2.002723873200    -0.849141052000    -0.000468784100    15.994914619570
         C           -0.710480667800    -0.876127323400    -0.001771530800    12.000000000000
         C           -2.057319796900    -0.923574482900    -0.039200944900    12.000000000000
         C           -0.539733650300     1.708293242900     0.019528145200    12.000000000000
         H           -0.228715622700    -1.901620465700     0.156564465700     1.007825032230
         H           -2.673696179800     0.039573107400    -0.131518094700     1.007825032230
         H           -2.669344245800    -1.798174581600    -0.103306597300     1.007825032230
         H            0.319012205400     2.410471082200    -0.018405953900     1.007825032230
         H           -1.203453633900     2.074103781000     0.888882812000     1.007825032230
         H           -1.241167713300     1.970285983800    -0.978220443300     1.007825032230

  Running in c1 symmetry.

  Rotational constants: A =      0.18349  B =      0.09706  C =      0.06436 [cm^-1]
  Rotational constants: A =   5501.02492  B =   2909.64478  C =   1929.57366 [MHz]
  Nuclear repulsion =  223.430511457201959

  Charge       = 0
  Multiplicity = 1
  Electrons    = 46
  Nalpha       = 23
  Nbeta        = 23

  ==> Algorithm <==

  SCF Algorithm Type is DF.
  DIIS enabled.
  MOM disabled.
  Fractional occupation disabled.
  Guess Type is SAD.
  Energy threshold   = 1.00e-07
  Density threshold  = 1.00e-07
  Integral threshold = 1.00e-12

  ==> Primary Basis <==

  Basis Set: 6-31G*
    Blend: 6-31G*
    Number of shells: 48
    Number of basis functions: 102
    Number of Cartesian functions: 102
    Spherical Harmonics?: false
    Max angular momentum: 2

  ==> DFT Potential <==

   => LibXC <=

    Version 7.0.0
    S. Lehtola, C. Steigemann, M. J.T. Oliveira, and M. A.L. Marques.,  SoftwareX 7, 1–5 (2018) (10.1016/j.softx.2017.11.002)

   => Composite Functional: WB97X-D <= 

    wB97X-D Hyb-GGA Exchange-Correlation Functional

    J.-D. Chai and M. Head-Gordon.,  Phys. Chem. Chem. Phys. 10, 6615-6620 (2008) (10.1039/B810189B)

    Deriv               =              1
    GGA                 =           TRUE
    Meta                =          FALSE

    Exchange Hybrid     =           TRUE
    MP2 Hybrid          =          FALSE

   => Exchange-Correlation Functionals <=

    1.0000   wB97X-D range-separated functional

   => Exact (HF) Exchange <=

    0.7780            HF,LR [omega = 0.2000]
    0.2220               HF 

   => LibXC Density Thresholds  <==

    XC_HYB_GGA_XC_WB97X_D:  1.00E-14 

   => Molecular Quadrature <=

    Radial Scheme          =       TREUTLER
    Pruning Scheme         =           NONE
    Nuclear Scheme         =       TREUTLER

    Blocking Scheme        =         OCTREE
    BS radius alpha        =              1
    Pruning alpha          =              1
    Radial Points          =             75
    Spherical Points       =            302
    Total Points           =         254624
    Total Blocks           =           1940
    Max Points             =            256
    Max Functions          =            100
    Weights Tolerance      =       1.00E-15

   => Loading Basis Set <=

    Name: (6-31G* AUX)
    Role: JKFIT
    Keyword: DF_BASIS_SCF
    atoms 1, 4-6 entry C          line   121 file /Users/jmsmith1/anaconda3/envs/jupyterenv/share/psi4/basis/cc-pvdz-jkfit.gbs 
    atoms 2-3    entry O          line   221 file /Users/jmsmith1/anaconda3/envs/jupyterenv/share/psi4/basis/cc-pvdz-jkfit.gbs 
    atoms 7-12   entry H          line    51 file /Users/jmsmith1/anaconda3/envs/jupyterenv/share/psi4/basis/cc-pvdz-jkfit.gbs 

  ==> Integral Setup <==

  DFHelper Memory: AOs need 0.151 GiB; user supplied 3.600 GiB. 
  SCF_SUBTYPE=INCORE selected. In-core MEM_DF algorithm will be used.
  Using in-core AOs.

  ==> MemDFJK: Density-Fitted J/K Matrices <==

    J tasked:                   Yes
    K tasked:                   Yes
    wK tasked:                  Yes
    Omega:                2.000E-01
    OpenMP threads:               4
    Memory [MiB]:              3686
    Algorithm:                 Core
    Schwarz Cutoff:           1E-12
    Mask sparsity (%):       1.6340
    Fitting Condition:        1E-10

   => Auxiliary Basis Set <=

  Basis Set: (6-31G* AUX)
    Blend: CC-PVDZ-JKFIT
    Number of shells: 198
    Number of basis functions: 636
    Number of Cartesian functions: 636
    Spherical Harmonics?: false
    Max angular momentum: 3

  Cached 100.0% of DFT collocation blocks in 0.591 [GiB].

  Minimum eigenvalue in the overlap matrix is 3.0078218169E-03.
  Reciprocal condition number of the overlap matrix is 4.3883822042E-04.
    Using symmetric orthogonalization.

  ==> Pre-Iterations <==

  SCF Guess: Superposition of Atomic Densities via on-the-fly atomic UHF (no occupation information).

   -------------------------
    Irrep   Nso     Nmo    
   -------------------------
     A        102     102 
   -------------------------
    Total     102     102
   -------------------------

  ==> Iterations <==

                           Total Energy        Delta E     RMS |[F,P]|

   @DF-RKS iter SAD:  -300.07534136943946   -3.00075e+02   0.00000e+00 
   @DF-RKS iter   1:  -296.31453149104749    3.76081e+00   3.46854e-02 ADIIS/DIIS
   @DF-RKS iter   2:  -274.39893202772276    2.19156e+01   6.34435e-02 ADIIS/DIIS
   @DF-RKS iter   3:  -304.97318758768500   -3.05743e+01   1.54322e-02 ADIIS/DIIS
   @DF-RKS iter   4:  -305.17194734107892   -1.98760e-01   1.43328e-02 ADIIS/DIIS
   @DF-RKS iter   5:  -306.06796761249365   -8.96020e-01   4.65243e-03 ADIIS/DIIS
   @DF-RKS iter   6:  -306.16769448501589   -9.97269e-02   1.69946e-03 ADIIS/DIIS
   @DF-RKS iter   7:  -306.18117731530231   -1.34828e-02   4.80299e-04 ADIIS/DIIS
   @DF-RKS iter   8:  -306.18211766334719   -9.40348e-04   2.03527e-04 ADIIS/DIIS
   @DF-RKS iter   9:  -306.18227943835092   -1.61775e-04   1.13339e-04 ADIIS/DIIS
   @DF-RKS iter  10:  -306.18233455235878   -5.51140e-05   4.88438e-05 DIIS
   @DF-RKS iter  11:  -306.18234593043729   -1.13781e-05   8.04015e-06 DIIS
   @DF-RKS iter  12:  -306.18234625574917   -3.25312e-07   1.70868e-06 DIIS
   @DF-RKS iter  13:  -306.18234627737331   -2.16241e-08   7.34694e-07 DIIS
   @DF-RKS iter  14:  -306.18234628173423   -4.36091e-09   2.98040e-07 DIIS
   @DF-RKS iter  15:  -306.18234628247592   -7.41693e-10   1.05391e-07 DIIS
   @DF-RKS iter  16:  -306.18234628255300   -7.70797e-11   1.03082e-08 DIIS
  Energy and wave function converged.


  ==> Post-Iterations <==

   Electrons on quadrature grid:
      Ntotal   =   45.9999766177 ; deviation = -2.338e-05 

    Orbital Energies [Eh]
    ---------------------

    Doubly Occupied:                                                      

       1A    -19.417765     2A    -19.251277     3A    -10.412282  
       4A    -10.349150     5A    -10.339269     6A    -10.336878  
       7A     -1.290701     8A     -0.997843     9A     -0.904739  
      10A     -0.835453    11A     -0.748131    12A     -0.641302  
      13A     -0.614298    14A     -0.591954    15A     -0.579984  
      16A     -0.536303    17A     -0.497459    18A     -0.491724  
      19A     -0.488212    20A     -0.449732    21A     -0.394314  
      22A     -0.307366    23A     -0.292789  

    Virtual:                                                              

      24A     -0.026578    25A      0.107704    26A      0.146568  
      27A      0.168774    28A      0.198628    29A      0.218603  
      30A      0.227019    31A      0.237882    32A      0.257510  
      33A      0.312283    34A      0.349609    35A      0.417506  
      36A      0.443259    37A      0.556649    38A      0.585895  
      39A      0.612626    40A      0.658283    41A      0.661394  
      42A      0.685257    43A      0.707005    44A      0.728082  
      45A      0.749043    46A      0.788749    47A      0.811380  
      48A      0.865815    49A      0.888081    50A      0.902520  
      51A      0.915777    52A      0.945336    53A      0.960007  
      54A      0.973984    55A      1.021819    56A      1.027797  
      57A      1.042906    58A      1.118751    59A      1.136043  
      60A      1.177462    61A      1.203135    62A      1.248442  
      63A      1.362118    64A      1.393380    65A      1.417622  
      66A      1.437971    67A      1.513650    68A      1.602753  
      69A      1.643779    70A      1.688756    71A      1.753894  
      72A      1.800407    73A      1.854128    74A      1.902602  
      75A      1.925286    76A      1.936068    77A      1.970064  
      78A      1.997622    79A      2.070010    80A      2.107727  
      81A      2.139979    82A      2.203200    83A      2.286052  
      84A      2.306230    85A      2.342410    86A      2.419955  
      87A      2.455939    88A      2.543676    89A      2.569621  
      90A      2.584253    91A      2.706344    92A      2.773070  
      93A      2.932128    94A      2.942123    95A      3.160711  
      96A      3.261229    97A      3.616102    98A      4.102117  
      99A      4.165169   100A      4.252324   101A      4.341116  
     102A      4.614864  

    Final Occupation by Irrep:
              A 
    DOCC [    23 ]
    NA   [    23 ]
    NB   [    23 ]

  @DF-RKS Final Energy:  -306.18234628255300

   => Energetics <=

    Nuclear Repulsion Energy =            223.4305114572019590
    One-Electron Energy =                -858.5280474018221639
    Two-Electron Energy =                 357.1172340959291205
    DFT Exchange-Correlation Energy =     -28.1976571838621837
    Empirical Dispersion Energy =          -0.0043872499997343
    VV10 Nonlocal Energy =                  0.0000000000000000
    Total Energy =                       -306.1823462825529987

Computation Completed


Properties will be evaluated at   0.000000,   0.000000,   0.000000 [a0]

Properties computed using the SCF density matrix


 Multipole Moments:

 ------------------------------------------------------------------------------------
     Multipole            Electronic (a.u.)      Nuclear  (a.u.)        Total (a.u.)
 ------------------------------------------------------------------------------------

 L = 1.  Multiply by 2.5417464519 to convert [e a0] to [Debye]
 Dipole X            :         -1.4518364           -0.4040619           -1.8558983
 Dipole Y            :          0.6253669            0.0926216            0.7179886
 Dipole Z            :          0.2004264           -0.1742828            0.0261436
 Magnitude           :                                                    1.9901130

 ------------------------------------------------------------------------------------

*** tstop() called on cst14372 at Tue Apr 21 11:15:22 2026
Module time:
	user time   =      27.24 seconds =       0.45 minutes
	system time =       0.45 seconds =       0.01 minutes
	total time  =         13 seconds =       0.22 minutes
Total time:
	user time   =    1810.27 seconds =      30.17 minutes
	system time =      26.67 seconds =       0.44 minutes
	total time  =        875 seconds =      14.58 minutes

Scratch directory: /tmp/
gradient() will perform analytic gradient computation.

*** tstart() called on cst14372
*** at Tue Apr 21 11:15:22 2026


         ------------------------------------------------------------
                                   SCF GRAD                          
                          Rob Parrish, Justin Turney,                
                       Andy Simmonett, and Alex Sokolov              
         ------------------------------------------------------------

  ==> Geometry <==

    Molecular point group: c1
    Full point group: C1

    Geometry (in Angstrom), charge = 0, multiplicity = 1:

       Center              X                  Y                   Z               Mass       
    ------------   -----------------  -----------------  -----------------  -----------------
         C            0.066227268000     0.354159191200     0.030283890800    12.000000000000
         O            1.363699368300     0.308874876000     0.005561277000    15.994914619570
         O            2.002723873200    -0.849141052000    -0.000468784100    15.994914619570
         C           -0.710480667800    -0.876127323400    -0.001771530800    12.000000000000
         C           -2.057319796900    -0.923574482900    -0.039200944900    12.000000000000
         C           -0.539733650300     1.708293242900     0.019528145200    12.000000000000
         H           -0.228715622700    -1.901620465700     0.156564465700     1.007825032230
         H           -2.673696179800     0.039573107400    -0.131518094700     1.007825032230
         H           -2.669344245800    -1.798174581600    -0.103306597300     1.007825032230
         H            0.319012205400     2.410471082200    -0.018405953900     1.007825032230
         H           -1.203453633900     2.074103781000     0.888882812000     1.007825032230
         H           -1.241167713300     1.970285983800    -0.978220443300     1.007825032230

  Nuclear repulsion =  223.430511457201959

  ==> Basis Set <==

  Basis Set: 6-31G*
    Blend: 6-31G*
    Number of shells: 48
    Number of basis functions: 102
    Number of Cartesian functions: 102
    Spherical Harmonics?: false
    Max angular momentum: 2

  ==> DFJKGrad: Density-Fitted SCF Gradients <==

    Gradient:                    1
    J tasked:                  Yes
    K tasked:                  Yes
    wK tasked:                 Yes
    Omega:               2.000E-01
    OpenMP threads:              4
    Integrals threads:           4
    Memory [MiB]:             4291
    Schwarz Cutoff:          1E-12
    Fitting Condition:       1E-10

   => Auxiliary Basis Set <=

  Basis Set: (6-31G* AUX)
    Blend: CC-PVDZ-JKFIT
    Number of shells: 198
    Number of basis functions: 636
    Number of Cartesian functions: 636
    Spherical Harmonics?: false
    Max angular momentum: 3

  ==> DFT Potential <==

   => LibXC <=

    Version 7.0.0
    S. Lehtola, C. Steigemann, M. J.T. Oliveira, and M. A.L. Marques.,  SoftwareX 7, 1–5 (2018) (10.1016/j.softx.2017.11.002)

   => Composite Functional: WB97X-D <= 

    wB97X-D Hyb-GGA Exchange-Correlation Functional

    J.-D. Chai and M. Head-Gordon.,  Phys. Chem. Chem. Phys. 10, 6615-6620 (2008) (10.1039/B810189B)

    Deriv               =              1
    GGA                 =           TRUE
    Meta                =          FALSE

    Exchange Hybrid     =           TRUE
    MP2 Hybrid          =          FALSE

   => Exchange-Correlation Functionals <=

    1.0000   wB97X-D range-separated functional

   => Exact (HF) Exchange <=

    0.7780            HF,LR [omega = 0.2000]
    0.2220               HF 

   => LibXC Density Thresholds  <==

    XC_HYB_GGA_XC_WB97X_D:  1.00E-14 

   => Molecular Quadrature <=

    Radial Scheme          =       TREUTLER
    Pruning Scheme         =           NONE
    Nuclear Scheme         =       TREUTLER

    Blocking Scheme        =         OCTREE
    BS radius alpha        =              1
    Pruning alpha          =              1
    Radial Points          =             75
    Spherical Points       =            302
    Total Points           =         254624
    Total Blocks           =           1940
    Max Points             =            256
    Max Functions          =            100
    Weights Tolerance      =       1.00E-15


  -Total Gradient:
     Atom            X                  Y                   Z
    ------   -----------------  -----------------  -----------------
       1       -0.000650509321     0.021663761766     0.001947163960
       2        0.026809882920    -0.015948040519    -0.003462054236
       3       -0.001633813285     0.007592384833     0.000871137043
       4        0.005216599401     0.045512300665    -0.018158278235
       5        0.009210159057    -0.058233558294     0.012109767007
       6        0.029486321143    -0.050859993473     0.030968569185
       7        0.000593048853    -0.037869964539     0.010582656583
       8       -0.018345324145     0.026019624619    -0.003265750160
       9       -0.002063563529     0.014762562635    -0.004314539429
      10        0.010083377540     0.002285051299     0.001206231892
      11       -0.020329682179     0.024303689164     0.018832526270
      12       -0.038472639915     0.020795175740    -0.047790097003


*** tstop() called on cst14372 at Tue Apr 21 11:15:24 2026
Module time:
	user time   =       3.99 seconds =       0.07 minutes
	system time =       0.09 seconds =       0.00 minutes
	total time  =          2 seconds =       0.03 minutes
Total time:
	user time   =    1814.28 seconds =      30.24 minutes
	system time =      26.76 seconds =       0.45 minutes
	total time  =        877 seconds =      14.62 minutes

Scratch directory: /tmp/
   => Libint2 <=

    Primary   basis highest AM E, G, H:  6, 6, 3
    Auxiliary basis highest AM E, G, H:  7, 7, 4
    Onebody   basis highest AM E, G, H:  -, -, -
    Solid Harmonics ordering:            Gaussian

*** tstart() called on cst14372
*** at Tue Apr 21 11:15:24 2026

   => Loading Basis Set <=

    Name: 6-31G*
    Role: ORBITAL
    Keyword: BASIS
    atoms 1, 4-6 entry C          line   111 file /Users/jmsmith1/anaconda3/envs/jupyterenv/share/psi4/basis/6-31gs.gbs 
    atoms 2-3    entry O          line   145 file /Users/jmsmith1/anaconda3/envs/jupyterenv/share/psi4/basis/6-31gs.gbs 
    atoms 7-12   entry H          line    44 file /Users/jmsmith1/anaconda3/envs/jupyterenv/share/psi4/basis/6-31gs.gbs 

   => WB97X-D: Empirical Dispersion <=

    Chai and Head-Gordon Dispersion Correction
    Chai, J.-D.; Head-Gordon, M. (2010), J. Chem. Phys., 132: 6615-6620

        s6 =       1.000000


         ---------------------------------------------------------
                                   SCF
               by Justin Turney, Rob Parrish, Andy Simmonett
                          and Daniel G. A. Smith
                              RKS Reference
                        4 Threads,   5722 MiB Core
         ---------------------------------------------------------

  ==> Geometry <==

    Molecular point group: c1
    Full point group: C1

    Geometry (in Angstrom), charge = 0, multiplicity = 1:

       Center              X                  Y                   Z               Mass       
    ------------   -----------------  -----------------  -----------------  -----------------
         C            0.066307631000     0.354876655900     0.034612557400    12.000000000000
         O            1.366975679200     0.309726039000     0.006380858000    15.994914619570
         O            2.006458830800    -0.844861619800    -0.000541593500    15.994914619570
         C           -0.710261467800    -0.877057321600    -0.001877310300    12.000000000000
         C           -2.058444094800    -0.929282896100    -0.044923903000    12.000000000000
         C           -0.544528999400     1.706227345300     0.022028406900    12.000000000000
         H           -0.244154033300    -1.914984793000     0.178033816400     1.007825032230
         H           -2.676124846600     0.038021333200    -0.150098825200     1.007825032230
         H           -2.679060129800    -1.797332461100    -0.117694062300     1.007825032230
         H            0.321007201500     2.402950487400    -0.021180621400     1.007825032230
         H           -1.211207242800     2.099129058800     0.887507480100     1.007825032230
         H           -1.252123961300     1.980629369600    -0.986260649100     1.007825032230

  Running in c1 symmetry.

  Rotational constants: A =      0.18319  B =      0.09669  C =      0.06418 [cm^-1]
  Rotational constants: A =   5491.88292  B =   2898.70366  C =   1924.11364 [MHz]
  Nuclear repulsion =  223.107294114164205

  Charge       = 0
  Multiplicity = 1
  Electrons    = 46
  Nalpha       = 23
  Nbeta        = 23

  ==> Algorithm <==

  SCF Algorithm Type is DF.
  DIIS enabled.
  MOM disabled.
  Fractional occupation disabled.
  Guess Type is SAD.
  Energy threshold   = 1.00e-07
  Density threshold  = 1.00e-07
  Integral threshold = 1.00e-12

  ==> Primary Basis <==

  Basis Set: 6-31G*
    Blend: 6-31G*
    Number of shells: 48
    Number of basis functions: 102
    Number of Cartesian functions: 102
    Spherical Harmonics?: false
    Max angular momentum: 2

  ==> DFT Potential <==

   => LibXC <=

    Version 7.0.0
    S. Lehtola, C. Steigemann, M. J.T. Oliveira, and M. A.L. Marques.,  SoftwareX 7, 1–5 (2018) (10.1016/j.softx.2017.11.002)

   => Composite Functional: WB97X-D <= 

    wB97X-D Hyb-GGA Exchange-Correlation Functional

    J.-D. Chai and M. Head-Gordon.,  Phys. Chem. Chem. Phys. 10, 6615-6620 (2008) (10.1039/B810189B)

    Deriv               =              1
    GGA                 =           TRUE
    Meta                =          FALSE

    Exchange Hybrid     =           TRUE
    MP2 Hybrid          =          FALSE

   => Exchange-Correlation Functionals <=

    1.0000   wB97X-D range-separated functional

   => Exact (HF) Exchange <=

    0.7780            HF,LR [omega = 0.2000]
    0.2220               HF 

   => LibXC Density Thresholds  <==

    XC_HYB_GGA_XC_WB97X_D:  1.00E-14 

   => Molecular Quadrature <=

    Radial Scheme          =       TREUTLER
    Pruning Scheme         =           NONE
    Nuclear Scheme         =       TREUTLER

    Blocking Scheme        =         OCTREE
    BS radius alpha        =              1
    Pruning alpha          =              1
    Radial Points          =             75
    Spherical Points       =            302
    Total Points           =         254691
    Total Blocks           =           1933
    Max Points             =            256
    Max Functions          =            100
    Weights Tolerance      =       1.00E-15

   => Loading Basis Set <=

    Name: (6-31G* AUX)
    Role: JKFIT
    Keyword: DF_BASIS_SCF
    atoms 1, 4-6 entry C          line   121 file /Users/jmsmith1/anaconda3/envs/jupyterenv/share/psi4/basis/cc-pvdz-jkfit.gbs 
    atoms 2-3    entry O          line   221 file /Users/jmsmith1/anaconda3/envs/jupyterenv/share/psi4/basis/cc-pvdz-jkfit.gbs 
    atoms 7-12   entry H          line    51 file /Users/jmsmith1/anaconda3/envs/jupyterenv/share/psi4/basis/cc-pvdz-jkfit.gbs 

  ==> Integral Setup <==

  DFHelper Memory: AOs need 0.151 GiB; user supplied 3.601 GiB. 
  SCF_SUBTYPE=INCORE selected. In-core MEM_DF algorithm will be used.
  Using in-core AOs.

  ==> MemDFJK: Density-Fitted J/K Matrices <==

    J tasked:                   Yes
    K tasked:                   Yes
    wK tasked:                  Yes
    Omega:                2.000E-01
    OpenMP threads:               4
    Memory [MiB]:              3686
    Algorithm:                 Core
    Schwarz Cutoff:           1E-12
    Mask sparsity (%):       1.6724
    Fitting Condition:        1E-10

   => Auxiliary Basis Set <=

  Basis Set: (6-31G* AUX)
    Blend: CC-PVDZ-JKFIT
    Number of shells: 198
    Number of basis functions: 636
    Number of Cartesian functions: 636
    Spherical Harmonics?: false
    Max angular momentum: 3

  Cached 100.0% of DFT collocation blocks in 0.590 [GiB].

  Minimum eigenvalue in the overlap matrix is 3.0304853883E-03.
  Reciprocal condition number of the overlap matrix is 4.4322897011E-04.
    Using symmetric orthogonalization.

  ==> Pre-Iterations <==

  SCF Guess: Superposition of Atomic Densities via on-the-fly atomic UHF (no occupation information).

   -------------------------
    Irrep   Nso     Nmo    
   -------------------------
     A        102     102 
   -------------------------
    Total     102     102
   -------------------------

  ==> Iterations <==

                           Total Energy        Delta E     RMS |[F,P]|

   @DF-RKS iter SAD:  -300.04439572944938   -3.00044e+02   0.00000e+00 
   @DF-RKS iter   1:  -296.27294675734885    3.77145e+00   3.46789e-02 ADIIS/DIIS
   @DF-RKS iter   2:  -274.29940430955941    2.19735e+01   6.34722e-02 ADIIS/DIIS
   @DF-RKS iter   3:  -304.94835558641131   -3.06490e+01   1.55031e-02 ADIIS/DIIS
   @DF-RKS iter   4:  -305.14901316239201   -2.00658e-01   1.44086e-02 ADIIS/DIIS
   @DF-RKS iter   5:  -306.05711342241227   -9.08100e-01   4.74331e-03 ADIIS/DIIS
   @DF-RKS iter   6:  -306.16127969291767   -1.04166e-01   1.72081e-03 ADIIS/DIIS
   @DF-RKS iter   7:  -306.17508959713865   -1.38099e-02   4.95635e-04 ADIIS/DIIS
   @DF-RKS iter   8:  -306.17609547606196   -1.00588e-03   2.08014e-04 ADIIS/DIIS
   @DF-RKS iter   9:  -306.17626612295464   -1.70647e-04   1.14260e-04 ADIIS/DIIS
   @DF-RKS iter  10:  -306.17632268176897   -5.65588e-05   4.87708e-05 DIIS
   @DF-RKS iter  11:  -306.17633406684092   -1.13851e-05   7.91997e-06 DIIS
   @DF-RKS iter  12:  -306.17633438388998   -3.17049e-07   1.55162e-06 DIIS
   @DF-RKS iter  13:  -306.17633440287432   -1.89843e-08   6.71370e-07 DIIS
   @DF-RKS iter  14:  -306.17633440662661   -3.75229e-09   2.77415e-07 DIIS
   @DF-RKS iter  15:  -306.17633440729577   -6.69161e-10   1.02975e-07 DIIS
   @DF-RKS iter  16:  -306.17633440737239   -7.66249e-11   1.23405e-08 DIIS
  Energy and wave function converged.


  ==> Post-Iterations <==

   Electrons on quadrature grid:
      Ntotal   =   45.9999809759 ; deviation = -1.902e-05 

    Orbital Energies [Eh]
    ---------------------

    Doubly Occupied:                                                      

       1A    -19.418890     2A    -19.252689     3A    -10.413170  
       4A    -10.351251     5A    -10.339699     6A    -10.338043  
       7A     -1.291891     8A     -0.998312     9A     -0.903902  
      10A     -0.834534    11A     -0.747487    12A     -0.641585  
      13A     -0.613687    14A     -0.592126    15A     -0.579916  
      16A     -0.536333    17A     -0.496693    18A     -0.490493  
      19A     -0.485848    20A     -0.448478    21A     -0.393678  
      22A     -0.308156    23A     -0.293135  

    Virtual:                                                              

      24A     -0.027461    25A      0.105120    26A      0.144138  
      27A      0.167543    28A      0.196371    29A      0.216920  
      30A      0.226527    31A      0.237355    32A      0.256097  
      33A      0.311913    34A      0.348623    35A      0.418871  
      36A      0.444076    37A      0.556096    38A      0.585675  
      39A      0.613005    40A      0.656126    41A      0.661476  
      42A      0.686570    43A      0.707906    44A      0.727166  
      45A      0.749168    46A      0.788593    47A      0.813500  
      48A      0.861986    49A      0.884284    50A      0.901089  
      51A      0.913864    52A      0.944020    53A      0.955741  
      54A      0.970197    55A      1.021065    56A      1.027282  
      57A      1.040451    58A      1.116388    59A      1.134400  
      60A      1.175612    61A      1.201137    62A      1.243221  
      63A      1.360171    64A      1.391942    65A      1.417374  
      66A      1.439183    67A      1.507833    68A      1.605614  
      69A      1.645734    70A      1.686527    71A      1.755558  
      72A      1.796386    73A      1.850828    74A      1.895686  
      75A      1.920096    76A      1.932586    77A      1.961966  
      78A      1.994074    79A      2.069242    80A      2.104918  
      81A      2.136982    82A      2.203064    83A      2.285512  
      84A      2.303769    85A      2.340537    86A      2.418416  
      87A      2.455597    88A      2.541749    89A      2.570112  
      90A      2.581280    91A      2.706006    92A      2.773459  
      93A      2.929221    94A      2.940189    95A      3.156549  
      96A      3.258295    97A      3.613792    98A      4.099939  
      99A      4.162754   100A      4.249412   101A      4.338842  
     102A      4.613206  

    Final Occupation by Irrep:
              A 
    DOCC [    23 ]
    NA   [    23 ]
    NB   [    23 ]

  @DF-RKS Final Energy:  -306.17633440737239

   => Energetics <=

    Nuclear Repulsion Energy =            223.1072941141642048
    One-Electron Energy =                -857.8753132059165409
    Two-Electron Energy =                 356.7820278911451055
    DFT Exchange-Correlation Energy =     -28.1859621984412954
    Empirical Dispersion Energy =          -0.0043810083238918
    VV10 Nonlocal Energy =                  0.0000000000000000
    Total Energy =                       -306.1763344073723943

Computation Completed


Properties will be evaluated at   0.000000,   0.000000,   0.000000 [a0]

Properties computed using the SCF density matrix


 Multipole Moments:

 ------------------------------------------------------------------------------------
     Multipole            Electronic (a.u.)      Nuclear  (a.u.)        Total (a.u.)
 ------------------------------------------------------------------------------------

 L = 1.  Multiply by 2.5417464519 to convert [e a0] to [Debye]
 Dipole X            :         -1.3988163           -0.4455001           -1.8443164
 Dipole Y            :          0.6057647            0.1056566            0.7114213
 Dipole Z            :          0.2259225           -0.1964186            0.0295039
 Magnitude           :                                                    1.9769911

 ------------------------------------------------------------------------------------

*** tstop() called on cst14372 at Tue Apr 21 11:15:38 2026
Module time:
	user time   =      27.21 seconds =       0.45 minutes
	system time =       0.47 seconds =       0.01 minutes
	total time  =         14 seconds =       0.23 minutes
Total time:
	user time   =    1841.52 seconds =      30.69 minutes
	system time =      27.24 seconds =       0.45 minutes
	total time  =        891 seconds =      14.85 minutes

Scratch directory: /tmp/
gradient() will perform analytic gradient computation.

*** tstart() called on cst14372
*** at Tue Apr 21 11:15:38 2026


         ------------------------------------------------------------
                                   SCF GRAD                          
                          Rob Parrish, Justin Turney,                
                       Andy Simmonett, and Alex Sokolov              
         ------------------------------------------------------------

  ==> Geometry <==

    Molecular point group: c1
    Full point group: C1

    Geometry (in Angstrom), charge = 0, multiplicity = 1:

       Center              X                  Y                   Z               Mass       
    ------------   -----------------  -----------------  -----------------  -----------------
         C            0.066307631000     0.354876655900     0.034612557400    12.000000000000
         O            1.366975679200     0.309726039000     0.006380858000    15.994914619570
         O            2.006458830800    -0.844861619800    -0.000541593500    15.994914619570
         C           -0.710261467800    -0.877057321600    -0.001877310300    12.000000000000
         C           -2.058444094800    -0.929282896100    -0.044923903000    12.000000000000
         C           -0.544528999400     1.706227345300     0.022028406900    12.000000000000
         H           -0.244154033300    -1.914984793000     0.178033816400     1.007825032230
         H           -2.676124846600     0.038021333200    -0.150098825200     1.007825032230
         H           -2.679060129800    -1.797332461100    -0.117694062300     1.007825032230
         H            0.321007201500     2.402950487400    -0.021180621400     1.007825032230
         H           -1.211207242800     2.099129058800     0.887507480100     1.007825032230
         H           -1.252123961300     1.980629369600    -0.986260649100     1.007825032230

  Nuclear repulsion =  223.107294114164205

  ==> Basis Set <==

  Basis Set: 6-31G*
    Blend: 6-31G*
    Number of shells: 48
    Number of basis functions: 102
    Number of Cartesian functions: 102
    Spherical Harmonics?: false
    Max angular momentum: 2

  ==> DFJKGrad: Density-Fitted SCF Gradients <==

    Gradient:                    1
    J tasked:                  Yes
    K tasked:                  Yes
    wK tasked:                 Yes
    Omega:               2.000E-01
    OpenMP threads:              4
    Integrals threads:           4
    Memory [MiB]:             4291
    Schwarz Cutoff:          1E-12
    Fitting Condition:       1E-10

   => Auxiliary Basis Set <=

  Basis Set: (6-31G* AUX)
    Blend: CC-PVDZ-JKFIT
    Number of shells: 198
    Number of basis functions: 636
    Number of Cartesian functions: 636
    Spherical Harmonics?: false
    Max angular momentum: 3

  ==> DFT Potential <==

   => LibXC <=

    Version 7.0.0
    S. Lehtola, C. Steigemann, M. J.T. Oliveira, and M. A.L. Marques.,  SoftwareX 7, 1–5 (2018) (10.1016/j.softx.2017.11.002)

   => Composite Functional: WB97X-D <= 

    wB97X-D Hyb-GGA Exchange-Correlation Functional

    J.-D. Chai and M. Head-Gordon.,  Phys. Chem. Chem. Phys. 10, 6615-6620 (2008) (10.1039/B810189B)

    Deriv               =              1
    GGA                 =           TRUE
    Meta                =          FALSE

    Exchange Hybrid     =           TRUE
    MP2 Hybrid          =          FALSE

   => Exchange-Correlation Functionals <=

    1.0000   wB97X-D range-separated functional

   => Exact (HF) Exchange <=

    0.7780            HF,LR [omega = 0.2000]
    0.2220               HF 

   => LibXC Density Thresholds  <==

    XC_HYB_GGA_XC_WB97X_D:  1.00E-14 

   => Molecular Quadrature <=

    Radial Scheme          =       TREUTLER
    Pruning Scheme         =           NONE
    Nuclear Scheme         =       TREUTLER

    Blocking Scheme        =         OCTREE
    BS radius alpha        =              1
    Pruning alpha          =              1
    Radial Points          =             75
    Spherical Points       =            302
    Total Points           =         254691
    Total Blocks           =           1933
    Max Points             =            256
    Max Functions          =            100
    Weights Tolerance      =       1.00E-15


  -Total Gradient:
     Atom            X                  Y                   Z
    ------   -----------------  -----------------  -----------------
       1       -0.000539161946     0.024116800412     0.002197058514
       2        0.030222147474    -0.018091790298    -0.003935752978
       3       -0.001848791840     0.008766230165     0.000971876024
       4        0.006902370071     0.050265386040    -0.020752363658
       5        0.009735391628    -0.062698018049     0.013950329699
       6        0.030060370491    -0.056387112123     0.032188847544
       7       -0.000347918886    -0.041569590258     0.012320279789
       8       -0.019616661237     0.027605245895    -0.003886921822
       9       -0.003026666144     0.015453623555    -0.004885018828
      10        0.011212861893     0.002181294378     0.001256909927
      11       -0.022333293886     0.027534919370     0.020261441841
      12       -0.040514404679     0.022797755479    -0.050057356675


*** tstop() called on cst14372 at Tue Apr 21 11:15:40 2026
Module time:
	user time   =       4.02 seconds =       0.07 minutes
	system time =       0.09 seconds =       0.00 minutes
	total time  =          2 seconds =       0.03 minutes
Total time:
	user time   =    1845.56 seconds =      30.76 minutes
	system time =      27.33 seconds =       0.46 minutes
	total time  =        893 seconds =      14.88 minutes

Scratch directory: /tmp/
   => Libint2 <=

    Primary   basis highest AM E, G, H:  6, 6, 3
    Auxiliary basis highest AM E, G, H:  7, 7, 4
    Onebody   basis highest AM E, G, H:  -, -, -
    Solid Harmonics ordering:            Gaussian

*** tstart() called on cst14372
*** at Tue Apr 21 11:15:40 2026

   => Loading Basis Set <=

    Name: 6-31G*
    Role: ORBITAL
    Keyword: BASIS
    atoms 1, 4-6 entry C          line   111 file /Users/jmsmith1/anaconda3/envs/jupyterenv/share/psi4/basis/6-31gs.gbs 
    atoms 2-3    entry O          line   145 file /Users/jmsmith1/anaconda3/envs/jupyterenv/share/psi4/basis/6-31gs.gbs 
    atoms 7-12   entry H          line    44 file /Users/jmsmith1/anaconda3/envs/jupyterenv/share/psi4/basis/6-31gs.gbs 

   => WB97X-D: Empirical Dispersion <=

    Chai and Head-Gordon Dispersion Correction
    Chai, J.-D.; Head-Gordon, M. (2010), J. Chem. Phys., 132: 6615-6620

        s6 =       1.000000


         ---------------------------------------------------------
                                   SCF
               by Justin Turney, Rob Parrish, Andy Simmonett
                          and Daniel G. A. Smith
                              RKS Reference
                        4 Threads,   5722 MiB Core
         ---------------------------------------------------------

  ==> Geometry <==

    Molecular point group: c1
    Full point group: C1

    Geometry (in Angstrom), charge = 0, multiplicity = 1:

       Center              X                  Y                   Z               Mass       
    ------------   -----------------  -----------------  -----------------  -----------------
         C            0.066389677100     0.355525420700     0.038941473900    12.000000000000
         O            1.370191329400     0.310617808800     0.007210241300    15.994914619570
         O            2.010203507100    -0.840594700400    -0.000616625600    15.994914619570
         C           -0.710061908900    -0.878134209900    -0.001923192900    12.000000000000
         C           -2.059598283800    -0.934818573100    -0.050695970900    12.000000000000
         C           -0.549418665300     1.704321480700     0.024439329500    12.000000000000
         H           -0.259604015000    -1.926936016100     0.199111084300     1.007825032230
         H           -2.677880750200     0.035515236900    -0.168573883200     1.007825032230
         H           -2.688686473500    -1.797021965600    -0.131935034300     1.007825032230
         H            0.322618573400     2.395343190500    -0.024002868800     1.007825032230
         H           -1.218202536200     2.123243013200     0.885431342900     1.007825032230
         H           -1.261699816300     1.990202376800    -0.992586926200     1.007825032230

  Running in c1 symmetry.

  Rotational constants: A =      0.18289  B =      0.09633  C =      0.06400 [cm^-1]
  Rotational constants: A =   5483.02757  B =   2887.96191  C =   1918.73573 [MHz]
  Nuclear repulsion =  222.800690592523210

  Charge       = 0
  Multiplicity = 1
  Electrons    = 46
  Nalpha       = 23
  Nbeta        = 23

  ==> Algorithm <==

  SCF Algorithm Type is DF.
  DIIS enabled.
  MOM disabled.
  Fractional occupation disabled.
  Guess Type is SAD.
  Energy threshold   = 1.00e-07
  Density threshold  = 1.00e-07
  Integral threshold = 1.00e-12

  ==> Primary Basis <==

  Basis Set: 6-31G*
    Blend: 6-31G*
    Number of shells: 48
    Number of basis functions: 102
    Number of Cartesian functions: 102
    Spherical Harmonics?: false
    Max angular momentum: 2

  ==> DFT Potential <==

   => LibXC <=

    Version 7.0.0
    S. Lehtola, C. Steigemann, M. J.T. Oliveira, and M. A.L. Marques.,  SoftwareX 7, 1–5 (2018) (10.1016/j.softx.2017.11.002)

   => Composite Functional: WB97X-D <= 

    wB97X-D Hyb-GGA Exchange-Correlation Functional

    J.-D. Chai and M. Head-Gordon.,  Phys. Chem. Chem. Phys. 10, 6615-6620 (2008) (10.1039/B810189B)

    Deriv               =              1
    GGA                 =           TRUE
    Meta                =          FALSE

    Exchange Hybrid     =           TRUE
    MP2 Hybrid          =          FALSE

   => Exchange-Correlation Functionals <=

    1.0000   wB97X-D range-separated functional

   => Exact (HF) Exchange <=

    0.7780            HF,LR [omega = 0.2000]
    0.2220               HF 

   => LibXC Density Thresholds  <==

    XC_HYB_GGA_XC_WB97X_D:  1.00E-14 

   => Molecular Quadrature <=

    Radial Scheme          =       TREUTLER
    Pruning Scheme         =           NONE
    Nuclear Scheme         =       TREUTLER

    Blocking Scheme        =         OCTREE
    BS radius alpha        =              1
    Pruning alpha          =              1
    Radial Points          =             75
    Spherical Points       =            302
    Total Points           =         254725
    Total Blocks           =           1938
    Max Points             =            256
    Max Functions          =            100
    Weights Tolerance      =       1.00E-15

   => Loading Basis Set <=

    Name: (6-31G* AUX)
    Role: JKFIT
    Keyword: DF_BASIS_SCF
    atoms 1, 4-6 entry C          line   121 file /Users/jmsmith1/anaconda3/envs/jupyterenv/share/psi4/basis/cc-pvdz-jkfit.gbs 
    atoms 2-3    entry O          line   221 file /Users/jmsmith1/anaconda3/envs/jupyterenv/share/psi4/basis/cc-pvdz-jkfit.gbs 
    atoms 7-12   entry H          line    51 file /Users/jmsmith1/anaconda3/envs/jupyterenv/share/psi4/basis/cc-pvdz-jkfit.gbs 

  ==> Integral Setup <==

  DFHelper Memory: AOs need 0.151 GiB; user supplied 3.601 GiB. 
  SCF_SUBTYPE=INCORE selected. In-core MEM_DF algorithm will be used.
  Using in-core AOs.

  ==> MemDFJK: Density-Fitted J/K Matrices <==

    J tasked:                   Yes
    K tasked:                   Yes
    wK tasked:                  Yes
    Omega:                2.000E-01
    OpenMP threads:               4
    Memory [MiB]:              3687
    Algorithm:                 Core
    Schwarz Cutoff:           1E-12
    Mask sparsity (%):       1.7109
    Fitting Condition:        1E-10

   => Auxiliary Basis Set <=

  Basis Set: (6-31G* AUX)
    Blend: CC-PVDZ-JKFIT
    Number of shells: 198
    Number of basis functions: 636
    Number of Cartesian functions: 636
    Spherical Harmonics?: false
    Max angular momentum: 3

  Cached 100.0% of DFT collocation blocks in 0.590 [GiB].

  Minimum eigenvalue in the overlap matrix is 3.0499067100E-03.
  Reciprocal condition number of the overlap matrix is 4.4709005504E-04.
    Using symmetric orthogonalization.

  ==> Pre-Iterations <==

  SCF Guess: Superposition of Atomic Densities via on-the-fly atomic UHF (no occupation information).

   -------------------------
    Irrep   Nso     Nmo    
   -------------------------
     A        102     102 
   -------------------------
    Total     102     102
   -------------------------

  ==> Iterations <==

                           Total Energy        Delta E     RMS |[F,P]|

   @DF-RKS iter SAD:  -300.01686805703940   -3.00017e+02   0.00000e+00 
   @DF-RKS iter   1:  -296.23737705835146    3.77949e+00   3.46692e-02 ADIIS/DIIS
   @DF-RKS iter   2:  -274.21801414302007    2.20194e+01   6.35011e-02 ADIIS/DIIS
   @DF-RKS iter   3:  -304.92257867488661   -3.07046e+01   1.55790e-02 ADIIS/DIIS
   @DF-RKS iter   4:  -305.11877574160530   -1.96197e-01   1.45230e-02 ADIIS/DIIS
   @DF-RKS iter   5:  -306.04603607001337   -9.27260e-01   4.83627e-03 ADIIS/DIIS
   @DF-RKS iter   6:  -306.15492605991079   -1.08890e-01   1.74483e-03 ADIIS/DIIS
   @DF-RKS iter   7:  -306.16912584121928   -1.41998e-02   5.10524e-04 ADIIS/DIIS
   @DF-RKS iter   8:  -306.17019838089624   -1.07254e-03   2.13777e-04 ADIIS/DIIS
   @DF-RKS iter   9:  -306.17038071910935   -1.82338e-04   1.15198e-04 ADIIS/DIIS
   @DF-RKS iter  10:  -306.17043904029680   -5.83212e-05   4.84625e-05 DIIS
   @DF-RKS iter  11:  -306.17045033675657   -1.12965e-05   7.80608e-06 DIIS
   @DF-RKS iter  12:  -306.17045064771162   -3.10955e-07   1.38278e-06 DIIS
   @DF-RKS iter  13:  -306.17045066432098   -1.66094e-08   5.95271e-07 DIIS
   @DF-RKS iter  14:  -306.17045066747056   -3.14958e-09   2.51611e-07 DIIS
   @DF-RKS iter  15:  -306.17045066805809   -5.87534e-10   9.81723e-08 DIIS
  Energy and wave function converged.


  ==> Post-Iterations <==

   Electrons on quadrature grid:
      Ntotal   =   45.9999847511 ; deviation = -1.525e-05 

    Orbital Energies [Eh]
    ---------------------

    Doubly Occupied:                                                      

       1A    -19.419981     2A    -19.254051     3A    -10.414043  
       4A    -10.353050     5A    -10.340151     6A    -10.339100  
       7A     -1.293073     8A     -0.998731     9A     -0.903106  
      10A     -0.833774    11A     -0.746891    12A     -0.641913  
      13A     -0.613154    14A     -0.592319    15A     -0.579913  
      16A     -0.536250    17A     -0.496522    18A     -0.489074  
      19A     -0.483731    20A     -0.447140    21A     -0.393026  
      22A     -0.308918    23A     -0.293467  

    Virtual:                                                              

      24A     -0.028301    25A      0.102671    26A      0.141928  
      27A      0.166409    28A      0.194455    29A      0.215426  
      30A      0.226054    31A      0.236686    32A      0.254832  
      33A      0.311598    34A      0.347692    35A      0.420052  
      36A      0.444726    37A      0.555674    38A      0.585500  
      39A      0.613287    40A      0.653458    41A      0.661943  
      42A      0.687779    43A      0.708674    44A      0.726275  
      45A      0.749493    46A      0.788454    47A      0.815786  
      48A      0.859041    49A      0.880894    50A      0.899802  
      51A      0.912084    52A      0.942586    53A      0.951871  
      54A      0.966925    55A      1.020350    56A      1.026732  
      57A      1.038176    58A      1.113842    59A      1.132982  
      60A      1.173731    61A      1.199275    62A      1.237932  
      63A      1.358450    64A      1.390385    65A      1.417034  
      66A      1.440444    67A      1.502171    68A      1.607821  
      69A      1.647140    70A      1.685104    71A      1.757110  
      72A      1.792383    73A      1.847776    74A      1.888341  
      75A      1.914723    76A      1.929136    77A      1.955697  
      78A      1.990805    79A      2.068523    80A      2.102291  
      81A      2.134945    82A      2.203118    83A      2.285028  
      84A      2.301616    85A      2.338423    86A      2.417121  
      87A      2.455358    88A      2.539784    89A      2.570408  
      90A      2.578383    91A      2.705710    92A      2.773694  
      93A      2.926380    94A      2.938353    95A      3.152301  
      96A      3.255238    97A      3.611569    98A      4.097909  
      99A      4.160295   100A      4.246684   101A      4.336613  
     102A      4.611423  

    Final Occupation by Irrep:
              A 
    DOCC [    23 ]
    NA   [    23 ]
    NB   [    23 ]

  @DF-RKS Final Energy:  -306.17045066805809

   => Energetics <=

    Nuclear Repulsion Energy =            222.8006905925232104
    One-Electron Energy =                -857.2546912872061284
    Two-Electron Energy =                 356.4632940915156496
    DFT Exchange-Correlation Energy =     -28.1753705185566368
    Empirical Dispersion Energy =          -0.0043735463341989
    VV10 Nonlocal Energy =                  0.0000000000000000
    Total Energy =                       -306.1704506680580948

Computation Completed


Properties will be evaluated at   0.000000,   0.000000,   0.000000 [a0]

Properties computed using the SCF density matrix


 Multipole Moments:

 ------------------------------------------------------------------------------------
     Multipole            Electronic (a.u.)      Nuclear  (a.u.)        Total (a.u.)
 ------------------------------------------------------------------------------------

 L = 1.  Multiply by 2.5417464519 to convert [e a0] to [Debye]
 Dipole X            :         -1.3488272           -0.4845851           -1.8334123
 Dipole Y            :          0.5887898            0.1169654            0.7057552
 Dipole Z            :          0.2502124           -0.2177674            0.0324451
 Magnitude           :                                                    1.9648267

 ------------------------------------------------------------------------------------

*** tstop() called on cst14372 at Tue Apr 21 11:15:52 2026
Module time:
	user time   =      25.76 seconds =       0.43 minutes
	system time =       0.45 seconds =       0.01 minutes
	total time  =         12 seconds =       0.20 minutes
Total time:
	user time   =    1871.34 seconds =      31.19 minutes
	system time =      27.79 seconds =       0.46 minutes
	total time  =        905 seconds =      15.08 minutes

Scratch directory: /tmp/
gradient() will perform analytic gradient computation.

*** tstart() called on cst14372
*** at Tue Apr 21 11:15:52 2026


         ------------------------------------------------------------
                                   SCF GRAD                          
                          Rob Parrish, Justin Turney,                
                       Andy Simmonett, and Alex Sokolov              
         ------------------------------------------------------------

  ==> Geometry <==

    Molecular point group: c1
    Full point group: C1

    Geometry (in Angstrom), charge = 0, multiplicity = 1:

       Center              X                  Y                   Z               Mass       
    ------------   -----------------  -----------------  -----------------  -----------------
         C            0.066389677100     0.355525420700     0.038941473900    12.000000000000
         O            1.370191329400     0.310617808800     0.007210241300    15.994914619570
         O            2.010203507100    -0.840594700400    -0.000616625600    15.994914619570
         C           -0.710061908900    -0.878134209900    -0.001923192900    12.000000000000
         C           -2.059598283800    -0.934818573100    -0.050695970900    12.000000000000
         C           -0.549418665300     1.704321480700     0.024439329500    12.000000000000
         H           -0.259604015000    -1.926936016100     0.199111084300     1.007825032230
         H           -2.677880750200     0.035515236900    -0.168573883200     1.007825032230
         H           -2.688686473500    -1.797021965600    -0.131935034300     1.007825032230
         H            0.322618573400     2.395343190500    -0.024002868800     1.007825032230
         H           -1.218202536200     2.123243013200     0.885431342900     1.007825032230
         H           -1.261699816300     1.990202376800    -0.992586926200     1.007825032230

  Nuclear repulsion =  222.800690592523210

  ==> Basis Set <==

  Basis Set: 6-31G*
    Blend: 6-31G*
    Number of shells: 48
    Number of basis functions: 102
    Number of Cartesian functions: 102
    Spherical Harmonics?: false
    Max angular momentum: 2

  ==> DFJKGrad: Density-Fitted SCF Gradients <==

    Gradient:                    1
    J tasked:                  Yes
    K tasked:                  Yes
    wK tasked:                 Yes
    Omega:               2.000E-01
    OpenMP threads:              4
    Integrals threads:           4
    Memory [MiB]:             4291
    Schwarz Cutoff:          1E-12
    Fitting Condition:       1E-10

   => Auxiliary Basis Set <=

  Basis Set: (6-31G* AUX)
    Blend: CC-PVDZ-JKFIT
    Number of shells: 198
    Number of basis functions: 636
    Number of Cartesian functions: 636
    Spherical Harmonics?: false
    Max angular momentum: 3

  ==> DFT Potential <==

   => LibXC <=

    Version 7.0.0
    S. Lehtola, C. Steigemann, M. J.T. Oliveira, and M. A.L. Marques.,  SoftwareX 7, 1–5 (2018) (10.1016/j.softx.2017.11.002)

   => Composite Functional: WB97X-D <= 

    wB97X-D Hyb-GGA Exchange-Correlation Functional

    J.-D. Chai and M. Head-Gordon.,  Phys. Chem. Chem. Phys. 10, 6615-6620 (2008) (10.1039/B810189B)

    Deriv               =              1
    GGA                 =           TRUE
    Meta                =          FALSE

    Exchange Hybrid     =           TRUE
    MP2 Hybrid          =          FALSE

   => Exchange-Correlation Functionals <=

    1.0000   wB97X-D range-separated functional

   => Exact (HF) Exchange <=

    0.7780            HF,LR [omega = 0.2000]
    0.2220               HF 

   => LibXC Density Thresholds  <==

    XC_HYB_GGA_XC_WB97X_D:  1.00E-14 

   => Molecular Quadrature <=

    Radial Scheme          =       TREUTLER
    Pruning Scheme         =           NONE
    Nuclear Scheme         =       TREUTLER

    Blocking Scheme        =         OCTREE
    BS radius alpha        =              1
    Pruning alpha          =              1
    Radial Points          =             75
    Spherical Points       =            302
    Total Points           =         254725
    Total Blocks           =           1938
    Max Points             =            256
    Max Functions          =            100
    Weights Tolerance      =       1.00E-15


  -Total Gradient:
     Atom            X                  Y                   Z
    ------   -----------------  -----------------  -----------------
       1       -0.000363089809     0.026387521658     0.002449288189
       2        0.033539444198    -0.020180113828    -0.004404918352
       3       -0.002099127129     0.009939944530     0.001069322444
       4        0.008772535403     0.054363698070    -0.023267383003
       5        0.010156948654    -0.066146177976     0.015781101922
       6        0.030034097469    -0.061318714208     0.033190286418
       7       -0.001506214315    -0.044648446554     0.013971988587
       8       -0.020553835184     0.028668426697    -0.004488099192
       9       -0.004210938245     0.015734937092    -0.005470174045
      10        0.012190586021     0.001936809511     0.001284622359
      11       -0.024039994446     0.030564240896     0.021265530705
      12       -0.042045118960     0.024598301105    -0.051664716850


*** tstop() called on cst14372 at Tue Apr 21 11:15:54 2026
Module time:
	user time   =       4.01 seconds =       0.07 minutes
	system time =       0.08 seconds =       0.00 minutes
	total time  =          2 seconds =       0.03 minutes
Total time:
	user time   =    1875.37 seconds =      31.26 minutes
	system time =      27.87 seconds =       0.46 minutes
	total time  =        907 seconds =      15.12 minutes

Scratch directory: /tmp/
   => Libint2 <=

    Primary   basis highest AM E, G, H:  6, 6, 3
    Auxiliary basis highest AM E, G, H:  7, 7, 4
    Onebody   basis highest AM E, G, H:  -, -, -
    Solid Harmonics ordering:            Gaussian

*** tstart() called on cst14372
*** at Tue Apr 21 11:15:54 2026

   => Loading Basis Set <=

    Name: 6-31G*
    Role: ORBITAL
    Keyword: BASIS
    atoms 1, 4-6 entry C          line   111 file /Users/jmsmith1/anaconda3/envs/jupyterenv/share/psi4/basis/6-31gs.gbs 
    atoms 2-3    entry O          line   145 file /Users/jmsmith1/anaconda3/envs/jupyterenv/share/psi4/basis/6-31gs.gbs 
    atoms 7-12   entry H          line    44 file /Users/jmsmith1/anaconda3/envs/jupyterenv/share/psi4/basis/6-31gs.gbs 

   => WB97X-D: Empirical Dispersion <=

    Chai and Head-Gordon Dispersion Correction
    Chai, J.-D.; Head-Gordon, M. (2010), J. Chem. Phys., 132: 6615-6620

        s6 =       1.000000


         ---------------------------------------------------------
                                   SCF
               by Justin Turney, Rob Parrish, Andy Simmonett
                          and Daniel G. A. Smith
                              RKS Reference
                        4 Threads,   5722 MiB Core
         ---------------------------------------------------------

  ==> Geometry <==

    Molecular point group: c1
    Full point group: C1

    Geometry (in Angstrom), charge = 0, multiplicity = 1:

       Center              X                  Y                   Z               Mass       
    ------------   -----------------  -----------------  -----------------  -----------------
         C            0.066472914300     0.356098920900     0.043270701100    12.000000000000
         O            1.373339599800     0.311554951400     0.008050613500    15.994914619570
         O            2.013959145400    -0.836342085500    -0.000694109400    15.994914619570
         C           -0.709887399300    -0.879370284300    -0.001901811000    12.000000000000
         C           -2.060783843000    -0.940172265000    -0.056523580700    12.000000000000
         C           -0.554403617300     1.702589833700     0.026758310300    12.000000000000
         H           -0.275028460400    -1.937367848000     0.219742519700     1.007825032230
         H           -2.678930801800     0.032016149900    -0.186925737700     1.007825032230
         H           -2.698184046500    -1.797253600300    -0.146011695800     1.007825032230
         H            0.323812274900     2.387656094100    -0.026874243900     1.007825032230
         H           -1.224380704000     2.146344098000     0.882618258600     1.007825032230
         H           -1.269842002500     1.998943410000    -0.997142222400     1.007825032230

  Running in c1 symmetry.

  Rotational constants: A =      0.18261  B =      0.09598  C =      0.06383 [cm^-1]
  Rotational constants: A =   5474.51981  B =   2877.43489  C =   1913.45027 [MHz]
  Nuclear repulsion =  222.511550121195853

  Charge       = 0
  Multiplicity = 1
  Electrons    = 46
  Nalpha       = 23
  Nbeta        = 23

  ==> Algorithm <==

  SCF Algorithm Type is DF.
  DIIS enabled.
  MOM disabled.
  Fractional occupation disabled.
  Guess Type is SAD.
  Energy threshold   = 1.00e-07
  Density threshold  = 1.00e-07
  Integral threshold = 1.00e-12

  ==> Primary Basis <==

  Basis Set: 6-31G*
    Blend: 6-31G*
    Number of shells: 48
    Number of basis functions: 102
    Number of Cartesian functions: 102
    Spherical Harmonics?: false
    Max angular momentum: 2

  ==> DFT Potential <==

   => LibXC <=

    Version 7.0.0
    S. Lehtola, C. Steigemann, M. J.T. Oliveira, and M. A.L. Marques.,  SoftwareX 7, 1–5 (2018) (10.1016/j.softx.2017.11.002)

   => Composite Functional: WB97X-D <= 

    wB97X-D Hyb-GGA Exchange-Correlation Functional

    J.-D. Chai and M. Head-Gordon.,  Phys. Chem. Chem. Phys. 10, 6615-6620 (2008) (10.1039/B810189B)

    Deriv               =              1
    GGA                 =           TRUE
    Meta                =          FALSE

    Exchange Hybrid     =           TRUE
    MP2 Hybrid          =          FALSE

   => Exchange-Correlation Functionals <=

    1.0000   wB97X-D range-separated functional

   => Exact (HF) Exchange <=

    0.7780            HF,LR [omega = 0.2000]
    0.2220               HF 

   => LibXC Density Thresholds  <==

    XC_HYB_GGA_XC_WB97X_D:  1.00E-14 

   => Molecular Quadrature <=

    Radial Scheme          =       TREUTLER
    Pruning Scheme         =           NONE
    Nuclear Scheme         =       TREUTLER

    Blocking Scheme        =         OCTREE
    BS radius alpha        =              1
    Pruning alpha          =              1
    Radial Points          =             75
    Spherical Points       =            302
    Total Points           =         254785
    Total Blocks           =           1941
    Max Points             =            256
    Max Functions          =            100
    Weights Tolerance      =       1.00E-15

   => Loading Basis Set <=

    Name: (6-31G* AUX)
    Role: JKFIT
    Keyword: DF_BASIS_SCF
    atoms 1, 4-6 entry C          line   121 file /Users/jmsmith1/anaconda3/envs/jupyterenv/share/psi4/basis/cc-pvdz-jkfit.gbs 
    atoms 2-3    entry O          line   221 file /Users/jmsmith1/anaconda3/envs/jupyterenv/share/psi4/basis/cc-pvdz-jkfit.gbs 
    atoms 7-12   entry H          line    51 file /Users/jmsmith1/anaconda3/envs/jupyterenv/share/psi4/basis/cc-pvdz-jkfit.gbs 

  ==> Integral Setup <==

  DFHelper Memory: AOs need 0.151 GiB; user supplied 3.602 GiB. 
  SCF_SUBTYPE=INCORE selected. In-core MEM_DF algorithm will be used.
  Using in-core AOs.

  ==> MemDFJK: Density-Fitted J/K Matrices <==

    J tasked:                   Yes
    K tasked:                   Yes
    wK tasked:                  Yes
    Omega:                2.000E-01
    OpenMP threads:               4
    Memory [MiB]:              3688
    Algorithm:                 Core
    Schwarz Cutoff:           1E-12
    Mask sparsity (%):       1.7301
    Fitting Condition:        1E-10

   => Auxiliary Basis Set <=

  Basis Set: (6-31G* AUX)
    Blend: CC-PVDZ-JKFIT
    Number of shells: 198
    Number of basis functions: 636
    Number of Cartesian functions: 636
    Spherical Harmonics?: false
    Max angular momentum: 3

  Cached 100.0% of DFT collocation blocks in 0.588 [GiB].

  Minimum eigenvalue in the overlap matrix is 3.0688838345E-03.
  Reciprocal condition number of the overlap matrix is 4.5082822509E-04.
    Using symmetric orthogonalization.

  ==> Pre-Iterations <==

  SCF Guess: Superposition of Atomic Densities via on-the-fly atomic UHF (no occupation information).

   -------------------------
    Irrep   Nso     Nmo    
   -------------------------
     A        102     102 
   -------------------------
    Total     102     102
   -------------------------

  ==> Iterations <==

                           Total Energy        Delta E     RMS |[F,P]|

   @DF-RKS iter SAD:  -299.99299502780070   -2.99993e+02   0.00000e+00 
   @DF-RKS iter   1:  -296.20796621701010    3.78503e+00   3.46566e-02 ADIIS/DIIS
   @DF-RKS iter   2:  -274.15625509128461    2.20517e+01   6.35214e-02 ADIIS/DIIS
   @DF-RKS iter   3:  -304.89686484765252   -3.07406e+01   1.56563e-02 ADIIS/DIIS
   @DF-RKS iter   4:  -305.08667828395835   -1.89813e-01   1.46491e-02 ADIIS/DIIS
   @DF-RKS iter   5:  -306.03515779261795   -9.48480e-01   4.92773e-03 ADIIS/DIIS
   @DF-RKS iter   6:  -306.14881677409414   -1.13659e-01   1.77150e-03 ADIIS/DIIS
   @DF-RKS iter   7:  -306.16345856484008   -1.46418e-02   5.25465e-04 ADIIS/DIIS
   @DF-RKS iter   8:  -306.16460052748511   -1.14196e-03   2.19859e-04 ADIIS/DIIS
   @DF-RKS iter   9:  -306.16479608497934   -1.95557e-04   1.15932e-04 ADIIS/DIIS
   @DF-RKS iter  10:  -306.16485619773277   -6.01128e-05   4.79814e-05 DIIS
   @DF-RKS iter  11:  -306.16486733922335   -1.11415e-05   7.66910e-06 DIIS
   @DF-RKS iter  12:  -306.16486764419994   -3.04977e-07   1.22334e-06 DIIS
   @DF-RKS iter  13:  -306.16486765902437   -1.48244e-08   5.09311e-07 DIIS
   @DF-RKS iter  14:  -306.16486766162598   -2.60161e-09   2.24049e-07 DIIS
   @DF-RKS iter  15:  -306.16486766212961   -5.03633e-10   9.04002e-08 DIIS
  Energy and wave function converged.


  ==> Post-Iterations <==

   Electrons on quadrature grid:
      Ntotal   =   45.9999872719 ; deviation = -1.273e-05 

    Orbital Energies [Eh]
    ---------------------

    Doubly Occupied:                                                      

       1A    -19.421030     2A    -19.255351     3A    -10.414896  
       4A    -10.354537     5A    -10.340712     6A    -10.339933  
       7A     -1.294234     8A     -0.999090     9A     -0.902350  
      10A     -0.833161    11A     -0.746339    12A     -0.642280  
      13A     -0.612716    14A     -0.592539    15A     -0.579955  
      16A     -0.536074    17A     -0.496742    18A     -0.487606  
      19A     -0.481892    20A     -0.445801    21A     -0.392364  
      22A     -0.309644    23A     -0.293781  

    Virtual:                                                              

      24A     -0.029084    25A      0.100403    26A      0.139972  
      27A      0.165387    28A      0.192945    29A      0.214141  
      30A      0.225577    31A      0.235896    32A      0.253757  
      33A      0.311306    34A      0.346819    35A      0.421043  
      36A      0.445211    37A      0.555386    38A      0.585362  
      39A      0.613471    40A      0.650817    41A      0.662314  
      42A      0.688846    43A      0.709311    44A      0.725436  
      45A      0.749959    46A      0.788507    47A      0.818107  
      48A      0.856809    49A      0.877949    50A      0.898732  
      51A      0.910454    52A      0.940919    53A      0.948509  
      54A      0.964196    55A      1.019647    56A      1.026118  
      57A      1.036095    58A      1.111151    59A      1.131776  
      60A      1.171856    61A      1.197522    62A      1.232681  
      63A      1.356910    64A      1.388781    65A      1.416580  
      66A      1.441718    67A      1.496820    68A      1.609500  
      69A      1.647671    70A      1.684715    71A      1.758539  
      72A      1.788416    73A      1.845022    74A      1.880689  
      75A      1.909506    76A      1.925765    77A      1.951029  
      78A      1.987788    79A      2.067809    80A      2.099799  
      81A      2.133944    82A      2.203291    83A      2.284642  
      84A      2.299772    85A      2.336143    86A      2.415974  
      87A      2.455230    88A      2.537785    89A      2.570408  
      90A      2.575718    91A      2.705450    92A      2.773751  
      93A      2.923611    94A      2.936589    95A      3.147997  
      96A      3.252083    97A      3.609443    98A      4.096038  
      99A      4.157791   100A      4.244140   101A      4.334451  
     102A      4.609535  

    Final Occupation by Irrep:
              A 
    DOCC [    23 ]
    NA   [    23 ]
    NB   [    23 ]

  @DF-RKS Final Energy:  -306.16486766212961

   => Energetics <=

    Nuclear Repulsion Energy =            222.5115501211958531
    One-Electron Energy =                -856.6682722317596017
    Two-Electron Energy =                 356.1621835530812064
    DFT Exchange-Correlation Energy =     -28.1659642567689055
    Empirical Dispersion Energy =          -0.0043648478780801
    VV10 Nonlocal Energy =                  0.0000000000000000
    Total Energy =                       -306.1648676621296090

Computation Completed


Properties will be evaluated at   0.000000,   0.000000,   0.000000 [a0]

Properties computed using the SCF density matrix


 Multipole Moments:

 ------------------------------------------------------------------------------------
     Multipole            Electronic (a.u.)      Nuclear  (a.u.)        Total (a.u.)
 ------------------------------------------------------------------------------------

 L = 1.  Multiply by 2.5417464519 to convert [e a0] to [Debye]
 Dipole X            :         -1.3022301           -0.5211401           -1.8233702
 Dipole Y            :          0.5746350            0.1264576            0.7010925
 Dipole Z            :          0.2731983           -0.2383311            0.0348673
 Magnitude           :                                                    1.9538233

 ------------------------------------------------------------------------------------

*** tstop() called on cst14372 at Tue Apr 21 11:16:07 2026
Module time:
	user time   =      25.68 seconds =       0.43 minutes
	system time =       0.43 seconds =       0.01 minutes
	total time  =         13 seconds =       0.22 minutes
Total time:
	user time   =    1901.07 seconds =      31.68 minutes
	system time =      28.31 seconds =       0.47 minutes
	total time  =        920 seconds =      15.33 minutes

Scratch directory: /tmp/
gradient() will perform analytic gradient computation.

*** tstart() called on cst14372
*** at Tue Apr 21 11:16:07 2026


         ------------------------------------------------------------
                                   SCF GRAD                          
                          Rob Parrish, Justin Turney,                
                       Andy Simmonett, and Alex Sokolov              
         ------------------------------------------------------------

  ==> Geometry <==

    Molecular point group: c1
    Full point group: C1

    Geometry (in Angstrom), charge = 0, multiplicity = 1:

       Center              X                  Y                   Z               Mass       
    ------------   -----------------  -----------------  -----------------  -----------------
         C            0.066472914300     0.356098920900     0.043270701100    12.000000000000
         O            1.373339599800     0.311554951400     0.008050613500    15.994914619570
         O            2.013959145400    -0.836342085500    -0.000694109400    15.994914619570
         C           -0.709887399300    -0.879370284300    -0.001901811000    12.000000000000
         C           -2.060783843000    -0.940172265000    -0.056523580700    12.000000000000
         C           -0.554403617300     1.702589833700     0.026758310300    12.000000000000
         H           -0.275028460400    -1.937367848000     0.219742519700     1.007825032230
         H           -2.678930801800     0.032016149900    -0.186925737700     1.007825032230
         H           -2.698184046500    -1.797253600300    -0.146011695800     1.007825032230
         H            0.323812274900     2.387656094100    -0.026874243900     1.007825032230
         H           -1.224380704000     2.146344098000     0.882618258600     1.007825032230
         H           -1.269842002500     1.998943410000    -0.997142222400     1.007825032230

  Nuclear repulsion =  222.511550121195853

  ==> Basis Set <==

  Basis Set: 6-31G*
    Blend: 6-31G*
    Number of shells: 48
    Number of basis functions: 102
    Number of Cartesian functions: 102
    Spherical Harmonics?: false
    Max angular momentum: 2

  ==> DFJKGrad: Density-Fitted SCF Gradients <==

    Gradient:                    1
    J tasked:                  Yes
    K tasked:                  Yes
    wK tasked:                 Yes
    Omega:               2.000E-01
    OpenMP threads:              4
    Integrals threads:           4
    Memory [MiB]:             4291
    Schwarz Cutoff:          1E-12
    Fitting Condition:       1E-10

   => Auxiliary Basis Set <=

  Basis Set: (6-31G* AUX)
    Blend: CC-PVDZ-JKFIT
    Number of shells: 198
    Number of basis functions: 636
    Number of Cartesian functions: 636
    Spherical Harmonics?: false
    Max angular momentum: 3

  ==> DFT Potential <==

   => LibXC <=

    Version 7.0.0
    S. Lehtola, C. Steigemann, M. J.T. Oliveira, and M. A.L. Marques.,  SoftwareX 7, 1–5 (2018) (10.1016/j.softx.2017.11.002)

   => Composite Functional: WB97X-D <= 

    wB97X-D Hyb-GGA Exchange-Correlation Functional

    J.-D. Chai and M. Head-Gordon.,  Phys. Chem. Chem. Phys. 10, 6615-6620 (2008) (10.1039/B810189B)

    Deriv               =              1
    GGA                 =           TRUE
    Meta                =          FALSE

    Exchange Hybrid     =           TRUE
    MP2 Hybrid          =          FALSE

   => Exchange-Correlation Functionals <=

    1.0000   wB97X-D range-separated functional

   => Exact (HF) Exchange <=

    0.7780            HF,LR [omega = 0.2000]
    0.2220               HF 

   => LibXC Density Thresholds  <==

    XC_HYB_GGA_XC_WB97X_D:  1.00E-14 

   => Molecular Quadrature <=

    Radial Scheme          =       TREUTLER
    Pruning Scheme         =           NONE
    Nuclear Scheme         =       TREUTLER

    Blocking Scheme        =         OCTREE
    BS radius alpha        =              1
    Pruning alpha          =              1
    Radial Points          =             75
    Spherical Points       =            302
    Total Points           =         254785
    Total Blocks           =           1941
    Max Points             =            256
    Max Functions          =            100
    Weights Tolerance      =       1.00E-15


  -Total Gradient:
     Atom            X                  Y                   Z
    ------   -----------------  -----------------  -----------------
       1       -0.000119346648     0.028473831595     0.002707143811
       2        0.036764748010    -0.022203279378    -0.004869677206
       3       -0.002381812283     0.011111476478     0.001164332482
       4        0.010795729384     0.057794786694    -0.025686859931
       5        0.010486776345    -0.068618503535     0.017590218516
       6        0.029489123039    -0.065620751078     0.034069807673
       7       -0.002846508772    -0.047108518981     0.015504020631
       8       -0.021166004877     0.029226707872    -0.005053449855
       9       -0.005608170257     0.015631675240    -0.006079056822
      10        0.012999869655     0.001549583031     0.001294372329
      11       -0.025446566478     0.033374893787     0.021836893588
      12       -0.043141271424     0.026216453142    -0.052714973396


*** tstop() called on cst14372 at Tue Apr 21 11:16:09 2026
Module time:
	user time   =       3.99 seconds =       0.07 minutes
	system time =       0.07 seconds =       0.00 minutes
	total time  =          2 seconds =       0.03 minutes
Total time:
	user time   =    1905.08 seconds =      31.75 minutes
	system time =      28.38 seconds =       0.47 minutes
	total time  =        922 seconds =      15.37 minutes

Scratch directory: /tmp/
   => Libint2 <=

    Primary   basis highest AM E, G, H:  6, 6, 3
    Auxiliary basis highest AM E, G, H:  7, 7, 4
    Onebody   basis highest AM E, G, H:  -, -, -
    Solid Harmonics ordering:            Gaussian

*** tstart() called on cst14372
*** at Tue Apr 21 11:16:09 2026

   => Loading Basis Set <=

    Name: 6-31G*
    Role: ORBITAL
    Keyword: BASIS
    atoms 1, 4-6 entry C          line   111 file /Users/jmsmith1/anaconda3/envs/jupyterenv/share/psi4/basis/6-31gs.gbs 
    atoms 2-3    entry O          line   145 file /Users/jmsmith1/anaconda3/envs/jupyterenv/share/psi4/basis/6-31gs.gbs 
    atoms 7-12   entry H          line    44 file /Users/jmsmith1/anaconda3/envs/jupyterenv/share/psi4/basis/6-31gs.gbs 

   => WB97X-D: Empirical Dispersion <=

    Chai and Head-Gordon Dispersion Correction
    Chai, J.-D.; Head-Gordon, M. (2010), J. Chem. Phys., 132: 6615-6620

        s6 =       1.000000


         ---------------------------------------------------------
                                   SCF
               by Justin Turney, Rob Parrish, Andy Simmonett
                          and Daniel G. A. Smith
                              RKS Reference
                        4 Threads,   5722 MiB Core
         ---------------------------------------------------------

  ==> Geometry <==

    Molecular point group: c1
    Full point group: C1

    Geometry (in Angstrom), charge = 0, multiplicity = 1:

       Center              X                  Y                   Z               Mass       
    ------------   -----------------  -----------------  -----------------  -----------------
         C            0.066556654800     0.356591089200     0.047600304900    12.000000000000
         O            1.376413950400     0.312542120800     0.008903162000    15.994914619570
         O            2.017727084100    -0.832105549200    -0.000774270400    15.994914619570
         C           -0.709743807900    -0.880775995300    -0.001806035700    12.000000000000
         C           -2.062002006100    -0.945337491000    -0.062413161800    12.000000000000
         C           -0.559483384500     1.701044846300     0.028983072400    12.000000000000
         H           -0.290383987400    -1.946194654700     0.239878345600     1.007825032230
         H           -2.679252811100     0.027502370200    -0.205138107700     1.007825032230
         H           -2.707506205800    -1.798024824700    -0.159905388600     1.007825032230
         H            0.324559863900     2.379900968700    -0.029795710100     1.007825032230
         H           -1.229692917200     2.168337876000     0.879046664000     1.007825032230
         H           -1.276511653900     2.006796796400    -0.999887974000     1.007825032230

  Running in c1 symmetry.

  Rotational constants: A =      0.18234  B =      0.09564  C =      0.06365 [cm^-1]
  Rotational constants: A =   5466.41151  B =   2867.13501  C =   1908.26636 [MHz]
  Nuclear repulsion =  222.240563059430542

  Charge       = 0
  Multiplicity = 1
  Electrons    = 46
  Nalpha       = 23
  Nbeta        = 23

  ==> Algorithm <==

  SCF Algorithm Type is DF.
  DIIS enabled.
  MOM disabled.
  Fractional occupation disabled.
  Guess Type is SAD.
  Energy threshold   = 1.00e-07
  Density threshold  = 1.00e-07
  Integral threshold = 1.00e-12

  ==> Primary Basis <==

  Basis Set: 6-31G*
    Blend: 6-31G*
    Number of shells: 48
    Number of basis functions: 102
    Number of Cartesian functions: 102
    Spherical Harmonics?: false
    Max angular momentum: 2

  ==> DFT Potential <==

   => LibXC <=

    Version 7.0.0
    S. Lehtola, C. Steigemann, M. J.T. Oliveira, and M. A.L. Marques.,  SoftwareX 7, 1–5 (2018) (10.1016/j.softx.2017.11.002)

   => Composite Functional: WB97X-D <= 

    wB97X-D Hyb-GGA Exchange-Correlation Functional

    J.-D. Chai and M. Head-Gordon.,  Phys. Chem. Chem. Phys. 10, 6615-6620 (2008) (10.1039/B810189B)

    Deriv               =              1
    GGA                 =           TRUE
    Meta                =          FALSE

    Exchange Hybrid     =           TRUE
    MP2 Hybrid          =          FALSE

   => Exchange-Correlation Functionals <=

    1.0000   wB97X-D range-separated functional

   => Exact (HF) Exchange <=

    0.7780            HF,LR [omega = 0.2000]
    0.2220               HF 

   => LibXC Density Thresholds  <==

    XC_HYB_GGA_XC_WB97X_D:  1.00E-14 

   => Molecular Quadrature <=

    Radial Scheme          =       TREUTLER
    Pruning Scheme         =           NONE
    Nuclear Scheme         =       TREUTLER

    Blocking Scheme        =         OCTREE
    BS radius alpha        =              1
    Pruning alpha          =              1
    Radial Points          =             75
    Spherical Points       =            302
    Total Points           =         254839
    Total Blocks           =           1945
    Max Points             =            256
    Max Functions          =            100
    Weights Tolerance      =       1.00E-15

   => Loading Basis Set <=

    Name: (6-31G* AUX)
    Role: JKFIT
    Keyword: DF_BASIS_SCF
    atoms 1, 4-6 entry C          line   121 file /Users/jmsmith1/anaconda3/envs/jupyterenv/share/psi4/basis/cc-pvdz-jkfit.gbs 
    atoms 2-3    entry O          line   221 file /Users/jmsmith1/anaconda3/envs/jupyterenv/share/psi4/basis/cc-pvdz-jkfit.gbs 
    atoms 7-12   entry H          line    51 file /Users/jmsmith1/anaconda3/envs/jupyterenv/share/psi4/basis/cc-pvdz-jkfit.gbs 

  ==> Integral Setup <==

  DFHelper Memory: AOs need 0.151 GiB; user supplied 3.603 GiB. 
  SCF_SUBTYPE=INCORE selected. In-core MEM_DF algorithm will be used.
  Using in-core AOs.

  ==> MemDFJK: Density-Fitted J/K Matrices <==

    J tasked:                   Yes
    K tasked:                   Yes
    wK tasked:                  Yes
    Omega:                2.000E-01
    OpenMP threads:               4
    Memory [MiB]:              3689
    Algorithm:                 Core
    Schwarz Cutoff:           1E-12
    Mask sparsity (%):       1.8070
    Fitting Condition:        1E-10

   => Auxiliary Basis Set <=

  Basis Set: (6-31G* AUX)
    Blend: CC-PVDZ-JKFIT
    Number of shells: 198
    Number of basis functions: 636
    Number of Cartesian functions: 636
    Spherical Harmonics?: false
    Max angular momentum: 3

  Cached 100.0% of DFT collocation blocks in 0.588 [GiB].

  Minimum eigenvalue in the overlap matrix is 3.0889867924E-03.
  Reciprocal condition number of the overlap matrix is 4.5467342249E-04.
    Using symmetric orthogonalization.

  ==> Pre-Iterations <==

  SCF Guess: Superposition of Atomic Densities via on-the-fly atomic UHF (no occupation information).

   -------------------------
    Irrep   Nso     Nmo    
   -------------------------
     A        102     102 
   -------------------------
    Total     102     102
   -------------------------

  ==> Iterations <==

                           Total Energy        Delta E     RMS |[F,P]|

   @DF-RKS iter SAD:  -299.97296643934322   -2.99973e+02   0.00000e+00 
   @DF-RKS iter   1:  -296.18471390958507    3.78825e+00   3.46417e-02 ADIIS/DIIS
   @DF-RKS iter   2:  -274.11497698250048    2.20697e+01   6.35299e-02 ADIIS/DIIS
   @DF-RKS iter   3:  -304.87201962181041   -3.07570e+01   1.57323e-02 ADIIS/DIIS
   @DF-RKS iter   4:  -305.05484114523966   -1.82822e-01   1.47783e-02 ADIIS/DIIS
   @DF-RKS iter   5:  -306.02481391861886   -9.69973e-01   5.01458e-03 ADIIS/DIIS
   @DF-RKS iter   6:  -306.14309143140173   -1.18278e-01   1.80115e-03 ADIIS/DIIS
   @DF-RKS iter   7:  -306.15823009520170   -1.51387e-02   5.40478e-04 ADIIS/DIIS
   @DF-RKS iter   8:  -306.15944396928603   -1.21387e-03   2.25868e-04 ADIIS/DIIS
   @DF-RKS iter   9:  -306.15965350875774   -2.09539e-04   1.16463e-04 ADIIS/DIIS
   @DF-RKS iter  10:  -306.15971536433943   -6.18556e-05   4.74344e-05 DIIS
   @DF-RKS iter  11:  -306.15972633090900   -1.09666e-05   7.50533e-06 DIIS
   @DF-RKS iter  12:  -306.15972662961218   -2.98703e-07   1.11285e-06 DIIS
   @DF-RKS iter  13:  -306.15972664355809   -1.39459e-08   4.23090e-07 DIIS
   @DF-RKS iter  14:  -306.15972664577100   -2.21291e-09   2.00313e-07 DIIS
   @DF-RKS iter  15:  -306.15972664620415   -4.33147e-10   8.03023e-08 DIIS
  Energy and wave function converged.


  ==> Post-Iterations <==

   Electrons on quadrature grid:
      Ntotal   =   45.9999884202 ; deviation = -1.158e-05 

    Orbital Energies [Eh]
    ---------------------

    Doubly Occupied:                                                      

       1A    -19.422031     2A    -19.256589     3A    -10.415728  
       4A    -10.355702     5A    -10.341449     6A    -10.340434  
       7A     -1.295362     8A     -0.999384     9A     -0.901631  
      10A     -0.832689    11A     -0.745829    12A     -0.642680  
      13A     -0.612379    14A     -0.592793    15A     -0.580026  
      16A     -0.535825    17A     -0.497189    18A     -0.486196  
      19A     -0.480343    20A     -0.444524    21A     -0.391694  
      22A     -0.310335    23A     -0.294077  

    Virtual:                                                              

      24A     -0.029800    25A      0.098352    26A      0.138305  
      27A      0.164497    28A      0.191877    29A      0.213087  
      30A      0.225072    31A      0.235035    32A      0.252894  
      33A      0.311009    34A      0.346001    35A      0.421845  
      36A      0.445543    37A      0.555227    38A      0.585251  
      39A      0.613557    40A      0.648297    41A      0.662534  
      42A      0.689743    43A      0.709815    44A      0.724668  
      45A      0.750510    46A      0.788835    47A      0.820421  
      48A      0.855137    49A      0.875468    50A      0.897944  
      51A      0.909000    52A      0.938894    53A      0.945775  
      54A      0.962022    55A      1.018935    56A      1.025424  
      57A      1.034250    58A      1.108362    59A      1.130757  
      60A      1.170014    61A      1.195863    62A      1.227546  
      63A      1.355513    64A      1.387170    65A      1.416018  
      66A      1.442957    67A      1.491931    68A      1.610776  
      69A      1.647184    70A      1.685426    71A      1.759825  
      72A      1.784507    73A      1.842613    74A      1.872951  
      75A      1.904697    76A      1.922537    77A      1.947578  
      78A      1.984992    79A      2.067055    80A      2.097537  
      81A      2.133966    82A      2.203518    83A      2.284403  
      84A      2.298255    85A      2.333769    86A      2.414886  
      87A      2.455219    88A      2.535755    89A      2.569728  
      90A      2.573725    91A      2.705222    92A      2.773627  
      93A      2.920915    94A      2.934872    95A      3.143661  
      96A      3.248850    97A      3.607408    98A      4.094335  
      99A      4.155244   100A      4.241784   101A      4.332381  
     102A      4.607567  

    Final Occupation by Irrep:
              A 
    DOCC [    23 ]
    NA   [    23 ]
    NB   [    23 ]

  @DF-RKS Final Energy:  -306.15972664620415

   => Energetics <=

    Nuclear Repulsion Energy =            222.2405630594305421
    One-Electron Energy =                -856.1177657605029481
    Two-Electron Energy =                 355.8796460177952099
    DFT Exchange-Correlation Energy =     -28.1578150397929718
    Empirical Dispersion Energy =          -0.0043549231339569
    VV10 Nonlocal Energy =                  0.0000000000000000
    Total Energy =                       -306.1597266462041489

Computation Completed


Properties will be evaluated at   0.000000,   0.000000,   0.000000 [a0]

Properties computed using the SCF density matrix


 Multipole Moments:

 ------------------------------------------------------------------------------------
     Multipole            Electronic (a.u.)      Nuclear  (a.u.)        Total (a.u.)
 ------------------------------------------------------------------------------------

 L = 1.  Multiply by 2.5417464519 to convert [e a0] to [Debye]
 Dipole X            :         -1.2593108           -0.5550025           -1.8143134
 Dipole Y            :          0.5634594            0.1340681            0.6975276
 Dipole Z            :          0.2948027           -0.2581101            0.0366927
 Magnitude           :                                                    1.9441255

 ------------------------------------------------------------------------------------

*** tstop() called on cst14372 at Tue Apr 21 11:16:21 2026
Module time:
	user time   =      25.69 seconds =       0.43 minutes
	system time =       0.42 seconds =       0.01 minutes
	total time  =         12 seconds =       0.20 minutes
Total time:
	user time   =    1930.79 seconds =      32.18 minutes
	system time =      28.82 seconds =       0.48 minutes
	total time  =        934 seconds =      15.57 minutes

Scratch directory: /tmp/
gradient() will perform analytic gradient computation.

*** tstart() called on cst14372
*** at Tue Apr 21 11:16:21 2026


         ------------------------------------------------------------
                                   SCF GRAD                          
                          Rob Parrish, Justin Turney,                
                       Andy Simmonett, and Alex Sokolov              
         ------------------------------------------------------------

  ==> Geometry <==

    Molecular point group: c1
    Full point group: C1

    Geometry (in Angstrom), charge = 0, multiplicity = 1:

       Center              X                  Y                   Z               Mass       
    ------------   -----------------  -----------------  -----------------  -----------------
         C            0.066556654800     0.356591089200     0.047600304900    12.000000000000
         O            1.376413950400     0.312542120800     0.008903162000    15.994914619570
         O            2.017727084100    -0.832105549200    -0.000774270400    15.994914619570
         C           -0.709743807900    -0.880775995300    -0.001806035700    12.000000000000
         C           -2.062002006100    -0.945337491000    -0.062413161800    12.000000000000
         C           -0.559483384500     1.701044846300     0.028983072400    12.000000000000
         H           -0.290383987400    -1.946194654700     0.239878345600     1.007825032230
         H           -2.679252811100     0.027502370200    -0.205138107700     1.007825032230
         H           -2.707506205800    -1.798024824700    -0.159905388600     1.007825032230
         H            0.324559863900     2.379900968700    -0.029795710100     1.007825032230
         H           -1.229692917200     2.168337876000     0.879046664000     1.007825032230
         H           -1.276511653900     2.006796796400    -0.999887974000     1.007825032230

  Nuclear repulsion =  222.240563059430542

  ==> Basis Set <==

  Basis Set: 6-31G*
    Blend: 6-31G*
    Number of shells: 48
    Number of basis functions: 102
    Number of Cartesian functions: 102
    Spherical Harmonics?: false
    Max angular momentum: 2

  ==> DFJKGrad: Density-Fitted SCF Gradients <==

    Gradient:                    1
    J tasked:                  Yes
    K tasked:                  Yes
    wK tasked:                 Yes
    Omega:               2.000E-01
    OpenMP threads:              4
    Integrals threads:           4
    Memory [MiB]:             4291
    Schwarz Cutoff:          1E-12
    Fitting Condition:       1E-10

   => Auxiliary Basis Set <=

  Basis Set: (6-31G* AUX)
    Blend: CC-PVDZ-JKFIT
    Number of shells: 198
    Number of basis functions: 636
    Number of Cartesian functions: 636
    Spherical Harmonics?: false
    Max angular momentum: 3

  ==> DFT Potential <==

   => LibXC <=

    Version 7.0.0
    S. Lehtola, C. Steigemann, M. J.T. Oliveira, and M. A.L. Marques.,  SoftwareX 7, 1–5 (2018) (10.1016/j.softx.2017.11.002)

   => Composite Functional: WB97X-D <= 

    wB97X-D Hyb-GGA Exchange-Correlation Functional

    J.-D. Chai and M. Head-Gordon.,  Phys. Chem. Chem. Phys. 10, 6615-6620 (2008) (10.1039/B810189B)

    Deriv               =              1
    GGA                 =           TRUE
    Meta                =          FALSE

    Exchange Hybrid     =           TRUE
    MP2 Hybrid          =          FALSE

   => Exchange-Correlation Functionals <=

    1.0000   wB97X-D range-separated functional

   => Exact (HF) Exchange <=

    0.7780            HF,LR [omega = 0.2000]
    0.2220               HF 

   => LibXC Density Thresholds  <==

    XC_HYB_GGA_XC_WB97X_D:  1.00E-14 

   => Molecular Quadrature <=

    Radial Scheme          =       TREUTLER
    Pruning Scheme         =           NONE
    Nuclear Scheme         =       TREUTLER

    Blocking Scheme        =         OCTREE
    BS radius alpha        =              1
    Pruning alpha          =              1
    Radial Points          =             75
    Spherical Points       =            302
    Total Points           =         254839
    Total Blocks           =           1945
    Max Points             =            256
    Max Functions          =            100
    Weights Tolerance      =       1.00E-15


  -Total Gradient:
     Atom            X                  Y                   Z
    ------   -----------------  -----------------  -----------------
       1        0.000191749677     0.030375890037     0.002974088459
       2        0.039903286685    -0.024158396609    -0.005330144692
       3       -0.002651050143     0.012291736321     0.001251463031
       4        0.012960254535     0.060553455258    -0.027987727585
       5        0.010721552755    -0.070169842123     0.019364079142
       6        0.028493574796    -0.069268681308     0.034894468838
       7       -0.004327369214    -0.048960322291     0.016902520330
       8       -0.021460406345     0.029295428960    -0.005567944918
       9       -0.007198574609     0.015183611177    -0.006718406088
      10        0.013627275671     0.001020563751     0.001291170685
      11       -0.026549438217     0.035950556242     0.021976638025
      12       -0.043861784220     0.027669343387    -0.053286107223


*** tstop() called on cst14372 at Tue Apr 21 11:16:23 2026
Module time:
	user time   =       3.98 seconds =       0.07 minutes
	system time =       0.08 seconds =       0.00 minutes
	total time  =          2 seconds =       0.03 minutes
Total time:
	user time   =    1934.79 seconds =      32.25 minutes
	system time =      28.90 seconds =       0.48 minutes
	total time  =        936 seconds =      15.60 minutes

Scratch directory: /tmp/
   => Libint2 <=

    Primary   basis highest AM E, G, H:  6, 6, 3
    Auxiliary basis highest AM E, G, H:  7, 7, 4
    Onebody   basis highest AM E, G, H:  -, -, -
    Solid Harmonics ordering:            Gaussian

*** tstart() called on cst14372
*** at Tue Apr 21 11:16:23 2026

   => Loading Basis Set <=

    Name: 6-31G*
    Role: ORBITAL
    Keyword: BASIS
    atoms 1, 4-6 entry C          line   111 file /Users/jmsmith1/anaconda3/envs/jupyterenv/share/psi4/basis/6-31gs.gbs 
    atoms 2-3    entry O          line   145 file /Users/jmsmith1/anaconda3/envs/jupyterenv/share/psi4/basis/6-31gs.gbs 
    atoms 7-12   entry H          line    44 file /Users/jmsmith1/anaconda3/envs/jupyterenv/share/psi4/basis/6-31gs.gbs 

   => WB97X-D: Empirical Dispersion <=

    Chai and Head-Gordon Dispersion Correction
    Chai, J.-D.; Head-Gordon, M. (2010), J. Chem. Phys., 132: 6615-6620

        s6 =       1.000000


         ---------------------------------------------------------
                                   SCF
               by Justin Turney, Rob Parrish, Andy Simmonett
                          and Daniel G. A. Smith
                              RKS Reference
                        4 Threads,   5722 MiB Core
         ---------------------------------------------------------

  ==> Geometry <==

    Molecular point group: c1
    Full point group: C1

    Geometry (in Angstrom), charge = 0, multiplicity = 1:

       Center              X                  Y                   Z               Mass       
    ------------   -----------------  -----------------  -----------------  -----------------
         C            0.066640014700     0.356996349000     0.051930317100    12.000000000000
         O            1.379407984200     0.313583849000     0.009769070100    15.994914619570
         O            2.021508632300    -0.827886902000    -0.000857318100    15.994914619570
         C           -0.709637435300    -0.882359927300    -0.001629040800    12.000000000000
         C           -2.063253743800    -0.950310344400    -0.068371066300    12.000000000000
         C           -0.564656216800     1.699697163300     0.031111454100    12.000000000000
         H           -0.305622229400    -1.953351004900     0.259473074900     1.007825032230
         H           -2.678835234000     0.021968669800    -0.223196350700     1.007825032230
         H           -2.716599473700    -1.799321400400    -0.173596275100     1.007825032230
         H            0.324838949700     2.372094486900    -0.032767799200     1.007825032230
         H           -1.234100396500     2.189137382700     0.874709566200     1.007825032230
         H           -1.281682225100     2.013712111600    -1.000801389100     1.007825032230

  Running in c1 symmetry.

  Rotational constants: A =      0.18208  B =      0.09530  C =      0.06348 [cm^-1]
  Rotational constants: A =   5458.74518  B =   2857.07203  C =   1903.19184 [MHz]
  Nuclear repulsion =  221.988293419118662

  Charge       = 0
  Multiplicity = 1
  Electrons    = 46
  Nalpha       = 23
  Nbeta        = 23

  ==> Algorithm <==

  SCF Algorithm Type is DF.
  DIIS enabled.
  MOM disabled.
  Fractional occupation disabled.
  Guess Type is SAD.
  Energy threshold   = 1.00e-07
  Density threshold  = 1.00e-07
  Integral threshold = 1.00e-12

  ==> Primary Basis <==

  Basis Set: 6-31G*
    Blend: 6-31G*
    Number of shells: 48
    Number of basis functions: 102
    Number of Cartesian functions: 102
    Spherical Harmonics?: false
    Max angular momentum: 2

  ==> DFT Potential <==

   => LibXC <=

    Version 7.0.0
    S. Lehtola, C. Steigemann, M. J.T. Oliveira, and M. A.L. Marques.,  SoftwareX 7, 1–5 (2018) (10.1016/j.softx.2017.11.002)

   => Composite Functional: WB97X-D <= 

    wB97X-D Hyb-GGA Exchange-Correlation Functional

    J.-D. Chai and M. Head-Gordon.,  Phys. Chem. Chem. Phys. 10, 6615-6620 (2008) (10.1039/B810189B)

    Deriv               =              1
    GGA                 =           TRUE
    Meta                =          FALSE

    Exchange Hybrid     =           TRUE
    MP2 Hybrid          =          FALSE

   => Exchange-Correlation Functionals <=

    1.0000   wB97X-D range-separated functional

   => Exact (HF) Exchange <=

    0.7780            HF,LR [omega = 0.2000]
    0.2220               HF 

   => LibXC Density Thresholds  <==

    XC_HYB_GGA_XC_WB97X_D:  1.00E-14 

   => Molecular Quadrature <=

    Radial Scheme          =       TREUTLER
    Pruning Scheme         =           NONE
    Nuclear Scheme         =       TREUTLER

    Blocking Scheme        =         OCTREE
    BS radius alpha        =              1
    Pruning alpha          =              1
    Radial Points          =             75
    Spherical Points       =            302
    Total Points           =         254895
    Total Blocks           =           1946
    Max Points             =            256
    Max Functions          =            100
    Weights Tolerance      =       1.00E-15

   => Loading Basis Set <=

    Name: (6-31G* AUX)
    Role: JKFIT
    Keyword: DF_BASIS_SCF
    atoms 1, 4-6 entry C          line   121 file /Users/jmsmith1/anaconda3/envs/jupyterenv/share/psi4/basis/cc-pvdz-jkfit.gbs 
    atoms 2-3    entry O          line   221 file /Users/jmsmith1/anaconda3/envs/jupyterenv/share/psi4/basis/cc-pvdz-jkfit.gbs 
    atoms 7-12   entry H          line    51 file /Users/jmsmith1/anaconda3/envs/jupyterenv/share/psi4/basis/cc-pvdz-jkfit.gbs 

  ==> Integral Setup <==

  DFHelper Memory: AOs need 0.151 GiB; user supplied 3.604 GiB. 
  SCF_SUBTYPE=INCORE selected. In-core MEM_DF algorithm will be used.
  Using in-core AOs.

  ==> MemDFJK: Density-Fitted J/K Matrices <==

    J tasked:                   Yes
    K tasked:                   Yes
    wK tasked:                  Yes
    Omega:                2.000E-01
    OpenMP threads:               4
    Memory [MiB]:              3690
    Algorithm:                 Core
    Schwarz Cutoff:           1E-12
    Mask sparsity (%):       1.8262
    Fitting Condition:        1E-10

   => Auxiliary Basis Set <=

  Basis Set: (6-31G* AUX)
    Blend: CC-PVDZ-JKFIT
    Number of shells: 198
    Number of basis functions: 636
    Number of Cartesian functions: 636
    Spherical Harmonics?: false
    Max angular momentum: 3

  Cached 100.0% of DFT collocation blocks in 0.587 [GiB].

  Minimum eigenvalue in the overlap matrix is 3.1109796108E-03.
  Reciprocal condition number of the overlap matrix is 4.5873848338E-04.
    Using symmetric orthogonalization.

  ==> Pre-Iterations <==

  SCF Guess: Superposition of Atomic Densities via on-the-fly atomic UHF (no occupation information).

   -------------------------
    Irrep   Nso     Nmo    
   -------------------------
     A        102     102 
   -------------------------
    Total     102     102
   -------------------------

  ==> Iterations <==

                           Total Energy        Delta E     RMS |[F,P]|

   @DF-RKS iter SAD:  -299.95693280801214   -2.99957e+02   0.00000e+00 
   @DF-RKS iter   1:  -296.16750983317388    3.78942e+00   3.46248e-02 ADIIS/DIIS
   @DF-RKS iter   2:  -274.09457084241080    2.20729e+01   6.35256e-02 ADIIS/DIIS
   @DF-RKS iter   3:  -304.84885053515700   -3.07543e+01   1.58047e-02 ADIIS/DIIS
   @DF-RKS iter   4:  -305.02451638491931   -1.75666e-01   1.49063e-02 ADIIS/DIIS
   @DF-RKS iter   5:  -306.01531980352200   -9.90803e-01   5.09374e-03 ADIIS/DIIS
   @DF-RKS iter   6:  -306.13786143172217   -1.22542e-01   1.83390e-03 ADIIS/DIIS
   @DF-RKS iter   7:  -306.15355303732883   -1.56916e-02   5.55275e-04 ADIIS/DIIS
   @DF-RKS iter   8:  -306.15483974278692   -1.28671e-03   2.31515e-04 ADIIS/DIIS
   @DF-RKS iter   9:  -306.15506336668830   -2.23624e-04   1.16728e-04 ADIIS/DIIS
   @DF-RKS iter  10:  -306.15512678560276   -6.34189e-05   4.68839e-05 DIIS
   @DF-RKS iter  11:  -306.15513758387721   -1.07983e-05   7.31860e-06 DIIS
   @DF-RKS iter  12:  -306.15513787580028   -2.91923e-07   1.09141e-06 DIIS
   @DF-RKS iter  13:  -306.15513788996770   -1.41674e-08   3.54583e-07 DIIS
   @DF-RKS iter  14:  -306.15513789200531   -2.03761e-09   1.79174e-07 DIIS
   @DF-RKS iter  15:  -306.15513789237855   -3.73234e-10   6.96844e-08 DIIS
  Energy and wave function converged.


  ==> Post-Iterations <==

   Electrons on quadrature grid:
      Ntotal   =   45.9999884208 ; deviation = -1.158e-05 

    Orbital Energies [Eh]
    ---------------------

    Doubly Occupied:                                                      

       1A    -19.422978     2A    -19.257749     3A    -10.416534  
       4A    -10.356535     5A    -10.342204     6A    -10.340737  
       7A     -1.296441     8A     -0.999604     9A     -0.900948  
      10A     -0.832350    11A     -0.745361    12A     -0.643111  
      13A     -0.612148    14A     -0.593084    15A     -0.580110  
      16A     -0.535527    17A     -0.497763    18A     -0.484906  
      19A     -0.479085    20A     -0.443362    21A     -0.391023  
      22A     -0.310980    23A     -0.294349  

    Virtual:                                                              

      24A     -0.030437    25A      0.096537    26A      0.136962  
      27A      0.163761    28A      0.191267    29A      0.212286  
      30A      0.224504    31A      0.234186    32A      0.252244  
      33A      0.310686    34A      0.345237    35A      0.422460  
      36A      0.445730    37A      0.555193    38A      0.585157  
      39A      0.613543    40A      0.645929    41A      0.662601  
      42A      0.690458    43A      0.710176    44A      0.723982  
      45A      0.751096    46A      0.789466    47A      0.822734  
      48A      0.853905    49A      0.873459    50A      0.897492  
      51A      0.907753    52A      0.936487    53A      0.943686  
      54A      0.960405    55A      1.018194    56A      1.024645  
      57A      1.032699    58A      1.105526    59A      1.129892  
      60A      1.168230    61A      1.194291    62A      1.222585  
      63A      1.354237    64A      1.385582    65A      1.415363  
      66A      1.444105    67A      1.487649    68A      1.611750  
      69A      1.645774    70A      1.687097    71A      1.760928  
      72A      1.780695    73A      1.840574    74A      1.865376  
      75A      1.900400    76A      1.919507    77A      1.945001  
      78A      1.982396    79A      2.066212    80A      2.095674  
      81A      2.134946    82A      2.203744    83A      2.284370  
      84A      2.297093    85A      2.331367    86A      2.413786  
      87A      2.455331    88A      2.533697    89A      2.567928  
      90A      2.572902    91A      2.705022    92A      2.773330  
      93A      2.918297    94A      2.933182    95A      3.139323  
      96A      3.245560    97A      3.605470    98A      4.092808  
      99A      4.152657   100A      4.239625   101A      4.330429  
     102A      4.605541  

    Final Occupation by Irrep:
              A 
    DOCC [    23 ]
    NA   [    23 ]
    NB   [    23 ]

  @DF-RKS Final Energy:  -306.15513789237855

   => Energetics <=

    Nuclear Repulsion Energy =            221.9882934191186621
    One-Electron Energy =                -855.6046188445003509
    Two-Electron Energy =                 355.6165178196007446
    DFT Exchange-Correlation Energy =     -28.1509864757742001
    Empirical Dispersion Energy =          -0.0043438108234400
    VV10 Nonlocal Energy =                  0.0000000000000000
    Total Energy =                       -306.1551378923785478

Computation Completed


Properties will be evaluated at   0.000000,   0.000000,   0.000000 [a0]

Properties computed using the SCF density matrix


 Multipole Moments:

 ------------------------------------------------------------------------------------
     Multipole            Electronic (a.u.)      Nuclear  (a.u.)        Total (a.u.)
 ------------------------------------------------------------------------------------

 L = 1.  Multiply by 2.5417464519 to convert [e a0] to [Debye]
 Dipole X            :         -1.2203204           -0.5860267           -1.8063471
 Dipole Y            :          0.5552847            0.1397552            0.6950399
 Dipole Z            :          0.3149781           -0.2771003            0.0378778
 Magnitude           :                                                    1.9358215

 ------------------------------------------------------------------------------------

*** tstop() called on cst14372 at Tue Apr 21 11:16:35 2026
Module time:
	user time   =      25.65 seconds =       0.43 minutes
	system time =       0.41 seconds =       0.01 minutes
	total time  =         12 seconds =       0.20 minutes
Total time:
	user time   =    1960.47 seconds =      32.67 minutes
	system time =      29.32 seconds =       0.49 minutes
	total time  =        948 seconds =      15.80 minutes

Scratch directory: /tmp/
gradient() will perform analytic gradient computation.

*** tstart() called on cst14372
*** at Tue Apr 21 11:16:35 2026


         ------------------------------------------------------------
                                   SCF GRAD                          
                          Rob Parrish, Justin Turney,                
                       Andy Simmonett, and Alex Sokolov              
         ------------------------------------------------------------

  ==> Geometry <==

    Molecular point group: c1
    Full point group: C1

    Geometry (in Angstrom), charge = 0, multiplicity = 1:

       Center              X                  Y                   Z               Mass       
    ------------   -----------------  -----------------  -----------------  -----------------
         C            0.066640014700     0.356996349000     0.051930317100    12.000000000000
         O            1.379407984200     0.313583849000     0.009769070100    15.994914619570
         O            2.021508632300    -0.827886902000    -0.000857318100    15.994914619570
         C           -0.709637435300    -0.882359927300    -0.001629040800    12.000000000000
         C           -2.063253743800    -0.950310344400    -0.068371066300    12.000000000000
         C           -0.564656216800     1.699697163300     0.031111454100    12.000000000000
         H           -0.305622229400    -1.953351004900     0.259473074900     1.007825032230
         H           -2.678835234000     0.021968669800    -0.223196350700     1.007825032230
         H           -2.716599473700    -1.799321400400    -0.173596275100     1.007825032230
         H            0.324838949700     2.372094486900    -0.032767799200     1.007825032230
         H           -1.234100396500     2.189137382700     0.874709566200     1.007825032230
         H           -1.281682225100     2.013712111600    -1.000801389100     1.007825032230

  Nuclear repulsion =  221.988293419118662

  ==> Basis Set <==

  Basis Set: 6-31G*
    Blend: 6-31G*
    Number of shells: 48
    Number of basis functions: 102
    Number of Cartesian functions: 102
    Spherical Harmonics?: false
    Max angular momentum: 2

  ==> DFJKGrad: Density-Fitted SCF Gradients <==

    Gradient:                    1
    J tasked:                  Yes
    K tasked:                  Yes
    wK tasked:                 Yes
    Omega:               2.000E-01
    OpenMP threads:              4
    Integrals threads:           4
    Memory [MiB]:             4291
    Schwarz Cutoff:          1E-12
    Fitting Condition:       1E-10

   => Auxiliary Basis Set <=

  Basis Set: (6-31G* AUX)
    Blend: CC-PVDZ-JKFIT
    Number of shells: 198
    Number of basis functions: 636
    Number of Cartesian functions: 636
    Spherical Harmonics?: false
    Max angular momentum: 3

  ==> DFT Potential <==

   => LibXC <=

    Version 7.0.0
    S. Lehtola, C. Steigemann, M. J.T. Oliveira, and M. A.L. Marques.,  SoftwareX 7, 1–5 (2018) (10.1016/j.softx.2017.11.002)

   => Composite Functional: WB97X-D <= 

    wB97X-D Hyb-GGA Exchange-Correlation Functional

    J.-D. Chai and M. Head-Gordon.,  Phys. Chem. Chem. Phys. 10, 6615-6620 (2008) (10.1039/B810189B)

    Deriv               =              1
    GGA                 =           TRUE
    Meta                =          FALSE

    Exchange Hybrid     =           TRUE
    MP2 Hybrid          =          FALSE

   => Exchange-Correlation Functionals <=

    1.0000   wB97X-D range-separated functional

   => Exact (HF) Exchange <=

    0.7780            HF,LR [omega = 0.2000]
    0.2220               HF 

   => LibXC Density Thresholds  <==

    XC_HYB_GGA_XC_WB97X_D:  1.00E-14 

   => Molecular Quadrature <=

    Radial Scheme          =       TREUTLER
    Pruning Scheme         =           NONE
    Nuclear Scheme         =       TREUTLER

    Blocking Scheme        =         OCTREE
    BS radius alpha        =              1
    Pruning alpha          =              1
    Radial Points          =             75
    Spherical Points       =            302
    Total Points           =         254895
    Total Blocks           =           1946
    Max Points             =            256
    Max Functions          =            100
    Weights Tolerance      =       1.00E-15


  -Total Gradient:
     Atom            X                  Y                   Z
    ------   -----------------  -----------------  -----------------
       1        0.000568778150     0.032093383885     0.003252880748
       2        0.042956687048    -0.026034430672    -0.005786838182
       3       -0.002920422157     0.013462588133     0.001331533809
       4        0.015209915922     0.062640292766    -0.030142114006
       5        0.010843368980    -0.070858448545     0.021086173525
       6        0.027101726623    -0.072245410426     0.035707416545
       7       -0.005934221156    -0.050222118947     0.018166429211
       8       -0.021443275399     0.028886637514    -0.006017294395
       9       -0.008951732400     0.014441603086    -0.007391656018
      10        0.014062480972     0.000353787107     0.001279597896
      11       -0.027343934150     0.038273509105     0.021692791519
      12       -0.044248987002     0.028970272823    -0.053432739184


*** tstop() called on cst14372 at Tue Apr 21 11:16:37 2026
Module time:
	user time   =       3.96 seconds =       0.07 minutes
	system time =       0.08 seconds =       0.00 minutes
	total time  =          2 seconds =       0.03 minutes
Total time:
	user time   =    1964.45 seconds =      32.74 minutes
	system time =      29.40 seconds =       0.49 minutes
	total time  =        950 seconds =      15.83 minutes

Scratch directory: /tmp/
   => Libint2 <=

    Primary   basis highest AM E, G, H:  6, 6, 3
    Auxiliary basis highest AM E, G, H:  7, 7, 4
    Onebody   basis highest AM E, G, H:  -, -, -
    Solid Harmonics ordering:            Gaussian

*** tstart() called on cst14372
*** at Tue Apr 21 11:16:37 2026

   => Loading Basis Set <=

    Name: 6-31G*
    Role: ORBITAL
    Keyword: BASIS
    atoms 1, 4-6 entry C          line   111 file /Users/jmsmith1/anaconda3/envs/jupyterenv/share/psi4/basis/6-31gs.gbs 
    atoms 2-3    entry O          line   145 file /Users/jmsmith1/anaconda3/envs/jupyterenv/share/psi4/basis/6-31gs.gbs 
    atoms 7-12   entry H          line    44 file /Users/jmsmith1/anaconda3/envs/jupyterenv/share/psi4/basis/6-31gs.gbs 

   => WB97X-D: Empirical Dispersion <=

    Chai and Head-Gordon Dispersion Correction
    Chai, J.-D.; Head-Gordon, M. (2010), J. Chem. Phys., 132: 6615-6620

        s6 =       1.000000


         ---------------------------------------------------------
                                   SCF
               by Justin Turney, Rob Parrish, Andy Simmonett
                          and Daniel G. A. Smith
                              RKS Reference
                        4 Threads,   5722 MiB Core
         ---------------------------------------------------------

  ==> Geometry <==

    Molecular point group: c1
    Full point group: C1

    Geometry (in Angstrom), charge = 0, multiplicity = 1:

       Center              X                  Y                   Z               Mass       
    ------------   -----------------  -----------------  -----------------  -----------------
         C            0.066721916200     0.357309610700     0.056260695300    12.000000000000
         O            1.382315418400     0.314684515500     0.010649512100    15.994914619570
         O            2.025305072100    -0.823687983200    -0.000943447500    15.994914619570
         C           -0.709574856700    -0.884128788400    -0.001364381300    12.000000000000
         C           -2.064539702400    -0.955089291100    -0.074403479100    12.000000000000
         C           -0.569919199200     1.698555593300     0.033141268100    12.000000000000
         H           -0.320690187900    -1.958791005600     0.278485387900     1.007825032230
         H           -2.677676982000     0.015425960200    -0.241087815900     1.007825032230
         H           -2.725404478300    -1.801119099400    -0.187063104400     1.007825032230
         H            0.324633550700     2.364258162100    -0.035790745900     1.007825032230
         H           -1.237574547000     2.208663558700     0.869614330000     1.007825032230
         H           -1.285338015900     2.019643660400    -0.999873591800     1.007825032230

  Running in c1 symmetry.

  Rotational constants: A =      0.18184  B =      0.09497  C =      0.06332 [cm^-1]
  Rotational constants: A =   5451.55379  B =   2847.25323  C =   1898.23331 [MHz]
  Nuclear repulsion =  221.755200413668604

  Charge       = 0
  Multiplicity = 1
  Electrons    = 46
  Nalpha       = 23
  Nbeta        = 23

  ==> Algorithm <==

  SCF Algorithm Type is DF.
  DIIS enabled.
  MOM disabled.
  Fractional occupation disabled.
  Guess Type is SAD.
  Energy threshold   = 1.00e-07
  Density threshold  = 1.00e-07
  Integral threshold = 1.00e-12

  ==> Primary Basis <==

  Basis Set: 6-31G*
    Blend: 6-31G*
    Number of shells: 48
    Number of basis functions: 102
    Number of Cartesian functions: 102
    Spherical Harmonics?: false
    Max angular momentum: 2

  ==> DFT Potential <==

   => LibXC <=

    Version 7.0.0
    S. Lehtola, C. Steigemann, M. J.T. Oliveira, and M. A.L. Marques.,  SoftwareX 7, 1–5 (2018) (10.1016/j.softx.2017.11.002)

   => Composite Functional: WB97X-D <= 

    wB97X-D Hyb-GGA Exchange-Correlation Functional

    J.-D. Chai and M. Head-Gordon.,  Phys. Chem. Chem. Phys. 10, 6615-6620 (2008) (10.1039/B810189B)

    Deriv               =              1
    GGA                 =           TRUE
    Meta                =          FALSE

    Exchange Hybrid     =           TRUE
    MP2 Hybrid          =          FALSE

   => Exchange-Correlation Functionals <=

    1.0000   wB97X-D range-separated functional

   => Exact (HF) Exchange <=

    0.7780            HF,LR [omega = 0.2000]
    0.2220               HF 

   => LibXC Density Thresholds  <==

    XC_HYB_GGA_XC_WB97X_D:  1.00E-14 

   => Molecular Quadrature <=

    Radial Scheme          =       TREUTLER
    Pruning Scheme         =           NONE
    Nuclear Scheme         =       TREUTLER

    Blocking Scheme        =         OCTREE
    BS radius alpha        =              1
    Pruning alpha          =              1
    Radial Points          =             75
    Spherical Points       =            302
    Total Points           =         254913
    Total Blocks           =           1939
    Max Points             =            256
    Max Functions          =            100
    Weights Tolerance      =       1.00E-15

   => Loading Basis Set <=

    Name: (6-31G* AUX)
    Role: JKFIT
    Keyword: DF_BASIS_SCF
    atoms 1, 4-6 entry C          line   121 file /Users/jmsmith1/anaconda3/envs/jupyterenv/share/psi4/basis/cc-pvdz-jkfit.gbs 
    atoms 2-3    entry O          line   221 file /Users/jmsmith1/anaconda3/envs/jupyterenv/share/psi4/basis/cc-pvdz-jkfit.gbs 
    atoms 7-12   entry H          line    51 file /Users/jmsmith1/anaconda3/envs/jupyterenv/share/psi4/basis/cc-pvdz-jkfit.gbs 

  ==> Integral Setup <==

  DFHelper Memory: AOs need 0.151 GiB; user supplied 3.606 GiB. 
  SCF_SUBTYPE=INCORE selected. In-core MEM_DF algorithm will be used.
  Using in-core AOs.

  ==> MemDFJK: Density-Fitted J/K Matrices <==

    J tasked:                   Yes
    K tasked:                   Yes
    wK tasked:                  Yes
    Omega:                2.000E-01
    OpenMP threads:               4
    Memory [MiB]:              3692
    Algorithm:                 Core
    Schwarz Cutoff:           1E-12
    Mask sparsity (%):       1.8262
    Fitting Condition:        1E-10

   => Auxiliary Basis Set <=

  Basis Set: (6-31G* AUX)
    Blend: CC-PVDZ-JKFIT
    Number of shells: 198
    Number of basis functions: 636
    Number of Cartesian functions: 636
    Spherical Harmonics?: false
    Max angular momentum: 3

  Cached 100.0% of DFT collocation blocks in 0.585 [GiB].

  Minimum eigenvalue in the overlap matrix is 3.1351861015E-03.
  Reciprocal condition number of the overlap matrix is 4.6307161943E-04.
    Using symmetric orthogonalization.

  ==> Pre-Iterations <==

  SCF Guess: Superposition of Atomic Densities via on-the-fly atomic UHF (no occupation information).

   -------------------------
    Irrep   Nso     Nmo    
   -------------------------
     A        102     102 
   -------------------------
    Total     102     102
   -------------------------

  ==> Iterations <==

                           Total Energy        Delta E     RMS |[F,P]|

   @DF-RKS iter SAD:  -299.94501022698068   -2.99945e+02   0.00000e+00 
   @DF-RKS iter   1:  -296.15616754682026    3.78884e+00   3.46064e-02 ADIIS/DIIS
   @DF-RKS iter   2:  -274.09513829733407    2.20610e+01   6.35080e-02 ADIIS/DIIS
   @DF-RKS iter   3:  -304.82815563208226   -3.07330e+01   1.58705e-02 ADIIS/DIIS
   @DF-RKS iter   4:  -304.99681252828361   -1.68657e-01   1.50289e-02 ADIIS/DIIS
   @DF-RKS iter   5:  -306.00697333951211   -1.01016e+00   5.16228e-03 ADIIS/DIIS
   @DF-RKS iter   6:  -306.13322246360997   -1.26249e-01   1.86914e-03 ADIIS/DIIS
   @DF-RKS iter   7:  -306.14951273193225   -1.62903e-02   5.69390e-04 ADIIS/DIIS
   @DF-RKS iter   8:  -306.15087055684035   -1.35782e-03   2.36553e-04 ADIIS/DIIS
   @DF-RKS iter   9:  -306.15110761969248   -2.37063e-04   1.16718e-04 ADIIS/DIIS
   @DF-RKS iter  10:  -306.15117231426871   -6.46946e-05   4.63906e-05 DIIS
   @DF-RKS iter  11:  -306.15118297605363   -1.06618e-05   7.11748e-06 DIIS
   @DF-RKS iter  12:  -306.15118326074634   -2.84693e-07   1.16803e-06 DIIS
   @DF-RKS iter  13:  -306.15118327617529   -1.54290e-08   3.28681e-07 DIIS
   @DF-RKS iter  14:  -306.15118327831942   -2.14413e-09   1.51268e-07 DIIS
   @DF-RKS iter  15:  -306.15118327863752   -3.18096e-10   6.11054e-08 DIIS
  Energy and wave function converged.


  ==> Post-Iterations <==

   Electrons on quadrature grid:
      Ntotal   =   45.9999876480 ; deviation = -1.235e-05 

    Orbital Energies [Eh]
    ---------------------

    Doubly Occupied:                                                      

       1A    -19.423866     2A    -19.258820     3A    -10.417312  
       4A    -10.357031     5A    -10.342872     6A    -10.340928  
       7A     -1.297457     8A     -0.999746     9A     -0.900301  
      10A     -0.832139    11A     -0.744940    12A     -0.643577  
      13A     -0.612023    14A     -0.593419    15A     -0.580195  
      16A     -0.535203    17A     -0.498401    18A     -0.483774  
      19A     -0.478109    20A     -0.442356    21A     -0.390358  
      22A     -0.311571    23A     -0.294597  

    Virtual:                                                              

      24A     -0.030989    25A      0.094963    26A      0.135980  
      27A      0.163203    28A      0.191108    29A      0.211762  
      30A      0.223832    31A      0.233462    32A      0.251790  
      33A      0.310321    34A      0.344524    35A      0.422892  
      36A      0.445773    37A      0.555276    38A      0.585069  
      39A      0.613427    40A      0.643730    41A      0.662524  
      42A      0.690994    43A      0.710378    44A      0.723379  
      45A      0.751676    46A      0.790401    47A      0.825065  
      48A      0.853028    49A      0.871924    50A      0.897432  
      51A      0.906741    52A      0.933835    53A      0.942103  
      54A      0.959337    55A      1.017394    56A      1.023808  
      57A      1.031498    58A      1.102688    59A      1.129149  
      60A      1.166521    61A      1.192804    62A      1.217841  
      63A      1.353060    64A      1.384033    65A      1.414631  
      66A      1.445097    67A      1.484111    68A      1.612501  
      69A      1.643675    70A      1.689480    71A      1.761767  
      72A      1.777063    73A      1.838917    74A      1.858169  
      75A      1.896619    76A      1.916706    77A      1.943057  
      78A      1.979978    79A      2.065240    80A      2.094386  
      81A      2.136808    82A      2.203920    83A      2.284609  
      84A      2.296316    85A      2.328997    86A      2.412616  
      87A      2.455568    88A      2.531620    89A      2.565526  
      90A      2.572785    91A      2.704844    92A      2.772878  
      93A      2.915759    94A      2.931500    95A      3.135007  
      96A      3.242233    97A      3.603634    98A      4.091463  
      99A      4.150036   100A      4.237672   101A      4.328625  
     102A      4.603479  

    Final Occupation by Irrep:
              A 
    DOCC [    23 ]
    NA   [    23 ]
    NB   [    23 ]

  @DF-RKS Final Energy:  -306.15118327863752

   => Energetics <=

    Nuclear Repulsion Energy =            221.7552004136686037
    One-Electron Energy =                -855.1299577032563093
    Two-Electron Energy =                 355.3734396473902848
    DFT Exchange-Correlation Energy =     -28.1455340570034416
    Empirical Dispersion Energy =          -0.0043315794366560
    VV10 Nonlocal Energy =                  0.0000000000000000
    Total Energy =                       -306.1511832786375180

Computation Completed


Properties will be evaluated at   0.000000,   0.000000,   0.000000 [a0]

Properties computed using the SCF density matrix


 Multipole Moments:

 ------------------------------------------------------------------------------------
     Multipole            Electronic (a.u.)      Nuclear  (a.u.)        Total (a.u.)
 ------------------------------------------------------------------------------------

 L = 1.  Multiply by 2.5417464519 to convert [e a0] to [Debye]
 Dipole X            :         -1.1854783           -0.6140812           -1.7995595
 Dipole Y            :          0.5500996            0.1434987            0.6935983
 Dipole Z            :          0.3336880           -0.2952931            0.0383949
 Magnitude           :                                                    1.9289808

 ------------------------------------------------------------------------------------

*** tstop() called on cst14372 at Tue Apr 21 11:16:50 2026
Module time:
	user time   =      25.45 seconds =       0.42 minutes
	system time =       0.39 seconds =       0.01 minutes
	total time  =         13 seconds =       0.22 minutes
Total time:
	user time   =    1989.92 seconds =      33.17 minutes
	system time =      29.79 seconds =       0.50 minutes
	total time  =        963 seconds =      16.05 minutes

Scratch directory: /tmp/
gradient() will perform analytic gradient computation.

*** tstart() called on cst14372
*** at Tue Apr 21 11:16:50 2026


         ------------------------------------------------------------
                                   SCF GRAD                          
                          Rob Parrish, Justin Turney,                
                       Andy Simmonett, and Alex Sokolov              
         ------------------------------------------------------------

  ==> Geometry <==

    Molecular point group: c1
    Full point group: C1

    Geometry (in Angstrom), charge = 0, multiplicity = 1:

       Center              X                  Y                   Z               Mass       
    ------------   -----------------  -----------------  -----------------  -----------------
         C            0.066721916200     0.357309610700     0.056260695300    12.000000000000
         O            1.382315418400     0.314684515500     0.010649512100    15.994914619570
         O            2.025305072100    -0.823687983200    -0.000943447500    15.994914619570
         C           -0.709574856700    -0.884128788400    -0.001364381300    12.000000000000
         C           -2.064539702400    -0.955089291100    -0.074403479100    12.000000000000
         C           -0.569919199200     1.698555593300     0.033141268100    12.000000000000
         H           -0.320690187900    -1.958791005600     0.278485387900     1.007825032230
         H           -2.677676982000     0.015425960200    -0.241087815900     1.007825032230
         H           -2.725404478300    -1.801119099400    -0.187063104400     1.007825032230
         H            0.324633550700     2.364258162100    -0.035790745900     1.007825032230
         H           -1.237574547000     2.208663558700     0.869614330000     1.007825032230
         H           -1.285338015900     2.019643660400    -0.999873591800     1.007825032230

  Nuclear repulsion =  221.755200413668604

  ==> Basis Set <==

  Basis Set: 6-31G*
    Blend: 6-31G*
    Number of shells: 48
    Number of basis functions: 102
    Number of Cartesian functions: 102
    Spherical Harmonics?: false
    Max angular momentum: 2

  ==> DFJKGrad: Density-Fitted SCF Gradients <==

    Gradient:                    1
    J tasked:                  Yes
    K tasked:                  Yes
    wK tasked:                 Yes
    Omega:               2.000E-01
    OpenMP threads:              4
    Integrals threads:           4
    Memory [MiB]:             4291
    Schwarz Cutoff:          1E-12
    Fitting Condition:       1E-10

   => Auxiliary Basis Set <=

  Basis Set: (6-31G* AUX)
    Blend: CC-PVDZ-JKFIT
    Number of shells: 198
    Number of basis functions: 636
    Number of Cartesian functions: 636
    Spherical Harmonics?: false
    Max angular momentum: 3

  ==> DFT Potential <==

   => LibXC <=

    Version 7.0.0
    S. Lehtola, C. Steigemann, M. J.T. Oliveira, and M. A.L. Marques.,  SoftwareX 7, 1–5 (2018) (10.1016/j.softx.2017.11.002)

   => Composite Functional: WB97X-D <= 

    wB97X-D Hyb-GGA Exchange-Correlation Functional

    J.-D. Chai and M. Head-Gordon.,  Phys. Chem. Chem. Phys. 10, 6615-6620 (2008) (10.1039/B810189B)

    Deriv               =              1
    GGA                 =           TRUE
    Meta                =          FALSE

    Exchange Hybrid     =           TRUE
    MP2 Hybrid          =          FALSE

   => Exchange-Correlation Functionals <=

    1.0000   wB97X-D range-separated functional

   => Exact (HF) Exchange <=

    0.7780            HF,LR [omega = 0.2000]
    0.2220               HF 

   => LibXC Density Thresholds  <==

    XC_HYB_GGA_XC_WB97X_D:  1.00E-14 

   => Molecular Quadrature <=

    Radial Scheme          =       TREUTLER
    Pruning Scheme         =           NONE
    Nuclear Scheme         =       TREUTLER

    Blocking Scheme        =         OCTREE
    BS radius alpha        =              1
    Pruning alpha          =              1
    Radial Points          =             75
    Spherical Points       =            302
    Total Points           =         254913
    Total Blocks           =           1939
    Max Points             =            256
    Max Functions          =            100
    Weights Tolerance      =       1.00E-15


  -Total Gradient:
     Atom            X                  Y                   Z
    ------   -----------------  -----------------  -----------------
       1        0.001011438821     0.033625414721     0.003546076285
       2        0.045925513784    -0.027818437280    -0.006240415786
       3       -0.003200964917     0.014608967336     0.001407052815
       4        0.017495591540     0.064056784868    -0.032124884088
       5        0.010820978533    -0.070744191672     0.022736923343
       6        0.025351796143    -0.074539092587     0.036531345403
       7       -0.007666009605    -0.050908430401     0.019294684829
       8       -0.021118707453     0.028008511117    -0.006386903338
       9       -0.010828870888     0.013463427229    -0.008098829729
      10        0.014298407994    -0.000444067465     0.001263482073
      11       -0.027825016829     0.040324295210     0.020997535293
      12       -0.044329783760     0.030128111495    -0.053187816441


*** tstop() called on cst14372 at Tue Apr 21 11:16:52 2026
Module time:
	user time   =       3.97 seconds =       0.07 minutes
	system time =       0.08 seconds =       0.00 minutes
	total time  =          2 seconds =       0.03 minutes
Total time:
	user time   =    1993.91 seconds =      33.23 minutes
	system time =      29.87 seconds =       0.50 minutes
	total time  =        965 seconds =      16.08 minutes

Scratch directory: /tmp/
   => Libint2 <=

    Primary   basis highest AM E, G, H:  6, 6, 3
    Auxiliary basis highest AM E, G, H:  7, 7, 4
    Onebody   basis highest AM E, G, H:  -, -, -
    Solid Harmonics ordering:            Gaussian

*** tstart() called on cst14372
*** at Tue Apr 21 11:16:52 2026

   => Loading Basis Set <=

    Name: 6-31G*
    Role: ORBITAL
    Keyword: BASIS
    atoms 1, 4-6 entry C          line   111 file /Users/jmsmith1/anaconda3/envs/jupyterenv/share/psi4/basis/6-31gs.gbs 
    atoms 2-3    entry O          line   145 file /Users/jmsmith1/anaconda3/envs/jupyterenv/share/psi4/basis/6-31gs.gbs 
    atoms 7-12   entry H          line    44 file /Users/jmsmith1/anaconda3/envs/jupyterenv/share/psi4/basis/6-31gs.gbs 

   => WB97X-D: Empirical Dispersion <=

    Chai and Head-Gordon Dispersion Correction
    Chai, J.-D.; Head-Gordon, M. (2010), J. Chem. Phys., 132: 6615-6620

        s6 =       1.000000


         ---------------------------------------------------------
                                   SCF
               by Justin Turney, Rob Parrish, Andy Simmonett
                          and Daniel G. A. Smith
                              RKS Reference
                        4 Threads,   5722 MiB Core
         ---------------------------------------------------------

  ==> Geometry <==

    Molecular point group: c1
    Full point group: C1

    Geometry (in Angstrom), charge = 0, multiplicity = 1:

       Center              X                  Y                   Z               Mass       
    ------------   -----------------  -----------------  -----------------  -----------------
         C            0.066801087400     0.357526273300     0.060591281400    12.000000000000
         O            1.385130060600     0.315848311500     0.011545648100    15.994914619570
         O            2.029117653100    -0.819510662000    -0.001032843700    15.994914619570
         C           -0.709562782300    -0.886087394100    -0.001006069400    12.000000000000
         C           -2.065860102000    -0.959674969700    -0.080516315000    12.000000000000
         C           -0.575268314500     1.697627077600     0.035070221600    12.000000000000
         H           -0.335530118600    -1.962487830700     0.296878026400     1.007825032230
         H           -2.675787335400     0.007901134000    -0.258802212300     1.007825032230
         H           -2.733857187100    -1.803385633500    -0.200283100700     1.007825032230
         H            0.323934361600     2.356418201900    -0.038864595000     1.007825032230
         H           -1.240097141600     2.226845784200     0.863782356200     1.007825032230
         H           -1.287473277700     2.024550141100    -0.997108577100     1.007825032230

  Running in c1 symmetry.

  Rotational constants: A =      0.18162  B =      0.09465  C =      0.06316 [cm^-1]
  Rotational constants: A =   5444.86057  B =   2837.68363  C =   1893.39619 [MHz]
  Nuclear repulsion =  221.541649772417543

  Charge       = 0
  Multiplicity = 1
  Electrons    = 46
  Nalpha       = 23
  Nbeta        = 23

  ==> Algorithm <==

  SCF Algorithm Type is DF.
  DIIS enabled.
  MOM disabled.
  Fractional occupation disabled.
  Guess Type is SAD.
  Energy threshold   = 1.00e-07
  Density threshold  = 1.00e-07
  Integral threshold = 1.00e-12

  ==> Primary Basis <==

  Basis Set: 6-31G*
    Blend: 6-31G*
    Number of shells: 48
    Number of basis functions: 102
    Number of Cartesian functions: 102
    Spherical Harmonics?: false
    Max angular momentum: 2

  ==> DFT Potential <==

   => LibXC <=

    Version 7.0.0
    S. Lehtola, C. Steigemann, M. J.T. Oliveira, and M. A.L. Marques.,  SoftwareX 7, 1–5 (2018) (10.1016/j.softx.2017.11.002)

   => Composite Functional: WB97X-D <= 

    wB97X-D Hyb-GGA Exchange-Correlation Functional

    J.-D. Chai and M. Head-Gordon.,  Phys. Chem. Chem. Phys. 10, 6615-6620 (2008) (10.1039/B810189B)

    Deriv               =              1
    GGA                 =           TRUE
    Meta                =          FALSE

    Exchange Hybrid     =           TRUE
    MP2 Hybrid          =          FALSE

   => Exchange-Correlation Functionals <=

    1.0000   wB97X-D range-separated functional

   => Exact (HF) Exchange <=

    0.7780            HF,LR [omega = 0.2000]
    0.2220               HF 

   => LibXC Density Thresholds  <==

    XC_HYB_GGA_XC_WB97X_D:  1.00E-14 

   => Molecular Quadrature <=

    Radial Scheme          =       TREUTLER
    Pruning Scheme         =           NONE
    Nuclear Scheme         =       TREUTLER

    Blocking Scheme        =         OCTREE
    BS radius alpha        =              1
    Pruning alpha          =              1
    Radial Points          =             75
    Spherical Points       =            302
    Total Points           =         254893
    Total Blocks           =           1935
    Max Points             =            256
    Max Functions          =            100
    Weights Tolerance      =       1.00E-15

   => Loading Basis Set <=

    Name: (6-31G* AUX)
    Role: JKFIT
    Keyword: DF_BASIS_SCF
    atoms 1, 4-6 entry C          line   121 file /Users/jmsmith1/anaconda3/envs/jupyterenv/share/psi4/basis/cc-pvdz-jkfit.gbs 
    atoms 2-3    entry O          line   221 file /Users/jmsmith1/anaconda3/envs/jupyterenv/share/psi4/basis/cc-pvdz-jkfit.gbs 
    atoms 7-12   entry H          line    51 file /Users/jmsmith1/anaconda3/envs/jupyterenv/share/psi4/basis/cc-pvdz-jkfit.gbs 

  ==> Integral Setup <==

  DFHelper Memory: AOs need 0.151 GiB; user supplied 3.607 GiB. 
  SCF_SUBTYPE=INCORE selected. In-core MEM_DF algorithm will be used.
  Using in-core AOs.

  ==> MemDFJK: Density-Fitted J/K Matrices <==

    J tasked:                   Yes
    K tasked:                   Yes
    wK tasked:                  Yes
    Omega:                2.000E-01
    OpenMP threads:               4
    Memory [MiB]:              3693
    Algorithm:                 Core
    Schwarz Cutoff:           1E-12
    Mask sparsity (%):       1.8262
    Fitting Condition:        1E-10

   => Auxiliary Basis Set <=

  Basis Set: (6-31G* AUX)
    Blend: CC-PVDZ-JKFIT
    Number of shells: 198
    Number of basis functions: 636
    Number of Cartesian functions: 636
    Spherical Harmonics?: false
    Max angular momentum: 3

  Cached 100.0% of DFT collocation blocks in 0.584 [GiB].

  Minimum eigenvalue in the overlap matrix is 3.1616951802E-03.
  Reciprocal condition number of the overlap matrix is 4.6768596932E-04.
    Using symmetric orthogonalization.

  ==> Pre-Iterations <==

  SCF Guess: Superposition of Atomic Densities via on-the-fly atomic UHF (no occupation information).

   -------------------------
    Irrep   Nso     Nmo    
   -------------------------
     A        102     102 
   -------------------------
    Total     102     102
   -------------------------

  ==> Iterations <==

                           Total Energy        Delta E     RMS |[F,P]|

   @DF-RKS iter SAD:  -299.93728286950267   -2.99937e+02   0.00000e+00 
   @DF-RKS iter   1:  -296.15045472491113    3.78683e+00   3.45867e-02 ADIIS/DIIS
   @DF-RKS iter   2:  -274.11655473442249    2.20339e+01   6.34775e-02 ADIIS/DIIS
   @DF-RKS iter   3:  -304.81067369107365   -3.06941e+01   1.59272e-02 ADIIS/DIIS
   @DF-RKS iter   4:  -304.97287105160422   -1.62197e-01   1.51409e-02 ADIIS/DIIS
   @DF-RKS iter   5:  -306.00004195106618   -1.02717e+00   5.21747e-03 ADIIS/DIIS
   @DF-RKS iter   6:  -306.12930141569331   -1.29259e-01   1.90278e-03 ADIIS/DIIS
   @DF-RKS iter   7:  -306.14616501709997   -1.68636e-02   5.82387e-04 ADIIS/DIIS
   @DF-RKS iter   8:  -306.14758966856971   -1.42465e-03   2.40762e-04 ADIIS/DIIS
   @DF-RKS iter   9:  -306.14783865581586   -2.48987e-04   1.16471e-04 ADIIS/DIIS
   @DF-RKS iter  10:  -306.14790426450185   -6.56087e-05   4.59902e-05 DIIS
   @DF-RKS iter  11:  -306.14791483581797   -1.05713e-05   6.90272e-06 DIIS
   @DF-RKS iter  12:  -306.14791511239554   -2.76578e-07   1.31013e-06 DIIS
   @DF-RKS iter  13:  -306.14791512989177   -1.74962e-08   3.53898e-07 DIIS
   @DF-RKS iter  14:  -306.14791513235457   -2.46280e-09   1.22985e-07 DIIS
   @DF-RKS iter  15:  -306.14791513263106   -2.76486e-10   5.31560e-08 DIIS
  Energy and wave function converged.


  ==> Post-Iterations <==

   Electrons on quadrature grid:
      Ntotal   =   45.9999864718 ; deviation = -1.353e-05 

    Orbital Energies [Eh]
    ---------------------

    Doubly Occupied:                                                      

       1A    -19.424691     2A    -19.259798     3A    -10.418062  
       4A    -10.357185     5A    -10.343420     6A    -10.341022  
       7A     -1.298401     8A     -0.999808     9A     -0.899692  
      10A     -0.832056    11A     -0.744569    12A     -0.644087  
      13A     -0.612001    14A     -0.593805    15A     -0.580269  
      16A     -0.534877    17A     -0.499065    18A     -0.482828  
      19A     -0.477396    20A     -0.441535    21A     -0.389706  
      22A     -0.312107    23A     -0.294820  

    Virtual:                                                              

      24A     -0.031451    25A      0.093623    26A      0.135393  
      27A      0.162843    28A      0.191376    29A      0.211536  
      30A      0.223023    31A      0.232975    32A      0.251509  
      33A      0.309901    34A      0.343857    35A      0.423149  
      36A      0.445678    37A      0.555465    38A      0.584974  
      39A      0.613209    40A      0.641702    41A      0.662308  
      42A      0.691366    43A      0.710405    44A      0.722845  
      45A      0.752215    46A      0.791614    47A      0.827419  
      48A      0.852461    49A      0.870861    50A      0.897832  
      51A      0.905986    52A      0.931107    53A      0.940865  
      54A      0.958802    55A      1.016493    56A      1.022979  
      57A      1.030690    58A      1.099888    59A      1.128504  
      60A      1.164894    61A      1.191406    62A      1.213340  
      63A      1.351970    64A      1.382530    65A      1.413834  
      66A      1.445864    67A      1.481441    68A      1.613086  
      69A      1.641125    70A      1.692332    71A      1.762156  
      72A      1.773796    73A      1.837628    74A      1.851468  
      75A      1.893318    76A      1.914149    77A      1.941591  
      78A      1.977731    79A      2.064123    80A      2.093810  
      81A      2.139489    82A      2.204001    83A      2.285197  
      84A      2.295953    85A      2.326707    86A      2.411328  
      87A      2.455927    88A      2.529530    89A      2.563010  
      90A      2.572934    91A      2.704682    92A      2.772298  
      93A      2.913301    94A      2.929807    95A      3.130733  
      96A      3.238883    97A      3.601896    98A      4.090305  
      99A      4.147385   100A      4.235941   101A      4.326997  
     102A      4.601400  

    Final Occupation by Irrep:
              A 
    DOCC [    23 ]
    NA   [    23 ]
    NB   [    23 ]

  @DF-RKS Final Energy:  -306.14791513263106

   => Energetics <=

    Nuclear Repulsion Energy =            221.5416497724175429
    One-Electron Energy =                -854.6946001065391556
    Two-Electron Energy =                 355.1508565952160552
    DFT Exchange-Correlation Energy =     -28.1415030658356109
    Empirical Dispersion Energy =          -0.0043183278898321
    VV10 Nonlocal Energy =                  0.0000000000000000
    Total Energy =                       -306.1479151326310557

Computation Completed


Properties will be evaluated at   0.000000,   0.000000,   0.000000 [a0]

Properties computed using the SCF density matrix


 Multipole Moments:

 ------------------------------------------------------------------------------------
     Multipole            Electronic (a.u.)      Nuclear  (a.u.)        Total (a.u.)
 ------------------------------------------------------------------------------------

 L = 1.  Multiply by 2.5417464519 to convert [e a0] to [Debye]
 Dipole X            :         -1.1549468           -0.6390480           -1.7939949
 Dipole Y            :          0.5478796            0.1452990            0.6931786
 Dipole Z            :          0.3509006           -0.3126759            0.0382247
 Magnitude           :                                                    1.9236359

 ------------------------------------------------------------------------------------

*** tstop() called on cst14372 at Tue Apr 21 11:17:04 2026
Module time:
	user time   =      25.42 seconds =       0.42 minutes
	system time =       0.39 seconds =       0.01 minutes
	total time  =         12 seconds =       0.20 minutes
Total time:
	user time   =    2019.35 seconds =      33.66 minutes
	system time =      30.26 seconds =       0.50 minutes
	total time  =        977 seconds =      16.28 minutes

Scratch directory: /tmp/
gradient() will perform analytic gradient computation.

*** tstart() called on cst14372
*** at Tue Apr 21 11:17:04 2026


         ------------------------------------------------------------
                                   SCF GRAD                          
                          Rob Parrish, Justin Turney,                
                       Andy Simmonett, and Alex Sokolov              
         ------------------------------------------------------------

  ==> Geometry <==

    Molecular point group: c1
    Full point group: C1

    Geometry (in Angstrom), charge = 0, multiplicity = 1:

       Center              X                  Y                   Z               Mass       
    ------------   -----------------  -----------------  -----------------  -----------------
         C            0.066801087400     0.357526273300     0.060591281400    12.000000000000
         O            1.385130060600     0.315848311500     0.011545648100    15.994914619570
         O            2.029117653100    -0.819510662000    -0.001032843700    15.994914619570
         C           -0.709562782300    -0.886087394100    -0.001006069400    12.000000000000
         C           -2.065860102000    -0.959674969700    -0.080516315000    12.000000000000
         C           -0.575268314500     1.697627077600     0.035070221600    12.000000000000
         H           -0.335530118600    -1.962487830700     0.296878026400     1.007825032230
         H           -2.675787335400     0.007901134000    -0.258802212300     1.007825032230
         H           -2.733857187100    -1.803385633500    -0.200283100700     1.007825032230
         H            0.323934361600     2.356418201900    -0.038864595000     1.007825032230
         H           -1.240097141600     2.226845784200     0.863782356200     1.007825032230
         H           -1.287473277700     2.024550141100    -0.997108577100     1.007825032230

  Nuclear repulsion =  221.541649772417543

  ==> Basis Set <==

  Basis Set: 6-31G*
    Blend: 6-31G*
    Number of shells: 48
    Number of basis functions: 102
    Number of Cartesian functions: 102
    Spherical Harmonics?: false
    Max angular momentum: 2

  ==> DFJKGrad: Density-Fitted SCF Gradients <==

    Gradient:                    1
    J tasked:                  Yes
    K tasked:                  Yes
    wK tasked:                 Yes
    Omega:               2.000E-01
    OpenMP threads:              4
    Integrals threads:           4
    Memory [MiB]:             4291
    Schwarz Cutoff:          1E-12
    Fitting Condition:       1E-10

   => Auxiliary Basis Set <=

  Basis Set: (6-31G* AUX)
    Blend: CC-PVDZ-JKFIT
    Number of shells: 198
    Number of basis functions: 636
    Number of Cartesian functions: 636
    Spherical Harmonics?: false
    Max angular momentum: 3

  ==> DFT Potential <==

   => LibXC <=

    Version 7.0.0
    S. Lehtola, C. Steigemann, M. J.T. Oliveira, and M. A.L. Marques.,  SoftwareX 7, 1–5 (2018) (10.1016/j.softx.2017.11.002)

   => Composite Functional: WB97X-D <= 

    wB97X-D Hyb-GGA Exchange-Correlation Functional

    J.-D. Chai and M. Head-Gordon.,  Phys. Chem. Chem. Phys. 10, 6615-6620 (2008) (10.1039/B810189B)

    Deriv               =              1
    GGA                 =           TRUE
    Meta                =          FALSE

    Exchange Hybrid     =           TRUE
    MP2 Hybrid          =          FALSE

   => Exchange-Correlation Functionals <=

    1.0000   wB97X-D range-separated functional

   => Exact (HF) Exchange <=

    0.7780            HF,LR [omega = 0.2000]
    0.2220               HF 

   => LibXC Density Thresholds  <==

    XC_HYB_GGA_XC_WB97X_D:  1.00E-14 

   => Molecular Quadrature <=

    Radial Scheme          =       TREUTLER
    Pruning Scheme         =           NONE
    Nuclear Scheme         =       TREUTLER

    Blocking Scheme        =         OCTREE
    BS radius alpha        =              1
    Pruning alpha          =              1
    Radial Points          =             75
    Spherical Points       =            302
    Total Points           =         254893
    Total Blocks           =           1935
    Max Points             =            256
    Max Functions          =            100
    Weights Tolerance      =       1.00E-15


  -Total Gradient:
     Atom            X                  Y                   Z
    ------   -----------------  -----------------  -----------------
       1        0.001517168753     0.034972517372     0.003856046232
       2        0.048810276691    -0.029500873395    -0.006691141266
       3       -0.003475889964     0.015727211537     0.001477338602
       4        0.019796365464     0.064802374959    -0.033916684771
       5        0.010613846617    -0.069887161978     0.024293862539
       6        0.023264505876    -0.076140763618     0.037369976390
       7       -0.009512834849    -0.051024981420     0.020278158991
       8       -0.020487965020     0.026665021347    -0.006661048304
       9       -0.012785089269     0.012309881477    -0.008836706612
      10        0.014331107290    -0.001364049001     0.001245721052
      11       -0.027988413530     0.042080992469     0.019904050555
      12       -0.044116315909     0.031146588557    -0.052563641547


*** tstop() called on cst14372 at Tue Apr 21 11:17:06 2026
Module time:
	user time   =       3.74 seconds =       0.06 minutes
	system time =       0.08 seconds =       0.00 minutes
	total time  =          2 seconds =       0.03 minutes
Total time:
	user time   =    2023.10 seconds =      33.72 minutes
	system time =      30.34 seconds =       0.51 minutes
	total time  =        979 seconds =      16.32 minutes

Scratch directory: /tmp/
   => Libint2 <=

    Primary   basis highest AM E, G, H:  6, 6, 3
    Auxiliary basis highest AM E, G, H:  7, 7, 4
    Onebody   basis highest AM E, G, H:  -, -, -
    Solid Harmonics ordering:            Gaussian

*** tstart() called on cst14372
*** at Tue Apr 21 11:17:06 2026

   => Loading Basis Set <=

    Name: 6-31G*
    Role: ORBITAL
    Keyword: BASIS
    atoms 1, 4-6 entry C          line   111 file /Users/jmsmith1/anaconda3/envs/jupyterenv/share/psi4/basis/6-31gs.gbs 
    atoms 2-3    entry O          line   145 file /Users/jmsmith1/anaconda3/envs/jupyterenv/share/psi4/basis/6-31gs.gbs 
    atoms 7-12   entry H          line    44 file /Users/jmsmith1/anaconda3/envs/jupyterenv/share/psi4/basis/6-31gs.gbs 

   => WB97X-D: Empirical Dispersion <=

    Chai and Head-Gordon Dispersion Correction
    Chai, J.-D.; Head-Gordon, M. (2010), J. Chem. Phys., 132: 6615-6620

        s6 =       1.000000


         ---------------------------------------------------------
                                   SCF
               by Justin Turney, Rob Parrish, Andy Simmonett
                          and Daniel G. A. Smith
                              RKS Reference
                        4 Threads,   5722 MiB Core
         ---------------------------------------------------------

  ==> Geometry <==

    Molecular point group: c1
    Full point group: C1

    Geometry (in Angstrom), charge = 0, multiplicity = 1:

       Center              X                  Y                   Z               Mass       
    ------------   -----------------  -----------------  -----------------  -----------------
         C            0.066876067900     0.357642225300     0.064921762700    12.000000000000
         O            1.387845789000     0.317079208100     0.012458618000    15.994914619570
         O            2.032947527400    -0.815356859000    -0.001125679500    15.994914619570
         C           -0.709607998000    -0.888238639500    -0.000548635400    12.000000000000
         C           -2.067214606700    -0.964069999900    -0.086715107000    12.000000000000
         C           -0.580698454800     1.696916658400     0.036895895800    12.000000000000
         H           -0.350079737500    -1.964433623400     0.314617999500     1.007825032230
         H           -2.673185982500    -0.000562913100    -0.276332031400     1.007825032230
         H           -2.741890370700    -1.806082674600    -0.213231975800     1.007825032230
         H            0.322738932000     2.348605280800    -0.041989275000     1.007825032230
         H           -1.241660517200     2.243622561100     0.857248753600     1.007825032230
         H           -1.288091883000     2.028394527300    -0.992522938900     1.007825032230

  Running in c1 symmetry.

  Rotational constants: A =      0.18141  B =      0.09434  C =      0.06300 [cm^-1]
  Rotational constants: A =   5438.67857  B =   2828.36618  C =   1888.68465 [MHz]
  Nuclear repulsion =  221.347915809772900

  Charge       = 0
  Multiplicity = 1
  Electrons    = 46
  Nalpha       = 23
  Nbeta        = 23

  ==> Algorithm <==

  SCF Algorithm Type is DF.
  DIIS enabled.
  MOM disabled.
  Fractional occupation disabled.
  Guess Type is SAD.
  Energy threshold   = 1.00e-07
  Density threshold  = 1.00e-07
  Integral threshold = 1.00e-12

  ==> Primary Basis <==

  Basis Set: 6-31G*
    Blend: 6-31G*
    Number of shells: 48
    Number of basis functions: 102
    Number of Cartesian functions: 102
    Spherical Harmonics?: false
    Max angular momentum: 2

  ==> DFT Potential <==

   => LibXC <=

    Version 7.0.0
    S. Lehtola, C. Steigemann, M. J.T. Oliveira, and M. A.L. Marques.,  SoftwareX 7, 1–5 (2018) (10.1016/j.softx.2017.11.002)

   => Composite Functional: WB97X-D <= 

    wB97X-D Hyb-GGA Exchange-Correlation Functional

    J.-D. Chai and M. Head-Gordon.,  Phys. Chem. Chem. Phys. 10, 6615-6620 (2008) (10.1039/B810189B)

    Deriv               =              1
    GGA                 =           TRUE
    Meta                =          FALSE

    Exchange Hybrid     =           TRUE
    MP2 Hybrid          =          FALSE

   => Exchange-Correlation Functionals <=

    1.0000   wB97X-D range-separated functional

   => Exact (HF) Exchange <=

    0.7780            HF,LR [omega = 0.2000]
    0.2220               HF 

   => LibXC Density Thresholds  <==

    XC_HYB_GGA_XC_WB97X_D:  1.00E-14 

   => Molecular Quadrature <=

    Radial Scheme          =       TREUTLER
    Pruning Scheme         =           NONE
    Nuclear Scheme         =       TREUTLER

    Blocking Scheme        =         OCTREE
    BS radius alpha        =              1
    Pruning alpha          =              1
    Radial Points          =             75
    Spherical Points       =            302
    Total Points           =         254898
    Total Blocks           =           1930
    Max Points             =            256
    Max Functions          =            100
    Weights Tolerance      =       1.00E-15

   => Loading Basis Set <=

    Name: (6-31G* AUX)
    Role: JKFIT
    Keyword: DF_BASIS_SCF
    atoms 1, 4-6 entry C          line   121 file /Users/jmsmith1/anaconda3/envs/jupyterenv/share/psi4/basis/cc-pvdz-jkfit.gbs 
    atoms 2-3    entry O          line   221 file /Users/jmsmith1/anaconda3/envs/jupyterenv/share/psi4/basis/cc-pvdz-jkfit.gbs 
    atoms 7-12   entry H          line    51 file /Users/jmsmith1/anaconda3/envs/jupyterenv/share/psi4/basis/cc-pvdz-jkfit.gbs 

  ==> Integral Setup <==

  DFHelper Memory: AOs need 0.151 GiB; user supplied 3.607 GiB. 
  SCF_SUBTYPE=INCORE selected. In-core MEM_DF algorithm will be used.
  Using in-core AOs.

  ==> MemDFJK: Density-Fitted J/K Matrices <==

    J tasked:                   Yes
    K tasked:                   Yes
    wK tasked:                  Yes
    Omega:                2.000E-01
    OpenMP threads:               4
    Memory [MiB]:              3694
    Algorithm:                 Core
    Schwarz Cutoff:           1E-12
    Mask sparsity (%):       1.8070
    Fitting Condition:        1E-10

   => Auxiliary Basis Set <=

  Basis Set: (6-31G* AUX)
    Blend: CC-PVDZ-JKFIT
    Number of shells: 198
    Number of basis functions: 636
    Number of Cartesian functions: 636
    Spherical Harmonics?: false
    Max angular momentum: 3

  Cached 100.0% of DFT collocation blocks in 0.583 [GiB].

  Minimum eigenvalue in the overlap matrix is 3.1904690001E-03.
  Reciprocal condition number of the overlap matrix is 4.7257519408E-04.
    Using symmetric orthogonalization.

  ==> Pre-Iterations <==

  SCF Guess: Superposition of Atomic Densities via on-the-fly atomic UHF (no occupation information).

   -------------------------
    Irrep   Nso     Nmo    
   -------------------------
     A        102     102 
   -------------------------
    Total     102     102
   -------------------------

  ==> Iterations <==

                           Total Energy        Delta E     RMS |[F,P]|

   @DF-RKS iter SAD:  -299.93380253970400   -2.99934e+02   0.00000e+00 
   @DF-RKS iter   1:  -296.15011751441085    3.78369e+00   3.45659e-02 ADIIS/DIIS
   @DF-RKS iter   2:  -274.15849818312626    2.19916e+01   6.34344e-02 ADIIS/DIIS
   @DF-RKS iter   3:  -304.79701484906548   -3.06385e+01   1.59724e-02 ADIIS/DIIS
   @DF-RKS iter   4:  -304.95366184157285   -1.56647e-01   1.52371e-02 ADIIS/DIIS
   @DF-RKS iter   5:  -305.99474109259131   -1.04108e+00   5.25709e-03 ADIIS/DIIS
   @DF-RKS iter   6:  -306.12606688410551   -1.31326e-01   1.93823e-03 ADIIS/DIIS
   @DF-RKS iter   7:  -306.14353826471529   -1.74714e-02   5.93576e-04 ADIIS/DIIS
   @DF-RKS iter   8:  -306.14502100240969   -1.48274e-03   2.43987e-04 ADIIS/DIIS
   @DF-RKS iter   9:  -306.14527970361530   -2.58701e-04   1.16067e-04 ADIIS/DIIS
   @DF-RKS iter  10:  -306.14534585540537   -6.61518e-05   4.57455e-05 DIIS
   @DF-RKS iter  11:  -306.14535640841478   -1.05530e-05   6.69924e-06 DIIS
   @DF-RKS iter  12:  -306.14535667731508   -2.68900e-07   1.46925e-06 DIIS
   @DF-RKS iter  13:  -306.14535669729264   -1.99776e-08   4.05856e-07 DIIS
   @DF-RKS iter  14:  -306.14535670014243   -2.84979e-09   1.15422e-07 DIIS
   @DF-RKS iter  15:  -306.14535670043477   -2.92346e-10   4.33662e-08 DIIS
  Energy and wave function converged.


  ==> Post-Iterations <==

   Electrons on quadrature grid:
      Ntotal   =   45.9999851511 ; deviation = -1.485e-05 

    Orbital Energies [Eh]
    ---------------------

    Doubly Occupied:                                                      

       1A    -19.425451     2A    -19.260683     3A    -10.418783  
       4A    -10.356991     5A    -10.343835     6A    -10.341020  
       7A     -1.299262     8A     -0.999789     9A     -0.899124  
      10A     -0.832102    11A     -0.744256    12A     -0.644651  
      13A     -0.612074    14A     -0.594248    15A     -0.580325  
      16A     -0.534566    17A     -0.499727    18A     -0.482106  
      19A     -0.476914    20A     -0.440916    21A     -0.389073  
      22A     -0.312586    23A     -0.295018  

    Virtual:                                                              

      24A     -0.031821    25A      0.092501    26A      0.135230  
      27A      0.162693    28A      0.192041    29A      0.211626  
      30A      0.222080    31A      0.232811    32A      0.251371  
      33A      0.309417    34A      0.343230    35A      0.423239  
      36A      0.445453    37A      0.555748    38A      0.584861  
      39A      0.612885    40A      0.639840    41A      0.661958  
      42A      0.691596    43A      0.710245    44A      0.722357  
      45A      0.752684    46A      0.793063    47A      0.829781  
      48A      0.852201    49A      0.870274    50A      0.898764  
      51A      0.905497    52A      0.928421    53A      0.939880  
      54A      0.958787    55A      1.015451    56A      1.022250  
      57A      1.030296    58A      1.097160    59A      1.127938  
      60A      1.163351    61A      1.190107    62A      1.209104  
      63A      1.350956    64A      1.381078    65A      1.412986  
      66A      1.446350    67A      1.479731    68A      1.613545  
      69A      1.638314    70A      1.695474    71A      1.761715  
      72A      1.771274    73A      1.836644    74A      1.845380  
      75A      1.890457    76A      1.911840    77A      1.940506  
      78A      1.975651    79A      2.062881    80A      2.094023  
      81A      2.142940    82A      2.203949    83A      2.286224  
      84A      2.296028    85A      2.324540    86A      2.409889  
      87A      2.456406    88A      2.527439    89A      2.560540  
      90A      2.573241    91A      2.704532    92A      2.771623  
      93A      2.910924    94A      2.928091    95A      3.126518  
      96A      3.235524    97A      3.600252    98A      4.089336  
      99A      4.144710   100A      4.234449   101A      4.325578  
     102A      4.599320  

    Final Occupation by Irrep:
              A 
    DOCC [    23 ]
    NA   [    23 ]
    NB   [    23 ]

  @DF-RKS Final Energy:  -306.14535670043477

   => Energetics <=

    Nuclear Repulsion Energy =            221.3479158097728998
    One-Electron Energy =                -854.2991269823833136
    Two-Electron Energy =                 354.9490914153005860
    DFT Exchange-Correlation Energy =     -28.1389327572354908
    Empirical Dispersion Energy =          -0.0043041858894704
    VV10 Nonlocal Energy =                  0.0000000000000000
    Total Energy =                       -306.1453567004347747

Computation Completed


Properties will be evaluated at   0.000000,   0.000000,   0.000000 [a0]

Properties computed using the SCF density matrix


 Multipole Moments:

 ------------------------------------------------------------------------------------
     Multipole            Electronic (a.u.)      Nuclear  (a.u.)        Total (a.u.)
 ------------------------------------------------------------------------------------

 L = 1.  Multiply by 2.5417464519 to convert [e a0] to [Debye]
 Dipole X            :         -1.1288344           -0.6608240           -1.7896583
 Dipole Y            :          0.5485299            0.1451752            0.6937051
 Dipole Z            :          0.3665995           -0.3292327            0.0373668
 Magnitude           :                                                    1.9197656

 ------------------------------------------------------------------------------------

*** tstop() called on cst14372 at Tue Apr 21 11:17:18 2026
Module time:
	user time   =      25.10 seconds =       0.42 minutes
	system time =       0.35 seconds =       0.01 minutes
	total time  =         12 seconds =       0.20 minutes
Total time:
	user time   =    2048.22 seconds =      34.14 minutes
	system time =      30.69 seconds =       0.51 minutes
	total time  =        991 seconds =      16.52 minutes

Scratch directory: /tmp/
gradient() will perform analytic gradient computation.

*** tstart() called on cst14372
*** at Tue Apr 21 11:17:18 2026


         ------------------------------------------------------------
                                   SCF GRAD                          
                          Rob Parrish, Justin Turney,                
                       Andy Simmonett, and Alex Sokolov              
         ------------------------------------------------------------

  ==> Geometry <==

    Molecular point group: c1
    Full point group: C1

    Geometry (in Angstrom), charge = 0, multiplicity = 1:

       Center              X                  Y                   Z               Mass       
    ------------   -----------------  -----------------  -----------------  -----------------
         C            0.066876067900     0.357642225300     0.064921762700    12.000000000000
         O            1.387845789000     0.317079208100     0.012458618000    15.994914619570
         O            2.032947527400    -0.815356859000    -0.001125679500    15.994914619570
         C           -0.709607998000    -0.888238639500    -0.000548635400    12.000000000000
         C           -2.067214606700    -0.964069999900    -0.086715107000    12.000000000000
         C           -0.580698454800     1.696916658400     0.036895895800    12.000000000000
         H           -0.350079737500    -1.964433623400     0.314617999500     1.007825032230
         H           -2.673185982500    -0.000562913100    -0.276332031400     1.007825032230
         H           -2.741890370700    -1.806082674600    -0.213231975800     1.007825032230
         H            0.322738932000     2.348605280800    -0.041989275000     1.007825032230
         H           -1.241660517200     2.243622561100     0.857248753600     1.007825032230
         H           -1.288091883000     2.028394527300    -0.992522938900     1.007825032230

  Nuclear repulsion =  221.347915809772900

  ==> Basis Set <==

  Basis Set: 6-31G*
    Blend: 6-31G*
    Number of shells: 48
    Number of basis functions: 102
    Number of Cartesian functions: 102
    Spherical Harmonics?: false
    Max angular momentum: 2

  ==> DFJKGrad: Density-Fitted SCF Gradients <==

    Gradient:                    1
    J tasked:                  Yes
    K tasked:                  Yes
    wK tasked:                 Yes
    Omega:               2.000E-01
    OpenMP threads:              4
    Integrals threads:           4
    Memory [MiB]:             4291
    Schwarz Cutoff:          1E-12
    Fitting Condition:       1E-10

   => Auxiliary Basis Set <=

  Basis Set: (6-31G* AUX)
    Blend: CC-PVDZ-JKFIT
    Number of shells: 198
    Number of basis functions: 636
    Number of Cartesian functions: 636
    Spherical Harmonics?: false
    Max angular momentum: 3

  ==> DFT Potential <==

   => LibXC <=

    Version 7.0.0
    S. Lehtola, C. Steigemann, M. J.T. Oliveira, and M. A.L. Marques.,  SoftwareX 7, 1–5 (2018) (10.1016/j.softx.2017.11.002)

   => Composite Functional: WB97X-D <= 

    wB97X-D Hyb-GGA Exchange-Correlation Functional

    J.-D. Chai and M. Head-Gordon.,  Phys. Chem. Chem. Phys. 10, 6615-6620 (2008) (10.1039/B810189B)

    Deriv               =              1
    GGA                 =           TRUE
    Meta                =          FALSE

    Exchange Hybrid     =           TRUE
    MP2 Hybrid          =          FALSE

   => Exchange-Correlation Functionals <=

    1.0000   wB97X-D range-separated functional

   => Exact (HF) Exchange <=

    0.7780            HF,LR [omega = 0.2000]
    0.2220               HF 

   => LibXC Density Thresholds  <==

    XC_HYB_GGA_XC_WB97X_D:  1.00E-14 

   => Molecular Quadrature <=

    Radial Scheme          =       TREUTLER
    Pruning Scheme         =           NONE
    Nuclear Scheme         =       TREUTLER

    Blocking Scheme        =         OCTREE
    BS radius alpha        =              1
    Pruning alpha          =              1
    Radial Points          =             75
    Spherical Points       =            302
    Total Points           =         254898
    Total Blocks           =           1930
    Max Points             =            256
    Max Functions          =            100
    Weights Tolerance      =       1.00E-15


  -Total Gradient:
     Atom            X                  Y                   Z
    ------   -----------------  -----------------  -----------------
       1        0.002081305746     0.036135574181     0.004184803381
       2        0.051609892631    -0.031071090823    -0.007139179969
       3       -0.003737512010     0.016807616346     0.001541920685
       4        0.022093926357     0.064875007216    -0.035502076287
       5        0.010174873666    -0.068343402070     0.025731712820
       6        0.020841563337    -0.077041279762     0.038208646109
       7       -0.011458447427    -0.050572387818     0.021099084314
       8       -0.019550612565     0.024856571669    -0.006822850856
       9       -0.014772105361     0.011041094646    -0.009599094344
      10        0.014159678957    -0.002395138664     0.001228241843
      11       -0.027831564627     0.043518917063     0.018423760964
      12       -0.043606224293     0.032023441827    -0.051552225733


*** tstop() called on cst14372 at Tue Apr 21 11:17:20 2026
Module time:
	user time   =       3.79 seconds =       0.06 minutes
	system time =       0.06 seconds =       0.00 minutes
	total time  =          2 seconds =       0.03 minutes
Total time:
	user time   =    2052.02 seconds =      34.20 minutes
	system time =      30.75 seconds =       0.51 minutes
	total time  =        993 seconds =      16.55 minutes

Scratch directory: /tmp/
   => Libint2 <=

    Primary   basis highest AM E, G, H:  6, 6, 3
    Auxiliary basis highest AM E, G, H:  7, 7, 4
    Onebody   basis highest AM E, G, H:  -, -, -
    Solid Harmonics ordering:            Gaussian

*** tstart() called on cst14372
*** at Tue Apr 21 11:17:20 2026

   => Loading Basis Set <=

    Name: 6-31G*
    Role: ORBITAL
    Keyword: BASIS
    atoms 1, 4-6 entry C          line   111 file /Users/jmsmith1/anaconda3/envs/jupyterenv/share/psi4/basis/6-31gs.gbs 
    atoms 2-3    entry O          line   145 file /Users/jmsmith1/anaconda3/envs/jupyterenv/share/psi4/basis/6-31gs.gbs 
    atoms 7-12   entry H          line    44 file /Users/jmsmith1/anaconda3/envs/jupyterenv/share/psi4/basis/6-31gs.gbs 

   => WB97X-D: Empirical Dispersion <=

    Chai and Head-Gordon Dispersion Correction
    Chai, J.-D.; Head-Gordon, M. (2010), J. Chem. Phys., 132: 6615-6620

        s6 =       1.000000


         ---------------------------------------------------------
                                   SCF
               by Justin Turney, Rob Parrish, Andy Simmonett
                          and Daniel G. A. Smith
                              RKS Reference
                        4 Threads,   5722 MiB Core
         ---------------------------------------------------------

  ==> Geometry <==

    Molecular point group: c1
    Full point group: C1

    Geometry (in Angstrom), charge = 0, multiplicity = 1:

       Center              X                  Y                   Z               Mass       
    ------------   -----------------  -----------------  -----------------  -----------------
         C            0.066945220800     0.357653848400     0.069251640000    12.000000000000
         O            1.390456543800     0.318380922400     0.013389535100    15.994914619570
         O            2.036795709400    -0.811228549900    -0.001222114200    15.994914619570
         C           -0.709717311000    -0.890583462000     0.000012817500    12.000000000000
         C           -2.068602175900    -0.968278814700    -0.093004891100    12.000000000000
         C           -0.586203383100     1.696427437400     0.038615784000    12.000000000000
         H           -0.364272678300    -1.964639639400     0.331677136300     1.007825032230
         H           -2.669903138700    -0.009907115700    -0.293673042800     1.007825032230
         H           -2.749435216000    -1.809167848500    -0.225884071800     1.007825032230
         H            0.321051758200     2.340854228600    -0.045164642100     1.007825032230
         H           -1.242267748800     2.258942366700     0.850062086000     1.007825032230
         H           -1.287207543500     2.031144197700    -0.986146350000     1.007825032230

  Running in c1 symmetry.

  Rotational constants: A =      0.18123  B =      0.09404  C =      0.06285 [cm^-1]
  Rotational constants: A =   5433.01035  B =   2819.30184  C =   1884.10167 [MHz]
  Nuclear repulsion =  221.174174349198211

  Charge       = 0
  Multiplicity = 1
  Electrons    = 46
  Nalpha       = 23
  Nbeta        = 23

  ==> Algorithm <==

  SCF Algorithm Type is DF.
  DIIS enabled.
  MOM disabled.
  Fractional occupation disabled.
  Guess Type is SAD.
  Energy threshold   = 1.00e-07
  Density threshold  = 1.00e-07
  Integral threshold = 1.00e-12

  ==> Primary Basis <==

  Basis Set: 6-31G*
    Blend: 6-31G*
    Number of shells: 48
    Number of basis functions: 102
    Number of Cartesian functions: 102
    Spherical Harmonics?: false
    Max angular momentum: 2

  ==> DFT Potential <==

   => LibXC <=

    Version 7.0.0
    S. Lehtola, C. Steigemann, M. J.T. Oliveira, and M. A.L. Marques.,  SoftwareX 7, 1–5 (2018) (10.1016/j.softx.2017.11.002)

   => Composite Functional: WB97X-D <= 

    wB97X-D Hyb-GGA Exchange-Correlation Functional

    J.-D. Chai and M. Head-Gordon.,  Phys. Chem. Chem. Phys. 10, 6615-6620 (2008) (10.1039/B810189B)

    Deriv               =              1
    GGA                 =           TRUE
    Meta                =          FALSE

    Exchange Hybrid     =           TRUE
    MP2 Hybrid          =          FALSE

   => Exchange-Correlation Functionals <=

    1.0000   wB97X-D range-separated functional

   => Exact (HF) Exchange <=

    0.7780            HF,LR [omega = 0.2000]
    0.2220               HF 

   => LibXC Density Thresholds  <==

    XC_HYB_GGA_XC_WB97X_D:  1.00E-14 

   => Molecular Quadrature <=

    Radial Scheme          =       TREUTLER
    Pruning Scheme         =           NONE
    Nuclear Scheme         =       TREUTLER

    Blocking Scheme        =         OCTREE
    BS radius alpha        =              1
    Pruning alpha          =              1
    Radial Points          =             75
    Spherical Points       =            302
    Total Points           =         254924
    Total Blocks           =           1921
    Max Points             =            256
    Max Functions          =            100
    Weights Tolerance      =       1.00E-15

   => Loading Basis Set <=

    Name: (6-31G* AUX)
    Role: JKFIT
    Keyword: DF_BASIS_SCF
    atoms 1, 4-6 entry C          line   121 file /Users/jmsmith1/anaconda3/envs/jupyterenv/share/psi4/basis/cc-pvdz-jkfit.gbs 
    atoms 2-3    entry O          line   221 file /Users/jmsmith1/anaconda3/envs/jupyterenv/share/psi4/basis/cc-pvdz-jkfit.gbs 
    atoms 7-12   entry H          line    51 file /Users/jmsmith1/anaconda3/envs/jupyterenv/share/psi4/basis/cc-pvdz-jkfit.gbs 

  ==> Integral Setup <==

  DFHelper Memory: AOs need 0.151 GiB; user supplied 3.608 GiB. 
  SCF_SUBTYPE=INCORE selected. In-core MEM_DF algorithm will be used.
  Using in-core AOs.

  ==> MemDFJK: Density-Fitted J/K Matrices <==

    J tasked:                   Yes
    K tasked:                   Yes
    wK tasked:                  Yes
    Omega:                2.000E-01
    OpenMP threads:               4
    Memory [MiB]:              3694
    Algorithm:                 Core
    Schwarz Cutoff:           1E-12
    Mask sparsity (%):       1.8070
    Fitting Condition:        1E-10

   => Auxiliary Basis Set <=

  Basis Set: (6-31G* AUX)
    Blend: CC-PVDZ-JKFIT
    Number of shells: 198
    Number of basis functions: 636
    Number of Cartesian functions: 636
    Spherical Harmonics?: false
    Max angular momentum: 3

  Cached 100.0% of DFT collocation blocks in 0.583 [GiB].

  Minimum eigenvalue in the overlap matrix is 3.2214014728E-03.
  Reciprocal condition number of the overlap matrix is 4.7772195510E-04.
    Using symmetric orthogonalization.

  ==> Pre-Iterations <==

  SCF Guess: Superposition of Atomic Densities via on-the-fly atomic UHF (no occupation information).

   -------------------------
    Irrep   Nso     Nmo    
   -------------------------
     A        102     102 
   -------------------------
    Total     102     102
   -------------------------

  ==> Iterations <==

                           Total Energy        Delta E     RMS |[F,P]|

   @DF-RKS iter SAD:  -299.93458487843174   -2.99935e+02   0.00000e+00 
   @DF-RKS iter   1:  -296.15489817031488    3.77969e+00   3.45440e-02 ADIIS/DIIS
   @DF-RKS iter   2:  -274.22038048661432    2.19345e+01   6.33798e-02 ADIIS/DIIS
   @DF-RKS iter   3:  -304.78760346174352   -3.05672e+01   1.60045e-02 ADIIS/DIIS
   @DF-RKS iter   4:  -304.93951723604755   -1.51914e-01   1.53149e-02 ADIIS/DIIS
   @DF-RKS iter   5:  -305.99120856777296   -1.05169e+00   5.27946e-03 ADIIS/DIIS
   @DF-RKS iter   6:  -306.12359992022419   -1.32391e-01   1.97079e-03 ADIIS/DIIS
   @DF-RKS iter   7:  -306.14163134712413   -1.80314e-02   6.02551e-04 ADIIS/DIIS
   @DF-RKS iter   8:  -306.14316091295166   -1.52957e-03   2.46131e-04 ADIIS/DIIS
   @DF-RKS iter   9:  -306.14342660017149   -2.65687e-04   1.15469e-04 ADIIS/DIIS
   @DF-RKS iter  10:  -306.14349283377391   -6.62336e-05   4.56011e-05 DIIS
   @DF-RKS iter  11:  -306.14350341592950   -1.05822e-05   6.49389e-06 DIIS
   @DF-RKS iter  12:  -306.14350367660973   -2.60680e-07   1.61264e-06 DIIS
   @DF-RKS iter  13:  -306.14350369906890   -2.24592e-08   4.60066e-07 DIIS
   @DF-RKS iter  14:  -306.14350370229675   -3.22785e-09   1.24918e-07 DIIS
   @DF-RKS iter  15:  -306.14350370262724   -3.30488e-10   4.10284e-08 DIIS
  Energy and wave function converged.


  ==> Post-Iterations <==

   Electrons on quadrature grid:
      Ntotal   =   45.9999837862 ; deviation = -1.621e-05 

    Orbital Energies [Eh]
    ---------------------

    Doubly Occupied:                                                      

       1A    -19.426145     2A    -19.261467     3A    -10.419475  
       4A    -10.356445     5A    -10.344111     6A    -10.340918  
       7A     -1.300030     8A     -0.999689     9A     -0.898598  
      10A     -0.832281    11A     -0.744008    12A     -0.645285  
      13A     -0.612233    14A     -0.594753    15A     -0.580356  
      16A     -0.534289    17A     -0.500370    18A     -0.481659  
      19A     -0.476609    20A     -0.440512    21A     -0.388464  
      22A     -0.313006    23A     -0.295194  

    Virtual:                                                              

      24A     -0.032099    25A      0.091572    26A      0.135515  
      27A      0.162759    28A      0.193058    29A      0.212049  
      30A      0.221057    31A      0.233007    32A      0.251355  
      33A      0.308862    34A      0.342637    35A      0.423174  
      36A      0.445102    37A      0.556114    38A      0.584717  
      39A      0.612452    40A      0.638135    41A      0.661479  
      42A      0.691714    43A      0.709896    44A      0.721875  
      45A      0.753061    46A      0.794689    47A      0.832107  
      48A      0.852296    49A      0.870172    50A      0.900314  
      51A      0.905270    52A      0.925855    53A      0.939111  
      54A      0.959293    55A      1.014252    56A      1.021703  
      57A      1.030339    58A      1.094537    59A      1.127436  
      60A      1.161889    61A      1.188916    62A      1.205150  
      63A      1.350008    64A      1.379676    65A      1.412098  
      66A      1.446535    67A      1.479017    68A      1.613909  
      69A      1.635375    70A      1.698789    71A      1.760034  
      72A      1.769903    73A      1.835653    74A      1.840192  
      75A      1.888009    76A      1.909776    77A      1.939739  
      78A      1.973745    79A      2.061562    80A      2.095048  
      81A      2.147124    82A      2.203737    83A      2.287784  
      84A      2.296567    85A      2.322530    86A      2.408277  
      87A      2.456995    88A      2.525363    89A      2.558176  
      90A      2.573696    91A      2.704386    92A      2.770889  
      93A      2.908630    94A      2.926340    95A      3.122378  
      96A      3.232169    97A      3.598699    98A      4.088561  
      99A      4.142017   100A      4.233216   101A      4.324399  
     102A      4.597255  

    Final Occupation by Irrep:
              A 
    DOCC [    23 ]
    NA   [    23 ]
    NB   [    23 ]

  @DF-RKS Final Energy:  -306.14350370262724

   => Energetics <=

    Nuclear Repulsion Energy =            221.1741743491982106
    One-Electron Energy =                -853.9438596895597584
    Two-Electron Energy =                 354.7683276732548165
    DFT Exchange-Correlation Energy =     -28.1378567216018212
    Empirical Dispersion Energy =          -0.0042893139186994
    VV10 Nonlocal Energy =                  0.0000000000000000
    Total Energy =                       -306.1435037026272425

Computation Completed


Properties will be evaluated at   0.000000,   0.000000,   0.000000 [a0]

Properties computed using the SCF density matrix


 Multipole Moments:

 ------------------------------------------------------------------------------------
     Multipole            Electronic (a.u.)      Nuclear  (a.u.)        Total (a.u.)
 ------------------------------------------------------------------------------------

 L = 1.  Multiply by 2.5417464519 to convert [e a0] to [Debye]
 Dipole X            :         -1.1072066           -0.6793234           -1.7865300
 Dipole Y            :          0.5518870            0.1431642            0.6950512
 Dipole Z            :          0.3807870           -0.3449457            0.0358413
 Magnitude           :                                                    1.9173080

 ------------------------------------------------------------------------------------

*** tstop() called on cst14372 at Tue Apr 21 11:17:32 2026
Module time:
	user time   =      25.25 seconds =       0.42 minutes
	system time =       0.34 seconds =       0.01 minutes
	total time  =         12 seconds =       0.20 minutes
Total time:
	user time   =    2077.30 seconds =      34.62 minutes
	system time =      31.09 seconds =       0.52 minutes
	total time  =       1005 seconds =      16.75 minutes

Scratch directory: /tmp/
gradient() will perform analytic gradient computation.

*** tstart() called on cst14372
*** at Tue Apr 21 11:17:32 2026


         ------------------------------------------------------------
                                   SCF GRAD                          
                          Rob Parrish, Justin Turney,                
                       Andy Simmonett, and Alex Sokolov              
         ------------------------------------------------------------

  ==> Geometry <==

    Molecular point group: c1
    Full point group: C1

    Geometry (in Angstrom), charge = 0, multiplicity = 1:

       Center              X                  Y                   Z               Mass       
    ------------   -----------------  -----------------  -----------------  -----------------
         C            0.066945220800     0.357653848400     0.069251640000    12.000000000000
         O            1.390456543800     0.318380922400     0.013389535100    15.994914619570
         O            2.036795709400    -0.811228549900    -0.001222114200    15.994914619570
         C           -0.709717311000    -0.890583462000     0.000012817500    12.000000000000
         C           -2.068602175900    -0.968278814700    -0.093004891100    12.000000000000
         C           -0.586203383100     1.696427437400     0.038615784000    12.000000000000
         H           -0.364272678300    -1.964639639400     0.331677136300     1.007825032230
         H           -2.669903138700    -0.009907115700    -0.293673042800     1.007825032230
         H           -2.749435216000    -1.809167848500    -0.225884071800     1.007825032230
         H            0.321051758200     2.340854228600    -0.045164642100     1.007825032230
         H           -1.242267748800     2.258942366700     0.850062086000     1.007825032230
         H           -1.287207543500     2.031144197700    -0.986146350000     1.007825032230

  Nuclear repulsion =  221.174174349198211

  ==> Basis Set <==

  Basis Set: 6-31G*
    Blend: 6-31G*
    Number of shells: 48
    Number of basis functions: 102
    Number of Cartesian functions: 102
    Spherical Harmonics?: false
    Max angular momentum: 2

  ==> DFJKGrad: Density-Fitted SCF Gradients <==

    Gradient:                    1
    J tasked:                  Yes
    K tasked:                  Yes
    wK tasked:                 Yes
    Omega:               2.000E-01
    OpenMP threads:              4
    Integrals threads:           4
    Memory [MiB]:             4291
    Schwarz Cutoff:          1E-12
    Fitting Condition:       1E-10

   => Auxiliary Basis Set <=

  Basis Set: (6-31G* AUX)
    Blend: CC-PVDZ-JKFIT
    Number of shells: 198
    Number of basis functions: 636
    Number of Cartesian functions: 636
    Spherical Harmonics?: false
    Max angular momentum: 3

  ==> DFT Potential <==

   => LibXC <=

    Version 7.0.0
    S. Lehtola, C. Steigemann, M. J.T. Oliveira, and M. A.L. Marques.,  SoftwareX 7, 1–5 (2018) (10.1016/j.softx.2017.11.002)

   => Composite Functional: WB97X-D <= 

    wB97X-D Hyb-GGA Exchange-Correlation Functional

    J.-D. Chai and M. Head-Gordon.,  Phys. Chem. Chem. Phys. 10, 6615-6620 (2008) (10.1039/B810189B)

    Deriv               =              1
    GGA                 =           TRUE
    Meta                =          FALSE

    Exchange Hybrid     =           TRUE
    MP2 Hybrid          =          FALSE

   => Exchange-Correlation Functionals <=

    1.0000   wB97X-D range-separated functional

   => Exact (HF) Exchange <=

    0.7780            HF,LR [omega = 0.2000]
    0.2220               HF 

   => LibXC Density Thresholds  <==

    XC_HYB_GGA_XC_WB97X_D:  1.00E-14 

   => Molecular Quadrature <=

    Radial Scheme          =       TREUTLER
    Pruning Scheme         =           NONE
    Nuclear Scheme         =       TREUTLER

    Blocking Scheme        =         OCTREE
    BS radius alpha        =              1
    Pruning alpha          =              1
    Radial Points          =             75
    Spherical Points       =            302
    Total Points           =         254924
    Total Blocks           =           1921
    Max Points             =            256
    Max Functions          =            100
    Weights Tolerance      =       1.00E-15


  -Total Gradient:
     Atom            X                  Y                   Z
    ------   -----------------  -----------------  -----------------
       1        0.002698327906     0.037115169397     0.004534454691
       2        0.054321768394    -0.032516117612    -0.007585303314
       3       -0.003991699341     0.017834191566     0.001601988037
       4        0.024368874898     0.064270349240    -0.036867817976
       5        0.009453931944    -0.066162960254     0.027022831006
       6        0.018064254951    -0.077228495538     0.039013986442
       7       -0.013484270864    -0.049547818215     0.021732508451
       8       -0.018305838253     0.022581473656    -0.006854279101
       9       -0.016741104623     0.009713315293    -0.010377465427
      10        0.013786503260    -0.003524405734     0.001212029896
      11       -0.027353914357     0.044611466705     0.016564503983
      12       -0.042782708002     0.032749718661    -0.050125157983


*** tstop() called on cst14372 at Tue Apr 21 11:17:34 2026
Module time:
	user time   =       3.67 seconds =       0.06 minutes
	system time =       0.07 seconds =       0.00 minutes
	total time  =          2 seconds =       0.03 minutes
Total time:
	user time   =    2080.99 seconds =      34.68 minutes
	system time =      31.16 seconds =       0.52 minutes
	total time  =       1007 seconds =      16.78 minutes

Scratch directory: /tmp/
   => Libint2 <=

    Primary   basis highest AM E, G, H:  6, 6, 3
    Auxiliary basis highest AM E, G, H:  7, 7, 4
    Onebody   basis highest AM E, G, H:  -, -, -
    Solid Harmonics ordering:            Gaussian

*** tstart() called on cst14372
*** at Tue Apr 21 11:17:34 2026

   => Loading Basis Set <=

    Name: 6-31G*
    Role: ORBITAL
    Keyword: BASIS
    atoms 1, 4-6 entry C          line   111 file /Users/jmsmith1/anaconda3/envs/jupyterenv/share/psi4/basis/6-31gs.gbs 
    atoms 2-3    entry O          line   145 file /Users/jmsmith1/anaconda3/envs/jupyterenv/share/psi4/basis/6-31gs.gbs 
    atoms 7-12   entry H          line    44 file /Users/jmsmith1/anaconda3/envs/jupyterenv/share/psi4/basis/6-31gs.gbs 

   => WB97X-D: Empirical Dispersion <=

    Chai and Head-Gordon Dispersion Correction
    Chai, J.-D.; Head-Gordon, M. (2010), J. Chem. Phys., 132: 6615-6620

        s6 =       1.000000


         ---------------------------------------------------------
                                   SCF
               by Justin Turney, Rob Parrish, Andy Simmonett
                          and Daniel G. A. Smith
                              RKS Reference
                        4 Threads,   5722 MiB Core
         ---------------------------------------------------------

  ==> Geometry <==

    Molecular point group: c1
    Full point group: C1

    Geometry (in Angstrom), charge = 0, multiplicity = 1:

       Center              X                  Y                   Z               Mass       
    ------------   -----------------  -----------------  -----------------  -----------------
         C            0.067006748800     0.357558025800     0.073580204000    12.000000000000
         O            1.392956330400     0.319756878500     0.014339483100    15.994914619570
         O            2.040663072000    -0.807127744400    -0.001322294700    15.994914619570
         C           -0.709897489300    -0.893120797300     0.000682564000    12.000000000000
         C           -2.070020908800    -0.972307522900    -0.099390094200    12.000000000000
         C           -0.591775646200     1.696160518300     0.040227390200    12.000000000000
         H           -0.378039077900    -1.963136559100     0.348032947300     1.007825032230
         H           -2.665979688100    -0.020056000000    -0.310824874200     1.007825032230
         H           -2.756422997800    -1.812596602800    -0.238212622300     1.007825032230
         H            0.318884273300     2.333203632100    -0.048390497100     1.007825032230
         H           -1.241932784800     2.272764655700     0.842284242000     1.007825032230
         H           -1.284844563400     2.032771336400    -0.978022777800     1.007825032230

  Running in c1 symmetry.

  Rotational constants: A =      0.18105  B =      0.09375  C =      0.06270 [cm^-1]
  Rotational constants: A =   5427.84746  B =   2810.48962  C =   1879.64898 [MHz]
  Nuclear repulsion =  221.020487033874076

  Charge       = 0
  Multiplicity = 1
  Electrons    = 46
  Nalpha       = 23
  Nbeta        = 23

  ==> Algorithm <==

  SCF Algorithm Type is DF.
  DIIS enabled.
  MOM disabled.
  Fractional occupation disabled.
  Guess Type is SAD.
  Energy threshold   = 1.00e-07
  Density threshold  = 1.00e-07
  Integral threshold = 1.00e-12

  ==> Primary Basis <==

  Basis Set: 6-31G*
    Blend: 6-31G*
    Number of shells: 48
    Number of basis functions: 102
    Number of Cartesian functions: 102
    Spherical Harmonics?: false
    Max angular momentum: 2

  ==> DFT Potential <==

   => LibXC <=

    Version 7.0.0
    S. Lehtola, C. Steigemann, M. J.T. Oliveira, and M. A.L. Marques.,  SoftwareX 7, 1–5 (2018) (10.1016/j.softx.2017.11.002)

   => Composite Functional: WB97X-D <= 

    wB97X-D Hyb-GGA Exchange-Correlation Functional

    J.-D. Chai and M. Head-Gordon.,  Phys. Chem. Chem. Phys. 10, 6615-6620 (2008) (10.1039/B810189B)

    Deriv               =              1
    GGA                 =           TRUE
    Meta                =          FALSE

    Exchange Hybrid     =           TRUE
    MP2 Hybrid          =          FALSE

   => Exchange-Correlation Functionals <=

    1.0000   wB97X-D range-separated functional

   => Exact (HF) Exchange <=

    0.7780            HF,LR [omega = 0.2000]
    0.2220               HF 

   => LibXC Density Thresholds  <==

    XC_HYB_GGA_XC_WB97X_D:  1.00E-14 

   => Molecular Quadrature <=

    Radial Scheme          =       TREUTLER
    Pruning Scheme         =           NONE
    Nuclear Scheme         =       TREUTLER

    Blocking Scheme        =         OCTREE
    BS radius alpha        =              1
    Pruning alpha          =              1
    Radial Points          =             75
    Spherical Points       =            302
    Total Points           =         254942
    Total Blocks           =           1927
    Max Points             =            256
    Max Functions          =            100
    Weights Tolerance      =       1.00E-15

   => Loading Basis Set <=

    Name: (6-31G* AUX)
    Role: JKFIT
    Keyword: DF_BASIS_SCF
    atoms 1, 4-6 entry C          line   121 file /Users/jmsmith1/anaconda3/envs/jupyterenv/share/psi4/basis/cc-pvdz-jkfit.gbs 
    atoms 2-3    entry O          line   221 file /Users/jmsmith1/anaconda3/envs/jupyterenv/share/psi4/basis/cc-pvdz-jkfit.gbs 
    atoms 7-12   entry H          line    51 file /Users/jmsmith1/anaconda3/envs/jupyterenv/share/psi4/basis/cc-pvdz-jkfit.gbs 

  ==> Integral Setup <==

  DFHelper Memory: AOs need 0.151 GiB; user supplied 3.609 GiB. 
  SCF_SUBTYPE=INCORE selected. In-core MEM_DF algorithm will be used.
  Using in-core AOs.

  ==> MemDFJK: Density-Fitted J/K Matrices <==

    J tasked:                   Yes
    K tasked:                   Yes
    wK tasked:                  Yes
    Omega:                2.000E-01
    OpenMP threads:               4
    Memory [MiB]:              3695
    Algorithm:                 Core
    Schwarz Cutoff:           1E-12
    Mask sparsity (%):       1.8262
    Fitting Condition:        1E-10

   => Auxiliary Basis Set <=

  Basis Set: (6-31G* AUX)
    Blend: CC-PVDZ-JKFIT
    Number of shells: 198
    Number of basis functions: 636
    Number of Cartesian functions: 636
    Spherical Harmonics?: false
    Max angular momentum: 3

  Cached 100.0% of DFT collocation blocks in 0.582 [GiB].

  Minimum eigenvalue in the overlap matrix is 3.2543515663E-03.
  Reciprocal condition number of the overlap matrix is 4.8310279777E-04.
    Using symmetric orthogonalization.

  ==> Pre-Iterations <==

  SCF Guess: Superposition of Atomic Densities via on-the-fly atomic UHF (no occupation information).

   -------------------------
    Irrep   Nso     Nmo    
   -------------------------
     A        102     102 
   -------------------------
    Total     102     102
   -------------------------

  ==> Iterations <==

                           Total Energy        Delta E     RMS |[F,P]|

   @DF-RKS iter SAD:  -299.93960338873364   -2.99940e+02   0.00000e+00 
   @DF-RKS iter   1:  -296.16454939397437    3.77505e+00   3.45210e-02 ADIIS/DIIS
   @DF-RKS iter   2:  -274.30133554444382    2.18632e+01   6.33161e-02 ADIIS/DIIS
   @DF-RKS iter   3:  -304.78262232187961   -3.04813e+01   1.60226e-02 ADIIS/DIIS
   @DF-RKS iter   4:  -304.92933421011713   -1.46712e-01   1.53794e-02 ADIIS/DIIS
   @DF-RKS iter   5:  -305.98948908315629   -1.06015e+00   5.28329e-03 ADIIS/DIIS
   @DF-RKS iter   6:  -306.12187720045671   -1.32388e-01   2.00011e-03 ADIIS/DIIS
   @DF-RKS iter   7:  -306.14041571167519   -1.85385e-02   6.08832e-04 ADIIS/DIIS
   @DF-RKS iter   8:  -306.14197792091170   -1.56221e-03   2.47315e-04 ADIIS/DIIS
   @DF-RKS iter   9:  -306.14224792394725   -2.70003e-04   1.14647e-04 ADIIS/DIIS
   @DF-RKS iter  10:  -306.14231375934594   -6.58354e-05   4.55004e-05 DIIS
   @DF-RKS iter  11:  -306.14232439338474   -1.06340e-05   6.28286e-06 DIIS
   @DF-RKS iter  12:  -306.14232464531034   -2.51926e-07   1.72939e-06 DIIS
   @DF-RKS iter  13:  -306.14232467006769   -2.47574e-08   5.06929e-07 DIIS
   @DF-RKS iter  14:  -306.14232467364127   -3.57358e-09   1.36977e-07 DIIS
   @DF-RKS iter  15:  -306.14232467399506   -3.53793e-10   4.29516e-08 DIIS
  Energy and wave function converged.


  ==> Post-Iterations <==

   Electrons on quadrature grid:
      Ntotal   =   45.9999823314 ; deviation = -1.767e-05 

    Orbital Energies [Eh]
    ---------------------

    Doubly Occupied:                                                      

       1A    -19.426772     2A    -19.262151     3A    -10.420139  
       4A    -10.355544     5A    -10.344249     6A    -10.340715  
       7A     -1.300698     8A     -0.999510     9A     -0.898120  
      10A     -0.832602    11A     -0.743833    12A     -0.646005  
      13A     -0.612464    14A     -0.595322    15A     -0.580355  
      16A     -0.534057    17A     -0.500981    18A     -0.481560  
      19A     -0.476406    20A     -0.440326    21A     -0.387881  
      22A     -0.313367    23A     -0.295348  

    Virtual:                                                              

      24A     -0.032290    25A      0.090809    26A      0.136257  
      27A      0.163037    28A      0.194378    29A      0.212806  
      30A      0.220053    31A      0.233566    32A      0.251442  
      33A      0.308236    34A      0.342073    35A      0.422963  
      36A      0.444630    37A      0.556550    38A      0.584531  
      39A      0.611907    40A      0.636575    41A      0.660869  
      42A      0.691747    43A      0.709367    44A      0.721349  
      45A      0.753329    46A      0.796402    47A      0.834325  
      48A      0.852853    49A      0.870562    50A      0.902546  
      51A      0.905302    52A      0.923479    53A      0.938546  
      54A      0.960333    55A      1.012907    56A      1.021375  
      57A      1.030851    58A      1.092050    59A      1.126993  
      60A      1.160504    61A      1.187844    62A      1.201491  
      63A      1.349118    64A      1.378323    65A      1.411185  
      66A      1.446456    67A      1.479258    68A      1.614200  
      69A      1.632396    70A      1.702198    71A      1.757294  
      72A      1.769501    73A      1.833057    74A      1.837432  
      75A      1.885954    76A      1.907949    77A      1.939245  
      78A      1.972025    79A      2.060227    80A      2.096870  
      81A      2.152001    82A      2.203348    83A      2.289973  
      84A      2.297592    85A      2.320701    86A      2.406481  
      87A      2.457684    88A      2.523321    89A      2.555946  
      90A      2.574316    91A      2.704240    92A      2.770132  
      93A      2.906421    94A      2.924545    95A      3.118328  
      96A      3.228827    97A      3.597232    98A      4.087980  
      99A      4.139312   100A      4.232267   101A      4.323494  
     102A      4.595221  

    Final Occupation by Irrep:
              A 
    DOCC [    23 ]
    NA   [    23 ]
    NB   [    23 ]

  @DF-RKS Final Energy:  -306.14232467399506

   => Energetics <=

    Nuclear Repulsion Energy =            221.0204870338740761
    One-Electron Energy =                -853.6287922875545746
    Two-Electron Energy =                 354.6085539835044074
    DFT Exchange-Correlation Energy =     -28.1382995012464008
    Empirical Dispersion Energy =          -0.0042739025724769
    VV10 Nonlocal Energy =                  0.0000000000000000
    Total Energy =                       -306.1423246739950628

Computation Completed


Properties will be evaluated at   0.000000,   0.000000,   0.000000 [a0]

Properties computed using the SCF density matrix


 Multipole Moments:

 ------------------------------------------------------------------------------------
     Multipole            Electronic (a.u.)      Nuclear  (a.u.)        Total (a.u.)
 ------------------------------------------------------------------------------------

 L = 1.  Multiply by 2.5417464519 to convert [e a0] to [Debye]
 Dipole X            :         -1.0900793           -0.6944808           -1.7845601
 Dipole Y            :          0.5577608            0.1393198            0.6970806
 Dipole Z            :          0.3934770           -0.3597957            0.0336813
 Magnitude           :                                                    1.9161708

 ------------------------------------------------------------------------------------

*** tstop() called on cst14372 at Tue Apr 21 11:17:46 2026
Module time:
	user time   =      25.23 seconds =       0.42 minutes
	system time =       0.36 seconds =       0.01 minutes
	total time  =         12 seconds =       0.20 minutes
Total time:
	user time   =    2106.24 seconds =      35.10 minutes
	system time =      31.52 seconds =       0.53 minutes
	total time  =       1019 seconds =      16.98 minutes

Scratch directory: /tmp/
gradient() will perform analytic gradient computation.

*** tstart() called on cst14372
*** at Tue Apr 21 11:17:46 2026


         ------------------------------------------------------------
                                   SCF GRAD                          
                          Rob Parrish, Justin Turney,                
                       Andy Simmonett, and Alex Sokolov              
         ------------------------------------------------------------

  ==> Geometry <==

    Molecular point group: c1
    Full point group: C1

    Geometry (in Angstrom), charge = 0, multiplicity = 1:

       Center              X                  Y                   Z               Mass       
    ------------   -----------------  -----------------  -----------------  -----------------
         C            0.067006748800     0.357558025800     0.073580204000    12.000000000000
         O            1.392956330400     0.319756878500     0.014339483100    15.994914619570
         O            2.040663072000    -0.807127744400    -0.001322294700    15.994914619570
         C           -0.709897489300    -0.893120797300     0.000682564000    12.000000000000
         C           -2.070020908800    -0.972307522900    -0.099390094200    12.000000000000
         C           -0.591775646200     1.696160518300     0.040227390200    12.000000000000
         H           -0.378039077900    -1.963136559100     0.348032947300     1.007825032230
         H           -2.665979688100    -0.020056000000    -0.310824874200     1.007825032230
         H           -2.756422997800    -1.812596602800    -0.238212622300     1.007825032230
         H            0.318884273300     2.333203632100    -0.048390497100     1.007825032230
         H           -1.241932784800     2.272764655700     0.842284242000     1.007825032230
         H           -1.284844563400     2.032771336400    -0.978022777800     1.007825032230

  Nuclear repulsion =  221.020487033874076

  ==> Basis Set <==

  Basis Set: 6-31G*
    Blend: 6-31G*
    Number of shells: 48
    Number of basis functions: 102
    Number of Cartesian functions: 102
    Spherical Harmonics?: false
    Max angular momentum: 2

  ==> DFJKGrad: Density-Fitted SCF Gradients <==

    Gradient:                    1
    J tasked:                  Yes
    K tasked:                  Yes
    wK tasked:                 Yes
    Omega:               2.000E-01
    OpenMP threads:              4
    Integrals threads:           4
    Memory [MiB]:             4291
    Schwarz Cutoff:          1E-12
    Fitting Condition:       1E-10

   => Auxiliary Basis Set <=

  Basis Set: (6-31G* AUX)
    Blend: CC-PVDZ-JKFIT
    Number of shells: 198
    Number of basis functions: 636
    Number of Cartesian functions: 636
    Spherical Harmonics?: false
    Max angular momentum: 3

  ==> DFT Potential <==

   => LibXC <=

    Version 7.0.0
    S. Lehtola, C. Steigemann, M. J.T. Oliveira, and M. A.L. Marques.,  SoftwareX 7, 1–5 (2018) (10.1016/j.softx.2017.11.002)

   => Composite Functional: WB97X-D <= 

    wB97X-D Hyb-GGA Exchange-Correlation Functional

    J.-D. Chai and M. Head-Gordon.,  Phys. Chem. Chem. Phys. 10, 6615-6620 (2008) (10.1039/B810189B)

    Deriv               =              1
    GGA                 =           TRUE
    Meta                =          FALSE

    Exchange Hybrid     =           TRUE
    MP2 Hybrid          =          FALSE

   => Exchange-Correlation Functionals <=

    1.0000   wB97X-D range-separated functional

   => Exact (HF) Exchange <=

    0.7780            HF,LR [omega = 0.2000]
    0.2220               HF 

   => LibXC Density Thresholds  <==

    XC_HYB_GGA_XC_WB97X_D:  1.00E-14 

   => Molecular Quadrature <=

    Radial Scheme          =       TREUTLER
    Pruning Scheme         =           NONE
    Nuclear Scheme         =       TREUTLER

    Blocking Scheme        =         OCTREE
    BS radius alpha        =              1
    Pruning alpha          =              1
    Radial Points          =             75
    Spherical Points       =            302
    Total Points           =         254942
    Total Blocks           =           1927
    Max Points             =            256
    Max Functions          =            100
    Weights Tolerance      =       1.00E-15


  -Total Gradient:
     Atom            X                  Y                   Z
    ------   -----------------  -----------------  -----------------
       1        0.003361078490     0.037911557632     0.004907117479
       2        0.056942768427    -0.033824206775    -0.008029985960
       3       -0.004232710798     0.018796213491     0.001658254396
       4        0.026617147618     0.062979221463    -0.038000778100
       5        0.008402171397    -0.063390476035     0.028137721954
       6        0.014892586100    -0.076683648088     0.039732775504
       7       -0.015568504614    -0.047944080501     0.022148625867
       8       -0.016753392273     0.019837678011    -0.006736149785
       9       -0.018644766270     0.008377087992    -0.011161554227
      10        0.013217151240    -0.004737458235     0.001197243903
      11       -0.026555592452     0.045330749112     0.014329124762
      12       -0.041613883321     0.033308785178    -0.048232446678


*** tstop() called on cst14372 at Tue Apr 21 11:17:48 2026
Module time:
	user time   =       3.73 seconds =       0.06 minutes
	system time =       0.06 seconds =       0.00 minutes
	total time  =          2 seconds =       0.03 minutes
Total time:
	user time   =    2109.98 seconds =      35.17 minutes
	system time =      31.58 seconds =       0.53 minutes
	total time  =       1021 seconds =      17.02 minutes

Scratch directory: /tmp/
   => Libint2 <=

    Primary   basis highest AM E, G, H:  6, 6, 3
    Auxiliary basis highest AM E, G, H:  7, 7, 4
    Onebody   basis highest AM E, G, H:  -, -, -
    Solid Harmonics ordering:            Gaussian

*** tstart() called on cst14372
*** at Tue Apr 21 11:17:48 2026

   => Loading Basis Set <=

    Name: 6-31G*
    Role: ORBITAL
    Keyword: BASIS
    atoms 1, 4-6 entry C          line   111 file /Users/jmsmith1/anaconda3/envs/jupyterenv/share/psi4/basis/6-31gs.gbs 
    atoms 2-3    entry O          line   145 file /Users/jmsmith1/anaconda3/envs/jupyterenv/share/psi4/basis/6-31gs.gbs 
    atoms 7-12   entry H          line    44 file /Users/jmsmith1/anaconda3/envs/jupyterenv/share/psi4/basis/6-31gs.gbs 

   => WB97X-D: Empirical Dispersion <=

    Chai and Head-Gordon Dispersion Correction
    Chai, J.-D.; Head-Gordon, M. (2010), J. Chem. Phys., 132: 6615-6620

        s6 =       1.000000


         ---------------------------------------------------------
                                   SCF
               by Justin Turney, Rob Parrish, Andy Simmonett
                          and Daniel G. A. Smith
                              RKS Reference
                        4 Threads,   5722 MiB Core
         ---------------------------------------------------------

  ==> Geometry <==

    Molecular point group: c1
    Full point group: C1

    Geometry (in Angstrom), charge = 0, multiplicity = 1:

       Center              X                  Y                   Z               Mass       
    ------------   -----------------  -----------------  -----------------  -----------------
         C            0.067058713700     0.357352152600     0.077906524100    12.000000000000
         O            1.395339233900     0.321210172300     0.015309514400    15.994914619570
         O            2.044550328000    -0.803056465200    -0.001426357300    15.994914619570
         C           -0.710155244600    -0.895847524600     0.001464206000    12.000000000000
         C           -2.071467895000    -0.976163800100    -0.105874431400    12.000000000000
         C           -0.597406440400     1.696114924500     0.041728392100    12.000000000000
         H           -0.391306330600    -1.959974973100     0.363669717400     1.007825032230
         H           -2.661467301300    -0.030917456700    -0.327791685700     1.007825032230
         H           -2.762786744200    -1.816323894400    -0.250190116400     1.007825032230
         H            0.316254727600     2.325695355300    -0.051666581800     1.007825032230
         H           -1.240680572000     2.285060981500     0.833990457700     1.007825032230
         H           -1.281039129200     2.033253626000    -0.968212447200     1.007825032230

  Running in c1 symmetry.

  Rotational constants: A =      0.18090  B =      0.09346  C =      0.06255 [cm^-1]
  Rotational constants: A =   5423.17007  B =   2801.92666  C =   1875.32708 [MHz]
  Nuclear repulsion =  220.886777113341736

  Charge       = 0
  Multiplicity = 1
  Electrons    = 46
  Nalpha       = 23
  Nbeta        = 23

  ==> Algorithm <==

  SCF Algorithm Type is DF.
  DIIS enabled.
  MOM disabled.
  Fractional occupation disabled.
  Guess Type is SAD.
  Energy threshold   = 1.00e-07
  Density threshold  = 1.00e-07
  Integral threshold = 1.00e-12

  ==> Primary Basis <==

  Basis Set: 6-31G*
    Blend: 6-31G*
    Number of shells: 48
    Number of basis functions: 102
    Number of Cartesian functions: 102
    Spherical Harmonics?: false
    Max angular momentum: 2

  ==> DFT Potential <==

   => LibXC <=

    Version 7.0.0
    S. Lehtola, C. Steigemann, M. J.T. Oliveira, and M. A.L. Marques.,  SoftwareX 7, 1–5 (2018) (10.1016/j.softx.2017.11.002)

   => Composite Functional: WB97X-D <= 

    wB97X-D Hyb-GGA Exchange-Correlation Functional

    J.-D. Chai and M. Head-Gordon.,  Phys. Chem. Chem. Phys. 10, 6615-6620 (2008) (10.1039/B810189B)

    Deriv               =              1
    GGA                 =           TRUE
    Meta                =          FALSE

    Exchange Hybrid     =           TRUE
    MP2 Hybrid          =          FALSE

   => Exchange-Correlation Functionals <=

    1.0000   wB97X-D range-separated functional

   => Exact (HF) Exchange <=

    0.7780            HF,LR [omega = 0.2000]
    0.2220               HF 

   => LibXC Density Thresholds  <==

    XC_HYB_GGA_XC_WB97X_D:  1.00E-14 

   => Molecular Quadrature <=

    Radial Scheme          =       TREUTLER
    Pruning Scheme         =           NONE
    Nuclear Scheme         =       TREUTLER

    Blocking Scheme        =         OCTREE
    BS radius alpha        =              1
    Pruning alpha          =              1
    Radial Points          =             75
    Spherical Points       =            302
    Total Points           =         254949
    Total Blocks           =           1928
    Max Points             =            256
    Max Functions          =            100
    Weights Tolerance      =       1.00E-15

   => Loading Basis Set <=

    Name: (6-31G* AUX)
    Role: JKFIT
    Keyword: DF_BASIS_SCF
    atoms 1, 4-6 entry C          line   121 file /Users/jmsmith1/anaconda3/envs/jupyterenv/share/psi4/basis/cc-pvdz-jkfit.gbs 
    atoms 2-3    entry O          line   221 file /Users/jmsmith1/anaconda3/envs/jupyterenv/share/psi4/basis/cc-pvdz-jkfit.gbs 
    atoms 7-12   entry H          line    51 file /Users/jmsmith1/anaconda3/envs/jupyterenv/share/psi4/basis/cc-pvdz-jkfit.gbs 

  ==> Integral Setup <==

  DFHelper Memory: AOs need 0.151 GiB; user supplied 3.609 GiB. 
  SCF_SUBTYPE=INCORE selected. In-core MEM_DF algorithm will be used.
  Using in-core AOs.

  ==> MemDFJK: Density-Fitted J/K Matrices <==

    J tasked:                   Yes
    K tasked:                   Yes
    wK tasked:                  Yes
    Omega:                2.000E-01
    OpenMP threads:               4
    Memory [MiB]:              3695
    Algorithm:                 Core
    Schwarz Cutoff:           1E-12
    Mask sparsity (%):       1.8839
    Fitting Condition:        1E-10

   => Auxiliary Basis Set <=

  Basis Set: (6-31G* AUX)
    Blend: CC-PVDZ-JKFIT
    Number of shells: 198
    Number of basis functions: 636
    Number of Cartesian functions: 636
    Spherical Harmonics?: false
    Max angular momentum: 3

  Cached 100.0% of DFT collocation blocks in 0.582 [GiB].

  Minimum eigenvalue in the overlap matrix is 3.2891632087E-03.
  Reciprocal condition number of the overlap matrix is 4.8869116032E-04.
    Using symmetric orthogonalization.

  ==> Pre-Iterations <==

  SCF Guess: Superposition of Atomic Densities via on-the-fly atomic UHF (no occupation information).

   -------------------------
    Irrep   Nso     Nmo    
   -------------------------
     A        102     102 
   -------------------------
    Total     102     102
   -------------------------

  ==> Iterations <==

                           Total Energy        Delta E     RMS |[F,P]|

   @DF-RKS iter SAD:  -299.94877981983069   -2.99949e+02   0.00000e+00 
   @DF-RKS iter   1:  -296.17884653444889    3.76993e+00   3.44964e-02 ADIIS/DIIS
   @DF-RKS iter   2:  -274.39985073570523    2.17790e+01   6.32491e-02 ADIIS/DIIS
   @DF-RKS iter   3:  -304.78185835507730   -3.03820e+01   1.60274e-02 ADIIS/DIIS
   @DF-RKS iter   4:  -304.91872230567691   -1.36864e-01   1.54527e-02 ADIIS/DIIS
   @DF-RKS iter   5:  -305.98954528095715   -1.07082e+00   5.26673e-03 ADIIS/DIIS
   @DF-RKS iter   6:  -306.12078732938863   -1.31242e-01   2.02862e-03 ADIIS/DIIS
   @DF-RKS iter   7:  -306.13983444595289   -1.90471e-02   6.11556e-04 ADIIS/DIIS
   @DF-RKS iter   8:  -306.14141070090545   -1.57625e-03   2.48148e-04 ADIIS/DIIS
   @DF-RKS iter   9:  -306.14168358677705   -2.72886e-04   1.13499e-04 ADIIS/DIIS
   @DF-RKS iter  10:  -306.14174858487667   -6.49981e-05   4.52990e-05 DIIS
   @DF-RKS iter  11:  -306.14175923368344   -1.06488e-05   6.06013e-06 DIIS
   @DF-RKS iter  12:  -306.14175947658350   -2.42900e-07   1.83509e-06 DIIS
   @DF-RKS iter  13:  -306.14175950370071   -2.71172e-08   5.53083e-07 DIIS
   @DF-RKS iter  14:  -306.14175950762274   -3.92203e-09   1.54808e-07 DIIS
   @DF-RKS iter  15:  -306.14175950801359   -3.90855e-10   5.09189e-08 DIIS
  Energy and wave function converged.


  ==> Post-Iterations <==

   Electrons on quadrature grid:
      Ntotal   =   45.9999806601 ; deviation = -1.934e-05 

    Orbital Energies [Eh]
    ---------------------

    Doubly Occupied:                                                      

       1A    -19.427333     2A    -19.262738     3A    -10.420776  
       4A    -10.354287     5A    -10.344250     6A    -10.340410  
       7A     -1.301259     8A     -0.999257     9A     -0.897695  
      10A     -0.833075    11A     -0.743737    12A     -0.646829  
      13A     -0.612753    14A     -0.595957    15A     -0.580321  
      16A     -0.533880    17A     -0.501554    18A     -0.481881  
      19A     -0.476231    20A     -0.440357    21A     -0.387328  
      22A     -0.313671    23A     -0.295483  

    Virtual:                                                              

      24A     -0.032399    25A      0.090180    26A      0.137451  
      27A      0.163516    28A      0.195936    29A      0.213868  
      30A      0.219212    31A      0.234473    32A      0.251621  
      33A      0.307537    34A      0.341533    35A      0.422618  
      36A      0.444044    37A      0.557047    38A      0.584292  
      39A      0.611245    40A      0.635141    41A      0.660129  
      42A      0.691723    43A      0.708676    44A      0.720725  
      45A      0.753474    46A      0.798083    47A      0.836347  
      48A      0.854021    49A      0.871458    50A      0.904906  
      51A      0.906173    52A      0.921378    53A      0.938189  
      54A      0.961944    55A      1.011452    56A      1.021266  
      57A      1.031875    58A      1.089731    59A      1.126604  
      60A      1.159187    61A      1.186898    62A      1.198141  
      63A      1.348274    64A      1.377012    65A      1.410265  
      66A      1.446197    67A      1.480345    68A      1.614431  
      69A      1.629435    70A      1.705646    71A      1.754010  
      72A      1.769552    73A      1.828845    74A      1.837007  
      75A      1.884283    76A      1.906349    77A      1.938986  
      78A      1.970506    79A      2.058931    80A      2.099456  
      81A      2.157520    82A      2.202788    83A      2.292875  
      84A      2.299135    85A      2.319073    86A      2.404496  
      87A      2.458458    88A      2.521336    89A      2.553869  
      90A      2.575133    91A      2.704088    92A      2.769387  
      93A      2.904296    94A      2.922699    95A      3.114376  
      96A      3.225509    97A      3.595844    98A      4.087595  
      99A      4.136601   100A      4.231624   101A      4.322895  
     102A      4.593232  

    Final Occupation by Irrep:
              A 
    DOCC [    23 ]
    NA   [    23 ]
    NB   [    23 ]

  @DF-RKS Final Energy:  -306.14175950801359

   => Energetics <=

    Nuclear Repulsion Energy =            220.8867771133417364
    One-Electron Energy =                -853.3535731389132479
    Two-Electron Energy =                 354.4695698736964005
    DFT Exchange-Correlation Energy =     -28.1402751852999309
    Empirical Dispersion Energy =          -0.0042581708385515
    VV10 Nonlocal Energy =                  0.0000000000000000
    Total Energy =                       -306.1417595080135925

Computation Completed


Properties will be evaluated at   0.000000,   0.000000,   0.000000 [a0]

Properties computed using the SCF density matrix


 Multipole Moments:

 ------------------------------------------------------------------------------------
     Multipole            Electronic (a.u.)      Nuclear  (a.u.)        Total (a.u.)
 ------------------------------------------------------------------------------------

 L = 1.  Multiply by 2.5417464519 to convert [e a0] to [Debye]
 Dipole X            :         -1.0774139           -0.7062550           -1.7836689
 Dipole Y            :          0.5659251            0.1337129            0.6996379
 Dipole Z            :          0.4046993           -0.3737637            0.0309356
 Magnitude           :                                                    1.9162268

 ------------------------------------------------------------------------------------

*** tstop() called on cst14372 at Tue Apr 21 11:18:00 2026
Module time:
	user time   =      25.17 seconds =       0.42 minutes
	system time =       0.33 seconds =       0.01 minutes
	total time  =         12 seconds =       0.20 minutes
Total time:
	user time   =    2135.17 seconds =      35.59 minutes
	system time =      31.92 seconds =       0.53 minutes
	total time  =       1033 seconds =      17.22 minutes

Scratch directory: /tmp/
gradient() will perform analytic gradient computation.

*** tstart() called on cst14372
*** at Tue Apr 21 11:18:00 2026


         ------------------------------------------------------------
                                   SCF GRAD                          
                          Rob Parrish, Justin Turney,                
                       Andy Simmonett, and Alex Sokolov              
         ------------------------------------------------------------

  ==> Geometry <==

    Molecular point group: c1
    Full point group: C1

    Geometry (in Angstrom), charge = 0, multiplicity = 1:

       Center              X                  Y                   Z               Mass       
    ------------   -----------------  -----------------  -----------------  -----------------
         C            0.067058713700     0.357352152600     0.077906524100    12.000000000000
         O            1.395339233900     0.321210172300     0.015309514400    15.994914619570
         O            2.044550328000    -0.803056465200    -0.001426357300    15.994914619570
         C           -0.710155244600    -0.895847524600     0.001464206000    12.000000000000
         C           -2.071467895000    -0.976163800100    -0.105874431400    12.000000000000
         C           -0.597406440400     1.696114924500     0.041728392100    12.000000000000
         H           -0.391306330600    -1.959974973100     0.363669717400     1.007825032230
         H           -2.661467301300    -0.030917456700    -0.327791685700     1.007825032230
         H           -2.762786744200    -1.816323894400    -0.250190116400     1.007825032230
         H            0.316254727600     2.325695355300    -0.051666581800     1.007825032230
         H           -1.240680572000     2.285060981500     0.833990457700     1.007825032230
         H           -1.281039129200     2.033253626000    -0.968212447200     1.007825032230

  Nuclear repulsion =  220.886777113341736

  ==> Basis Set <==

  Basis Set: 6-31G*
    Blend: 6-31G*
    Number of shells: 48
    Number of basis functions: 102
    Number of Cartesian functions: 102
    Spherical Harmonics?: false
    Max angular momentum: 2

  ==> DFJKGrad: Density-Fitted SCF Gradients <==

    Gradient:                    1
    J tasked:                  Yes
    K tasked:                  Yes
    wK tasked:                 Yes
    Omega:               2.000E-01
    OpenMP threads:              4
    Integrals threads:           4
    Memory [MiB]:             4291
    Schwarz Cutoff:          1E-12
    Fitting Condition:       1E-10

   => Auxiliary Basis Set <=

  Basis Set: (6-31G* AUX)
    Blend: CC-PVDZ-JKFIT
    Number of shells: 198
    Number of basis functions: 636
    Number of Cartesian functions: 636
    Spherical Harmonics?: false
    Max angular momentum: 3

  ==> DFT Potential <==

   => LibXC <=

    Version 7.0.0
    S. Lehtola, C. Steigemann, M. J.T. Oliveira, and M. A.L. Marques.,  SoftwareX 7, 1–5 (2018) (10.1016/j.softx.2017.11.002)

   => Composite Functional: WB97X-D <= 

    wB97X-D Hyb-GGA Exchange-Correlation Functional

    J.-D. Chai and M. Head-Gordon.,  Phys. Chem. Chem. Phys. 10, 6615-6620 (2008) (10.1039/B810189B)

    Deriv               =              1
    GGA                 =           TRUE
    Meta                =          FALSE

    Exchange Hybrid     =           TRUE
    MP2 Hybrid          =          FALSE

   => Exchange-Correlation Functionals <=

    1.0000   wB97X-D range-separated functional

   => Exact (HF) Exchange <=

    0.7780            HF,LR [omega = 0.2000]
    0.2220               HF 

   => LibXC Density Thresholds  <==

    XC_HYB_GGA_XC_WB97X_D:  1.00E-14 

   => Molecular Quadrature <=

    Radial Scheme          =       TREUTLER
    Pruning Scheme         =           NONE
    Nuclear Scheme         =       TREUTLER

    Blocking Scheme        =         OCTREE
    BS radius alpha        =              1
    Pruning alpha          =              1
    Radial Points          =             75
    Spherical Points       =            302
    Total Points           =         254949
    Total Blocks           =           1928
    Max Points             =            256
    Max Functions          =            100
    Weights Tolerance      =       1.00E-15


  -Total Gradient:
     Atom            X                  Y                   Z
    ------   -----------------  -----------------  -----------------
       1        0.004061632974     0.038524984525     0.005304934415
       2        0.059468679502    -0.034984279272    -0.008473384660
       3       -0.004449983702     0.019684356424     0.001710566580
       4        0.028842804794     0.060988302364    -0.038884907768
       5        0.006975071674    -0.060066458337     0.029046075344
       6        0.011265100292    -0.075379739004     0.040290147469
       7       -0.017688277735    -0.045750821731     0.022316301606
       8       -0.014895598270     0.016625862857    -0.006448747473
       9       -0.020439235604     0.007075847679    -0.011940072611
      10        0.012460679023    -0.006018377091     0.001183390946
      11       -0.025436269091     0.045648909452     0.011715692344
      12       -0.040052373485     0.033675718094    -0.045801257289


*** tstop() called on cst14372 at Tue Apr 21 11:18:02 2026
Module time:
	user time   =       3.60 seconds =       0.06 minutes
	system time =       0.07 seconds =       0.00 minutes
	total time  =          2 seconds =       0.03 minutes
Total time:
	user time   =    2138.78 seconds =      35.65 minutes
	system time =      31.99 seconds =       0.53 minutes
	total time  =       1035 seconds =      17.25 minutes

Scratch directory: /tmp/
   => Libint2 <=

    Primary   basis highest AM E, G, H:  6, 6, 3
    Auxiliary basis highest AM E, G, H:  7, 7, 4
    Onebody   basis highest AM E, G, H:  -, -, -
    Solid Harmonics ordering:            Gaussian

*** tstart() called on cst14372
*** at Tue Apr 21 11:18:02 2026

   => Loading Basis Set <=

    Name: 6-31G*
    Role: ORBITAL
    Keyword: BASIS
    atoms 1, 4-6 entry C          line   111 file /Users/jmsmith1/anaconda3/envs/jupyterenv/share/psi4/basis/6-31gs.gbs 
    atoms 2-3    entry O          line   145 file /Users/jmsmith1/anaconda3/envs/jupyterenv/share/psi4/basis/6-31gs.gbs 
    atoms 7-12   entry H          line    44 file /Users/jmsmith1/anaconda3/envs/jupyterenv/share/psi4/basis/6-31gs.gbs 

   => WB97X-D: Empirical Dispersion <=

    Chai and Head-Gordon Dispersion Correction
    Chai, J.-D.; Head-Gordon, M. (2010), J. Chem. Phys., 132: 6615-6620

        s6 =       1.000000


         ---------------------------------------------------------
                                   SCF
               by Justin Turney, Rob Parrish, Andy Simmonett
                          and Daniel G. A. Smith
                              RKS Reference
                        4 Threads,   5722 MiB Core
         ---------------------------------------------------------

  ==> Geometry <==

    Molecular point group: c1
    Full point group: C1

    Geometry (in Angstrom), charge = 0, multiplicity = 1:

       Center              X                  Y                   Z               Mass       
    ------------   -----------------  -----------------  -----------------  -----------------
         C            0.067099060500     0.357034147700     0.082229450600    12.000000000000
         O            1.397599444500     0.322743542600     0.016300650500    15.994914619570
         O            2.048458012200    -0.799016716700    -0.001534426400    15.994914619570
         C           -0.710497237100    -0.898758407500     0.002360614800    12.000000000000
         C           -2.072939083000    -0.979856802900    -0.112460820100    12.000000000000
         C           -0.603085433900     1.696287492000     0.043116872800    12.000000000000
         H           -0.403999937600    -1.955225969100     0.378579702900     1.007825032230
         H           -2.656428445600    -0.042382651000    -0.344582915800     1.007825032230
         H           -2.768462822200    -1.820305655700    -0.261788743500     1.007825032230
         H            0.313187940800     2.318373976400    -0.054992563700     1.007825032230
         H           -1.238547194500     2.295816169600     0.825269468700     1.007825032230
         H           -1.275841125600     2.032575240100    -0.956794564600     1.007825032230

  Running in c1 symmetry.

  Rotational constants: A =      0.18076  B =      0.09318  C =      0.06241 [cm^-1]
  Rotational constants: A =   5418.94655  B =   2793.60812  C =   1871.13520 [MHz]
  Nuclear repulsion =  220.772796485562026

  Charge       = 0
  Multiplicity = 1
  Electrons    = 46
  Nalpha       = 23
  Nbeta        = 23

  ==> Algorithm <==

  SCF Algorithm Type is DF.
  DIIS enabled.
  MOM disabled.
  Fractional occupation disabled.
  Guess Type is SAD.
  Energy threshold   = 1.00e-07
  Density threshold  = 1.00e-07
  Integral threshold = 1.00e-12

  ==> Primary Basis <==

  Basis Set: 6-31G*
    Blend: 6-31G*
    Number of shells: 48
    Number of basis functions: 102
    Number of Cartesian functions: 102
    Spherical Harmonics?: false
    Max angular momentum: 2

  ==> DFT Potential <==

   => LibXC <=

    Version 7.0.0
    S. Lehtola, C. Steigemann, M. J.T. Oliveira, and M. A.L. Marques.,  SoftwareX 7, 1–5 (2018) (10.1016/j.softx.2017.11.002)

   => Composite Functional: WB97X-D <= 

    wB97X-D Hyb-GGA Exchange-Correlation Functional

    J.-D. Chai and M. Head-Gordon.,  Phys. Chem. Chem. Phys. 10, 6615-6620 (2008) (10.1039/B810189B)

    Deriv               =              1
    GGA                 =           TRUE
    Meta                =          FALSE

    Exchange Hybrid     =           TRUE
    MP2 Hybrid          =          FALSE

   => Exchange-Correlation Functionals <=

    1.0000   wB97X-D range-separated functional

   => Exact (HF) Exchange <=

    0.7780            HF,LR [omega = 0.2000]
    0.2220               HF 

   => LibXC Density Thresholds  <==

    XC_HYB_GGA_XC_WB97X_D:  1.00E-14 

   => Molecular Quadrature <=

    Radial Scheme          =       TREUTLER
    Pruning Scheme         =           NONE
    Nuclear Scheme         =       TREUTLER

    Blocking Scheme        =         OCTREE
    BS radius alpha        =              1
    Pruning alpha          =              1
    Radial Points          =             75
    Spherical Points       =            302
    Total Points           =         254958
    Total Blocks           =           1928
    Max Points             =            256
    Max Functions          =            100
    Weights Tolerance      =       1.00E-15

   => Loading Basis Set <=

    Name: (6-31G* AUX)
    Role: JKFIT
    Keyword: DF_BASIS_SCF
    atoms 1, 4-6 entry C          line   121 file /Users/jmsmith1/anaconda3/envs/jupyterenv/share/psi4/basis/cc-pvdz-jkfit.gbs 
    atoms 2-3    entry O          line   221 file /Users/jmsmith1/anaconda3/envs/jupyterenv/share/psi4/basis/cc-pvdz-jkfit.gbs 
    atoms 7-12   entry H          line    51 file /Users/jmsmith1/anaconda3/envs/jupyterenv/share/psi4/basis/cc-pvdz-jkfit.gbs 

  ==> Integral Setup <==

  DFHelper Memory: AOs need 0.151 GiB; user supplied 3.609 GiB. 
  SCF_SUBTYPE=INCORE selected. In-core MEM_DF algorithm will be used.
  Using in-core AOs.

  ==> MemDFJK: Density-Fitted J/K Matrices <==

    J tasked:                   Yes
    K tasked:                   Yes
    wK tasked:                  Yes
    Omega:                2.000E-01
    OpenMP threads:               4
    Memory [MiB]:              3696
    Algorithm:                 Core
    Schwarz Cutoff:           1E-12
    Mask sparsity (%):       1.8839
    Fitting Condition:        1E-10

   => Auxiliary Basis Set <=

  Basis Set: (6-31G* AUX)
    Blend: CC-PVDZ-JKFIT
    Number of shells: 198
    Number of basis functions: 636
    Number of Cartesian functions: 636
    Spherical Harmonics?: false
    Max angular momentum: 3

  Cached 100.0% of DFT collocation blocks in 0.582 [GiB].

  Minimum eigenvalue in the overlap matrix is 3.3256774528E-03.
  Reciprocal condition number of the overlap matrix is 4.9445933939E-04.
    Using symmetric orthogonalization.

  ==> Pre-Iterations <==

  SCF Guess: Superposition of Atomic Densities via on-the-fly atomic UHF (no occupation information).

   -------------------------
    Irrep   Nso     Nmo    
   -------------------------
     A        102     102 
   -------------------------
    Total     102     102
   -------------------------

  ==> Iterations <==

                           Total Energy        Delta E     RMS |[F,P]|

   @DF-RKS iter SAD:  -299.96197213124702   -2.99962e+02   0.00000e+00 
   @DF-RKS iter   1:  -296.19759455182248    3.76438e+00   3.44700e-02 ADIIS/DIIS
   @DF-RKS iter   2:  -274.51137930977927    2.16862e+01   6.31991e-02 ADIIS/DIIS
   @DF-RKS iter   3:  -304.78372765700226   -3.02723e+01   1.60267e-02 ADIIS/DIIS
   @DF-RKS iter   4:  -304.89217346819493   -1.08446e-01   1.56149e-02 ADIIS/DIIS
   @DF-RKS iter   5:  -305.99135584721654   -1.09918e+00   5.22311e-03 ADIIS/DIIS
   @DF-RKS iter   6:  -306.11994617540660   -1.28590e-01   2.07021e-03 ADIIS/DIIS
   @DF-RKS iter   7:  -306.13980977391572   -1.98636e-02   6.07213e-04 ADIIS/DIIS
   @DF-RKS iter   8:  -306.14136488133562   -1.55511e-03   2.50931e-04 ADIIS/DIIS
   @DF-RKS iter   9:  -306.14164389818535   -2.79017e-04   1.11932e-04 ADIIS/DIIS
   @DF-RKS iter  10:  -306.14170813695824   -6.42388e-05   4.45038e-05 DIIS
   @DF-RKS iter  11:  -306.14171856263602   -1.04257e-05   5.81793e-06 DIIS
   @DF-RKS iter  12:  -306.14171879794822   -2.35312e-07   2.00950e-06 DIIS
   @DF-RKS iter  13:  -306.14171882925308   -3.13049e-08   6.28114e-07 DIIS
   @DF-RKS iter  14:  -306.14171883377577   -4.52269e-09   1.87941e-07 DIIS
   @DF-RKS iter  15:  -306.14171883423705   -4.61284e-10   6.19322e-08 DIIS
  Energy and wave function converged.


  ==> Post-Iterations <==

   Electrons on quadrature grid:
      Ntotal   =   45.9999786516 ; deviation = -2.135e-05 

    Orbital Energies [Eh]
    ---------------------

    Doubly Occupied:                                                      

       1A    -19.427831     2A    -19.263232     3A    -10.421388  
       4A    -10.352674     5A    -10.344118     6A    -10.340008  
       7A     -1.301709     8A     -0.998933     9A     -0.897327  
      10A     -0.833714    11A     -0.743729    12A     -0.647775  
      13A     -0.613083    14A     -0.596654    15A     -0.580252  
      16A     -0.533764    17A     -0.502085    18A     -0.482661  
      19A     -0.476045    20A     -0.440597    21A     -0.386807  
      22A     -0.313922    23A     -0.295603  

    Virtual:                                                              

      24A     -0.032433    25A      0.089653    26A      0.139074  
      27A      0.164175    28A      0.197657    29A      0.215083  
      30A      0.218796    31A      0.235717    32A      0.251889  
      33A      0.306765    34A      0.341012    35A      0.422149  
      36A      0.443348    37A      0.557591    38A      0.583989  
      39A      0.610463    40A      0.633813    41A      0.659261  
      42A      0.691662    43A      0.707844    44A      0.719952  
      45A      0.753488    46A      0.799588    47A      0.838109  
      48A      0.855940    49A      0.872902    50A      0.905381  
      51A      0.909846    52A      0.919681    53A      0.938047  
      54A      0.964191    55A      1.009935    56A      1.021359  
      57A      1.033451    58A      1.087616    59A      1.126272  
      60A      1.157935    61A      1.186082    62A      1.195115  
      63A      1.347466    64A      1.375736    65A      1.409363  
      66A      1.445855    67A      1.482136    68A      1.614614  
      69A      1.626529    70A      1.709087    71A      1.750499  
      72A      1.769740    73A      1.824629    74A      1.837178  
      75A      1.882991    76A      1.904972    77A      1.938925  
      78A      1.969207    79A      2.057716    80A      2.102760  
      81A      2.163590    82A      2.202101    83A      2.296516  
      84A      2.301281    85A      2.317660    86A      2.402331  
      87A      2.459301    88A      2.519441    89A      2.551953  
      90A      2.576181    91A      2.703924    92A      2.768682  
      93A      2.902257    94A      2.920797    95A      3.110534  
      96A      3.222223    97A      3.594525    98A      4.087402  
      99A      4.133890   100A      4.231309   101A      4.322635  
     102A      4.591304  

    Final Occupation by Irrep:
              A 
    DOCC [    23 ]
    NA   [    23 ]
    NB   [    23 ]

  @DF-RKS Final Energy:  -306.14171883423705

   => Energetics <=

    Nuclear Repulsion Energy =            220.7727964855620257
    One-Electron Energy =                -853.1174537289489308
    Two-Electron Energy =                 354.3509655263660534
    DFT Exchange-Correlation Energy =     -28.1437847544096300
    Empirical Dispersion Energy =          -0.0042423628065439
    VV10 Nonlocal Energy =                  0.0000000000000000
    Total Energy =                       -306.1417188342370537

Computation Completed


Properties will be evaluated at   0.000000,   0.000000,   0.000000 [a0]

Properties computed using the SCF density matrix


 Multipole Moments:

 ------------------------------------------------------------------------------------
     Multipole            Electronic (a.u.)      Nuclear  (a.u.)        Total (a.u.)
 ------------------------------------------------------------------------------------

 L = 1.  Multiply by 2.5417464519 to convert [e a0] to [Debye]
 Dipole X            :         -1.0691186           -0.7146341           -1.7837527
 Dipole Y            :          0.5761083            0.1264308            0.7025390
 Dipole Z            :          0.4145042           -0.3868328            0.0276714
 Magnitude           :                                                    1.9173160

 ------------------------------------------------------------------------------------

*** tstop() called on cst14372 at Tue Apr 21 11:18:14 2026
Module time:
	user time   =      25.27 seconds =       0.42 minutes
	system time =       0.38 seconds =       0.01 minutes
	total time  =         12 seconds =       0.20 minutes
Total time:
	user time   =    2164.08 seconds =      36.07 minutes
	system time =      32.37 seconds =       0.54 minutes
	total time  =       1047 seconds =      17.45 minutes

Scratch directory: /tmp/
gradient() will perform analytic gradient computation.

*** tstart() called on cst14372
*** at Tue Apr 21 11:18:14 2026


         ------------------------------------------------------------
                                   SCF GRAD                          
                          Rob Parrish, Justin Turney,                
                       Andy Simmonett, and Alex Sokolov              
         ------------------------------------------------------------

  ==> Geometry <==

    Molecular point group: c1
    Full point group: C1

    Geometry (in Angstrom), charge = 0, multiplicity = 1:

       Center              X                  Y                   Z               Mass       
    ------------   -----------------  -----------------  -----------------  -----------------
         C            0.067099060500     0.357034147700     0.082229450600    12.000000000000
         O            1.397599444500     0.322743542600     0.016300650500    15.994914619570
         O            2.048458012200    -0.799016716700    -0.001534426400    15.994914619570
         C           -0.710497237100    -0.898758407500     0.002360614800    12.000000000000
         C           -2.072939083000    -0.979856802900    -0.112460820100    12.000000000000
         C           -0.603085433900     1.696287492000     0.043116872800    12.000000000000
         H           -0.403999937600    -1.955225969100     0.378579702900     1.007825032230
         H           -2.656428445600    -0.042382651000    -0.344582915800     1.007825032230
         H           -2.768462822200    -1.820305655700    -0.261788743500     1.007825032230
         H            0.313187940800     2.318373976400    -0.054992563700     1.007825032230
         H           -1.238547194500     2.295816169600     0.825269468700     1.007825032230
         H           -1.275841125600     2.032575240100    -0.956794564600     1.007825032230

  Nuclear repulsion =  220.772796485562026

  ==> Basis Set <==

  Basis Set: 6-31G*
    Blend: 6-31G*
    Number of shells: 48
    Number of basis functions: 102
    Number of Cartesian functions: 102
    Spherical Harmonics?: false
    Max angular momentum: 2

  ==> DFJKGrad: Density-Fitted SCF Gradients <==

    Gradient:                    1
    J tasked:                  Yes
    K tasked:                  Yes
    wK tasked:                 Yes
    Omega:               2.000E-01
    OpenMP threads:              4
    Integrals threads:           4
    Memory [MiB]:             4291
    Schwarz Cutoff:          1E-12
    Fitting Condition:       1E-10

   => Auxiliary Basis Set <=

  Basis Set: (6-31G* AUX)
    Blend: CC-PVDZ-JKFIT
    Number of shells: 198
    Number of basis functions: 636
    Number of Cartesian functions: 636
    Spherical Harmonics?: false
    Max angular momentum: 3

  ==> DFT Potential <==

   => LibXC <=

    Version 7.0.0
    S. Lehtola, C. Steigemann, M. J.T. Oliveira, and M. A.L. Marques.,  SoftwareX 7, 1–5 (2018) (10.1016/j.softx.2017.11.002)

   => Composite Functional: WB97X-D <= 

    wB97X-D Hyb-GGA Exchange-Correlation Functional

    J.-D. Chai and M. Head-Gordon.,  Phys. Chem. Chem. Phys. 10, 6615-6620 (2008) (10.1039/B810189B)

    Deriv               =              1
    GGA                 =           TRUE
    Meta                =          FALSE

    Exchange Hybrid     =           TRUE
    MP2 Hybrid          =          FALSE

   => Exchange-Correlation Functionals <=

    1.0000   wB97X-D range-separated functional

   => Exact (HF) Exchange <=

    0.7780            HF,LR [omega = 0.2000]
    0.2220               HF 

   => LibXC Density Thresholds  <==

    XC_HYB_GGA_XC_WB97X_D:  1.00E-14 

   => Molecular Quadrature <=

    Radial Scheme          =       TREUTLER
    Pruning Scheme         =           NONE
    Nuclear Scheme         =       TREUTLER

    Blocking Scheme        =         OCTREE
    BS radius alpha        =              1
    Pruning alpha          =              1
    Radial Points          =             75
    Spherical Points       =            302
    Total Points           =         254958
    Total Blocks           =           1928
    Max Points             =            256
    Max Functions          =            100
    Weights Tolerance      =       1.00E-15


  -Total Gradient:
     Atom            X                  Y                   Z
    ------   -----------------  -----------------  -----------------
       1        0.004790805743     0.038955492624     0.005729818367
       2        0.061893628786    -0.035984278236    -0.008915092027
       3       -0.004638752411     0.020486373833     0.001758982833
       4        0.031046901470     0.058280563149    -0.039498367633
       5        0.005136128169    -0.056229069121     0.029717855508
       6        0.007098771846    -0.073279496252     0.040586943843
       7       -0.019824513496    -0.042955161703     0.022205642654
       8       -0.012739796415     0.012953098478    -0.005973006686
       9       -0.022085354163     0.005845552779    -0.012701254328
      10        0.011529726905    -0.007349897803     0.001169551153
      11       -0.023993793941     0.045538215295     0.008718582759
      12       -0.038034369545     0.033816303418    -0.042733807883


*** tstop() called on cst14372 at Tue Apr 21 11:18:16 2026
Module time:
	user time   =       3.73 seconds =       0.06 minutes
	system time =       0.07 seconds =       0.00 minutes
	total time  =          2 seconds =       0.03 minutes
Total time:
	user time   =    2167.83 seconds =      36.13 minutes
	system time =      32.44 seconds =       0.54 minutes
	total time  =       1049 seconds =      17.48 minutes

Scratch directory: /tmp/
   => Libint2 <=

    Primary   basis highest AM E, G, H:  6, 6, 3
    Auxiliary basis highest AM E, G, H:  7, 7, 4
    Onebody   basis highest AM E, G, H:  -, -, -
    Solid Harmonics ordering:            Gaussian

*** tstart() called on cst14372
*** at Tue Apr 21 11:18:16 2026

   => Loading Basis Set <=

    Name: 6-31G*
    Role: ORBITAL
    Keyword: BASIS
    atoms 1, 4-6 entry C          line   111 file /Users/jmsmith1/anaconda3/envs/jupyterenv/share/psi4/basis/6-31gs.gbs 
    atoms 2-3    entry O          line   145 file /Users/jmsmith1/anaconda3/envs/jupyterenv/share/psi4/basis/6-31gs.gbs 
    atoms 7-12   entry H          line    44 file /Users/jmsmith1/anaconda3/envs/jupyterenv/share/psi4/basis/6-31gs.gbs 

   => WB97X-D: Empirical Dispersion <=

    Chai and Head-Gordon Dispersion Correction
    Chai, J.-D.; Head-Gordon, M. (2010), J. Chem. Phys., 132: 6615-6620

        s6 =       1.000000


         ---------------------------------------------------------
                                   SCF
               by Justin Turney, Rob Parrish, Andy Simmonett
                          and Daniel G. A. Smith
                              RKS Reference
                        4 Threads,   5722 MiB Core
         ---------------------------------------------------------

  ==> Geometry <==

    Molecular point group: c1
    Full point group: C1

    Geometry (in Angstrom), charge = 0, multiplicity = 1:

       Center              X                  Y                   Z               Mass       
    ------------   -----------------  -----------------  -----------------  -----------------
         C            0.067125644600     0.356602464200     0.086547630000    12.000000000000
         O            1.399731292900     0.324359343400     0.017313883600    15.994914619570
         O            2.052386488300    -0.795010436000    -0.001646615700    15.994914619570
         C           -0.710930072300    -0.901846035300     0.003373859200    12.000000000000
         C           -2.074429175400    -0.983397096700    -0.119151313000    12.000000000000
         C           -0.608800544900     1.696672735200     0.044391626300    12.000000000000
         H           -0.416044273100    -1.948981766900     0.392764328200     1.007825032230
         H           -2.650936191100    -0.054326212900    -0.361214054100     1.007825032230
         H           -2.773392388900    -1.824500030500    -0.272980889700     1.007825032230
         H            0.309714912800     2.311286147600    -0.058368014900     1.007825032230
         H           -1.235580055700     2.305029513000     0.816223745300     1.007825032230
         H           -1.269316487500     2.030728150000    -0.943870848500     1.007825032230

  Running in c1 symmetry.

  Rotational constants: A =      0.18063  B =      0.09292  C =      0.06228 [cm^-1]
  Rotational constants: A =   5415.13321  B =   2785.52718  C =   1867.07132 [MHz]
  Nuclear repulsion =  220.678082967318943

  Charge       = 0
  Multiplicity = 1
  Electrons    = 46
  Nalpha       = 23
  Nbeta        = 23

  ==> Algorithm <==

  SCF Algorithm Type is DF.
  DIIS enabled.
  MOM disabled.
  Fractional occupation disabled.
  Guess Type is SAD.
  Energy threshold   = 1.00e-07
  Density threshold  = 1.00e-07
  Integral threshold = 1.00e-12

  ==> Primary Basis <==

  Basis Set: 6-31G*
    Blend: 6-31G*
    Number of shells: 48
    Number of basis functions: 102
    Number of Cartesian functions: 102
    Spherical Harmonics?: false
    Max angular momentum: 2

  ==> DFT Potential <==

   => LibXC <=

    Version 7.0.0
    S. Lehtola, C. Steigemann, M. J.T. Oliveira, and M. A.L. Marques.,  SoftwareX 7, 1–5 (2018) (10.1016/j.softx.2017.11.002)

   => Composite Functional: WB97X-D <= 

    wB97X-D Hyb-GGA Exchange-Correlation Functional

    J.-D. Chai and M. Head-Gordon.,  Phys. Chem. Chem. Phys. 10, 6615-6620 (2008) (10.1039/B810189B)

    Deriv               =              1
    GGA                 =           TRUE
    Meta                =          FALSE

    Exchange Hybrid     =           TRUE
    MP2 Hybrid          =          FALSE

   => Exchange-Correlation Functionals <=

    1.0000   wB97X-D range-separated functional

   => Exact (HF) Exchange <=

    0.7780            HF,LR [omega = 0.2000]
    0.2220               HF 

   => LibXC Density Thresholds  <==

    XC_HYB_GGA_XC_WB97X_D:  1.00E-14 

   => Molecular Quadrature <=

    Radial Scheme          =       TREUTLER
    Pruning Scheme         =           NONE
    Nuclear Scheme         =       TREUTLER

    Blocking Scheme        =         OCTREE
    BS radius alpha        =              1
    Pruning alpha          =              1
    Radial Points          =             75
    Spherical Points       =            302
    Total Points           =         254965
    Total Blocks           =           1925
    Max Points             =            256
    Max Functions          =            100
    Weights Tolerance      =       1.00E-15

   => Loading Basis Set <=

    Name: (6-31G* AUX)
    Role: JKFIT
    Keyword: DF_BASIS_SCF
    atoms 1, 4-6 entry C          line   121 file /Users/jmsmith1/anaconda3/envs/jupyterenv/share/psi4/basis/cc-pvdz-jkfit.gbs 
    atoms 2-3    entry O          line   221 file /Users/jmsmith1/anaconda3/envs/jupyterenv/share/psi4/basis/cc-pvdz-jkfit.gbs 
    atoms 7-12   entry H          line    51 file /Users/jmsmith1/anaconda3/envs/jupyterenv/share/psi4/basis/cc-pvdz-jkfit.gbs 

  ==> Integral Setup <==

  DFHelper Memory: AOs need 0.151 GiB; user supplied 3.609 GiB. 
  SCF_SUBTYPE=INCORE selected. In-core MEM_DF algorithm will be used.
  Using in-core AOs.

  ==> MemDFJK: Density-Fitted J/K Matrices <==

    J tasked:                   Yes
    K tasked:                   Yes
    wK tasked:                  Yes
    Omega:                2.000E-01
    OpenMP threads:               4
    Memory [MiB]:              3695
    Algorithm:                 Core
    Schwarz Cutoff:           1E-12
    Mask sparsity (%):       1.8839
    Fitting Condition:        1E-10

   => Auxiliary Basis Set <=

  Basis Set: (6-31G* AUX)
    Blend: CC-PVDZ-JKFIT
    Number of shells: 198
    Number of basis functions: 636
    Number of Cartesian functions: 636
    Spherical Harmonics?: false
    Max angular momentum: 3

  Cached 100.0% of DFT collocation blocks in 0.582 [GiB].

  Minimum eigenvalue in the overlap matrix is 3.3637397499E-03.
  Reciprocal condition number of the overlap matrix is 5.0037984469E-04.
    Using symmetric orthogonalization.

  ==> Pre-Iterations <==

  SCF Guess: Superposition of Atomic Densities via on-the-fly atomic UHF (no occupation information).

   -------------------------
    Irrep   Nso     Nmo    
   -------------------------
     A        102     102 
   -------------------------
    Total     102     102
   -------------------------

  ==> Iterations <==

                           Total Energy        Delta E     RMS |[F,P]|

   @DF-RKS iter SAD:  -299.97895993785812   -2.99979e+02   0.00000e+00 
   @DF-RKS iter   1:  -296.22062717081934    3.75833e+00   3.44412e-02 ADIIS/DIIS
   @DF-RKS iter   2:  -274.60244930169944    2.16182e+01   6.32785e-02 ADIIS/DIIS
   @DF-RKS iter   3:  -304.77711542530773   -3.01747e+01   1.60801e-02 ADIIS/DIIS
   @DF-RKS iter   4:  -304.76140013283049    1.57153e-02   1.63214e-02 ADIIS/DIIS
   @DF-RKS iter   5:  -305.99631681171479   -1.23492e+00   5.09627e-03 ADIIS/DIIS
   @DF-RKS iter   6:  -306.11763965900553   -1.21323e-01   2.19515e-03 ADIIS/DIIS
   @DF-RKS iter   7:  -306.14030562775662   -2.26660e-02   5.70807e-04 ADIIS/DIIS
   @DF-RKS iter   8:  -306.14169370170288   -1.38807e-03   2.68747e-04 ADIIS/DIIS
   @DF-RKS iter   9:  -306.14201219750299   -3.18496e-04   1.05899e-04 ADIIS/DIIS
   @DF-RKS iter  10:  -306.14207487489068   -6.26774e-05   3.97844e-05 DIIS
   @DF-RKS iter  11:  -306.14208356232433   -8.68743e-06   5.57819e-06 DIIS
   @DF-RKS iter  12:  -306.14208380261414   -2.40290e-07   2.83334e-06 DIIS
   @DF-RKS iter  13:  -306.14208385773168   -5.51175e-08   8.87900e-07 DIIS
   @DF-RKS iter  14:  -306.14208386515838   -7.42671e-09   2.05026e-07 DIIS
   @DF-RKS iter  15:  -306.14208386568583   -5.27450e-10   6.31177e-08 DIIS
  Energy and wave function converged.


  ==> Post-Iterations <==

   Electrons on quadrature grid:
      Ntotal   =   45.9999762674 ; deviation = -2.373e-05 

    Orbital Energies [Eh]
    ---------------------

    Doubly Occupied:                                                      

       1A    -19.428268     2A    -19.263636     3A    -10.421976  
       4A    -10.350709     5A    -10.343863     6A    -10.339518  
       7A     -1.302043     8A     -0.998546     9A     -0.897023  
      10A     -0.834532    11A     -0.743814    12A     -0.648858  
      13A     -0.613433    14A     -0.597409    15A     -0.580147  
      16A     -0.533712    17A     -0.502572    18A     -0.483898  
      19A     -0.475850    20A     -0.441035    21A     -0.386319  
      22A     -0.314123    23A     -0.295711  

    Virtual:                                                              

      24A     -0.032401    25A      0.089199    26A      0.141078  
      27A      0.164991    28A      0.199441    29A      0.216003  
      30A      0.219356    31A      0.237290    32A      0.252251  
      33A      0.305922    34A      0.340506    35A      0.421566  
      36A      0.442551    37A      0.558175    38A      0.583611  
      39A      0.609558    40A      0.632571    41A      0.658268  
      42A      0.691583    43A      0.706896    44A      0.718987  
      45A      0.753364    46A      0.800763    47A      0.839605  
      48A      0.858629    49A      0.875008    50A      0.905487  
      51A      0.914543    52A      0.918670    53A      0.938134  
      54A      0.967174    55A      1.008415    56A      1.021633  
      57A      1.035598    58A      1.085746    59A      1.126004  
      60A      1.156746    61A      1.185390    62A      1.192437  
      63A      1.346683    64A      1.374486    65A      1.408505  
      66A      1.445515    67A      1.484484    68A      1.614757  
      69A      1.623704    70A      1.712472    71A      1.746904  
      72A      1.769929    73A      1.820659    74A      1.837556  
      75A      1.882066    76A      1.903817    77A      1.939025  
      78A      1.968143    79A      2.056605    80A      2.106721  
      81A      2.170043    82A      2.201411    83A      2.300659  
      84A      2.304347    85A      2.316481    86A      2.399999  
      87A      2.460195    88A      2.517670    89A      2.550207  
      90A      2.577504    91A      2.703744    92A      2.768040  
      93A      2.900304    94A      2.918835    95A      3.106806  
      96A      3.218979    97A      3.593268    98A      4.087395  
      99A      4.131187   100A      4.231341   101A      4.322746  
     102A      4.589453  

    Final Occupation by Irrep:
              A 
    DOCC [    23 ]
    NA   [    23 ]
    NB   [    23 ]

  @DF-RKS Final Energy:  -306.14208386568583

   => Energetics <=

    Nuclear Repulsion Energy =            220.6780829673189430
    One-Electron Energy =                -852.9191913619076786
    Two-Electron Energy =                 354.2520621217026360
    DFT Exchange-Correlation Energy =     -28.1488108504825618
    Empirical Dispersion Energy =          -0.0042267423171665
    VV10 Nonlocal Energy =                  0.0000000000000000
    Total Energy =                       -306.1420838656858336

Computation Completed


Properties will be evaluated at   0.000000,   0.000000,   0.000000 [a0]

Properties computed using the SCF density matrix


 Multipole Moments:

 ------------------------------------------------------------------------------------
     Multipole            Electronic (a.u.)      Nuclear  (a.u.)        Total (a.u.)
 ------------------------------------------------------------------------------------

 L = 1.  Multiply by 2.5417464519 to convert [e a0] to [Debye]
 Dipole X            :         -1.0650496           -0.7196401           -1.7846896
 Dipole Y            :          0.5880059            0.1175777            0.7055836
 Dipole Z            :          0.4229650           -0.3989907            0.0239743
 Magnitude           :                                                    1.9192551

 ------------------------------------------------------------------------------------

*** tstop() called on cst14372 at Tue Apr 21 11:18:28 2026
Module time:
	user time   =      25.24 seconds =       0.42 minutes
	system time =       0.36 seconds =       0.01 minutes
	total time  =         12 seconds =       0.20 minutes
Total time:
	user time   =    2193.09 seconds =      36.55 minutes
	system time =      32.82 seconds =       0.55 minutes
	total time  =       1061 seconds =      17.68 minutes

Scratch directory: /tmp/
gradient() will perform analytic gradient computation.

*** tstart() called on cst14372
*** at Tue Apr 21 11:18:28 2026


         ------------------------------------------------------------
                                   SCF GRAD                          
                          Rob Parrish, Justin Turney,                
                       Andy Simmonett, and Alex Sokolov              
         ------------------------------------------------------------

  ==> Geometry <==

    Molecular point group: c1
    Full point group: C1

    Geometry (in Angstrom), charge = 0, multiplicity = 1:

       Center              X                  Y                   Z               Mass       
    ------------   -----------------  -----------------  -----------------  -----------------
         C            0.067125644600     0.356602464200     0.086547630000    12.000000000000
         O            1.399731292900     0.324359343400     0.017313883600    15.994914619570
         O            2.052386488300    -0.795010436000    -0.001646615700    15.994914619570
         C           -0.710930072300    -0.901846035300     0.003373859200    12.000000000000
         C           -2.074429175400    -0.983397096700    -0.119151313000    12.000000000000
         C           -0.608800544900     1.696672735200     0.044391626300    12.000000000000
         H           -0.416044273100    -1.948981766900     0.392764328200     1.007825032230
         H           -2.650936191100    -0.054326212900    -0.361214054100     1.007825032230
         H           -2.773392388900    -1.824500030500    -0.272980889700     1.007825032230
         H            0.309714912800     2.311286147600    -0.058368014900     1.007825032230
         H           -1.235580055700     2.305029513000     0.816223745300     1.007825032230
         H           -1.269316487500     2.030728150000    -0.943870848500     1.007825032230

  Nuclear repulsion =  220.678082967318943

  ==> Basis Set <==

  Basis Set: 6-31G*
    Blend: 6-31G*
    Number of shells: 48
    Number of basis functions: 102
    Number of Cartesian functions: 102
    Spherical Harmonics?: false
    Max angular momentum: 2

  ==> DFJKGrad: Density-Fitted SCF Gradients <==

    Gradient:                    1
    J tasked:                  Yes
    K tasked:                  Yes
    wK tasked:                 Yes
    Omega:               2.000E-01
    OpenMP threads:              4
    Integrals threads:           4
    Memory [MiB]:             4291
    Schwarz Cutoff:          1E-12
    Fitting Condition:       1E-10

   => Auxiliary Basis Set <=

  Basis Set: (6-31G* AUX)
    Blend: CC-PVDZ-JKFIT
    Number of shells: 198
    Number of basis functions: 636
    Number of Cartesian functions: 636
    Spherical Harmonics?: false
    Max angular momentum: 3

  ==> DFT Potential <==

   => LibXC <=

    Version 7.0.0
    S. Lehtola, C. Steigemann, M. J.T. Oliveira, and M. A.L. Marques.,  SoftwareX 7, 1–5 (2018) (10.1016/j.softx.2017.11.002)

   => Composite Functional: WB97X-D <= 

    wB97X-D Hyb-GGA Exchange-Correlation Functional

    J.-D. Chai and M. Head-Gordon.,  Phys. Chem. Chem. Phys. 10, 6615-6620 (2008) (10.1039/B810189B)

    Deriv               =              1
    GGA                 =           TRUE
    Meta                =          FALSE

    Exchange Hybrid     =           TRUE
    MP2 Hybrid          =          FALSE

   => Exchange-Correlation Functionals <=

    1.0000   wB97X-D range-separated functional

   => Exact (HF) Exchange <=

    0.7780            HF,LR [omega = 0.2000]
    0.2220               HF 

   => LibXC Density Thresholds  <==

    XC_HYB_GGA_XC_WB97X_D:  1.00E-14 

   => Molecular Quadrature <=

    Radial Scheme          =       TREUTLER
    Pruning Scheme         =           NONE
    Nuclear Scheme         =       TREUTLER

    Blocking Scheme        =         OCTREE
    BS radius alpha        =              1
    Pruning alpha          =              1
    Radial Points          =             75
    Spherical Points       =            302
    Total Points           =         254965
    Total Blocks           =           1925
    Max Points             =            256
    Max Functions          =            100
    Weights Tolerance      =       1.00E-15


  -Total Gradient:
     Atom            X                  Y                   Z
    ------   -----------------  -----------------  -----------------
       1        0.005538596279     0.039202900051     0.006183657044
       2        0.064210904044    -0.036812152049    -0.009354370214
       3       -0.004795488335     0.021189849301     0.001803744869
       4        0.033228373918     0.054836279916    -0.039812960512
       5        0.002860781723    -0.051918814564     0.030124916618
       6        0.002289061764    -0.070334717242     0.040497448234
       7       -0.021963765645    -0.039542424994     0.021788801089
       8       -0.010300998324     0.008837422856    -0.005292064870
       9       -0.023549552789     0.004714749584    -0.013433437692
      10        0.010440616502    -0.008713625478     0.001154646347
      11       -0.022223711627     0.044971063300     0.005330625655
      12       -0.035478746759     0.033686202562    -0.038905016776


*** tstop() called on cst14372 at Tue Apr 21 11:18:30 2026
Module time:
	user time   =       3.67 seconds =       0.06 minutes
	system time =       0.06 seconds =       0.00 minutes
	total time  =          2 seconds =       0.03 minutes
Total time:
	user time   =    2196.78 seconds =      36.61 minutes
	system time =      32.88 seconds =       0.55 minutes
	total time  =       1063 seconds =      17.72 minutes

Scratch directory: /tmp/
   => Libint2 <=

    Primary   basis highest AM E, G, H:  6, 6, 3
    Auxiliary basis highest AM E, G, H:  7, 7, 4
    Onebody   basis highest AM E, G, H:  -, -, -
    Solid Harmonics ordering:            Gaussian

*** tstart() called on cst14372
*** at Tue Apr 21 11:18:30 2026

   => Loading Basis Set <=

    Name: 6-31G*
    Role: ORBITAL
    Keyword: BASIS
    atoms 1, 4-6 entry C          line   111 file /Users/jmsmith1/anaconda3/envs/jupyterenv/share/psi4/basis/6-31gs.gbs 
    atoms 2-3    entry O          line   145 file /Users/jmsmith1/anaconda3/envs/jupyterenv/share/psi4/basis/6-31gs.gbs 
    atoms 7-12   entry H          line    44 file /Users/jmsmith1/anaconda3/envs/jupyterenv/share/psi4/basis/6-31gs.gbs 

   => WB97X-D: Empirical Dispersion <=

    Chai and Head-Gordon Dispersion Correction
    Chai, J.-D.; Head-Gordon, M. (2010), J. Chem. Phys., 132: 6615-6620

        s6 =       1.000000


         ---------------------------------------------------------
                                   SCF
               by Justin Turney, Rob Parrish, Andy Simmonett
                          and Daniel G. A. Smith
                              RKS Reference
                        4 Threads,   5722 MiB Core
         ---------------------------------------------------------

  ==> Geometry <==

    Molecular point group: c1
    Full point group: C1

    Geometry (in Angstrom), charge = 0, multiplicity = 1:

       Center              X                  Y                   Z               Mass       
    ------------   -----------------  -----------------  -----------------  -----------------
         C            0.067136262100     0.356056097200     0.090859530200    12.000000000000
         O            1.401729291900     0.326059521900     0.018350180600    15.994914619570
         O            2.056335967200    -0.791039433000    -0.001763028300    15.994914619570
         C           -0.711460293400    -0.905100768000     0.004505119500    12.000000000000
         C           -2.075931564100    -0.986796580100    -0.125947054400    12.000000000000
         C           -0.614537673000     1.697262686100     0.045552542500    12.000000000000
         H           -0.427363188400    -1.941356356300     0.406235333400     1.007825032230
         H           -2.645073716400    -0.066606865700    -0.377707373100     1.007825032230
         H           -2.777522661400    -1.828868379600    -0.283739656700     1.007825032230
         H            0.305872284100     2.304479894100    -0.061792395400     1.007825032230
         H           -1.231838107400     2.312715956100     0.806969734300     1.007825032230
         H           -1.261550101500     2.027713757600    -0.929569932200     1.007825032230

  Running in c1 symmetry.

  Rotational constants: A =      0.18051  B =      0.09265  C =      0.06215 [cm^-1]
  Rotational constants: A =   5411.67419  B =   2777.67491  C =   1863.13221 [MHz]
  Nuclear repulsion =  220.601906691236877

  Charge       = 0
  Multiplicity = 1
  Electrons    = 46
  Nalpha       = 23
  Nbeta        = 23

  ==> Algorithm <==

  SCF Algorithm Type is DF.
  DIIS enabled.
  MOM disabled.
  Fractional occupation disabled.
  Guess Type is SAD.
  Energy threshold   = 1.00e-07
  Density threshold  = 1.00e-07
  Integral threshold = 1.00e-12

  ==> Primary Basis <==

  Basis Set: 6-31G*
    Blend: 6-31G*
    Number of shells: 48
    Number of basis functions: 102
    Number of Cartesian functions: 102
    Spherical Harmonics?: false
    Max angular momentum: 2

  ==> DFT Potential <==

   => LibXC <=

    Version 7.0.0
    S. Lehtola, C. Steigemann, M. J.T. Oliveira, and M. A.L. Marques.,  SoftwareX 7, 1–5 (2018) (10.1016/j.softx.2017.11.002)

   => Composite Functional: WB97X-D <= 

    wB97X-D Hyb-GGA Exchange-Correlation Functional

    J.-D. Chai and M. Head-Gordon.,  Phys. Chem. Chem. Phys. 10, 6615-6620 (2008) (10.1039/B810189B)

    Deriv               =              1
    GGA                 =           TRUE
    Meta                =          FALSE

    Exchange Hybrid     =           TRUE
    MP2 Hybrid          =          FALSE

   => Exchange-Correlation Functionals <=

    1.0000   wB97X-D range-separated functional

   => Exact (HF) Exchange <=

    0.7780            HF,LR [omega = 0.2000]
    0.2220               HF 

   => LibXC Density Thresholds  <==

    XC_HYB_GGA_XC_WB97X_D:  1.00E-14 

   => Molecular Quadrature <=

    Radial Scheme          =       TREUTLER
    Pruning Scheme         =           NONE
    Nuclear Scheme         =       TREUTLER

    Blocking Scheme        =         OCTREE
    BS radius alpha        =              1
    Pruning alpha          =              1
    Radial Points          =             75
    Spherical Points       =            302
    Total Points           =         254933
    Total Blocks           =           1929
    Max Points             =            256
    Max Functions          =            100
    Weights Tolerance      =       1.00E-15

   => Loading Basis Set <=

    Name: (6-31G* AUX)
    Role: JKFIT
    Keyword: DF_BASIS_SCF
    atoms 1, 4-6 entry C          line   121 file /Users/jmsmith1/anaconda3/envs/jupyterenv/share/psi4/basis/cc-pvdz-jkfit.gbs 
    atoms 2-3    entry O          line   221 file /Users/jmsmith1/anaconda3/envs/jupyterenv/share/psi4/basis/cc-pvdz-jkfit.gbs 
    atoms 7-12   entry H          line    51 file /Users/jmsmith1/anaconda3/envs/jupyterenv/share/psi4/basis/cc-pvdz-jkfit.gbs 

  ==> Integral Setup <==

  DFHelper Memory: AOs need 0.151 GiB; user supplied 3.610 GiB. 
  SCF_SUBTYPE=INCORE selected. In-core MEM_DF algorithm will be used.
  Using in-core AOs.

  ==> MemDFJK: Density-Fitted J/K Matrices <==

    J tasked:                   Yes
    K tasked:                   Yes
    wK tasked:                  Yes
    Omega:                2.000E-01
    OpenMP threads:               4
    Memory [MiB]:              3696
    Algorithm:                 Core
    Schwarz Cutoff:           1E-12
    Mask sparsity (%):       1.8839
    Fitting Condition:        1E-10

   => Auxiliary Basis Set <=

  Basis Set: (6-31G* AUX)
    Blend: CC-PVDZ-JKFIT
    Number of shells: 198
    Number of basis functions: 636
    Number of Cartesian functions: 636
    Spherical Harmonics?: false
    Max angular momentum: 3

  Cached 100.0% of DFT collocation blocks in 0.581 [GiB].

  Minimum eigenvalue in the overlap matrix is 3.4032039678E-03.
  Reciprocal condition number of the overlap matrix is 5.0642640521E-04.
    Using symmetric orthogonalization.

  ==> Pre-Iterations <==

  SCF Guess: Superposition of Atomic Densities via on-the-fly atomic UHF (no occupation information).

   -------------------------
    Irrep   Nso     Nmo    
   -------------------------
     A        102     102 
   -------------------------
    Total     102     102
   -------------------------

  ==> Iterations <==

                           Total Energy        Delta E     RMS |[F,P]|

   @DF-RKS iter SAD:  -299.99942758308015   -2.99999e+02   0.00000e+00 
   @DF-RKS iter   1:  -296.24780198629787    3.75163e+00   3.44093e-02 ADIIS/DIIS
   @DF-RKS iter   2:  -274.21734004292301    2.20305e+01   6.41907e-02 ADIIS/DIIS
   @DF-RKS iter   3:  -304.66612768221279   -3.04488e+01   1.66763e-02 ADIIS/DIIS
   @DF-RKS iter   4:  -303.04210195096914    1.62403e+00   2.30001e-02 ADIIS/DIIS
   @DF-RKS iter   5:  -306.00603776106897   -2.96394e+00   4.53242e-03 ADIIS/DIIS
   @DF-RKS iter   6:  -306.09753245255189   -9.14947e-02   2.96327e-03 ADIIS/DIIS
   @DF-RKS iter   7:  -306.14101650622507   -4.34841e-02   4.32217e-04 ADIIS/DIIS
   @DF-RKS iter   8:  -306.14212670661243   -1.11020e-03   3.40848e-04 ADIIS/DIIS
   @DF-RKS iter   9:  -306.14262586632088   -4.99160e-04   9.30786e-05 DIIS
   @DF-RKS iter  10:  -306.14269128765511   -6.54213e-05   4.51747e-05 DIIS
   @DF-RKS iter  11:  -306.14270219463543   -1.09070e-05   2.58261e-05 DIIS
   @DF-RKS iter  12:  -306.14270574663453   -3.55200e-06   1.12353e-05 DIIS
   @DF-RKS iter  13:  -306.14270646268614   -7.16052e-07   1.22303e-06 DIIS
   @DF-RKS iter  14:  -306.14270647433904   -1.16529e-08   5.91899e-07 DIIS
   @DF-RKS iter  15:  -306.14270647800987   -3.67083e-09   2.20829e-07 DIIS
   @DF-RKS iter  16:  -306.14270648051911   -2.50924e-09   1.05917e-07 DIIS
   @DF-RKS iter  17:  -306.14270648136693   -8.47820e-10   4.17995e-08 DIIS
  Energy and wave function converged.


  ==> Post-Iterations <==

   Electrons on quadrature grid:
      Ntotal   =   45.9999735886 ; deviation = -2.641e-05 

    Orbital Energies [Eh]
    ---------------------

    Doubly Occupied:                                                      

       1A    -19.428648     2A    -19.263959     3A    -10.422542  
       4A    -10.348399     5A    -10.343493     6A    -10.338947  
       7A     -1.302261     8A     -0.998103     9A     -0.896785  
      10A     -0.835547    11A     -0.743993    12A     -0.650085  
      13A     -0.613784    14A     -0.598209    15A     -0.580009  
      16A     -0.533722    17A     -0.503018    18A     -0.485567  
      19A     -0.475671    20A     -0.441649    21A     -0.385862  
      22A     -0.314280    23A     -0.295811  

    Virtual:                                                              

      24A     -0.032315    25A      0.088791    26A      0.143396  
      27A      0.165939    28A      0.201168    29A      0.216482  
      30A      0.221125    31A      0.239199    32A      0.252719  
      33A      0.305013    34A      0.340014    35A      0.420879  
      36A      0.441661    37A      0.558789    38A      0.583152  
      39A      0.608527    40A      0.631391    41A      0.657160  
      42A      0.691499    43A      0.705856    44A      0.717801  
      45A      0.753102    46A      0.801485    47A      0.840872  
      48A      0.861903    49A      0.878028    50A      0.905338  
      51A      0.917265    52A      0.921168    53A      0.938471  
      54A      0.971028    55A      1.006970    56A      1.022077  
      57A      1.038300    58A      1.084177    59A      1.125811  
      60A      1.155626    61A      1.184792    62A      1.190149  
      63A      1.345912    64A      1.373253    65A      1.407723  
      66A      1.445235    67A      1.487259    68A      1.614862  
      69A      1.620974    70A      1.715739    71A      1.743311  
      72A      1.770064    73A      1.816938    74A      1.837992  
      75A      1.881485    76A      1.902897    77A      1.939248  
      78A      1.967333    79A      2.055610    80A      2.111254  
      81A      2.176517    82A      2.201026    83A      2.304541  
      84A      2.309089    85A      2.315612    86A      2.397528  
      87A      2.461124    88A      2.516063    89A      2.548631  
      90A      2.579149    91A      2.703544    92A      2.767477  
      93A      2.898440    94A      2.916811    95A      3.103199  
      96A      3.215783    97A      3.592062    98A      4.087560  
      99A      4.128504   100A      4.231731   101A      4.323260  
     102A      4.587696  

    Final Occupation by Irrep:
              A 
    DOCC [    23 ]
    NA   [    23 ]
    NB   [    23 ]

  @DF-RKS Final Energy:  -306.14270648136693

   => Energetics <=

    Nuclear Repulsion Energy =            220.6019066912368771
    One-Electron Energy =                -852.7570133634284275
    Two-Electron Energy =                 354.1719291574862041
    DFT Exchange-Correlation Energy =     -28.1553173814056805
    Empirical Dispersion Energy =          -0.0042115852559131
    VV10 Nonlocal Energy =                  0.0000000000000000
    Total Energy =                       -306.1427064813669290

Computation Completed


Properties will be evaluated at   0.000000,   0.000000,   0.000000 [a0]

Properties computed using the SCF density matrix


 Multipole Moments:

 ------------------------------------------------------------------------------------
     Multipole            Electronic (a.u.)      Nuclear  (a.u.)        Total (a.u.)
 ------------------------------------------------------------------------------------

 L = 1.  Multiply by 2.5417464519 to convert [e a0] to [Debye]
 Dipole X            :         -1.0650226           -0.7213331           -1.7863557
 Dipole Y            :          0.6012914            0.1072747            0.7085661
 Dipole Z            :          0.4301870           -0.4102335            0.0199534
 Magnitude           :                                                    1.9218561

 ------------------------------------------------------------------------------------

*** tstop() called on cst14372 at Tue Apr 21 11:18:44 2026
Module time:
	user time   =      27.95 seconds =       0.47 minutes
	system time =       0.40 seconds =       0.01 minutes
	total time  =         14 seconds =       0.23 minutes
Total time:
	user time   =    2224.75 seconds =      37.08 minutes
	system time =      33.29 seconds =       0.55 minutes
	total time  =       1077 seconds =      17.95 minutes

Scratch directory: /tmp/
gradient() will perform analytic gradient computation.

*** tstart() called on cst14372
*** at Tue Apr 21 11:18:44 2026


         ------------------------------------------------------------
                                   SCF GRAD                          
                          Rob Parrish, Justin Turney,                
                       Andy Simmonett, and Alex Sokolov              
         ------------------------------------------------------------

  ==> Geometry <==

    Molecular point group: c1
    Full point group: C1

    Geometry (in Angstrom), charge = 0, multiplicity = 1:

       Center              X                  Y                   Z               Mass       
    ------------   -----------------  -----------------  -----------------  -----------------
         C            0.067136262100     0.356056097200     0.090859530200    12.000000000000
         O            1.401729291900     0.326059521900     0.018350180600    15.994914619570
         O            2.056335967200    -0.791039433000    -0.001763028300    15.994914619570
         C           -0.711460293400    -0.905100768000     0.004505119500    12.000000000000
         C           -2.075931564100    -0.986796580100    -0.125947054400    12.000000000000
         C           -0.614537673000     1.697262686100     0.045552542500    12.000000000000
         H           -0.427363188400    -1.941356356300     0.406235333400     1.007825032230
         H           -2.645073716400    -0.066606865700    -0.377707373100     1.007825032230
         H           -2.777522661400    -1.828868379600    -0.283739656700     1.007825032230
         H            0.305872284100     2.304479894100    -0.061792395400     1.007825032230
         H           -1.231838107400     2.312715956100     0.806969734300     1.007825032230
         H           -1.261550101500     2.027713757600    -0.929569932200     1.007825032230

  Nuclear repulsion =  220.601906691236877

  ==> Basis Set <==

  Basis Set: 6-31G*
    Blend: 6-31G*
    Number of shells: 48
    Number of basis functions: 102
    Number of Cartesian functions: 102
    Spherical Harmonics?: false
    Max angular momentum: 2

  ==> DFJKGrad: Density-Fitted SCF Gradients <==

    Gradient:                    1
    J tasked:                  Yes
    K tasked:                  Yes
    wK tasked:                 Yes
    Omega:               2.000E-01
    OpenMP threads:              4
    Integrals threads:           4
    Memory [MiB]:             4291
    Schwarz Cutoff:          1E-12
    Fitting Condition:       1E-10

   => Auxiliary Basis Set <=

  Basis Set: (6-31G* AUX)
    Blend: CC-PVDZ-JKFIT
    Number of shells: 198
    Number of basis functions: 636
    Number of Cartesian functions: 636
    Spherical Harmonics?: false
    Max angular momentum: 3

  ==> DFT Potential <==

   => LibXC <=

    Version 7.0.0
    S. Lehtola, C. Steigemann, M. J.T. Oliveira, and M. A.L. Marques.,  SoftwareX 7, 1–5 (2018) (10.1016/j.softx.2017.11.002)

   => Composite Functional: WB97X-D <= 

    wB97X-D Hyb-GGA Exchange-Correlation Functional

    J.-D. Chai and M. Head-Gordon.,  Phys. Chem. Chem. Phys. 10, 6615-6620 (2008) (10.1039/B810189B)

    Deriv               =              1
    GGA                 =           TRUE
    Meta                =          FALSE

    Exchange Hybrid     =           TRUE
    MP2 Hybrid          =          FALSE

   => Exchange-Correlation Functionals <=

    1.0000   wB97X-D range-separated functional

   => Exact (HF) Exchange <=

    0.7780            HF,LR [omega = 0.2000]
    0.2220               HF 

   => LibXC Density Thresholds  <==

    XC_HYB_GGA_XC_WB97X_D:  1.00E-14 

   => Molecular Quadrature <=

    Radial Scheme          =       TREUTLER
    Pruning Scheme         =           NONE
    Nuclear Scheme         =       TREUTLER

    Blocking Scheme        =         OCTREE
    BS radius alpha        =              1
    Pruning alpha          =              1
    Radial Points          =             75
    Spherical Points       =            302
    Total Points           =         254933
    Total Blocks           =           1929
    Max Points             =            256
    Max Functions          =            100
    Weights Tolerance      =       1.00E-15


  -Total Gradient:
     Atom            X                  Y                   Z
    ------   -----------------  -----------------  -----------------
       1        0.006296227249     0.039266847125     0.006668337990
       2        0.066413055389    -0.037457360262    -0.009790145580
       3       -0.004913586940     0.021784816272     0.001844684122
       4        0.035388149459     0.050637375494    -0.039795508433
       5        0.000139439859    -0.047185761967     0.030243414655
       6       -0.003287550598    -0.066489227466     0.039868142414
       7       -0.024097544821    -0.035498278029     0.021039787676
       8       -0.007604765778     0.004313155093    -0.004393463213
       9       -0.024804470437     0.003704969600    -0.014125583577
      10        0.009213555094    -0.010090096314     0.001137732157
      11       -0.020120350397     0.043921367866     0.001546344232
      12       -0.032287054374     0.033230995923    -0.034160906386


*** tstop() called on cst14372 at Tue Apr 21 11:18:45 2026
Module time:
	user time   =       3.64 seconds =       0.06 minutes
	system time =       0.06 seconds =       0.00 minutes
	total time  =          1 seconds =       0.02 minutes
Total time:
	user time   =    2228.41 seconds =      37.14 minutes
	system time =      33.35 seconds =       0.56 minutes
	total time  =       1078 seconds =      17.97 minutes

Scratch directory: /tmp/
   => Libint2 <=

    Primary   basis highest AM E, G, H:  6, 6, 3
    Auxiliary basis highest AM E, G, H:  7, 7, 4
    Onebody   basis highest AM E, G, H:  -, -, -
    Solid Harmonics ordering:            Gaussian

*** tstart() called on cst14372
*** at Tue Apr 21 11:18:45 2026

   => Loading Basis Set <=

    Name: 6-31G*
    Role: ORBITAL
    Keyword: BASIS
    atoms 1, 4-6 entry C          line   111 file /Users/jmsmith1/anaconda3/envs/jupyterenv/share/psi4/basis/6-31gs.gbs 
    atoms 2-3    entry O          line   145 file /Users/jmsmith1/anaconda3/envs/jupyterenv/share/psi4/basis/6-31gs.gbs 
    atoms 7-12   entry H          line    44 file /Users/jmsmith1/anaconda3/envs/jupyterenv/share/psi4/basis/6-31gs.gbs 

   => WB97X-D: Empirical Dispersion <=

    Chai and Head-Gordon Dispersion Correction
    Chai, J.-D.; Head-Gordon, M. (2010), J. Chem. Phys., 132: 6615-6620

        s6 =       1.000000


         ---------------------------------------------------------
                                   SCF
               by Justin Turney, Rob Parrish, Andy Simmonett
                          and Daniel G. A. Smith
                              RKS Reference
                        4 Threads,   5722 MiB Core
         ---------------------------------------------------------

  ==> Geometry <==

    Molecular point group: c1
    Full point group: C1

    Geometry (in Angstrom), charge = 0, multiplicity = 1:

       Center              X                  Y                   Z               Mass       
    ------------   -----------------  -----------------  -----------------  -----------------
         C            0.067128675900     0.355394588900     0.095163474300    12.000000000000
         O            1.403588178800     0.327845603900     0.019410488600    15.994914619570
         O            2.060306526500    -0.787105331800    -0.001883757500    15.994914619570
         C           -0.712094382000    -0.908510698100     0.005754592100    12.000000000000
         C           -2.077438312200    -0.990068381000    -0.132848262900    12.000000000000
         C           -0.620280387100     1.698046719600     0.046601071300    12.000000000000
         H           -0.437880454800    -1.932486051300     0.419015859400     1.007825032230
         H           -2.638933414600    -0.079068672100    -0.394092528000     1.007825032230
         H           -2.780807965900    -1.833376065100    -0.294039368000     1.007825032230
         H            0.301701637400     2.298003864400    -0.065265048000     1.007825032230
         H           -1.227392083000     2.318907193600     0.797638003500     1.007825032230
         H           -1.252649248500     2.023544840700    -0.914052689200     1.007825032230

  Running in c1 symmetry.

  Rotational constants: A =      0.18041  B =      0.09240  C =      0.06202 [cm^-1]
  Rotational constants: A =   5408.50145  B =   2770.04026  C =   1859.31343 [MHz]
  Nuclear repulsion =  220.543204453929349

  Charge       = 0
  Multiplicity = 1
  Electrons    = 46
  Nalpha       = 23
  Nbeta        = 23

  ==> Algorithm <==

  SCF Algorithm Type is DF.
  DIIS enabled.
  MOM disabled.
  Fractional occupation disabled.
  Guess Type is SAD.
  Energy threshold   = 1.00e-07
  Density threshold  = 1.00e-07
  Integral threshold = 1.00e-12

  ==> Primary Basis <==

  Basis Set: 6-31G*
    Blend: 6-31G*
    Number of shells: 48
    Number of basis functions: 102
    Number of Cartesian functions: 102
    Spherical Harmonics?: false
    Max angular momentum: 2

  ==> DFT Potential <==

   => LibXC <=

    Version 7.0.0
    S. Lehtola, C. Steigemann, M. J.T. Oliveira, and M. A.L. Marques.,  SoftwareX 7, 1–5 (2018) (10.1016/j.softx.2017.11.002)

   => Composite Functional: WB97X-D <= 

    wB97X-D Hyb-GGA Exchange-Correlation Functional

    J.-D. Chai and M. Head-Gordon.,  Phys. Chem. Chem. Phys. 10, 6615-6620 (2008) (10.1039/B810189B)

    Deriv               =              1
    GGA                 =           TRUE
    Meta                =          FALSE

    Exchange Hybrid     =           TRUE
    MP2 Hybrid          =          FALSE

   => Exchange-Correlation Functionals <=

    1.0000   wB97X-D range-separated functional

   => Exact (HF) Exchange <=

    0.7780            HF,LR [omega = 0.2000]
    0.2220               HF 

   => LibXC Density Thresholds  <==

    XC_HYB_GGA_XC_WB97X_D:  1.00E-14 

   => Molecular Quadrature <=

    Radial Scheme          =       TREUTLER
    Pruning Scheme         =           NONE
    Nuclear Scheme         =       TREUTLER

    Blocking Scheme        =         OCTREE
    BS radius alpha        =              1
    Pruning alpha          =              1
    Radial Points          =             75
    Spherical Points       =            302
    Total Points           =         254889
    Total Blocks           =           1927
    Max Points             =            256
    Max Functions          =            100
    Weights Tolerance      =       1.00E-15

   => Loading Basis Set <=

    Name: (6-31G* AUX)
    Role: JKFIT
    Keyword: DF_BASIS_SCF
    atoms 1, 4-6 entry C          line   121 file /Users/jmsmith1/anaconda3/envs/jupyterenv/share/psi4/basis/cc-pvdz-jkfit.gbs 
    atoms 2-3    entry O          line   221 file /Users/jmsmith1/anaconda3/envs/jupyterenv/share/psi4/basis/cc-pvdz-jkfit.gbs 
    atoms 7-12   entry H          line    51 file /Users/jmsmith1/anaconda3/envs/jupyterenv/share/psi4/basis/cc-pvdz-jkfit.gbs 

  ==> Integral Setup <==

  DFHelper Memory: AOs need 0.151 GiB; user supplied 3.609 GiB. 
  SCF_SUBTYPE=INCORE selected. In-core MEM_DF algorithm will be used.
  Using in-core AOs.

  ==> MemDFJK: Density-Fitted J/K Matrices <==

    J tasked:                   Yes
    K tasked:                   Yes
    wK tasked:                  Yes
    Omega:                2.000E-01
    OpenMP threads:               4
    Memory [MiB]:              3696
    Algorithm:                 Core
    Schwarz Cutoff:           1E-12
    Mask sparsity (%):       1.8839
    Fitting Condition:        1E-10

   => Auxiliary Basis Set <=

  Basis Set: (6-31G* AUX)
    Blend: CC-PVDZ-JKFIT
    Number of shells: 198
    Number of basis functions: 636
    Number of Cartesian functions: 636
    Spherical Harmonics?: false
    Max angular momentum: 3

  Cached 100.0% of DFT collocation blocks in 0.581 [GiB].

  Minimum eigenvalue in the overlap matrix is 3.4439341978E-03.
  Reciprocal condition number of the overlap matrix is 5.1257480756E-04.
    Using symmetric orthogonalization.

  ==> Pre-Iterations <==

  SCF Guess: Superposition of Atomic Densities via on-the-fly atomic UHF (no occupation information).

   -------------------------
    Irrep   Nso     Nmo    
   -------------------------
     A        102     102 
   -------------------------
    Total     102     102
   -------------------------

  ==> Iterations <==

                           Total Energy        Delta E     RMS |[F,P]|

   @DF-RKS iter SAD:  -300.02294628552539   -3.00023e+02   0.00000e+00 
   @DF-RKS iter   1:  -296.27899009728958    3.74396e+00   3.43735e-02 ADIIS/DIIS
   @DF-RKS iter   2:  -273.69642806184083    2.25826e+01   6.44130e-02 ADIIS/DIIS
   @DF-RKS iter   3:  -304.51507067552910   -3.08186e+01   1.75161e-02 ADIIS/DIIS
   @DF-RKS iter   4:  -301.56917065144484    2.94590e+00   2.36822e-02 ADIIS/DIIS
   @DF-RKS iter   5:  -305.93797783084432   -4.36881e+00   5.56195e-03 ADIIS/DIIS
   @DF-RKS iter   6:  -306.10464171223998   -1.66664e-01   2.56265e-03 ADIIS/DIIS
   @DF-RKS iter   7:  -306.13931528318631   -3.46736e-02   7.02424e-04 ADIIS/DIIS
   @DF-RKS iter   8:  -306.14289095376597   -3.57567e-03   2.79595e-04 ADIIS/DIIS
   @DF-RKS iter   9:  -306.14329526456879   -4.04311e-04   1.32533e-04 ADIIS/DIIS
   @DF-RKS iter  10:  -306.14333800763825   -4.27431e-05   1.18553e-04 ADIIS/DIIS
   @DF-RKS iter  11:  -306.14337869520858   -4.06876e-05   7.62394e-05 DIIS
   @DF-RKS iter  12:  -306.14340869869062   -3.00035e-05   2.06020e-05 DIIS
   @DF-RKS iter  13:  -306.14341131651213   -2.61782e-06   2.12268e-06 DIIS
   @DF-RKS iter  14:  -306.14341136644452   -4.99324e-08   1.23922e-06 DIIS
   @DF-RKS iter  15:  -306.14341138288211   -1.64376e-08   3.94120e-07 DIIS
   @DF-RKS iter  16:  -306.14341138630618   -3.42408e-09   1.81829e-07 DIIS
   @DF-RKS iter  17:  -306.14341138821868   -1.91250e-09   8.99286e-08 DIIS
  Energy and wave function converged.


  ==> Post-Iterations <==

   Electrons on quadrature grid:
      Ntotal   =   45.9999708069 ; deviation = -2.919e-05 

    Orbital Energies [Eh]
    ---------------------

    Doubly Occupied:                                                      

       1A    -19.428974     2A    -19.264206     3A    -10.423083  
       4A    -10.345763     5A    -10.343025     6A    -10.338318  
       7A     -1.302359     8A     -0.997611     9A     -0.896619  
      10A     -0.836772    11A     -0.744266    12A     -0.651458  
      13A     -0.614118    14A     -0.599037    15A     -0.579838  
      16A     -0.533794    17A     -0.503424    18A     -0.487640  
      19A     -0.475536    20A     -0.442418    21A     -0.385439  
      22A     -0.314397    23A     -0.295907  

    Virtual:                                                              

      24A     -0.032186    25A      0.088403    26A      0.145935  
      27A      0.166995    28A      0.202701    29A      0.217090  
      30A      0.223579    31A      0.241455    32A      0.253320  
      33A      0.304040    34A      0.339533    35A      0.420096  
      36A      0.440686    37A      0.559424    38A      0.582602  
      39A      0.607370    40A      0.630253    41A      0.655952  
      42A      0.691415    43A      0.704741    44A      0.716384  
      45A      0.752697    46A      0.801691    47A      0.841932  
      48A      0.865346    49A      0.882359    50A      0.904933  
      51A      0.917554    52A      0.927437    53A      0.939131  
      54A      0.975902    55A      1.005722    56A      1.022686  
      57A      1.041491    58A      1.082985    59A      1.125710  
      60A      1.154585    61A      1.184209    62A      1.188339  
      63A      1.345144    64A      1.372026    65A      1.407054  
      66A      1.445048    67A      1.490344    68A      1.614936  
      69A      1.618349    70A      1.718782    71A      1.739813  
      72A      1.770120    73A      1.813437    74A      1.838378  
      75A      1.881203    76A      1.902235    77A      1.939561  
      78A      1.966790    79A      2.054731    80A      2.116240  
      81A      2.182168    82A      2.201720    83A      2.307989  
      84A      2.313875    85A      2.316869    86A      2.394963  
      87A      2.462075    88A      2.514659    89A      2.547224  
      90A      2.581170    91A      2.703323    92A      2.766995  
      93A      2.896665    94A      2.914723    95A      3.099715  
      96A      3.212646    97A      3.590901    98A      4.087873  
      99A      4.125859   100A      4.232474   101A      4.324207  
     102A      4.586049  

    Final Occupation by Irrep:
              A 
    DOCC [    23 ]
    NA   [    23 ]
    NB   [    23 ]

  @DF-RKS Final Energy:  -306.14341138821868

   => Energetics <=

    Nuclear Repulsion Energy =            220.5432044539293486
    One-Electron Energy =                -852.6283573535906726
    Two-Electron Energy =                 354.1091683698089128
    DFT Exchange-Correlation Energy =     -28.1632296888489186
    Empirical Dispersion Energy =          -0.0041971695173139
    VV10 Nonlocal Energy =                  0.0000000000000000
    Total Energy =                       -306.1434113882186807

Computation Completed


Properties will be evaluated at   0.000000,   0.000000,   0.000000 [a0]

Properties computed using the SCF density matrix


 Multipole Moments:

 ------------------------------------------------------------------------------------
     Multipole            Electronic (a.u.)      Nuclear  (a.u.)        Total (a.u.)
 ------------------------------------------------------------------------------------

 L = 1.  Multiply by 2.5417464519 to convert [e a0] to [Debye]
 Dipole X            :         -1.0687796           -0.7198162           -1.7885957
 Dipole Y            :          0.6156158            0.0956592            0.7112749
 Dipole Z            :          0.4362915           -0.4205712            0.0157203
 Magnitude           :                                                    1.9248984

 ------------------------------------------------------------------------------------

*** tstop() called on cst14372 at Tue Apr 21 11:18:59 2026
Module time:
	user time   =      27.67 seconds =       0.46 minutes
	system time =       0.31 seconds =       0.01 minutes
	total time  =         14 seconds =       0.23 minutes
Total time:
	user time   =    2256.10 seconds =      37.60 minutes
	system time =      33.66 seconds =       0.56 minutes
	total time  =       1092 seconds =      18.20 minutes

Scratch directory: /tmp/
gradient() will perform analytic gradient computation.

*** tstart() called on cst14372
*** at Tue Apr 21 11:18:59 2026


         ------------------------------------------------------------
                                   SCF GRAD                          
                          Rob Parrish, Justin Turney,                
                       Andy Simmonett, and Alex Sokolov              
         ------------------------------------------------------------

  ==> Geometry <==

    Molecular point group: c1
    Full point group: C1

    Geometry (in Angstrom), charge = 0, multiplicity = 1:

       Center              X                  Y                   Z               Mass       
    ------------   -----------------  -----------------  -----------------  -----------------
         C            0.067128675900     0.355394588900     0.095163474300    12.000000000000
         O            1.403588178800     0.327845603900     0.019410488600    15.994914619570
         O            2.060306526500    -0.787105331800    -0.001883757500    15.994914619570
         C           -0.712094382000    -0.908510698100     0.005754592100    12.000000000000
         C           -2.077438312200    -0.990068381000    -0.132848262900    12.000000000000
         C           -0.620280387100     1.698046719600     0.046601071300    12.000000000000
         H           -0.437880454800    -1.932486051300     0.419015859400     1.007825032230
         H           -2.638933414600    -0.079068672100    -0.394092528000     1.007825032230
         H           -2.780807965900    -1.833376065100    -0.294039368000     1.007825032230
         H            0.301701637400     2.298003864400    -0.065265048000     1.007825032230
         H           -1.227392083000     2.318907193600     0.797638003500     1.007825032230
         H           -1.252649248500     2.023544840700    -0.914052689200     1.007825032230

  Nuclear repulsion =  220.543204453929349

  ==> Basis Set <==

  Basis Set: 6-31G*
    Blend: 6-31G*
    Number of shells: 48
    Number of basis functions: 102
    Number of Cartesian functions: 102
    Spherical Harmonics?: false
    Max angular momentum: 2

  ==> DFJKGrad: Density-Fitted SCF Gradients <==

    Gradient:                    1
    J tasked:                  Yes
    K tasked:                  Yes
    wK tasked:                 Yes
    Omega:               2.000E-01
    OpenMP threads:              4
    Integrals threads:           4
    Memory [MiB]:             4291
    Schwarz Cutoff:          1E-12
    Fitting Condition:       1E-10

   => Auxiliary Basis Set <=

  Basis Set: (6-31G* AUX)
    Blend: CC-PVDZ-JKFIT
    Number of shells: 198
    Number of basis functions: 636
    Number of Cartesian functions: 636
    Spherical Harmonics?: false
    Max angular momentum: 3

  ==> DFT Potential <==

   => LibXC <=

    Version 7.0.0
    S. Lehtola, C. Steigemann, M. J.T. Oliveira, and M. A.L. Marques.,  SoftwareX 7, 1–5 (2018) (10.1016/j.softx.2017.11.002)

   => Composite Functional: WB97X-D <= 

    wB97X-D Hyb-GGA Exchange-Correlation Functional

    J.-D. Chai and M. Head-Gordon.,  Phys. Chem. Chem. Phys. 10, 6615-6620 (2008) (10.1039/B810189B)

    Deriv               =              1
    GGA                 =           TRUE
    Meta                =          FALSE

    Exchange Hybrid     =           TRUE
    MP2 Hybrid          =          FALSE

   => Exchange-Correlation Functionals <=

    1.0000   wB97X-D range-separated functional

   => Exact (HF) Exchange <=

    0.7780            HF,LR [omega = 0.2000]
    0.2220               HF 

   => LibXC Density Thresholds  <==

    XC_HYB_GGA_XC_WB97X_D:  1.00E-14 

   => Molecular Quadrature <=

    Radial Scheme          =       TREUTLER
    Pruning Scheme         =           NONE
    Nuclear Scheme         =       TREUTLER

    Blocking Scheme        =         OCTREE
    BS radius alpha        =              1
    Pruning alpha          =              1
    Radial Points          =             75
    Spherical Points       =            302
    Total Points           =         254889
    Total Blocks           =           1927
    Max Points             =            256
    Max Functions          =            100
    Weights Tolerance      =       1.00E-15


  -Total Gradient:
     Atom            X                  Y                   Z
    ------   -----------------  -----------------  -----------------
       1        0.007051541038     0.039146701477     0.007187508983
       2        0.068494538618    -0.037909951291    -0.010224818853
       3       -0.004986065282     0.022262209598     0.001882811988
       4        0.037521681549     0.045670150122    -0.039409784991
       5       -0.003016504402    -0.042093836520     0.030056094026
       6       -0.009770656763    -0.061679989601     0.038513776652
       7       -0.026219866504    -0.030812398471     0.019934166568
       8       -0.004689716927    -0.000564423708    -0.003271540647
       9       -0.025827743155     0.002832162458    -0.014767371395
      10        0.007872678217    -0.011458890587     0.001118030859
      11       -0.017677548990     0.042364975433    -0.002635420394
      12       -0.028344523855     0.032386189188    -0.028318776019


*** tstop() called on cst14372 at Tue Apr 21 11:19:01 2026
Module time:
	user time   =       3.72 seconds =       0.06 minutes
	system time =       0.06 seconds =       0.00 minutes
	total time  =          2 seconds =       0.03 minutes
Total time:
	user time   =    2259.84 seconds =      37.66 minutes
	system time =      33.72 seconds =       0.56 minutes
	total time  =       1094 seconds =      18.23 minutes

Scratch directory: /tmp/
   => Libint2 <=

    Primary   basis highest AM E, G, H:  6, 6, 3
    Auxiliary basis highest AM E, G, H:  7, 7, 4
    Onebody   basis highest AM E, G, H:  -, -, -
    Solid Harmonics ordering:            Gaussian

*** tstart() called on cst14372
*** at Tue Apr 21 11:19:01 2026

   => Loading Basis Set <=

    Name: 6-31G*
    Role: ORBITAL
    Keyword: BASIS
    atoms 1, 4-6 entry C          line   111 file /Users/jmsmith1/anaconda3/envs/jupyterenv/share/psi4/basis/6-31gs.gbs 
    atoms 2-3    entry O          line   145 file /Users/jmsmith1/anaconda3/envs/jupyterenv/share/psi4/basis/6-31gs.gbs 
    atoms 7-12   entry H          line    44 file /Users/jmsmith1/anaconda3/envs/jupyterenv/share/psi4/basis/6-31gs.gbs 

   => WB97X-D: Empirical Dispersion <=

    Chai and Head-Gordon Dispersion Correction
    Chai, J.-D.; Head-Gordon, M. (2010), J. Chem. Phys., 132: 6615-6620

        s6 =       1.000000


         ---------------------------------------------------------
                                   SCF
               by Justin Turney, Rob Parrish, Andy Simmonett
                          and Daniel G. A. Smith
                              RKS Reference
                        4 Threads,   5722 MiB Core
         ---------------------------------------------------------

  ==> Geometry <==

    Molecular point group: c1
    Full point group: C1

    Geometry (in Angstrom), charge = 0, multiplicity = 1:

       Center              X                  Y                   Z               Mass       
    ------------   -----------------  -----------------  -----------------  -----------------
         C            0.067100652000     0.354618028400     0.099457671500    12.000000000000
         O            1.405302951600     0.329718686000     0.020495749100    15.994914619570
         O            2.064298132100    -0.783209509900    -0.002008889900    15.994914619570
         C           -0.712838746900    -0.912061635100     0.007121390100    12.000000000000
         C           -2.078940199500    -0.993226708300    -0.139854242500    12.000000000000
         C           -0.626009573400     1.699011366500     0.047540777000    12.000000000000
         H           -0.447520108800    -1.922529837300     0.431141464000     1.007825032230
         H           -2.632615519900    -0.091543042200    -0.410406930600     1.007825032230
         H           -2.783210595000    -1.837993055800    -0.303856047300     1.007825032230
         H            0.297248641500     2.291906545900    -0.068785203200     1.007825032230
         H           -1.222324708900     2.323652650500     0.788373210600     1.007825032230
         H           -1.242747555800     2.018247801800    -0.897518485100     1.007825032230

  Running in c1 symmetry.

  Rotational constants: A =      0.18031  B =      0.09215  C =      0.06190 [cm^-1]
  Rotational constants: A =   5405.53506  B =   2762.60996  C =   1855.60945 [MHz]
  Nuclear repulsion =  220.500500683900498

  Charge       = 0
  Multiplicity = 1
  Electrons    = 46
  Nalpha       = 23
  Nbeta        = 23

  ==> Algorithm <==

  SCF Algorithm Type is DF.
  DIIS enabled.
  MOM disabled.
  Fractional occupation disabled.
  Guess Type is SAD.
  Energy threshold   = 1.00e-07
  Density threshold  = 1.00e-07
  Integral threshold = 1.00e-12

  ==> Primary Basis <==

  Basis Set: 6-31G*
    Blend: 6-31G*
    Number of shells: 48
    Number of basis functions: 102
    Number of Cartesian functions: 102
    Spherical Harmonics?: false
    Max angular momentum: 2

  ==> DFT Potential <==

   => LibXC <=

    Version 7.0.0
    S. Lehtola, C. Steigemann, M. J.T. Oliveira, and M. A.L. Marques.,  SoftwareX 7, 1–5 (2018) (10.1016/j.softx.2017.11.002)

   => Composite Functional: WB97X-D <= 

    wB97X-D Hyb-GGA Exchange-Correlation Functional

    J.-D. Chai and M. Head-Gordon.,  Phys. Chem. Chem. Phys. 10, 6615-6620 (2008) (10.1039/B810189B)

    Deriv               =              1
    GGA                 =           TRUE
    Meta                =          FALSE

    Exchange Hybrid     =           TRUE
    MP2 Hybrid          =          FALSE

   => Exchange-Correlation Functionals <=

    1.0000   wB97X-D range-separated functional

   => Exact (HF) Exchange <=

    0.7780            HF,LR [omega = 0.2000]
    0.2220               HF 

   => LibXC Density Thresholds  <==

    XC_HYB_GGA_XC_WB97X_D:  1.00E-14 

   => Molecular Quadrature <=

    Radial Scheme          =       TREUTLER
    Pruning Scheme         =           NONE
    Nuclear Scheme         =       TREUTLER

    Blocking Scheme        =         OCTREE
    BS radius alpha        =              1
    Pruning alpha          =              1
    Radial Points          =             75
    Spherical Points       =            302
    Total Points           =         254876
    Total Blocks           =           1932
    Max Points             =            256
    Max Functions          =            100
    Weights Tolerance      =       1.00E-15

   => Loading Basis Set <=

    Name: (6-31G* AUX)
    Role: JKFIT
    Keyword: DF_BASIS_SCF
    atoms 1, 4-6 entry C          line   121 file /Users/jmsmith1/anaconda3/envs/jupyterenv/share/psi4/basis/cc-pvdz-jkfit.gbs 
    atoms 2-3    entry O          line   221 file /Users/jmsmith1/anaconda3/envs/jupyterenv/share/psi4/basis/cc-pvdz-jkfit.gbs 
    atoms 7-12   entry H          line    51 file /Users/jmsmith1/anaconda3/envs/jupyterenv/share/psi4/basis/cc-pvdz-jkfit.gbs 

  ==> Integral Setup <==

  DFHelper Memory: AOs need 0.151 GiB; user supplied 3.610 GiB. 
  SCF_SUBTYPE=INCORE selected. In-core MEM_DF algorithm will be used.
  Using in-core AOs.

  ==> MemDFJK: Density-Fitted J/K Matrices <==

    J tasked:                   Yes
    K tasked:                   Yes
    wK tasked:                  Yes
    Omega:                2.000E-01
    OpenMP threads:               4
    Memory [MiB]:              3696
    Algorithm:                 Core
    Schwarz Cutoff:           1E-12
    Mask sparsity (%):       1.9223
    Fitting Condition:        1E-10

   => Auxiliary Basis Set <=

  Basis Set: (6-31G* AUX)
    Blend: CC-PVDZ-JKFIT
    Number of shells: 198
    Number of basis functions: 636
    Number of Cartesian functions: 636
    Spherical Harmonics?: false
    Max angular momentum: 3

  Cached 100.0% of DFT collocation blocks in 0.581 [GiB].

  Minimum eigenvalue in the overlap matrix is 3.4858049402E-03.
  Reciprocal condition number of the overlap matrix is 5.1880368370E-04.
    Using symmetric orthogonalization.

  ==> Pre-Iterations <==

  SCF Guess: Superposition of Atomic Densities via on-the-fly atomic UHF (no occupation information).

   -------------------------
    Irrep   Nso     Nmo    
   -------------------------
     A        102     102 
   -------------------------
    Total     102     102
   -------------------------

  ==> Iterations <==

                           Total Energy        Delta E     RMS |[F,P]|

   @DF-RKS iter SAD:  -300.04895635158852   -3.00049e+02   0.00000e+00 
   @DF-RKS iter   1:  -296.31405539422269    3.73490e+00   3.43331e-02 ADIIS/DIIS
   @DF-RKS iter   2:  -273.73675017338729    2.25773e+01   6.41504e-02 ADIIS/DIIS
   @DF-RKS iter   3:  -304.48771745044365   -3.07510e+01   1.77230e-02 ADIIS/DIIS
   @DF-RKS iter   4:  -301.62969488613322    2.85802e+00   2.38575e-02 ADIIS/DIIS
   @DF-RKS iter   5:  -305.95131700794423   -4.32162e+00   5.38495e-03 ADIIS/DIIS
   @DF-RKS iter   6:  -306.10595839615002   -1.54641e-01   2.55154e-03 ADIIS/DIIS
   @DF-RKS iter   7:  -306.14015184866423   -3.41935e-02   6.81277e-04 ADIIS/DIIS
   @DF-RKS iter   8:  -306.14357342121258   -3.42157e-03   2.28285e-04 ADIIS/DIIS
   @DF-RKS iter   9:  -306.14389952776747   -3.26107e-04   1.19710e-04 ADIIS/DIIS
   @DF-RKS iter  10:  -306.14394402631763   -4.44986e-05   1.01681e-04 ADIIS/DIIS
   @DF-RKS iter  11:  -306.14397686553622   -3.28392e-05   6.43710e-05 DIIS
   @DF-RKS iter  12:  -306.14399846204981   -2.15965e-05   1.99876e-05 DIIS
   @DF-RKS iter  13:  -306.14400085142347   -2.38937e-06   2.23881e-06 DIIS
   @DF-RKS iter  14:  -306.14400090645250   -5.50290e-08   1.27534e-06 DIIS
   @DF-RKS iter  15:  -306.14400092929645   -2.28439e-08   3.38118e-07 DIIS
   @DF-RKS iter  16:  -306.14400093490229   -5.60584e-09   2.25240e-07 DIIS
   @DF-RKS iter  17:  -306.14400093721105   -2.30875e-09   9.52951e-08 DIIS
  Energy and wave function converged.


  ==> Post-Iterations <==

   Electrons on quadrature grid:
      Ntotal   =   45.9999681798 ; deviation = -3.182e-05 

    Orbital Energies [Eh]
    ---------------------

    Doubly Occupied:                                                      

       1A    -19.429249     2A    -19.264385     3A    -10.423602  
       4A    -10.342823     5A    -10.342473     6A    -10.337642  
       7A     -1.302338     8A     -0.997079     9A     -0.896525  
      10A     -0.838220    11A     -0.744628    12A     -0.652967  
      13A     -0.614417    14A     -0.599871    15A     -0.579640  
      16A     -0.533921    17A     -0.503794    18A     -0.490092  
      19A     -0.475470    20A     -0.443310    21A     -0.385047  
      22A     -0.314480    23A     -0.296003  

    Virtual:                                                              

      24A     -0.032025    25A      0.088015    26A      0.148586  
      27A      0.168144    28A      0.203931    29A      0.218154  
      30A      0.226355    31A      0.244069    32A      0.254103  
      33A      0.303009    34A      0.339065    35A      0.419227  
      36A      0.439637    37A      0.560072    38A      0.581959  
      39A      0.606089    40A      0.629137    41A      0.654668  
      42A      0.691331    43A      0.703564    44A      0.714752  
      45A      0.752153    46A      0.801399    47A      0.842765  
      48A      0.868512    49A      0.888298    50A      0.904441  
      51A      0.918185    52A      0.933969    53A      0.940506  
      54A      0.981866    55A      1.004919    56A      1.023466  
      57A      1.045047    58A      1.082286    59A      1.125726  
      60A      1.153642    61A      1.183497    62A      1.187156  
      63A      1.344371    64A      1.370800    65A      1.406533  
      66A      1.444968    67A      1.493640    68A      1.614972  
      69A      1.615837    70A      1.721387    71A      1.736602  
      72A      1.770093    73A      1.810126    74A      1.838627  
      75A      1.881148    76A      1.901861    77A      1.939933  
      78A      1.966528    79A      2.053960    80A      2.121525  
      81A      2.185556    82A      2.204848    83A      2.311108  
      84A      2.314212    85A      2.324550    86A      2.392376  
      87A      2.463046    88A      2.513490    89A      2.545978  
      90A      2.583628    91A      2.703082    92A      2.766584  
      93A      2.894986    94A      2.912569    95A      3.096358  
      96A      3.209576    97A      3.589774    98A      4.088294  
      99A      4.123281   100A      4.233552   101A      4.325611  
     102A      4.584528  

    Final Occupation by Irrep:
              A 
    DOCC [    23 ]
    NA   [    23 ]
    NB   [    23 ]

  @DF-RKS Final Energy:  -306.14400093721105

   => Energetics <=

    Nuclear Repulsion Energy =            220.5005006839004977
    One-Electron Energy =                -852.5299348043947703
    Two-Electron Energy =                 354.0620654856148235
    DFT Exchange-Correlation Energy =     -28.1724485392381041
    Empirical Dispersion Energy =          -0.0041837630935425
    VV10 Nonlocal Energy =                  0.0000000000000000
    Total Energy =                       -306.1440009372110467

Computation Completed


Properties will be evaluated at   0.000000,   0.000000,   0.000000 [a0]

Properties computed using the SCF density matrix


 Multipole Moments:

 ------------------------------------------------------------------------------------
     Multipole            Electronic (a.u.)      Nuclear  (a.u.)        Total (a.u.)
 ------------------------------------------------------------------------------------

 L = 1.  Multiply by 2.5417464519 to convert [e a0] to [Debye]
 Dipole X            :         -1.0760382           -0.7152394           -1.7912776
 Dipole Y            :          0.6306264            0.0828849            0.7135113
 Dipole Z            :          0.4414405           -0.4300328            0.0114077
 Magnitude           :                                                    1.9281867

 ------------------------------------------------------------------------------------

*** tstop() called on cst14372 at Tue Apr 21 11:19:14 2026
Module time:
	user time   =      27.87 seconds =       0.46 minutes
	system time =       0.27 seconds =       0.00 minutes
	total time  =         13 seconds =       0.22 minutes
Total time:
	user time   =    2287.73 seconds =      38.13 minutes
	system time =      33.99 seconds =       0.57 minutes
	total time  =       1107 seconds =      18.45 minutes

Scratch directory: /tmp/
gradient() will perform analytic gradient computation.

*** tstart() called on cst14372
*** at Tue Apr 21 11:19:14 2026


         ------------------------------------------------------------
                                   SCF GRAD                          
                          Rob Parrish, Justin Turney,                
                       Andy Simmonett, and Alex Sokolov              
         ------------------------------------------------------------

  ==> Geometry <==

    Molecular point group: c1
    Full point group: C1

    Geometry (in Angstrom), charge = 0, multiplicity = 1:

       Center              X                  Y                   Z               Mass       
    ------------   -----------------  -----------------  -----------------  -----------------
         C            0.067100652000     0.354618028400     0.099457671500    12.000000000000
         O            1.405302951600     0.329718686000     0.020495749100    15.994914619570
         O            2.064298132100    -0.783209509900    -0.002008889900    15.994914619570
         C           -0.712838746900    -0.912061635100     0.007121390100    12.000000000000
         C           -2.078940199500    -0.993226708300    -0.139854242500    12.000000000000
         C           -0.626009573400     1.699011366500     0.047540777000    12.000000000000
         H           -0.447520108800    -1.922529837300     0.431141464000     1.007825032230
         H           -2.632615519900    -0.091543042200    -0.410406930600     1.007825032230
         H           -2.783210595000    -1.837993055800    -0.303856047300     1.007825032230
         H            0.297248641500     2.291906545900    -0.068785203200     1.007825032230
         H           -1.222324708900     2.323652650500     0.788373210600     1.007825032230
         H           -1.242747555800     2.018247801800    -0.897518485100     1.007825032230

  Nuclear repulsion =  220.500500683900498

  ==> Basis Set <==

  Basis Set: 6-31G*
    Blend: 6-31G*
    Number of shells: 48
    Number of basis functions: 102
    Number of Cartesian functions: 102
    Spherical Harmonics?: false
    Max angular momentum: 2

  ==> DFJKGrad: Density-Fitted SCF Gradients <==

    Gradient:                    1
    J tasked:                  Yes
    K tasked:                  Yes
    wK tasked:                 Yes
    Omega:               2.000E-01
    OpenMP threads:              4
    Integrals threads:           4
    Memory [MiB]:             4291
    Schwarz Cutoff:          1E-12
    Fitting Condition:       1E-10

   => Auxiliary Basis Set <=

  Basis Set: (6-31G* AUX)
    Blend: CC-PVDZ-JKFIT
    Number of shells: 198
    Number of basis functions: 636
    Number of Cartesian functions: 636
    Spherical Harmonics?: false
    Max angular momentum: 3

  ==> DFT Potential <==

   => LibXC <=

    Version 7.0.0
    S. Lehtola, C. Steigemann, M. J.T. Oliveira, and M. A.L. Marques.,  SoftwareX 7, 1–5 (2018) (10.1016/j.softx.2017.11.002)

   => Composite Functional: WB97X-D <= 

    wB97X-D Hyb-GGA Exchange-Correlation Functional

    J.-D. Chai and M. Head-Gordon.,  Phys. Chem. Chem. Phys. 10, 6615-6620 (2008) (10.1039/B810189B)

    Deriv               =              1
    GGA                 =           TRUE
    Meta                =          FALSE

    Exchange Hybrid     =           TRUE
    MP2 Hybrid          =          FALSE

   => Exchange-Correlation Functionals <=

    1.0000   wB97X-D range-separated functional

   => Exact (HF) Exchange <=

    0.7780            HF,LR [omega = 0.2000]
    0.2220               HF 

   => LibXC Density Thresholds  <==

    XC_HYB_GGA_XC_WB97X_D:  1.00E-14 

   => Molecular Quadrature <=

    Radial Scheme          =       TREUTLER
    Pruning Scheme         =           NONE
    Nuclear Scheme         =       TREUTLER

    Blocking Scheme        =         OCTREE
    BS radius alpha        =              1
    Pruning alpha          =              1
    Radial Points          =             75
    Spherical Points       =            302
    Total Points           =         254876
    Total Blocks           =           1932
    Max Points             =            256
    Max Functions          =            100
    Weights Tolerance      =       1.00E-15


  -Total Gradient:
     Atom            X                  Y                   Z
    ------   -----------------  -----------------  -----------------
       1        0.007796155142     0.038843411303     0.007741047404
       2        0.070444628053    -0.038160198157    -0.010653558070
       3       -0.005006666826     0.022612110425     0.001916567702
       4        0.039626465298     0.039931764316    -0.038620521737
       5       -0.006576199837    -0.036730326860     0.029556250879
       6       -0.017310623780    -0.055844435576     0.036213462196
       7       -0.028325896250    -0.025484555617     0.018449783986
       8       -0.001611040289    -0.005712227933    -0.001931867100
       9       -0.026603474069     0.002107144529    -0.015349417730
      10        0.006445486070    -0.012799048988     0.001095297541
      11       -0.014892348367     0.040284129101    -0.007206865099
      12       -0.023525100047     0.031081042752    -0.021172199280


*** tstop() called on cst14372 at Tue Apr 21 11:19:16 2026
Module time:
	user time   =       3.58 seconds =       0.06 minutes
	system time =       0.05 seconds =       0.00 minutes
	total time  =          2 seconds =       0.03 minutes
Total time:
	user time   =    2291.32 seconds =      38.19 minutes
	system time =      34.04 seconds =       0.57 minutes
	total time  =       1109 seconds =      18.48 minutes

Scratch directory: /tmp/
   => Libint2 <=

    Primary   basis highest AM E, G, H:  6, 6, 3
    Auxiliary basis highest AM E, G, H:  7, 7, 4
    Onebody   basis highest AM E, G, H:  -, -, -
    Solid Harmonics ordering:            Gaussian

*** tstart() called on cst14372
*** at Tue Apr 21 11:19:16 2026

   => Loading Basis Set <=

    Name: 6-31G*
    Role: ORBITAL
    Keyword: BASIS
    atoms 1, 4-6 entry C          line   111 file /Users/jmsmith1/anaconda3/envs/jupyterenv/share/psi4/basis/6-31gs.gbs 
    atoms 2-3    entry O          line   145 file /Users/jmsmith1/anaconda3/envs/jupyterenv/share/psi4/basis/6-31gs.gbs 
    atoms 7-12   entry H          line    44 file /Users/jmsmith1/anaconda3/envs/jupyterenv/share/psi4/basis/6-31gs.gbs 

   => WB97X-D: Empirical Dispersion <=

    Chai and Head-Gordon Dispersion Correction
    Chai, J.-D.; Head-Gordon, M. (2010), J. Chem. Phys., 132: 6615-6620

        s6 =       1.000000


         ---------------------------------------------------------
                                   SCF
               by Justin Turney, Rob Parrish, Andy Simmonett
                          and Daniel G. A. Smith
                              RKS Reference
                        4 Threads,   5722 MiB Core
         ---------------------------------------------------------

  ==> Geometry <==

    Molecular point group: c1
    Full point group: C1

    Geometry (in Angstrom), charge = 0, multiplicity = 1:

       Center              X                  Y                   Z               Mass       
    ------------   -----------------  -----------------  -----------------  -----------------
         C            0.067049984100     0.353727043700     0.103740260200    12.000000000000
         O            1.406868911500     0.331679431600     0.021606898400    15.994914619570
         O            2.068310665100    -0.779353037600    -0.002138503300    15.994914619570
         C           -0.713699722400    -0.915737129000     0.008603452200    12.000000000000
         C           -2.080426824900    -0.996286631100    -0.146963430900    12.000000000000
         C           -0.631703053800     1.700140137000     0.048377992100    12.000000000000
         H           -0.456206731800    -1.911669313400     0.442661034200     1.007825032230
         H           -2.626226144000    -0.103851721000    -0.426695733100     1.007825032230
         H           -2.784701408700    -1.842694364200    -0.313167849800     1.007825032230
         H            0.292562061200     2.286235471800    -0.072352005700     1.007825032230
         H           -1.216730774500     2.327020183400     0.779333752600     1.007825032230
         H           -1.232009294700     2.011865089500    -0.880212201800     1.007825032230

  Running in c1 symmetry.

  Rotational constants: A =      0.18021  B =      0.09191  C =      0.06178 [cm^-1]
  Rotational constants: A =   5402.68377  B =   2755.36855  C =   1852.01376 [MHz]
  Nuclear repulsion =  220.471815560835608

  Charge       = 0
  Multiplicity = 1
  Electrons    = 46
  Nalpha       = 23
  Nbeta        = 23

  ==> Algorithm <==

  SCF Algorithm Type is DF.
  DIIS enabled.
  MOM disabled.
  Fractional occupation disabled.
  Guess Type is SAD.
  Energy threshold   = 1.00e-07
  Density threshold  = 1.00e-07
  Integral threshold = 1.00e-12

  ==> Primary Basis <==

  Basis Set: 6-31G*
    Blend: 6-31G*
    Number of shells: 48
    Number of basis functions: 102
    Number of Cartesian functions: 102
    Spherical Harmonics?: false
    Max angular momentum: 2

  ==> DFT Potential <==

   => LibXC <=

    Version 7.0.0
    S. Lehtola, C. Steigemann, M. J.T. Oliveira, and M. A.L. Marques.,  SoftwareX 7, 1–5 (2018) (10.1016/j.softx.2017.11.002)

   => Composite Functional: WB97X-D <= 

    wB97X-D Hyb-GGA Exchange-Correlation Functional

    J.-D. Chai and M. Head-Gordon.,  Phys. Chem. Chem. Phys. 10, 6615-6620 (2008) (10.1039/B810189B)

    Deriv               =              1
    GGA                 =           TRUE
    Meta                =          FALSE

    Exchange Hybrid     =           TRUE
    MP2 Hybrid          =          FALSE

   => Exchange-Correlation Functionals <=

    1.0000   wB97X-D range-separated functional

   => Exact (HF) Exchange <=

    0.7780            HF,LR [omega = 0.2000]
    0.2220               HF 

   => LibXC Density Thresholds  <==

    XC_HYB_GGA_XC_WB97X_D:  1.00E-14 

   => Molecular Quadrature <=

    Radial Scheme          =       TREUTLER
    Pruning Scheme         =           NONE
    Nuclear Scheme         =       TREUTLER

    Blocking Scheme        =         OCTREE
    BS radius alpha        =              1
    Pruning alpha          =              1
    Radial Points          =             75
    Spherical Points       =            302
    Total Points           =         254847
    Total Blocks           =           1934
    Max Points             =            256
    Max Functions          =            100
    Weights Tolerance      =       1.00E-15

   => Loading Basis Set <=

    Name: (6-31G* AUX)
    Role: JKFIT
    Keyword: DF_BASIS_SCF
    atoms 1, 4-6 entry C          line   121 file /Users/jmsmith1/anaconda3/envs/jupyterenv/share/psi4/basis/cc-pvdz-jkfit.gbs 
    atoms 2-3    entry O          line   221 file /Users/jmsmith1/anaconda3/envs/jupyterenv/share/psi4/basis/cc-pvdz-jkfit.gbs 
    atoms 7-12   entry H          line    51 file /Users/jmsmith1/anaconda3/envs/jupyterenv/share/psi4/basis/cc-pvdz-jkfit.gbs 

  ==> Integral Setup <==

  DFHelper Memory: AOs need 0.151 GiB; user supplied 3.610 GiB. 
  SCF_SUBTYPE=INCORE selected. In-core MEM_DF algorithm will be used.
  Using in-core AOs.

  ==> MemDFJK: Density-Fitted J/K Matrices <==

    J tasked:                   Yes
    K tasked:                   Yes
    wK tasked:                  Yes
    Omega:                2.000E-01
    OpenMP threads:               4
    Memory [MiB]:              3696
    Algorithm:                 Core
    Schwarz Cutoff:           1E-12
    Mask sparsity (%):       1.9800
    Fitting Condition:        1E-10

   => Auxiliary Basis Set <=

  Basis Set: (6-31G* AUX)
    Blend: CC-PVDZ-JKFIT
    Number of shells: 198
    Number of basis functions: 636
    Number of Cartesian functions: 636
    Spherical Harmonics?: false
    Max angular momentum: 3

  Cached 100.0% of DFT collocation blocks in 0.581 [GiB].

  Minimum eigenvalue in the overlap matrix is 3.5287002055E-03.
  Reciprocal condition number of the overlap matrix is 5.2509535010E-04.
    Using symmetric orthogonalization.

  ==> Pre-Iterations <==

  SCF Guess: Superposition of Atomic Densities via on-the-fly atomic UHF (no occupation information).

   -------------------------
    Irrep   Nso     Nmo    
   -------------------------
     A        102     102 
   -------------------------
    Total     102     102
   -------------------------

  ==> Iterations <==

                           Total Energy        Delta E     RMS |[F,P]|

   @DF-RKS iter SAD:  -300.07675245186385   -3.00077e+02   0.00000e+00 
   @DF-RKS iter   1:  -296.35282975783497    3.72392e+00   3.42872e-02 ADIIS/DIIS
   @DF-RKS iter   2:  -273.89779979826523    2.24550e+01   6.38954e-02 ADIIS/DIIS
   @DF-RKS iter   3:  -304.49551469864360   -3.05977e+01   1.77266e-02 ADIIS/DIIS
   @DF-RKS iter   4:  -301.84603902662673    2.64948e+00   2.41317e-02 ADIIS/DIIS
   @DF-RKS iter   5:  -305.97783893871292   -4.13180e+00   4.98393e-03 ADIIS/DIIS
   @DF-RKS iter   6:  -306.10801410315872   -1.30175e-01   2.52848e-03 ADIIS/DIIS
   @DF-RKS iter   7:  -306.14128935800642   -3.32753e-02   5.85349e-04 ADIIS/DIIS
   @DF-RKS iter   8:  -306.14391266135669   -2.62330e-03   1.97561e-04 ADIIS/DIIS
   @DF-RKS iter   9:  -306.14417721929550   -2.64558e-04   1.08286e-04 ADIIS/DIIS
   @DF-RKS iter  10:  -306.14422252771203   -4.53084e-05   8.42810e-05 DIIS
   @DF-RKS iter  11:  -306.14425803161913   -3.55039e-05   3.17768e-05 DIIS
   @DF-RKS iter  12:  -306.14426255896387   -4.52734e-06   1.79370e-05 DIIS
   @DF-RKS iter  13:  -306.14426414320536   -1.58424e-06   2.77377e-06 DIIS
   @DF-RKS iter  14:  -306.14426420778415   -6.45788e-08   1.12427e-06 DIIS
   @DF-RKS iter  15:  -306.14426423514146   -2.73573e-08   3.67478e-07 DIIS
   @DF-RKS iter  16:  -306.14426424338023   -8.23877e-09   2.50854e-07 DIIS
   @DF-RKS iter  17:  -306.14426424601572   -2.63549e-09   9.17432e-08 DIIS
  Energy and wave function converged.


  ==> Post-Iterations <==

   Electrons on quadrature grid:
      Ntotal   =   45.9999659633 ; deviation = -3.404e-05 

    Orbital Energies [Eh]
    ---------------------

    Doubly Occupied:                                                      

       1A    -19.429479     2A    -19.264505     3A    -10.424099  
       4A    -10.341857     5A    -10.339616     6A    -10.336944  
       7A     -1.302198     8A     -0.996515     9A     -0.896502  
      10A     -0.839895    11A     -0.745071    12A     -0.654590  
      13A     -0.614668    14A     -0.600683    15A     -0.579418  
      16A     -0.534097    17A     -0.504136    18A     -0.492891  
      19A     -0.475495    20A     -0.444287    21A     -0.384687  
      22A     -0.314536    23A     -0.296101  

    Virtual:                                                              

      24A     -0.031845    25A      0.087609    26A      0.151232  
      27A      0.169376    28A      0.204837    29A      0.219712  
      30A      0.229229    31A      0.247000    32A      0.255173  
      33A      0.301924    34A      0.338611    35A      0.418279  
      36A      0.438526    37A      0.560723    38A      0.581223  
      39A      0.604691    40A      0.628025    41A      0.653340  
      42A      0.691241    43A      0.702328    44A      0.712947  
      45A      0.751475    46A      0.800685    47A      0.843329  
      48A      0.871199    49A      0.895443    50A      0.904390  
      51A      0.919216    52A      0.938257    53A      0.944601  
      54A      0.988552    55A      1.005214    56A      1.024441  
      57A      1.048777    58A      1.082253    59A      1.125889  
      60A      1.152818    61A      1.182582    62A      1.186672  
      63A      1.343589    64A      1.369569    65A      1.406197  
      66A      1.444998    67A      1.497056    68A      1.613407  
      69A      1.615007    70A      1.723021    71A      1.734190  
      72A      1.769985    73A      1.806989    74A      1.838671  
      75A      1.881228    76A      1.901801    77A      1.940344  
      78A      1.966561    79A      2.053287    80A      2.126922  
      81A      2.186210    82A      2.210782    83A      2.312379  
      84A      2.316152    85A      2.333864    86A      2.389904  
      87A      2.464055    88A      2.512575    89A      2.544881  
      90A      2.586593    91A      2.702821    92A      2.766221  
      93A      2.893409    94A      2.910348    95A      3.093127  
      96A      3.206581    97A      3.588673    98A      4.088762  
      99A      4.120810   100A      4.234924   101A      4.327489  
     102A      4.583143  

    Final Occupation by Irrep:
              A 
    DOCC [    23 ]
    NA   [    23 ]
    NB   [    23 ]

  @DF-RKS Final Energy:  -306.14426424601572

   => Energetics <=

    Nuclear Repulsion Energy =            220.4718155608356085
    One-Electron Energy =                -852.4574702489768470
    Two-Electron Energy =                 354.0283881043303609
    DFT Exchange-Correlation Energy =     -28.1828260510572122
    Empirical Dispersion Energy =          -0.0041716111476344
    VV10 Nonlocal Energy =                  0.0000000000000000
    Total Energy =                       -306.1442642460157231

Computation Completed


Properties will be evaluated at   0.000000,   0.000000,   0.000000 [a0]

Properties computed using the SCF density matrix


 Multipole Moments:

 ------------------------------------------------------------------------------------
     Multipole            Electronic (a.u.)      Nuclear  (a.u.)        Total (a.u.)
 ------------------------------------------------------------------------------------

 L = 1.  Multiply by 2.5417464519 to convert [e a0] to [Debye]
 Dipole X            :         -1.0864595           -0.7078033           -1.7942628
 Dipole Y            :          0.6459718            0.0691206            0.7150924
 Dipole Z            :          0.4458284           -0.4386738            0.0071546
 Magnitude           :                                                    1.9315246

 ------------------------------------------------------------------------------------

*** tstop() called on cst14372 at Tue Apr 21 11:19:29 2026
Module time:
	user time   =      27.96 seconds =       0.47 minutes
	system time =       0.34 seconds =       0.01 minutes
	total time  =         13 seconds =       0.22 minutes
Total time:
	user time   =    2319.30 seconds =      38.66 minutes
	system time =      34.39 seconds =       0.57 minutes
	total time  =       1122 seconds =      18.70 minutes

Scratch directory: /tmp/
gradient() will perform analytic gradient computation.

*** tstart() called on cst14372
*** at Tue Apr 21 11:19:29 2026


         ------------------------------------------------------------
                                   SCF GRAD                          
                          Rob Parrish, Justin Turney,                
                       Andy Simmonett, and Alex Sokolov              
         ------------------------------------------------------------

  ==> Geometry <==

    Molecular point group: c1
    Full point group: C1

    Geometry (in Angstrom), charge = 0, multiplicity = 1:

       Center              X                  Y                   Z               Mass       
    ------------   -----------------  -----------------  -----------------  -----------------
         C            0.067049984100     0.353727043700     0.103740260200    12.000000000000
         O            1.406868911500     0.331679431600     0.021606898400    15.994914619570
         O            2.068310665100    -0.779353037600    -0.002138503300    15.994914619570
         C           -0.713699722400    -0.915737129000     0.008603452200    12.000000000000
         C           -2.080426824900    -0.996286631100    -0.146963430900    12.000000000000
         C           -0.631703053800     1.700140137000     0.048377992100    12.000000000000
         H           -0.456206731800    -1.911669313400     0.442661034200     1.007825032230
         H           -2.626226144000    -0.103851721000    -0.426695733100     1.007825032230
         H           -2.784701408700    -1.842694364200    -0.313167849800     1.007825032230
         H            0.292562061200     2.286235471800    -0.072352005700     1.007825032230
         H           -1.216730774500     2.327020183400     0.779333752600     1.007825032230
         H           -1.232009294700     2.011865089500    -0.880212201800     1.007825032230

  Nuclear repulsion =  220.471815560835608

  ==> Basis Set <==

  Basis Set: 6-31G*
    Blend: 6-31G*
    Number of shells: 48
    Number of basis functions: 102
    Number of Cartesian functions: 102
    Spherical Harmonics?: false
    Max angular momentum: 2

  ==> DFJKGrad: Density-Fitted SCF Gradients <==

    Gradient:                    1
    J tasked:                  Yes
    K tasked:                  Yes
    wK tasked:                 Yes
    Omega:               2.000E-01
    OpenMP threads:              4
    Integrals threads:           4
    Memory [MiB]:             4291
    Schwarz Cutoff:          1E-12
    Fitting Condition:       1E-10

   => Auxiliary Basis Set <=

  Basis Set: (6-31G* AUX)
    Blend: CC-PVDZ-JKFIT
    Number of shells: 198
    Number of basis functions: 636
    Number of Cartesian functions: 636
    Spherical Harmonics?: false
    Max angular momentum: 3

  ==> DFT Potential <==

   => LibXC <=

    Version 7.0.0
    S. Lehtola, C. Steigemann, M. J.T. Oliveira, and M. A.L. Marques.,  SoftwareX 7, 1–5 (2018) (10.1016/j.softx.2017.11.002)

   => Composite Functional: WB97X-D <= 

    wB97X-D Hyb-GGA Exchange-Correlation Functional

    J.-D. Chai and M. Head-Gordon.,  Phys. Chem. Chem. Phys. 10, 6615-6620 (2008) (10.1039/B810189B)

    Deriv               =              1
    GGA                 =           TRUE
    Meta                =          FALSE

    Exchange Hybrid     =           TRUE
    MP2 Hybrid          =          FALSE

   => Exchange-Correlation Functionals <=

    1.0000   wB97X-D range-separated functional

   => Exact (HF) Exchange <=

    0.7780            HF,LR [omega = 0.2000]
    0.2220               HF 

   => LibXC Density Thresholds  <==

    XC_HYB_GGA_XC_WB97X_D:  1.00E-14 

   => Molecular Quadrature <=

    Radial Scheme          =       TREUTLER
    Pruning Scheme         =           NONE
    Nuclear Scheme         =       TREUTLER

    Blocking Scheme        =         OCTREE
    BS radius alpha        =              1
    Pruning alpha          =              1
    Radial Points          =             75
    Spherical Points       =            302
    Total Points           =         254847
    Total Blocks           =           1934
    Max Points             =            256
    Max Functions          =            100
    Weights Tolerance      =       1.00E-15


  -Total Gradient:
     Atom            X                  Y                   Z
    ------   -----------------  -----------------  -----------------
       1        0.008519444356     0.038357845993     0.008330990573
       2        0.072255657253    -0.038200213302    -0.011076445031
       3       -0.004970438178     0.022826754730     0.001946232907
       4        0.041694337970     0.033436498466    -0.037397500438
       5       -0.010482996702    -0.031207848424     0.028749932246
       6       -0.026052590996    -0.048930690762     0.032728263397
       7       -0.030408229472    -0.019532488643     0.016568869141
       8        0.001558631362    -0.011016719991    -0.000393544823
       9       -0.027120202427     0.001536960281    -0.015863454545
      10        0.004963120669    -0.014089353493     0.001069678177
      11       -0.011768303995     0.037671484664    -0.012147036143
      12       -0.017699498458     0.029243306613    -0.012501180735


*** tstop() called on cst14372 at Tue Apr 21 11:19:31 2026
Module time:
	user time   =       3.97 seconds =       0.07 minutes
	system time =       0.08 seconds =       0.00 minutes
	total time  =          2 seconds =       0.03 minutes
Total time:
	user time   =    2323.29 seconds =      38.72 minutes
	system time =      34.47 seconds =       0.57 minutes
	total time  =       1124 seconds =      18.73 minutes

Scratch directory: /tmp/
   => Libint2 <=

    Primary   basis highest AM E, G, H:  6, 6, 3
    Auxiliary basis highest AM E, G, H:  7, 7, 4
    Onebody   basis highest AM E, G, H:  -, -, -
    Solid Harmonics ordering:            Gaussian

*** tstart() called on cst14372
*** at Tue Apr 21 11:19:31 2026

   => Loading Basis Set <=

    Name: 6-31G*
    Role: ORBITAL
    Keyword: BASIS
    atoms 1, 4-6 entry C          line   111 file /Users/jmsmith1/anaconda3/envs/jupyterenv/share/psi4/basis/6-31gs.gbs 
    atoms 2-3    entry O          line   145 file /Users/jmsmith1/anaconda3/envs/jupyterenv/share/psi4/basis/6-31gs.gbs 
    atoms 7-12   entry H          line    44 file /Users/jmsmith1/anaconda3/envs/jupyterenv/share/psi4/basis/6-31gs.gbs 

   => WB97X-D: Empirical Dispersion <=

    Chai and Head-Gordon Dispersion Correction
    Chai, J.-D.; Head-Gordon, M. (2010), J. Chem. Phys., 132: 6615-6620

        s6 =       1.000000


         ---------------------------------------------------------
                                   SCF
               by Justin Turney, Rob Parrish, Andy Simmonett
                          and Daniel G. A. Smith
                              RKS Reference
                        4 Threads,   5722 MiB Core
         ---------------------------------------------------------

  ==> Geometry <==

    Molecular point group: c1
    Full point group: C1

    Geometry (in Angstrom), charge = 0, multiplicity = 1:

       Center              X                  Y                   Z               Mass       
    ------------   -----------------  -----------------  -----------------  -----------------
         C            0.066974523100     0.352722788000     0.108009343900    12.000000000000
         O            1.408281691900     0.333728073400     0.022744879200    15.994914619570
         O            2.072343949500    -0.775536623300    -0.002272668500    15.994914619570
         C           -0.714683555000    -0.919518547300     0.010197469900    12.000000000000
         C           -2.081886782900    -0.999263779600    -0.154173486400    12.000000000000
         C           -0.637335215200     1.701413380800     0.049122520500    12.000000000000
         H           -0.463865777600    -1.900107977200     0.453637520900     1.007825032230
         H           -2.619874702800    -0.115810826600    -0.443011338500     1.007825032230
         H           -2.785260246400    -1.847460353800    -0.321955433000     1.007825032230
         H            0.287692630500     2.281036434400    -0.075964555300     1.007825032230
         H           -1.210716955300     2.329096364000     0.770690969300     1.007825032230
         H           -1.220633764200     2.004457633500    -0.862431713400     1.007825032230

  Running in c1 symmetry.

  Rotational constants: A =      0.18012  B =      0.09167  C =      0.06166 [cm^-1]
  Rotational constants: A =   5399.84591  B =   2748.29839  C =   1848.51900 [MHz]
  Nuclear repulsion =  220.454561683446542

  Charge       = 0
  Multiplicity = 1
  Electrons    = 46
  Nalpha       = 23
  Nbeta        = 23

  ==> Algorithm <==

  SCF Algorithm Type is DF.
  DIIS enabled.
  MOM disabled.
  Fractional occupation disabled.
  Guess Type is SAD.
  Energy threshold   = 1.00e-07
  Density threshold  = 1.00e-07
  Integral threshold = 1.00e-12

  ==> Primary Basis <==

  Basis Set: 6-31G*
    Blend: 6-31G*
    Number of shells: 48
    Number of basis functions: 102
    Number of Cartesian functions: 102
    Spherical Harmonics?: false
    Max angular momentum: 2

  ==> DFT Potential <==

   => LibXC <=

    Version 7.0.0
    S. Lehtola, C. Steigemann, M. J.T. Oliveira, and M. A.L. Marques.,  SoftwareX 7, 1–5 (2018) (10.1016/j.softx.2017.11.002)

   => Composite Functional: WB97X-D <= 

    wB97X-D Hyb-GGA Exchange-Correlation Functional

    J.-D. Chai and M. Head-Gordon.,  Phys. Chem. Chem. Phys. 10, 6615-6620 (2008) (10.1039/B810189B)

    Deriv               =              1
    GGA                 =           TRUE
    Meta                =          FALSE

    Exchange Hybrid     =           TRUE
    MP2 Hybrid          =          FALSE

   => Exchange-Correlation Functionals <=

    1.0000   wB97X-D range-separated functional

   => Exact (HF) Exchange <=

    0.7780            HF,LR [omega = 0.2000]
    0.2220               HF 

   => LibXC Density Thresholds  <==

    XC_HYB_GGA_XC_WB97X_D:  1.00E-14 

   => Molecular Quadrature <=

    Radial Scheme          =       TREUTLER
    Pruning Scheme         =           NONE
    Nuclear Scheme         =       TREUTLER

    Blocking Scheme        =         OCTREE
    BS radius alpha        =              1
    Pruning alpha          =              1
    Radial Points          =             75
    Spherical Points       =            302
    Total Points           =         254801
    Total Blocks           =           1942
    Max Points             =            256
    Max Functions          =            100
    Weights Tolerance      =       1.00E-15

   => Loading Basis Set <=

    Name: (6-31G* AUX)
    Role: JKFIT
    Keyword: DF_BASIS_SCF
    atoms 1, 4-6 entry C          line   121 file /Users/jmsmith1/anaconda3/envs/jupyterenv/share/psi4/basis/cc-pvdz-jkfit.gbs 
    atoms 2-3    entry O          line   221 file /Users/jmsmith1/anaconda3/envs/jupyterenv/share/psi4/basis/cc-pvdz-jkfit.gbs 
    atoms 7-12   entry H          line    51 file /Users/jmsmith1/anaconda3/envs/jupyterenv/share/psi4/basis/cc-pvdz-jkfit.gbs 

  ==> Integral Setup <==

  DFHelper Memory: AOs need 0.151 GiB; user supplied 3.610 GiB. 
  SCF_SUBTYPE=INCORE selected. In-core MEM_DF algorithm will be used.
  Using in-core AOs.

  ==> MemDFJK: Density-Fitted J/K Matrices <==

    J tasked:                   Yes
    K tasked:                   Yes
    wK tasked:                  Yes
    Omega:                2.000E-01
    OpenMP threads:               4
    Memory [MiB]:              3696
    Algorithm:                 Core
    Schwarz Cutoff:           1E-12
    Mask sparsity (%):       1.9800
    Fitting Condition:        1E-10

   => Auxiliary Basis Set <=

  Basis Set: (6-31G* AUX)
    Blend: CC-PVDZ-JKFIT
    Number of shells: 198
    Number of basis functions: 636
    Number of Cartesian functions: 636
    Spherical Harmonics?: false
    Max angular momentum: 3

  Cached 100.0% of DFT collocation blocks in 0.581 [GiB].

  Minimum eigenvalue in the overlap matrix is 3.5725119430E-03.
  Reciprocal condition number of the overlap matrix is 5.3143677385E-04.
    Using symmetric orthogonalization.

  ==> Pre-Iterations <==

  SCF Guess: Superposition of Atomic Densities via on-the-fly atomic UHF (no occupation information).

   -------------------------
    Irrep   Nso     Nmo    
   -------------------------
     A        102     102 
   -------------------------
    Total     102     102
   -------------------------

  ==> Iterations <==

                           Total Energy        Delta E     RMS |[F,P]|

   @DF-RKS iter SAD:  -300.10547492153995   -3.00105e+02   0.00000e+00 
   @DF-RKS iter   1:  -296.39508436810098    3.71039e+00   3.42350e-02 ADIIS/DIIS
   @DF-RKS iter   2:  -274.09219158365840    2.23029e+01   6.36432e-02 ADIIS/DIIS
   @DF-RKS iter   3:  -304.51251240557241   -3.04203e+01   1.76742e-02 ADIIS/DIIS
   @DF-RKS iter   4:  -302.12458403620758    2.38793e+00   2.42846e-02 ADIIS/DIIS
   @DF-RKS iter   5:  -306.00268059262510   -3.87810e+00   4.57563e-03 ADIIS/DIIS
   @DF-RKS iter   6:  -306.10857974071655   -1.05899e-01   2.53461e-03 ADIIS/DIIS
   @DF-RKS iter   7:  -306.14174167520764   -3.31619e-02   4.91184e-04 ADIIS/DIIS
   @DF-RKS iter   8:  -306.14369613130765   -1.95446e-03   1.72858e-04 ADIIS/DIIS
   @DF-RKS iter   9:  -306.14391239402693   -2.16263e-04   1.04320e-04 ADIIS/DIIS
   @DF-RKS iter  10:  -306.14395981132543   -4.74173e-05   7.21970e-05 DIIS
   @DF-RKS iter  11:  -306.14397862795050   -1.88166e-05   4.97294e-05 DIIS
   @DF-RKS iter  12:  -306.14399138574367   -1.27578e-05   7.72948e-06 DIIS
   @DF-RKS iter  13:  -306.14399190401946   -5.18276e-07   2.18730e-06 DIIS
   @DF-RKS iter  14:  -306.14399195996492   -5.59455e-08   1.00033e-06 DIIS
   @DF-RKS iter  15:  -306.14399199036063   -3.03957e-08   3.86146e-07 DIIS
   @DF-RKS iter  16:  -306.14399200004283   -9.68220e-09   2.53523e-07 DIIS
   @DF-RKS iter  17:  -306.14399200249096   -2.44813e-09   8.29955e-08 DIIS
  Energy and wave function converged.


  ==> Post-Iterations <==

   Electrons on quadrature grid:
      Ntotal   =   45.9999643389 ; deviation = -3.566e-05 

    Orbital Energies [Eh]
    ---------------------

    Doubly Occupied:                                                      

       1A    -19.429666     2A    -19.264575     3A    -10.424571  
       4A    -10.341199     5A    -10.336248     6A    -10.336188  
       7A     -1.301941     8A     -0.995927     9A     -0.896547  
      10A     -0.841792    11A     -0.745578    12A     -0.656291  
      13A     -0.614858    14A     -0.601440    15A     -0.579178  
      16A     -0.534317    17A     -0.504457    18A     -0.495999  
      19A     -0.475629    20A     -0.445308    21A     -0.384356  
      22A     -0.314570    23A     -0.296206  

    Virtual:                                                              

      24A     -0.031656    25A      0.087174    26A      0.153754  
      27A      0.170685    28A      0.205482    29A      0.221644  
      30A      0.232027    31A      0.250037    32A      0.256776  
      33A      0.300793    34A      0.338173    35A      0.417262  
      36A      0.437365    37A      0.561369    38A      0.580397  
      39A      0.603186    40A      0.626906    41A      0.652008  
      42A      0.691133    43A      0.701026    44A      0.711043  
      45A      0.750668    46A      0.799653    47A      0.843589  
      48A      0.873446    49A      0.900419    50A      0.907721  
      51A      0.920761    52A      0.939953    53A      0.951383  
      54A      0.994170    55A      1.008467    56A      1.025693  
      57A      1.052442    58A      1.083149    59A      1.126244  
      60A      1.152142    61A      1.181600    62A      1.186747  
      63A      1.342800    64A      1.368332    65A      1.406080  
      66A      1.445139    67A      1.500515    68A      1.611104  
      69A      1.614994    70A      1.722733    71A      1.733510  
      72A      1.769805    73A      1.804021    74A      1.838468  
      75A      1.881352    76A      1.902058    77A      1.940777  
      78A      1.966906    79A      2.052697    80A      2.132223  
      81A      2.185220    82A      2.218322    83A      2.312250  
      84A      2.319616    85A      2.343882    86A      2.387830  
      87A      2.465149    88A      2.511914    89A      2.543917  
      90A      2.590140    91A      2.702546    92A      2.765865  
      93A      2.891944    94A      2.908058    95A      3.090024  
      96A      3.203670    97A      3.587590    98A      4.089193  
      99A      4.118503   100A      4.236527   101A      4.329838  
     102A      4.581899  

    Final Occupation by Irrep:
              A 
    DOCC [    23 ]
    NA   [    23 ]
    NB   [    23 ]

  @DF-RKS Final Energy:  -306.14399200249096

   => Energetics <=

    Nuclear Repulsion Energy =            220.4545616834465420
    One-Electron Energy =                -852.4055774495087690
    Two-Electron Energy =                 354.0053489372840545
    DFT Exchange-Correlation Energy =     -28.1941642503571757
    Empirical Dispersion Energy =          -0.0041609233555762
    VV10 Nonlocal Energy =                  0.0000000000000000
    Total Energy =                       -306.1439920024909611

Computation Completed


Properties will be evaluated at   0.000000,   0.000000,   0.000000 [a0]

Properties computed using the SCF density matrix


 Multipole Moments:

 ------------------------------------------------------------------------------------
     Multipole            Electronic (a.u.)      Nuclear  (a.u.)        Total (a.u.)
 ------------------------------------------------------------------------------------

 L = 1.  Multiply by 2.5417464519 to convert [e a0] to [Debye]
 Dipole X            :         -1.0996672           -0.6977622           -1.7974294
 Dipole Y            :          0.6613167            0.0545487            0.7158654
 Dipole Z            :          0.4496825           -0.4465834            0.0030990
 Magnitude           :                                                    1.9347417

 ------------------------------------------------------------------------------------

*** tstop() called on cst14372 at Tue Apr 21 11:19:45 2026
Module time:
	user time   =      28.15 seconds =       0.47 minutes
	system time =       0.35 seconds =       0.01 minutes
	total time  =         14 seconds =       0.23 minutes
Total time:
	user time   =    2351.46 seconds =      39.19 minutes
	system time =      34.83 seconds =       0.58 minutes
	total time  =       1138 seconds =      18.97 minutes

Scratch directory: /tmp/
gradient() will perform analytic gradient computation.

*** tstart() called on cst14372
*** at Tue Apr 21 11:19:45 2026


         ------------------------------------------------------------
                                   SCF GRAD                          
                          Rob Parrish, Justin Turney,                
                       Andy Simmonett, and Alex Sokolov              
         ------------------------------------------------------------

  ==> Geometry <==

    Molecular point group: c1
    Full point group: C1

    Geometry (in Angstrom), charge = 0, multiplicity = 1:

       Center              X                  Y                   Z               Mass       
    ------------   -----------------  -----------------  -----------------  -----------------
         C            0.066974523100     0.352722788000     0.108009343900    12.000000000000
         O            1.408281691900     0.333728073400     0.022744879200    15.994914619570
         O            2.072343949500    -0.775536623300    -0.002272668500    15.994914619570
         C           -0.714683555000    -0.919518547300     0.010197469900    12.000000000000
         C           -2.081886782900    -0.999263779600    -0.154173486400    12.000000000000
         C           -0.637335215200     1.701413380800     0.049122520500    12.000000000000
         H           -0.463865777600    -1.900107977200     0.453637520900     1.007825032230
         H           -2.619874702800    -0.115810826600    -0.443011338500     1.007825032230
         H           -2.785260246400    -1.847460353800    -0.321955433000     1.007825032230
         H            0.287692630500     2.281036434400    -0.075964555300     1.007825032230
         H           -1.210716955300     2.329096364000     0.770690969300     1.007825032230
         H           -1.220633764200     2.004457633500    -0.862431713400     1.007825032230

  Nuclear repulsion =  220.454561683446542

  ==> Basis Set <==

  Basis Set: 6-31G*
    Blend: 6-31G*
    Number of shells: 48
    Number of basis functions: 102
    Number of Cartesian functions: 102
    Spherical Harmonics?: false
    Max angular momentum: 2

  ==> DFJKGrad: Density-Fitted SCF Gradients <==

    Gradient:                    1
    J tasked:                  Yes
    K tasked:                  Yes
    wK tasked:                 Yes
    Omega:               2.000E-01
    OpenMP threads:              4
    Integrals threads:           4
    Memory [MiB]:             4291
    Schwarz Cutoff:          1E-12
    Fitting Condition:       1E-10

   => Auxiliary Basis Set <=

  Basis Set: (6-31G* AUX)
    Blend: CC-PVDZ-JKFIT
    Number of shells: 198
    Number of basis functions: 636
    Number of Cartesian functions: 636
    Spherical Harmonics?: false
    Max angular momentum: 3

  ==> DFT Potential <==

   => LibXC <=

    Version 7.0.0
    S. Lehtola, C. Steigemann, M. J.T. Oliveira, and M. A.L. Marques.,  SoftwareX 7, 1–5 (2018) (10.1016/j.softx.2017.11.002)

   => Composite Functional: WB97X-D <= 

    wB97X-D Hyb-GGA Exchange-Correlation Functional

    J.-D. Chai and M. Head-Gordon.,  Phys. Chem. Chem. Phys. 10, 6615-6620 (2008) (10.1039/B810189B)

    Deriv               =              1
    GGA                 =           TRUE
    Meta                =          FALSE

    Exchange Hybrid     =           TRUE
    MP2 Hybrid          =          FALSE

   => Exchange-Correlation Functionals <=

    1.0000   wB97X-D range-separated functional

   => Exact (HF) Exchange <=

    0.7780            HF,LR [omega = 0.2000]
    0.2220               HF 

   => LibXC Density Thresholds  <==

    XC_HYB_GGA_XC_WB97X_D:  1.00E-14 

   => Molecular Quadrature <=

    Radial Scheme          =       TREUTLER
    Pruning Scheme         =           NONE
    Nuclear Scheme         =       TREUTLER

    Blocking Scheme        =         OCTREE
    BS radius alpha        =              1
    Pruning alpha          =              1
    Radial Points          =             75
    Spherical Points       =            302
    Total Points           =         254801
    Total Blocks           =           1942
    Max Points             =            256
    Max Functions          =            100
    Weights Tolerance      =       1.00E-15


  -Total Gradient:
     Atom            X                  Y                   Z
    ------   -----------------  -----------------  -----------------
       1        0.009211253400     0.037692043789     0.008958303770
       2        0.073919871342    -0.038023520232    -0.011492408784
       3       -0.004872418846     0.022899708366     0.001971630455
       4        0.043713377827     0.026228631109    -0.035722945370
       5       -0.014655871659    -0.025668411486     0.027658993549
       6       -0.036122582202    -0.040911036277     0.027809566526
       7       -0.032454391819    -0.013001396181     0.014282620034
       8        0.004728590858    -0.016331422587     0.001307063316
       9       -0.027371072054     0.001125716090    -0.016302256130
      10        0.003459321773    -0.015308902256     0.001041705774
      11       -0.008320044409     0.034535655576    -0.017416860852
      12       -0.010752010842     0.026810093216    -0.002095937548


*** tstop() called on cst14372 at Tue Apr 21 11:19:46 2026
Module time:
	user time   =       3.69 seconds =       0.06 minutes
	system time =       0.06 seconds =       0.00 minutes
	total time  =          1 seconds =       0.02 minutes
Total time:
	user time   =    2355.16 seconds =      39.25 minutes
	system time =      34.89 seconds =       0.58 minutes
	total time  =       1139 seconds =      18.98 minutes

Scratch directory: /tmp/
   => Libint2 <=

    Primary   basis highest AM E, G, H:  6, 6, 3
    Auxiliary basis highest AM E, G, H:  7, 7, 4
    Onebody   basis highest AM E, G, H:  -, -, -
    Solid Harmonics ordering:            Gaussian

*** tstart() called on cst14372
*** at Tue Apr 21 11:19:46 2026

   => Loading Basis Set <=

    Name: 6-31G*
    Role: ORBITAL
    Keyword: BASIS
    atoms 1, 4-6 entry C          line   111 file /Users/jmsmith1/anaconda3/envs/jupyterenv/share/psi4/basis/6-31gs.gbs 
    atoms 2-3    entry O          line   145 file /Users/jmsmith1/anaconda3/envs/jupyterenv/share/psi4/basis/6-31gs.gbs 
    atoms 7-12   entry H          line    44 file /Users/jmsmith1/anaconda3/envs/jupyterenv/share/psi4/basis/6-31gs.gbs 

   => WB97X-D: Empirical Dispersion <=

    Chai and Head-Gordon Dispersion Correction
    Chai, J.-D.; Head-Gordon, M. (2010), J. Chem. Phys., 132: 6615-6620

        s6 =       1.000000


         ---------------------------------------------------------
                                   SCF
               by Justin Turney, Rob Parrish, Andy Simmonett
                          and Daniel G. A. Smith
                              RKS Reference
                        4 Threads,   5722 MiB Core
         ---------------------------------------------------------

  ==> Geometry <==

    Molecular point group: c1
    Full point group: C1

    Geometry (in Angstrom), charge = 0, multiplicity = 1:

       Center              X                  Y                   Z               Mass       
    ------------   -----------------  -----------------  -----------------  -----------------
         C            0.066872205600     0.351606919800     0.112263026800    12.000000000000
         O            1.409537281100     0.335864422900     0.023910649600    15.994914619570
         O            2.076397780200    -0.771760565800    -0.002411450600    15.994914619570
         C           -0.715796383900    -0.923385241600     0.011898854500    12.000000000000
         C           -2.083307909800    -1.002173956100    -0.161481422200    12.000000000000
         C           -0.642876688600     1.702808221400     0.049788366600    12.000000000000
         H           -0.470424027800    -1.888069547100     0.464148339400     1.007825032230
         H           -2.613670724500    -0.127236004300    -0.459412309500     1.007825032230
         H           -2.784876141600    -1.852276945100    -0.330202266400     1.007825032230
         H            0.282691831600     2.276352732700    -0.079621961100     1.007825032230
         H           -1.204401244900     2.329986163900     0.762627747700     1.007825032230
         H           -1.208859203900     1.996106926300    -0.844535027000     1.007825032230

  Running in c1 symmetry.

  Rotational constants: A =      0.18002  B =      0.09144  C =      0.06155 [cm^-1]
  Rotational constants: A =   5396.91083  B =   2741.37980  C =   1845.11717 [MHz]
  Nuclear repulsion =  220.445435193424174

  Charge       = 0
  Multiplicity = 1
  Electrons    = 46
  Nalpha       = 23
  Nbeta        = 23

  ==> Algorithm <==

  SCF Algorithm Type is DF.
  DIIS enabled.
  MOM disabled.
  Fractional occupation disabled.
  Guess Type is SAD.
  Energy threshold   = 1.00e-07
  Density threshold  = 1.00e-07
  Integral threshold = 1.00e-12

  ==> Primary Basis <==

  Basis Set: 6-31G*
    Blend: 6-31G*
    Number of shells: 48
    Number of basis functions: 102
    Number of Cartesian functions: 102
    Spherical Harmonics?: false
    Max angular momentum: 2

  ==> DFT Potential <==

   => LibXC <=

    Version 7.0.0
    S. Lehtola, C. Steigemann, M. J.T. Oliveira, and M. A.L. Marques.,  SoftwareX 7, 1–5 (2018) (10.1016/j.softx.2017.11.002)

   => Composite Functional: WB97X-D <= 

    wB97X-D Hyb-GGA Exchange-Correlation Functional

    J.-D. Chai and M. Head-Gordon.,  Phys. Chem. Chem. Phys. 10, 6615-6620 (2008) (10.1039/B810189B)

    Deriv               =              1
    GGA                 =           TRUE
    Meta                =          FALSE

    Exchange Hybrid     =           TRUE
    MP2 Hybrid          =          FALSE

   => Exchange-Correlation Functionals <=

    1.0000   wB97X-D range-separated functional

   => Exact (HF) Exchange <=

    0.7780            HF,LR [omega = 0.2000]
    0.2220               HF 

   => LibXC Density Thresholds  <==

    XC_HYB_GGA_XC_WB97X_D:  1.00E-14 

   => Molecular Quadrature <=

    Radial Scheme          =       TREUTLER
    Pruning Scheme         =           NONE
    Nuclear Scheme         =       TREUTLER

    Blocking Scheme        =         OCTREE
    BS radius alpha        =              1
    Pruning alpha          =              1
    Radial Points          =             75
    Spherical Points       =            302
    Total Points           =         254779
    Total Blocks           =           1927
    Max Points             =            256
    Max Functions          =            100
    Weights Tolerance      =       1.00E-15

   => Loading Basis Set <=

    Name: (6-31G* AUX)
    Role: JKFIT
    Keyword: DF_BASIS_SCF
    atoms 1, 4-6 entry C          line   121 file /Users/jmsmith1/anaconda3/envs/jupyterenv/share/psi4/basis/cc-pvdz-jkfit.gbs 
    atoms 2-3    entry O          line   221 file /Users/jmsmith1/anaconda3/envs/jupyterenv/share/psi4/basis/cc-pvdz-jkfit.gbs 
    atoms 7-12   entry H          line    51 file /Users/jmsmith1/anaconda3/envs/jupyterenv/share/psi4/basis/cc-pvdz-jkfit.gbs 

  ==> Integral Setup <==

  DFHelper Memory: AOs need 0.151 GiB; user supplied 3.609 GiB. 
  SCF_SUBTYPE=INCORE selected. In-core MEM_DF algorithm will be used.
  Using in-core AOs.

  ==> MemDFJK: Density-Fitted J/K Matrices <==

    J tasked:                   Yes
    K tasked:                   Yes
    wK tasked:                  Yes
    Omega:                2.000E-01
    OpenMP threads:               4
    Memory [MiB]:              3696
    Algorithm:                 Core
    Schwarz Cutoff:           1E-12
    Mask sparsity (%):       1.9800
    Fitting Condition:        1E-10

   => Auxiliary Basis Set <=

  Basis Set: (6-31G* AUX)
    Blend: CC-PVDZ-JKFIT
    Number of shells: 198
    Number of basis functions: 636
    Number of Cartesian functions: 636
    Spherical Harmonics?: false
    Max angular momentum: 3

  Cached 100.0% of DFT collocation blocks in 0.581 [GiB].

  Minimum eigenvalue in the overlap matrix is 3.6171383421E-03.
  Reciprocal condition number of the overlap matrix is 5.3782072966E-04.
    Using symmetric orthogonalization.

  ==> Pre-Iterations <==

  SCF Guess: Superposition of Atomic Densities via on-the-fly atomic UHF (no occupation information).

   -------------------------
    Irrep   Nso     Nmo    
   -------------------------
     A        102     102 
   -------------------------
    Total     102     102
   -------------------------

  ==> Iterations <==

                           Total Energy        Delta E     RMS |[F,P]|

   @DF-RKS iter SAD:  -300.13411301869212   -3.00134e+02   0.00000e+00 
   @DF-RKS iter   1:  -296.44050018710374    3.69361e+00   3.41761e-02 ADIIS/DIIS
   @DF-RKS iter   2:  -274.29935280237794    2.21411e+01   6.33897e-02 ADIIS/DIIS
   @DF-RKS iter   3:  -304.53153007365432   -3.02322e+01   1.76060e-02 ADIIS/DIIS
   @DF-RKS iter   4:  -302.41880493516760    2.11273e+00   2.42168e-02 ADIIS/DIIS
   @DF-RKS iter   5:  -306.02096183933764   -3.60216e+00   4.24676e-03 ADIIS/DIIS
   @DF-RKS iter   6:  -306.10828936876442   -8.73275e-02   2.53294e-03 ADIIS/DIIS
   @DF-RKS iter   7:  -306.14118932297805   -3.29000e-02   4.27230e-04 ADIIS/DIIS
   @DF-RKS iter   8:  -306.14273110460874   -1.54178e-03   1.61140e-04 ADIIS/DIIS
   @DF-RKS iter   9:  -306.14291493715098   -1.83833e-04   1.13161e-04 ADIIS/DIIS
   @DF-RKS iter  10:  -306.14296995074534   -5.50136e-05   6.66341e-05 DIIS
   @DF-RKS iter  11:  -306.14298300051769   -1.30498e-05   5.26943e-05 DIIS
   @DF-RKS iter  12:  -306.14299809076391   -1.50902e-05   7.34965e-06 DIIS
   @DF-RKS iter  13:  -306.14299856979301   -4.79029e-07   2.06494e-06 DIIS
   @DF-RKS iter  14:  -306.14299862339715   -5.36041e-08   9.04553e-07 DIIS
   @DF-RKS iter  15:  -306.14299865523049   -3.18333e-08   3.83181e-07 DIIS
   @DF-RKS iter  16:  -306.14299866486834   -9.63786e-09   2.35859e-07 DIIS
   @DF-RKS iter  17:  -306.14299866683444   -1.96610e-09   7.15174e-08 DIIS
  Energy and wave function converged.


  ==> Post-Iterations <==

   Electrons on quadrature grid:
      Ntotal   =   45.9999633815 ; deviation = -3.662e-05 

    Orbital Energies [Eh]
    ---------------------

    Doubly Occupied:                                                      

       1A    -19.429814     2A    -19.264600     3A    -10.425018  
       4A    -10.340524     5A    -10.335581     6A    -10.332605  
       7A     -1.301566     8A     -0.995323     9A     -0.896651  
      10A     -0.843885    11A     -0.746129    12A     -0.658021  
      13A     -0.614981    14A     -0.602105    15A     -0.578925  
      16A     -0.534573    17A     -0.504786    18A     -0.499346  
      19A     -0.475891    20A     -0.446327    21A     -0.384055  
      22A     -0.314586    23A     -0.296318  

    Virtual:                                                              

      24A     -0.031467    25A      0.086699    26A      0.156051  
      27A      0.172063    28A      0.205966    29A      0.223761  
      30A      0.234622    31A      0.252689    32A      0.259360  
      33A      0.299622    34A      0.337754    35A      0.416185  
      36A      0.436167    37A      0.562000    38A      0.579494  
      39A      0.601593    40A      0.625773    41A      0.650716  
      42A      0.690980    43A      0.699638    44A      0.709140  
      45A      0.749743    46A      0.798409    47A      0.843533  
      48A      0.875343    49A      0.901069    50A      0.914940  
      51A      0.923936    52A      0.941179    53A      0.958435  
      54A      0.996872    55A      1.015981    56A      1.027570  
      57A      1.055808    58A      1.085332    59A      1.126857  
      60A      1.151650    61A      1.180698    62A      1.187225  
      63A      1.342010    64A      1.367090    65A      1.406210  
      66A      1.445390    67A      1.503942    68A      1.608901  
      69A      1.614962    70A      1.720526    71A      1.734556  
      72A      1.769566    73A      1.801236    74A      1.837999  
      75A      1.881457    76A      1.902591    77A      1.941226  
      78A      1.967584    79A      2.052178    80A      2.137220  
      81A      2.183468    82A      2.226474    83A      2.311958  
      84A      2.323281    85A      2.353559    86A      2.386811  
      87A      2.466410    88A      2.511482    89A      2.543060  
      90A      2.594336    91A      2.702266    92A      2.765463  
      93A      2.890600    94A      2.905700    95A      3.087050  
      96A      3.200854    97A      3.586517    98A      4.089478  
      99A      4.116434   100A      4.238275   101A      4.332624  
     102A      4.580789  

    Final Occupation by Irrep:
              A 
    DOCC [    23 ]
    NA   [    23 ]
    NB   [    23 ]

  @DF-RKS Final Energy:  -306.14299866683444

   => Energetics <=

    Nuclear Repulsion Energy =            220.4454351934241743
    One-Electron Energy =                -852.3676218072204165
    Two-Electron Energy =                 353.9895447127603347
    DFT Exchange-Correlation Energy =     -28.2062049027498460
    Empirical Dispersion Energy =          -0.0041518630486601
    VV10 Nonlocal Energy =                  0.0000000000000000
    Total Energy =                       -306.1429986668344441

Computation Completed


Properties will be evaluated at   0.000000,   0.000000,   0.000000 [a0]

Properties computed using the SCF density matrix


 Multipole Moments:

 ------------------------------------------------------------------------------------
     Multipole            Electronic (a.u.)      Nuclear  (a.u.)        Total (a.u.)
 ------------------------------------------------------------------------------------

 L = 1.  Multiply by 2.5417464519 to convert [e a0] to [Debye]
 Dipole X            :         -1.1152548           -0.6854257           -1.8006805
 Dipole Y            :          0.6763515            0.0393627            0.7157142
 Dipole Z            :          0.4532635           -0.4538913           -0.0006278
 Magnitude           :                                                    1.9377042

 ------------------------------------------------------------------------------------

*** tstop() called on cst14372 at Tue Apr 21 11:20:00 2026
Module time:
	user time   =      27.98 seconds =       0.47 minutes
	system time =       0.30 seconds =       0.00 minutes
	total time  =         14 seconds =       0.23 minutes
Total time:
	user time   =    2383.16 seconds =      39.72 minutes
	system time =      35.20 seconds =       0.59 minutes
	total time  =       1153 seconds =      19.22 minutes

Scratch directory: /tmp/
gradient() will perform analytic gradient computation.

*** tstart() called on cst14372
*** at Tue Apr 21 11:20:00 2026


         ------------------------------------------------------------
                                   SCF GRAD                          
                          Rob Parrish, Justin Turney,                
                       Andy Simmonett, and Alex Sokolov              
         ------------------------------------------------------------

  ==> Geometry <==

    Molecular point group: c1
    Full point group: C1

    Geometry (in Angstrom), charge = 0, multiplicity = 1:

       Center              X                  Y                   Z               Mass       
    ------------   -----------------  -----------------  -----------------  -----------------
         C            0.066872205600     0.351606919800     0.112263026800    12.000000000000
         O            1.409537281100     0.335864422900     0.023910649600    15.994914619570
         O            2.076397780200    -0.771760565800    -0.002411450600    15.994914619570
         C           -0.715796383900    -0.923385241600     0.011898854500    12.000000000000
         C           -2.083307909800    -1.002173956100    -0.161481422200    12.000000000000
         C           -0.642876688600     1.702808221400     0.049788366600    12.000000000000
         H           -0.470424027800    -1.888069547100     0.464148339400     1.007825032230
         H           -2.613670724500    -0.127236004300    -0.459412309500     1.007825032230
         H           -2.784876141600    -1.852276945100    -0.330202266400     1.007825032230
         H            0.282691831600     2.276352732700    -0.079621961100     1.007825032230
         H           -1.204401244900     2.329986163900     0.762627747700     1.007825032230
         H           -1.208859203900     1.996106926300    -0.844535027000     1.007825032230

  Nuclear repulsion =  220.445435193424174

  ==> Basis Set <==

  Basis Set: 6-31G*
    Blend: 6-31G*
    Number of shells: 48
    Number of basis functions: 102
    Number of Cartesian functions: 102
    Spherical Harmonics?: false
    Max angular momentum: 2

  ==> DFJKGrad: Density-Fitted SCF Gradients <==

    Gradient:                    1
    J tasked:                  Yes
    K tasked:                  Yes
    wK tasked:                 Yes
    Omega:               2.000E-01
    OpenMP threads:              4
    Integrals threads:           4
    Memory [MiB]:             4291
    Schwarz Cutoff:          1E-12
    Fitting Condition:       1E-10

   => Auxiliary Basis Set <=

  Basis Set: (6-31G* AUX)
    Blend: CC-PVDZ-JKFIT
    Number of shells: 198
    Number of basis functions: 636
    Number of Cartesian functions: 636
    Spherical Harmonics?: false
    Max angular momentum: 3

  ==> DFT Potential <==

   => LibXC <=

    Version 7.0.0
    S. Lehtola, C. Steigemann, M. J.T. Oliveira, and M. A.L. Marques.,  SoftwareX 7, 1–5 (2018) (10.1016/j.softx.2017.11.002)

   => Composite Functional: WB97X-D <= 

    wB97X-D Hyb-GGA Exchange-Correlation Functional

    J.-D. Chai and M. Head-Gordon.,  Phys. Chem. Chem. Phys. 10, 6615-6620 (2008) (10.1039/B810189B)

    Deriv               =              1
    GGA                 =           TRUE
    Meta                =          FALSE

    Exchange Hybrid     =           TRUE
    MP2 Hybrid          =          FALSE

   => Exchange-Correlation Functionals <=

    1.0000   wB97X-D range-separated functional

   => Exact (HF) Exchange <=

    0.7780            HF,LR [omega = 0.2000]
    0.2220               HF 

   => LibXC Density Thresholds  <==

    XC_HYB_GGA_XC_WB97X_D:  1.00E-14 

   => Molecular Quadrature <=

    Radial Scheme          =       TREUTLER
    Pruning Scheme         =           NONE
    Nuclear Scheme         =       TREUTLER

    Blocking Scheme        =         OCTREE
    BS radius alpha        =              1
    Pruning alpha          =              1
    Radial Points          =             75
    Spherical Points       =            302
    Total Points           =         254779
    Total Blocks           =           1927
    Max Points             =            256
    Max Functions          =            100
    Weights Tolerance      =       1.00E-15


  -Total Gradient:
     Atom            X                  Y                   Z
    ------   -----------------  -----------------  -----------------
       1        0.009861566324     0.036849042686     0.009622923388
       2        0.075429574308    -0.037625366465    -0.011899938676
       3       -0.004708408098     0.022826263861     0.001992443015
       4        0.045665490796     0.018391099797    -0.033598651820
       5       -0.018991353575    -0.020281928003     0.026323226818
       6       -0.047590453196    -0.031805016908     0.021235447750
       7       -0.034444317381    -0.005973909940     0.011597997253
       8        0.007792037398    -0.021478900578     0.003114404399
       9       -0.027353128701     0.000875371217    -0.016659587334
      10        0.001969392482    -0.016437841112     0.001012202091
      11       -0.004578020904     0.030907260580    -0.022953891808
      12       -0.002605384796     0.023743390782     0.010205383162


*** tstop() called on cst14372 at Tue Apr 21 11:20:02 2026
Module time:
	user time   =       3.91 seconds =       0.07 minutes
	system time =       0.06 seconds =       0.00 minutes
	total time  =          2 seconds =       0.03 minutes
Total time:
	user time   =    2387.09 seconds =      39.78 minutes
	system time =      35.26 seconds =       0.59 minutes
	total time  =       1155 seconds =      19.25 minutes

Scratch directory: /tmp/
   => Libint2 <=

    Primary   basis highest AM E, G, H:  6, 6, 3
    Auxiliary basis highest AM E, G, H:  7, 7, 4
    Onebody   basis highest AM E, G, H:  -, -, -
    Solid Harmonics ordering:            Gaussian

*** tstart() called on cst14372
*** at Tue Apr 21 11:20:02 2026

   => Loading Basis Set <=

    Name: 6-31G*
    Role: ORBITAL
    Keyword: BASIS
    atoms 1, 4-6 entry C          line   111 file /Users/jmsmith1/anaconda3/envs/jupyterenv/share/psi4/basis/6-31gs.gbs 
    atoms 2-3    entry O          line   145 file /Users/jmsmith1/anaconda3/envs/jupyterenv/share/psi4/basis/6-31gs.gbs 
    atoms 7-12   entry H          line    44 file /Users/jmsmith1/anaconda3/envs/jupyterenv/share/psi4/basis/6-31gs.gbs 

   => WB97X-D: Empirical Dispersion <=

    Chai and Head-Gordon Dispersion Correction
    Chai, J.-D.; Head-Gordon, M. (2010), J. Chem. Phys., 132: 6615-6620

        s6 =       1.000000


         ---------------------------------------------------------
                                   SCF
               by Justin Turney, Rob Parrish, Andy Simmonett
                          and Daniel G. A. Smith
                              RKS Reference
                        4 Threads,   5722 MiB Core
         ---------------------------------------------------------

  ==> Geometry <==

    Molecular point group: c1
    Full point group: C1

    Geometry (in Angstrom), charge = 0, multiplicity = 1:

       Center              X                  Y                   Z               Mass       
    ------------   -----------------  -----------------  -----------------  -----------------
         C            0.066741079400     0.350381576100     0.116499449200    12.000000000000
         O            1.410632037900     0.338087883600     0.025105192600    15.994914619570
         O            2.080471949500    -0.768024714500    -0.002554909500    15.994914619570
         C           -0.717044208300    -0.927314823800     0.013701762700    12.000000000000
         C           -2.084677590300    -1.005032660800    -0.168883789800    12.000000000000
         C           -0.648294178400     1.704298628100     0.050394386300    12.000000000000
         H           -0.475810255600    -1.875795005400     0.474285211300     1.007825032230
         H           -2.607720117400    -0.137948611900    -0.475961609300     1.007825032230
         H           -2.783547365200    -1.857135742700    -0.337894879600     1.007825032230
         H            0.277610622400     2.272224481500    -0.083323405000     1.007825032230
         H           -1.197911846100     2.329811845700     0.755336364700     1.007825032230
         H           -1.196965407600     1.986916231500    -0.826945831700     1.007825032230

  Running in c1 symmetry.

  Rotational constants: A =      0.17992  B =      0.09122  C =      0.06144 [cm^-1]
  Rotational constants: A =   5393.76092  B =   2734.59127  C =   1841.79988 [MHz]
  Nuclear repulsion =  220.440313039886234

  Charge       = 0
  Multiplicity = 1
  Electrons    = 46
  Nalpha       = 23
  Nbeta        = 23

  ==> Algorithm <==

  SCF Algorithm Type is DF.
  DIIS enabled.
  MOM disabled.
  Fractional occupation disabled.
  Guess Type is SAD.
  Energy threshold   = 1.00e-07
  Density threshold  = 1.00e-07
  Integral threshold = 1.00e-12

  ==> Primary Basis <==

  Basis Set: 6-31G*
    Blend: 6-31G*
    Number of shells: 48
    Number of basis functions: 102
    Number of Cartesian functions: 102
    Spherical Harmonics?: false
    Max angular momentum: 2

  ==> DFT Potential <==

   => LibXC <=

    Version 7.0.0
    S. Lehtola, C. Steigemann, M. J.T. Oliveira, and M. A.L. Marques.,  SoftwareX 7, 1–5 (2018) (10.1016/j.softx.2017.11.002)

   => Composite Functional: WB97X-D <= 

    wB97X-D Hyb-GGA Exchange-Correlation Functional

    J.-D. Chai and M. Head-Gordon.,  Phys. Chem. Chem. Phys. 10, 6615-6620 (2008) (10.1039/B810189B)

    Deriv               =              1
    GGA                 =           TRUE
    Meta                =          FALSE

    Exchange Hybrid     =           TRUE
    MP2 Hybrid          =          FALSE

   => Exchange-Correlation Functionals <=

    1.0000   wB97X-D range-separated functional

   => Exact (HF) Exchange <=

    0.7780            HF,LR [omega = 0.2000]
    0.2220               HF 

   => LibXC Density Thresholds  <==

    XC_HYB_GGA_XC_WB97X_D:  1.00E-14 

   => Molecular Quadrature <=

    Radial Scheme          =       TREUTLER
    Pruning Scheme         =           NONE
    Nuclear Scheme         =       TREUTLER

    Blocking Scheme        =         OCTREE
    BS radius alpha        =              1
    Pruning alpha          =              1
    Radial Points          =             75
    Spherical Points       =            302
    Total Points           =         254756
    Total Blocks           =           1933
    Max Points             =            256
    Max Functions          =            100
    Weights Tolerance      =       1.00E-15

   => Loading Basis Set <=

    Name: (6-31G* AUX)
    Role: JKFIT
    Keyword: DF_BASIS_SCF
    atoms 1, 4-6 entry C          line   121 file /Users/jmsmith1/anaconda3/envs/jupyterenv/share/psi4/basis/cc-pvdz-jkfit.gbs 
    atoms 2-3    entry O          line   221 file /Users/jmsmith1/anaconda3/envs/jupyterenv/share/psi4/basis/cc-pvdz-jkfit.gbs 
    atoms 7-12   entry H          line    51 file /Users/jmsmith1/anaconda3/envs/jupyterenv/share/psi4/basis/cc-pvdz-jkfit.gbs 

  ==> Integral Setup <==

  DFHelper Memory: AOs need 0.151 GiB; user supplied 3.609 GiB. 
  SCF_SUBTYPE=INCORE selected. In-core MEM_DF algorithm will be used.
  Using in-core AOs.

  ==> MemDFJK: Density-Fitted J/K Matrices <==

    J tasked:                   Yes
    K tasked:                   Yes
    wK tasked:                  Yes
    Omega:                2.000E-01
    OpenMP threads:               4
    Memory [MiB]:              3695
    Algorithm:                 Core
    Schwarz Cutoff:           1E-12
    Mask sparsity (%):       1.9800
    Fitting Condition:        1E-10

   => Auxiliary Basis Set <=

  Basis Set: (6-31G* AUX)
    Blend: CC-PVDZ-JKFIT
    Number of shells: 198
    Number of basis functions: 636
    Number of Cartesian functions: 636
    Spherical Harmonics?: false
    Max angular momentum: 3

  Cached 100.0% of DFT collocation blocks in 0.582 [GiB].

  Minimum eigenvalue in the overlap matrix is 3.6624824060E-03.
  Reciprocal condition number of the overlap matrix is 5.4424713707E-04.
    Using symmetric orthogonalization.

  ==> Pre-Iterations <==

  SCF Guess: Superposition of Atomic Densities via on-the-fly atomic UHF (no occupation information).

   -------------------------
    Irrep   Nso     Nmo    
   -------------------------
     A        102     102 
   -------------------------
    Total     102     102
   -------------------------

  ==> Iterations <==

                           Total Energy        Delta E     RMS |[F,P]|

   @DF-RKS iter SAD:  -300.16152436971726   -3.00162e+02   0.00000e+00 
   @DF-RKS iter   1:  -296.48864527991890    3.67288e+00   3.41102e-02 ADIIS/DIIS
   @DF-RKS iter   2:  -274.51047887662662    2.19782e+01   6.31351e-02 ADIIS/DIIS
   @DF-RKS iter   3:  -304.55007051430920   -3.00396e+01   1.75347e-02 ADIIS/DIIS
   @DF-RKS iter   4:  -302.69470647667220    1.85536e+00   2.39465e-02 ADIIS/DIIS
   @DF-RKS iter   5:  -306.03252113410781   -3.33781e+00   4.01235e-03 ADIIS/DIIS
   @DF-RKS iter   6:  -306.10727708886873   -7.47560e-02   2.51895e-03 ADIIS/DIIS
   @DF-RKS iter   7:  -306.13961108830244   -3.23340e-02   3.87482e-04 ADIIS/DIIS
   @DF-RKS iter   8:  -306.14089603696561   -1.28495e-03   1.60921e-04 ADIIS/DIIS
   @DF-RKS iter   9:  -306.14106436207248   -1.68325e-04   1.22369e-04 ADIIS/DIIS
   @DF-RKS iter  10:  -306.14112871168476   -6.43496e-05   6.08650e-05 DIIS
   @DF-RKS iter  11:  -306.14114045494335   -1.17433e-05   4.82903e-05 DIIS
   @DF-RKS iter  12:  -306.14115345502427   -1.30001e-05   7.48505e-06 DIIS
   @DF-RKS iter  13:  -306.14115392608562   -4.71061e-07   1.85934e-06 DIIS
   @DF-RKS iter  14:  -306.14115397511068   -4.90251e-08   8.37094e-07 DIIS
   @DF-RKS iter  15:  -306.14115400662899   -3.15183e-08   3.60579e-07 DIIS
   @DF-RKS iter  16:  -306.14115401532587   -8.69687e-09   2.06391e-07 DIIS
   @DF-RKS iter  17:  -306.14115401669903   -1.37317e-09   6.09700e-08 DIIS
  Energy and wave function converged.


  ==> Post-Iterations <==

   Electrons on quadrature grid:
      Ntotal   =   45.9999630834 ; deviation = -3.692e-05 

    Orbital Energies [Eh]
    ---------------------

    Doubly Occupied:                                                      

       1A    -19.429924     2A    -19.264588     3A    -10.425436  
       4A    -10.339858     5A    -10.334967     6A    -10.328950  
       7A     -1.301077     8A     -0.994707     9A     -0.896802  
      10A     -0.846132    11A     -0.746701    12A     -0.659721  
      13A     -0.615030    14A     -0.602638    15A     -0.578664  
      16A     -0.534857    17A     -0.505291    18A     -0.502707  
      19A     -0.476292    20A     -0.447297    21A     -0.383780  
      22A     -0.314588    23A     -0.296438  

    Virtual:                                                              

      24A     -0.031285    25A      0.086182    26A      0.158058  
      27A      0.173488    28A      0.206378    29A      0.225865  
      30A      0.236962    31A      0.254640    32A      0.263084  
      33A      0.298421    34A      0.337357    35A      0.415057  
      36A      0.434946    37A      0.562602    38A      0.578535  
      39A      0.599935    40A      0.624628    41A      0.649509  
      42A      0.690741    43A      0.698153    44A      0.707355  
      45A      0.748709    46A      0.797041    47A      0.843175  
      48A      0.876951    49A      0.901010    50A      0.919114  
      51A      0.931233    52A      0.942615    53A      0.965072  
      54A      0.998261    55A      1.023547    56A      1.031915  
      57A      1.058792    58A      1.089199    59A      1.127835  
      60A      1.151389    61A      1.179938    62A      1.188029  
      63A      1.341232    64A      1.365849    65A      1.406602  
      66A      1.445755    67A      1.507273    68A      1.606797  
      69A      1.614908    70A      1.717455    71A      1.736293  
      72A      1.769280    73A      1.798662    74A      1.837261  
      75A      1.881528    76A      1.903313    77A      1.941684  
      78A      1.968619    79A      2.051718    80A      2.141720  
      81A      2.181361    82A      2.234725    83A      2.311643  
      84A      2.326882    85A      2.360915    86A      2.388279  
      87A      2.467949    88A      2.511235    89A      2.542275  
      90A      2.599221    91A      2.701990    92A      2.764949  
      93A      2.889383    94A      2.903281    95A      3.084204  
      96A      3.198145    97A      3.585452    98A      4.089492  
      99A      4.114683   100A      4.240069   101A      4.335774  
     102A      4.579794  

    Final Occupation by Irrep:
              A 
    DOCC [    23 ]
    NA   [    23 ]
    NB   [    23 ]

  @DF-RKS Final Energy:  -306.14115401669903

   => Energetics <=

    Nuclear Repulsion Energy =            220.4403130398862345
    One-Electron Energy =                -852.3355690507706868
    Two-Electron Energy =                 353.9768669063345214
    DFT Exchange-Correlation Energy =     -28.2186203723209488
    Empirical Dispersion Energy =          -0.0041445398281806
    VV10 Nonlocal Energy =                  0.0000000000000000
    Total Energy =                       -306.1411540166990335

Computation Completed


Properties will be evaluated at   0.000000,   0.000000,   0.000000 [a0]

Properties computed using the SCF density matrix


 Multipole Moments:

 ------------------------------------------------------------------------------------
     Multipole            Electronic (a.u.)      Nuclear  (a.u.)        Total (a.u.)
 ------------------------------------------------------------------------------------

 L = 1.  Multiply by 2.5417464519 to convert [e a0] to [Debye]
 Dipole X            :         -1.1327865           -0.6711586           -1.8039452
 Dipole Y            :          0.6908027            0.0237631            0.7145657
 Dipole Z            :          0.4568668           -0.4607739           -0.0039071
 Magnitude           :                                                    1.9403189

 ------------------------------------------------------------------------------------

*** tstop() called on cst14372 at Tue Apr 21 11:20:15 2026
Module time:
	user time   =      28.19 seconds =       0.47 minutes
	system time =       0.33 seconds =       0.01 minutes
	total time  =         13 seconds =       0.22 minutes
Total time:
	user time   =    2415.30 seconds =      40.26 minutes
	system time =      35.60 seconds =       0.59 minutes
	total time  =       1168 seconds =      19.47 minutes

Scratch directory: /tmp/
gradient() will perform analytic gradient computation.

*** tstart() called on cst14372
*** at Tue Apr 21 11:20:15 2026


         ------------------------------------------------------------
                                   SCF GRAD                          
                          Rob Parrish, Justin Turney,                
                       Andy Simmonett, and Alex Sokolov              
         ------------------------------------------------------------

  ==> Geometry <==

    Molecular point group: c1
    Full point group: C1

    Geometry (in Angstrom), charge = 0, multiplicity = 1:

       Center              X                  Y                   Z               Mass       
    ------------   -----------------  -----------------  -----------------  -----------------
         C            0.066741079400     0.350381576100     0.116499449200    12.000000000000
         O            1.410632037900     0.338087883600     0.025105192600    15.994914619570
         O            2.080471949500    -0.768024714500    -0.002554909500    15.994914619570
         C           -0.717044208300    -0.927314823800     0.013701762700    12.000000000000
         C           -2.084677590300    -1.005032660800    -0.168883789800    12.000000000000
         C           -0.648294178400     1.704298628100     0.050394386300    12.000000000000
         H           -0.475810255600    -1.875795005400     0.474285211300     1.007825032230
         H           -2.607720117400    -0.137948611900    -0.475961609300     1.007825032230
         H           -2.783547365200    -1.857135742700    -0.337894879600     1.007825032230
         H            0.277610622400     2.272224481500    -0.083323405000     1.007825032230
         H           -1.197911846100     2.329811845700     0.755336364700     1.007825032230
         H           -1.196965407600     1.986916231500    -0.826945831700     1.007825032230

  Nuclear repulsion =  220.440313039886234

  ==> Basis Set <==

  Basis Set: 6-31G*
    Blend: 6-31G*
    Number of shells: 48
    Number of basis functions: 102
    Number of Cartesian functions: 102
    Spherical Harmonics?: false
    Max angular momentum: 2

  ==> DFJKGrad: Density-Fitted SCF Gradients <==

    Gradient:                    1
    J tasked:                  Yes
    K tasked:                  Yes
    wK tasked:                 Yes
    Omega:               2.000E-01
    OpenMP threads:              4
    Integrals threads:           4
    Memory [MiB]:             4291
    Schwarz Cutoff:          1E-12
    Fitting Condition:       1E-10

   => Auxiliary Basis Set <=

  Basis Set: (6-31G* AUX)
    Blend: CC-PVDZ-JKFIT
    Number of shells: 198
    Number of basis functions: 636
    Number of Cartesian functions: 636
    Spherical Harmonics?: false
    Max angular momentum: 3

  ==> DFT Potential <==

   => LibXC <=

    Version 7.0.0
    S. Lehtola, C. Steigemann, M. J.T. Oliveira, and M. A.L. Marques.,  SoftwareX 7, 1–5 (2018) (10.1016/j.softx.2017.11.002)

   => Composite Functional: WB97X-D <= 

    wB97X-D Hyb-GGA Exchange-Correlation Functional

    J.-D. Chai and M. Head-Gordon.,  Phys. Chem. Chem. Phys. 10, 6615-6620 (2008) (10.1039/B810189B)

    Deriv               =              1
    GGA                 =           TRUE
    Meta                =          FALSE

    Exchange Hybrid     =           TRUE
    MP2 Hybrid          =          FALSE

   => Exchange-Correlation Functionals <=

    1.0000   wB97X-D range-separated functional

   => Exact (HF) Exchange <=

    0.7780            HF,LR [omega = 0.2000]
    0.2220               HF 

   => LibXC Density Thresholds  <==

    XC_HYB_GGA_XC_WB97X_D:  1.00E-14 

   => Molecular Quadrature <=

    Radial Scheme          =       TREUTLER
    Pruning Scheme         =           NONE
    Nuclear Scheme         =       TREUTLER

    Blocking Scheme        =         OCTREE
    BS radius alpha        =              1
    Pruning alpha          =              1
    Radial Points          =             75
    Spherical Points       =            302
    Total Points           =         254756
    Total Blocks           =           1933
    Max Points             =            256
    Max Functions          =            100
    Weights Tolerance      =       1.00E-15


  -Total Gradient:
     Atom            X                  Y                   Z
    ------   -----------------  -----------------  -----------------
       1        0.010460262411     0.035833604774     0.010323924264
       2        0.076778098881    -0.037002800374    -0.012297850732
       3       -0.004475033303     0.022603460525     0.002008480106
       4        0.047524933998     0.010054365026    -0.031052700852
       5       -0.023367593937    -0.015242647262     0.024801096893
       6       -0.060423260307    -0.021713073134     0.012869495183
       7       -0.036348442642     0.001419963477     0.008546827715
       8        0.010630447764    -0.026257296985     0.004953704289
       9       -0.027067006265     0.000786199142    -0.016930218211
      10        0.000528852634    -0.017458170060     0.000982047785
      11       -0.000593520242     0.026845863838    -0.028666764228
      12        0.006739452442     0.020053343037     0.024452764681


*** tstop() called on cst14372 at Tue Apr 21 11:20:17 2026
Module time:
	user time   =       3.84 seconds =       0.06 minutes
	system time =       0.08 seconds =       0.00 minutes
	total time  =          2 seconds =       0.03 minutes
Total time:
	user time   =    2419.15 seconds =      40.32 minutes
	system time =      35.68 seconds =       0.59 minutes
	total time  =       1170 seconds =      19.50 minutes

Scratch directory: /tmp/
   => Libint2 <=

    Primary   basis highest AM E, G, H:  6, 6, 3
    Auxiliary basis highest AM E, G, H:  7, 7, 4
    Onebody   basis highest AM E, G, H:  -, -, -
    Solid Harmonics ordering:            Gaussian

*** tstart() called on cst14372
*** at Tue Apr 21 11:20:17 2026

   => Loading Basis Set <=

    Name: 6-31G*
    Role: ORBITAL
    Keyword: BASIS
    atoms 1, 4-6 entry C          line   111 file /Users/jmsmith1/anaconda3/envs/jupyterenv/share/psi4/basis/6-31gs.gbs 
    atoms 2-3    entry O          line   145 file /Users/jmsmith1/anaconda3/envs/jupyterenv/share/psi4/basis/6-31gs.gbs 
    atoms 7-12   entry H          line    44 file /Users/jmsmith1/anaconda3/envs/jupyterenv/share/psi4/basis/6-31gs.gbs 

   => WB97X-D: Empirical Dispersion <=

    Chai and Head-Gordon Dispersion Correction
    Chai, J.-D.; Head-Gordon, M. (2010), J. Chem. Phys., 132: 6615-6620

        s6 =       1.000000


         ---------------------------------------------------------
                                   SCF
               by Justin Turney, Rob Parrish, Andy Simmonett
                          and Daniel G. A. Smith
                              RKS Reference
                        4 Threads,   5722 MiB Core
         ---------------------------------------------------------

  ==> Geometry <==

    Molecular point group: c1
    Full point group: C1

    Geometry (in Angstrom), charge = 0, multiplicity = 1:

       Center              X                  Y                   Z               Mass       
    ------------   -----------------  -----------------  -----------------  -----------------
         C            0.066579329600     0.349049339400     0.120716818400    12.000000000000
         O            1.411562697300     0.340397469700     0.026329525000    15.994914619570
         O            2.084566271600    -0.764328438600    -0.002703101600    15.994914619570
         C           -0.718432835800    -0.931283573900     0.015599198500    12.000000000000
         C           -2.085983113900    -1.007854544700    -0.176376911400    12.000000000000
         C           -0.653550572800     1.705855719500     0.050964692500    12.000000000000
         H           -0.479956161500    -1.863538047200     0.484153136600     1.007825032230
         H           -2.602121058400    -0.147782694400    -0.492724170100     1.007825032230
         H           -2.781281315100    -1.862034098800    -0.345023045700     1.007825032230
         H            0.272498164600     2.268688013600    -0.087068203100     1.007825032230
         H           -1.191385364200     2.328710837800     0.749015393200     1.007825032230
         H           -1.185273703500     1.977010133000    -0.810155305000     1.007825032230

  Running in c1 symmetry.

  Rotational constants: A =      0.17980  B =      0.09099  C =      0.06133 [cm^-1]
  Rotational constants: A =   5390.27420  B =   2727.90980  C =   1838.55862 [MHz]
  Nuclear repulsion =  220.434178921637397

  Charge       = 0
  Multiplicity = 1
  Electrons    = 46
  Nalpha       = 23
  Nbeta        = 23

  ==> Algorithm <==

  SCF Algorithm Type is DF.
  DIIS enabled.
  MOM disabled.
  Fractional occupation disabled.
  Guess Type is SAD.
  Energy threshold   = 1.00e-07
  Density threshold  = 1.00e-07
  Integral threshold = 1.00e-12

  ==> Primary Basis <==

  Basis Set: 6-31G*
    Blend: 6-31G*
    Number of shells: 48
    Number of basis functions: 102
    Number of Cartesian functions: 102
    Spherical Harmonics?: false
    Max angular momentum: 2

  ==> DFT Potential <==

   => LibXC <=

    Version 7.0.0
    S. Lehtola, C. Steigemann, M. J.T. Oliveira, and M. A.L. Marques.,  SoftwareX 7, 1–5 (2018) (10.1016/j.softx.2017.11.002)

   => Composite Functional: WB97X-D <= 

    wB97X-D Hyb-GGA Exchange-Correlation Functional

    J.-D. Chai and M. Head-Gordon.,  Phys. Chem. Chem. Phys. 10, 6615-6620 (2008) (10.1039/B810189B)

    Deriv               =              1
    GGA                 =           TRUE
    Meta                =          FALSE

    Exchange Hybrid     =           TRUE
    MP2 Hybrid          =          FALSE

   => Exchange-Correlation Functionals <=

    1.0000   wB97X-D range-separated functional

   => Exact (HF) Exchange <=

    0.7780            HF,LR [omega = 0.2000]
    0.2220               HF 

   => LibXC Density Thresholds  <==

    XC_HYB_GGA_XC_WB97X_D:  1.00E-14 

   => Molecular Quadrature <=

    Radial Scheme          =       TREUTLER
    Pruning Scheme         =           NONE
    Nuclear Scheme         =       TREUTLER

    Blocking Scheme        =         OCTREE
    BS radius alpha        =              1
    Pruning alpha          =              1
    Radial Points          =             75
    Spherical Points       =            302
    Total Points           =         254762
    Total Blocks           =           1927
    Max Points             =            256
    Max Functions          =            100
    Weights Tolerance      =       1.00E-15

   => Loading Basis Set <=

    Name: (6-31G* AUX)
    Role: JKFIT
    Keyword: DF_BASIS_SCF
    atoms 1, 4-6 entry C          line   121 file /Users/jmsmith1/anaconda3/envs/jupyterenv/share/psi4/basis/cc-pvdz-jkfit.gbs 
    atoms 2-3    entry O          line   221 file /Users/jmsmith1/anaconda3/envs/jupyterenv/share/psi4/basis/cc-pvdz-jkfit.gbs 
    atoms 7-12   entry H          line    51 file /Users/jmsmith1/anaconda3/envs/jupyterenv/share/psi4/basis/cc-pvdz-jkfit.gbs 

  ==> Integral Setup <==

  DFHelper Memory: AOs need 0.151 GiB; user supplied 3.609 GiB. 
  SCF_SUBTYPE=INCORE selected. In-core MEM_DF algorithm will be used.
  Using in-core AOs.

  ==> MemDFJK: Density-Fitted J/K Matrices <==

    J tasked:                   Yes
    K tasked:                   Yes
    wK tasked:                  Yes
    Omega:                2.000E-01
    OpenMP threads:               4
    Memory [MiB]:              3696
    Algorithm:                 Core
    Schwarz Cutoff:           1E-12
    Mask sparsity (%):       1.9800
    Fitting Condition:        1E-10

   => Auxiliary Basis Set <=

  Basis Set: (6-31G* AUX)
    Blend: CC-PVDZ-JKFIT
    Number of shells: 198
    Number of basis functions: 636
    Number of Cartesian functions: 636
    Spherical Harmonics?: false
    Max angular momentum: 3

  Cached 100.0% of DFT collocation blocks in 0.581 [GiB].

  Minimum eigenvalue in the overlap matrix is 3.7084513984E-03.
  Reciprocal condition number of the overlap matrix is 5.5072449577E-04.
    Using symmetric orthogonalization.

  ==> Pre-Iterations <==

  SCF Guess: Superposition of Atomic Densities via on-the-fly atomic UHF (no occupation information).

   -------------------------
    Irrep   Nso     Nmo    
   -------------------------
     A        102     102 
   -------------------------
    Total     102     102
   -------------------------

  ==> Iterations <==

                           Total Energy        Delta E     RMS |[F,P]|

   @DF-RKS iter SAD:  -300.18647675020077   -3.00186e+02   0.00000e+00 
   @DF-RKS iter   1:  -296.53896746032626    3.64751e+00   3.40375e-02 ADIIS/DIIS
   @DF-RKS iter   2:  -274.71964381477528    2.18193e+01   6.28818e-02 ADIIS/DIIS
   @DF-RKS iter   3:  -304.56713005163982   -2.98475e+01   1.74649e-02 ADIIS/DIIS
   @DF-RKS iter   4:  -302.93447450715939    1.63266e+00   2.35523e-02 ADIIS/DIIS
   @DF-RKS iter   5:  -306.03885877973482   -3.10438e+00   3.85399e-03 ADIIS/DIIS
   @DF-RKS iter   6:  -306.10551129033161   -6.66525e-02   2.49466e-03 ADIIS/DIIS
   @DF-RKS iter   7:  -306.13704982277932   -3.15385e-02   3.62852e-04 ADIIS/DIIS
   @DF-RKS iter   8:  -306.13816285032323   -1.11303e-03   1.67224e-04 ADIIS/DIIS
   @DF-RKS iter   9:  -306.13833143303947   -1.68583e-04   1.25243e-04 ADIIS/DIIS
   @DF-RKS iter  10:  -306.13840014103886   -6.87080e-05   5.59907e-05 DIIS
   @DF-RKS iter  11:  -306.13841065775739   -1.05167e-05   4.41435e-05 DIIS
   @DF-RKS iter  12:  -306.13842165588812   -1.09981e-05   7.84220e-06 DIIS
   @DF-RKS iter  13:  -306.13842214813934   -4.92251e-07   1.64927e-06 DIIS
   @DF-RKS iter  14:  -306.13842219249710   -4.43578e-08   7.86071e-07 DIIS
   @DF-RKS iter  15:  -306.13842222297893   -3.04818e-08   3.23757e-07 DIIS
   @DF-RKS iter  16:  -306.13842223035715   -7.37822e-09   1.55782e-07 DIIS
   @DF-RKS iter  17:  -306.13842223108639   -7.29244e-10   5.14115e-08 DIIS
  Energy and wave function converged.


  ==> Post-Iterations <==

   Electrons on quadrature grid:
      Ntotal   =   45.9999633755 ; deviation = -3.662e-05 

    Orbital Energies [Eh]
    ---------------------

    Doubly Occupied:                                                      

       1A    -19.429996     2A    -19.264542     3A    -10.425822  
       4A    -10.339230     5A    -10.334433     6A    -10.325325  
       7A     -1.300471     8A     -0.994085     9A     -0.896984  
      10A     -0.848459    11A     -0.747265    12A     -0.661322  
      13A     -0.615001    14A     -0.602996    15A     -0.578399  
      16A     -0.535164    17A     -0.507389    18A     -0.504593  
      19A     -0.476839    20A     -0.448177    21A     -0.383530  
      22A     -0.314577    23A     -0.296564  

    Virtual:                                                              

      24A     -0.031117    25A      0.085623    26A      0.159749  
      27A      0.174919    28A      0.206776    29A      0.227785  
      30A      0.239044    31A      0.256120    32A      0.267466  
      33A      0.297199    34A      0.336986    35A      0.413887  
      36A      0.433713    37A      0.563165    38A      0.577552  
      39A      0.598244    40A      0.623483    41A      0.648428  
      42A      0.690340    43A      0.696606    44A      0.705790  
      45A      0.747576    46A      0.795623    47A      0.842549  
      48A      0.878305    49A      0.900965    50A      0.920922  
      51A      0.938847    52A      0.946054    53A      0.971084  
      54A      0.999809    55A      1.027023    56A      1.039995  
      57A      1.061624    58A      1.095003    59A      1.129377  
      60A      1.151436    61A      1.179330    62A      1.189126  
      63A      1.340480    64A      1.364617    65A      1.407256  
      66A      1.446238    67A      1.510444    68A      1.604790  
      69A      1.614838    70A      1.714154    71A      1.738134  
      72A      1.768963    73A      1.796345    74A      1.836269  
      75A      1.881588    76A      1.904105    77A      1.942146  
      78A      1.970030    79A      2.051309    80A      2.145563  
      81A      2.179096    82A      2.242767    83A      2.311310  
      84A      2.330296    85A      2.364029    86A      2.393450  
      87A      2.469871    88A      2.511120    89A      2.541516  
      90A      2.604765    91A      2.701733    92A      2.764245  
      93A      2.888289    94A      2.900815    95A      3.081488  
      96A      3.195559    97A      3.584389    98A      4.089119  
      99A      4.113319   100A      4.241807   101A      4.339164  
     102A      4.578880  

    Final Occupation by Irrep:
              A 
    DOCC [    23 ]
    NA   [    23 ]
    NB   [    23 ]

  @DF-RKS Final Energy:  -306.13842223108639

   => Energetics <=

    Nuclear Repulsion Energy =            220.4341789216373968
    One-Electron Energy =                -852.2999499286173659
    Two-Electron Energy =                 353.9624978045209787
    DFT Exchange-Correlation Energy =     -28.2310100214194364
    Empirical Dispersion Energy =          -0.0041390072080448
    VV10 Nonlocal Energy =                  0.0000000000000000
    Total Energy =                       -306.1384222310863947

Computation Completed


Properties will be evaluated at   0.000000,   0.000000,   0.000000 [a0]

Properties computed using the SCF density matrix


 Multipole Moments:

 ------------------------------------------------------------------------------------
     Multipole            Electronic (a.u.)      Nuclear  (a.u.)        Total (a.u.)
 ------------------------------------------------------------------------------------

 L = 1.  Multiply by 2.5417464519 to convert [e a0] to [Debye]
 Dipole X            :         -1.1518095           -0.6553775           -1.8071870
 Dipole Y            :          0.7044430            0.0079520            0.7123951
 Dipole Z            :          0.4608179           -0.4674578           -0.0066399
 Magnitude           :                                                    1.9425436

 ------------------------------------------------------------------------------------

*** tstop() called on cst14372 at Tue Apr 21 11:20:31 2026
Module time:
	user time   =      28.01 seconds =       0.47 minutes
	system time =       0.44 seconds =       0.01 minutes
	total time  =         14 seconds =       0.23 minutes
Total time:
	user time   =    2447.18 seconds =      40.79 minutes
	system time =      36.12 seconds =       0.60 minutes
	total time  =       1184 seconds =      19.73 minutes

Scratch directory: /tmp/
gradient() will perform analytic gradient computation.

*** tstart() called on cst14372
*** at Tue Apr 21 11:20:31 2026


         ------------------------------------------------------------
                                   SCF GRAD                          
                          Rob Parrish, Justin Turney,                
                       Andy Simmonett, and Alex Sokolov              
         ------------------------------------------------------------

  ==> Geometry <==

    Molecular point group: c1
    Full point group: C1

    Geometry (in Angstrom), charge = 0, multiplicity = 1:

       Center              X                  Y                   Z               Mass       
    ------------   -----------------  -----------------  -----------------  -----------------
         C            0.066579329600     0.349049339400     0.120716818400    12.000000000000
         O            1.411562697300     0.340397469700     0.026329525000    15.994914619570
         O            2.084566271600    -0.764328438600    -0.002703101600    15.994914619570
         C           -0.718432835800    -0.931283573900     0.015599198500    12.000000000000
         C           -2.085983113900    -1.007854544700    -0.176376911400    12.000000000000
         C           -0.653550572800     1.705855719500     0.050964692500    12.000000000000
         H           -0.479956161500    -1.863538047200     0.484153136600     1.007825032230
         H           -2.602121058400    -0.147782694400    -0.492724170100     1.007825032230
         H           -2.781281315100    -1.862034098800    -0.345023045700     1.007825032230
         H            0.272498164600     2.268688013600    -0.087068203100     1.007825032230
         H           -1.191385364200     2.328710837800     0.749015393200     1.007825032230
         H           -1.185273703500     1.977010133000    -0.810155305000     1.007825032230

  Nuclear repulsion =  220.434178921637397

  ==> Basis Set <==

  Basis Set: 6-31G*
    Blend: 6-31G*
    Number of shells: 48
    Number of basis functions: 102
    Number of Cartesian functions: 102
    Spherical Harmonics?: false
    Max angular momentum: 2

  ==> DFJKGrad: Density-Fitted SCF Gradients <==

    Gradient:                    1
    J tasked:                  Yes
    K tasked:                  Yes
    wK tasked:                 Yes
    Omega:               2.000E-01
    OpenMP threads:              4
    Integrals threads:           4
    Memory [MiB]:             4291
    Schwarz Cutoff:          1E-12
    Fitting Condition:       1E-10

   => Auxiliary Basis Set <=

  Basis Set: (6-31G* AUX)
    Blend: CC-PVDZ-JKFIT
    Number of shells: 198
    Number of basis functions: 636
    Number of Cartesian functions: 636
    Spherical Harmonics?: false
    Max angular momentum: 3

  ==> DFT Potential <==

   => LibXC <=

    Version 7.0.0
    S. Lehtola, C. Steigemann, M. J.T. Oliveira, and M. A.L. Marques.,  SoftwareX 7, 1–5 (2018) (10.1016/j.softx.2017.11.002)

   => Composite Functional: WB97X-D <= 

    wB97X-D Hyb-GGA Exchange-Correlation Functional

    J.-D. Chai and M. Head-Gordon.,  Phys. Chem. Chem. Phys. 10, 6615-6620 (2008) (10.1039/B810189B)

    Deriv               =              1
    GGA                 =           TRUE
    Meta                =          FALSE

    Exchange Hybrid     =           TRUE
    MP2 Hybrid          =          FALSE

   => Exchange-Correlation Functionals <=

    1.0000   wB97X-D range-separated functional

   => Exact (HF) Exchange <=

    0.7780            HF,LR [omega = 0.2000]
    0.2220               HF 

   => LibXC Density Thresholds  <==

    XC_HYB_GGA_XC_WB97X_D:  1.00E-14 

   => Molecular Quadrature <=

    Radial Scheme          =       TREUTLER
    Pruning Scheme         =           NONE
    Nuclear Scheme         =       TREUTLER

    Blocking Scheme        =         OCTREE
    BS radius alpha        =              1
    Pruning alpha          =              1
    Radial Points          =             75
    Spherical Points       =            302
    Total Points           =         254762
    Total Blocks           =           1927
    Max Points             =            256
    Max Functions          =            100
    Weights Tolerance      =       1.00E-15


  -Total Gradient:
     Atom            X                  Y                   Z
    ------   -----------------  -----------------  -----------------
       1        0.010997214892     0.034652098274     0.011059194980
       2        0.077959871907    -0.036154878602    -0.012685167248
       3       -0.004169878105     0.022230333785     0.002019635589
       4        0.049256389478     0.001403805131    -0.028145847102
       5       -0.027650884563    -0.010759324724     0.023168239750
       6       -0.074440082034    -0.010840996536     0.002734781181
       7       -0.038126394980     0.008996455916     0.005195096610
       8        0.013120882174    -0.030452026486     0.006733391600
       9       -0.026516637830     0.000857016283    -0.017109905713
      10       -0.000828340533    -0.018354527106     0.000951900890
      11        0.003557012589     0.022446184944    -0.034430352220
      12        0.017152468764     0.015826692939     0.040497024845


*** tstop() called on cst14372 at Tue Apr 21 11:20:33 2026
Module time:
	user time   =       3.94 seconds =       0.07 minutes
	system time =       0.09 seconds =       0.00 minutes
	total time  =          2 seconds =       0.03 minutes
Total time:
	user time   =    2451.14 seconds =      40.85 minutes
	system time =      36.21 seconds =       0.60 minutes
	total time  =       1186 seconds =      19.77 minutes

Scratch directory: /tmp/
   => Libint2 <=

    Primary   basis highest AM E, G, H:  6, 6, 3
    Auxiliary basis highest AM E, G, H:  7, 7, 4
    Onebody   basis highest AM E, G, H:  -, -, -
    Solid Harmonics ordering:            Gaussian

*** tstart() called on cst14372
*** at Tue Apr 21 11:20:33 2026

   => Loading Basis Set <=

    Name: 6-31G*
    Role: ORBITAL
    Keyword: BASIS
    atoms 1, 4-6 entry C          line   111 file /Users/jmsmith1/anaconda3/envs/jupyterenv/share/psi4/basis/6-31gs.gbs 
    atoms 2-3    entry O          line   145 file /Users/jmsmith1/anaconda3/envs/jupyterenv/share/psi4/basis/6-31gs.gbs 
    atoms 7-12   entry H          line    44 file /Users/jmsmith1/anaconda3/envs/jupyterenv/share/psi4/basis/6-31gs.gbs 

   => WB97X-D: Empirical Dispersion <=

    Chai and Head-Gordon Dispersion Correction
    Chai, J.-D.; Head-Gordon, M. (2010), J. Chem. Phys., 132: 6615-6620

        s6 =       1.000000


         ---------------------------------------------------------
                                   SCF
               by Justin Turney, Rob Parrish, Andy Simmonett
                          and Daniel G. A. Smith
                              RKS Reference
                        4 Threads,   5722 MiB Core
         ---------------------------------------------------------

  ==> Geometry <==

    Molecular point group: c1
    Full point group: C1

    Geometry (in Angstrom), charge = 0, multiplicity = 1:

       Center              X                  Y                   Z               Mass       
    ------------   -----------------  -----------------  -----------------  -----------------
         C            0.066385303000     0.347613200300     0.124913434000    12.000000000000
         O            1.412326366500     0.342791825100     0.027584705700    15.994914619570
         O            2.088680600200    -0.760670611500    -0.002856080100    15.994914619570
         C           -0.719967806200    -0.935266995000     0.017583206900    12.000000000000
         C           -2.087212057600    -1.010652814000    -0.183957145700    12.000000000000
         C           -0.658605457900     1.707448364300     0.051528603700    12.000000000000
         H           -0.482797624300    -1.851558749700     0.493868179800     1.007825032230
         H           -2.596959762800    -0.156592333100    -0.509763857300     1.007825032230
         H           -2.778094272700    -1.866975115900    -0.351579896600     1.007825032230
         H            0.267400625600     2.265775404100    -0.090855853300     1.007825032230
         H           -1.184964173100     2.326832398900     0.743865522900     1.007825032230
         H           -1.174142587900     1.966531473600    -0.794717226900     1.007825032230

  Running in c1 symmetry.

  Rotational constants: A =      0.17967  B =      0.09077  C =      0.06122 [cm^-1]
  Rotational constants: A =   5386.32791  B =   2721.31140  C =   1835.38513 [MHz]
  Nuclear repulsion =  220.421114779769624

  Charge       = 0
  Multiplicity = 1
  Electrons    = 46
  Nalpha       = 23
  Nbeta        = 23

  ==> Algorithm <==

  SCF Algorithm Type is DF.
  DIIS enabled.
  MOM disabled.
  Fractional occupation disabled.
  Guess Type is SAD.
  Energy threshold   = 1.00e-07
  Density threshold  = 1.00e-07
  Integral threshold = 1.00e-12

  ==> Primary Basis <==

  Basis Set: 6-31G*
    Blend: 6-31G*
    Number of shells: 48
    Number of basis functions: 102
    Number of Cartesian functions: 102
    Spherical Harmonics?: false
    Max angular momentum: 2

  ==> DFT Potential <==

   => LibXC <=

    Version 7.0.0
    S. Lehtola, C. Steigemann, M. J.T. Oliveira, and M. A.L. Marques.,  SoftwareX 7, 1–5 (2018) (10.1016/j.softx.2017.11.002)

   => Composite Functional: WB97X-D <= 

    wB97X-D Hyb-GGA Exchange-Correlation Functional

    J.-D. Chai and M. Head-Gordon.,  Phys. Chem. Chem. Phys. 10, 6615-6620 (2008) (10.1039/B810189B)

    Deriv               =              1
    GGA                 =           TRUE
    Meta                =          FALSE

    Exchange Hybrid     =           TRUE
    MP2 Hybrid          =          FALSE

   => Exchange-Correlation Functionals <=

    1.0000   wB97X-D range-separated functional

   => Exact (HF) Exchange <=

    0.7780            HF,LR [omega = 0.2000]
    0.2220               HF 

   => LibXC Density Thresholds  <==

    XC_HYB_GGA_XC_WB97X_D:  1.00E-14 

   => Molecular Quadrature <=

    Radial Scheme          =       TREUTLER
    Pruning Scheme         =           NONE
    Nuclear Scheme         =       TREUTLER

    Blocking Scheme        =         OCTREE
    BS radius alpha        =              1
    Pruning alpha          =              1
    Radial Points          =             75
    Spherical Points       =            302
    Total Points           =         254733
    Total Blocks           =           1916
    Max Points             =            256
    Max Functions          =            100
    Weights Tolerance      =       1.00E-15

   => Loading Basis Set <=

    Name: (6-31G* AUX)
    Role: JKFIT
    Keyword: DF_BASIS_SCF
    atoms 1, 4-6 entry C          line   121 file /Users/jmsmith1/anaconda3/envs/jupyterenv/share/psi4/basis/cc-pvdz-jkfit.gbs 
    atoms 2-3    entry O          line   221 file /Users/jmsmith1/anaconda3/envs/jupyterenv/share/psi4/basis/cc-pvdz-jkfit.gbs 
    atoms 7-12   entry H          line    51 file /Users/jmsmith1/anaconda3/envs/jupyterenv/share/psi4/basis/cc-pvdz-jkfit.gbs 

  ==> Integral Setup <==

  DFHelper Memory: AOs need 0.151 GiB; user supplied 3.609 GiB. 
  SCF_SUBTYPE=INCORE selected. In-core MEM_DF algorithm will be used.
  Using in-core AOs.

  ==> MemDFJK: Density-Fitted J/K Matrices <==

    J tasked:                   Yes
    K tasked:                   Yes
    wK tasked:                  Yes
    Omega:                2.000E-01
    OpenMP threads:               4
    Memory [MiB]:              3695
    Algorithm:                 Core
    Schwarz Cutoff:           1E-12
    Mask sparsity (%):       1.9992
    Fitting Condition:        1E-10

   => Auxiliary Basis Set <=

  Basis Set: (6-31G* AUX)
    Blend: CC-PVDZ-JKFIT
    Number of shells: 198
    Number of basis functions: 636
    Number of Cartesian functions: 636
    Spherical Harmonics?: false
    Max angular momentum: 3

  Cached 100.0% of DFT collocation blocks in 0.582 [GiB].

  Minimum eigenvalue in the overlap matrix is 3.7549579009E-03.
  Reciprocal condition number of the overlap matrix is 5.5727121124E-04.
    Using symmetric orthogonalization.

  ==> Pre-Iterations <==

  SCF Guess: Superposition of Atomic Densities via on-the-fly atomic UHF (no occupation information).

   -------------------------
    Irrep   Nso     Nmo    
   -------------------------
     A        102     102 
   -------------------------
    Total     102     102
   -------------------------

  ==> Iterations <==

                           Total Energy        Delta E     RMS |[F,P]|

   @DF-RKS iter SAD:  -300.20771422469977   -3.00208e+02   0.00000e+00 
   @DF-RKS iter   1:  -296.59080900442251    3.61691e+00   3.39587e-02 ADIIS/DIIS
   @DF-RKS iter   2:  -274.92185445494806    2.16690e+01   6.26337e-02 ADIIS/DIIS
   @DF-RKS iter   3:  -304.58238523559203   -2.96605e+01   1.73982e-02 ADIIS/DIIS
   @DF-RKS iter   4:  -303.13349260665484    1.44889e+00   2.31126e-02 ADIIS/DIIS
   @DF-RKS iter   5:  -306.04138453291353   -2.90789e+00   3.75221e-03 ADIIS/DIIS
   @DF-RKS iter   6:  -306.10301540974780   -6.16309e-02   2.46429e-03 ADIIS/DIIS
   @DF-RKS iter   7:  -306.13364820018722   -3.06328e-02   3.47602e-04 ADIIS/DIIS
   @DF-RKS iter   8:  -306.13463936887206   -9.91169e-04   1.76001e-04 ADIIS/DIIS
   @DF-RKS iter   9:  -306.13481849350455   -1.79125e-04   1.22734e-04 ADIIS/DIIS
   @DF-RKS iter  10:  -306.13488641342065   -6.79199e-05   5.21827e-05 DIIS
   @DF-RKS iter  11:  -306.13489582019815   -9.40678e-06   4.07909e-05 DIIS
   @DF-RKS iter  12:  -306.13490526357197   -9.44337e-06   8.26824e-06 DIIS
   @DF-RKS iter  13:  -306.13490578966258   -5.26091e-07   1.45952e-06 DIIS
   @DF-RKS iter  14:  -306.13490583012089   -4.04583e-08   7.50354e-07 DIIS
   @DF-RKS iter  15:  -306.13490585908789   -2.89670e-08   2.99354e-07 DIIS
   @DF-RKS iter  16:  -306.13490586526882   -6.18093e-09   9.15951e-08 DIIS
  Energy and wave function converged.


  ==> Post-Iterations <==

   Electrons on quadrature grid:
      Ntotal   =   45.9999641625 ; deviation = -3.584e-05 

    Orbital Energies [Eh]
    ---------------------

    Doubly Occupied:                                                      

       1A    -19.430030     2A    -19.264463     3A    -10.426174  
       4A    -10.338669     5A    -10.333999     6A    -10.321852  
       7A     -1.299751     8A     -0.993457     9A     -0.897176  
      10A     -0.850767    11A     -0.747793    12A     -0.662751  
      13A     -0.614892    14A     -0.603141    15A     -0.578134  
      16A     -0.535487    17A     -0.511003    18A     -0.504986  
      19A     -0.477522    20A     -0.448929    21A     -0.383304  
      22A     -0.314554    23A     -0.296695  

    Virtual:                                                              

      24A     -0.030964    25A      0.085027    26A      0.161140  
      27A      0.176294    28A      0.207198    29A      0.229393  
      30A      0.240878    31A      0.257366    32A      0.271955  
      33A      0.295971    34A      0.336642    35A      0.412687  
      36A      0.432481    37A      0.563674    38A      0.576590  
      39A      0.596555    40A      0.622356    41A      0.647509  
      42A      0.689651    43A      0.695124    44A      0.704503  
      45A      0.746356    46A      0.794207    47A      0.841705  
      48A      0.879431    49A      0.901015    50A      0.922135  
      51A      0.941663    52A      0.953915    53A      0.976567  
      54A      1.002016    55A      1.029037    56A      1.047032  
      57A      1.064745    58A      1.102367    59A      1.131841  
      60A      1.151940    61A      1.178878    62A      1.190495  
      63A      1.339773    64A      1.363403    65A      1.408142  
      66A      1.446847    67A      1.513395    68A      1.602875  
      69A      1.614753    70A      1.710903    71A      1.739870  
      72A      1.768627    73A      1.794344    74A      1.835043  
      75A      1.881688    76A      1.904843    77A      1.942606  
      78A      1.971826    79A      2.050944    80A      2.148632  
      81A      2.176792    82A      2.250362    83A      2.310951  
      84A      2.333423    85A      2.363773    86A      2.400735  
      87A      2.472186    88A      2.511087    89A      2.540725  
      90A      2.610805    91A      2.701501    92A      2.763274  
      93A      2.887285    94A      2.898344    95A      3.078904  
      96A      3.193114    97A      3.583328    98A      4.088287  
      99A      4.112368   100A      4.243398   101A      4.342624  
     102A      4.578001  

    Final Occupation by Irrep:
              A 
    DOCC [    23 ]
    NA   [    23 ]
    NB   [    23 ]

  @DF-RKS Final Energy:  -306.13490586526882

   => Energetics <=

    Nuclear Repulsion Energy =            220.4211147797696242
    One-Electron Energy =                -852.2499485827354420
    Two-Electron Energy =                 353.9409661354973196
    DFT Exchange-Correlation Energy =     -28.2429029313255526
    Empirical Dispersion Energy =          -0.0041352664747578
    VV10 Nonlocal Energy =                  0.0000000000000000
    Total Energy =                       -306.1349058652688200

Computation Completed


Properties will be evaluated at   0.000000,   0.000000,   0.000000 [a0]

Properties computed using the SCF density matrix


 Multipole Moments:

 ------------------------------------------------------------------------------------
     Multipole            Electronic (a.u.)      Nuclear  (a.u.)        Total (a.u.)
 ------------------------------------------------------------------------------------

 L = 1.  Multiply by 2.5417464519 to convert [e a0] to [Debye]
 Dipole X            :         -1.1718628           -0.6385426           -1.8104054
 Dipole Y            :          0.7170990           -0.0078739            0.7092251
 Dipole Z            :          0.4654663           -0.4742183           -0.0087520
 Magnitude           :                                                    1.9443879

 ------------------------------------------------------------------------------------

*** tstop() called on cst14372 at Tue Apr 21 11:20:46 2026
Module time:
	user time   =      26.51 seconds =       0.44 minutes
	system time =       0.33 seconds =       0.01 minutes
	total time  =         13 seconds =       0.22 minutes
Total time:
	user time   =    2477.67 seconds =      41.29 minutes
	system time =      36.56 seconds =       0.61 minutes
	total time  =       1199 seconds =      19.98 minutes

Scratch directory: /tmp/
gradient() will perform analytic gradient computation.

*** tstart() called on cst14372
*** at Tue Apr 21 11:20:46 2026


         ------------------------------------------------------------
                                   SCF GRAD                          
                          Rob Parrish, Justin Turney,                
                       Andy Simmonett, and Alex Sokolov              
         ------------------------------------------------------------

  ==> Geometry <==

    Molecular point group: c1
    Full point group: C1

    Geometry (in Angstrom), charge = 0, multiplicity = 1:

       Center              X                  Y                   Z               Mass       
    ------------   -----------------  -----------------  -----------------  -----------------
         C            0.066385303000     0.347613200300     0.124913434000    12.000000000000
         O            1.412326366500     0.342791825100     0.027584705700    15.994914619570
         O            2.088680600200    -0.760670611500    -0.002856080100    15.994914619570
         C           -0.719967806200    -0.935266995000     0.017583206900    12.000000000000
         C           -2.087212057600    -1.010652814000    -0.183957145700    12.000000000000
         C           -0.658605457900     1.707448364300     0.051528603700    12.000000000000
         H           -0.482797624300    -1.851558749700     0.493868179800     1.007825032230
         H           -2.596959762800    -0.156592333100    -0.509763857300     1.007825032230
         H           -2.778094272700    -1.866975115900    -0.351579896600     1.007825032230
         H            0.267400625600     2.265775404100    -0.090855853300     1.007825032230
         H           -1.184964173100     2.326832398900     0.743865522900     1.007825032230
         H           -1.174142587900     1.966531473600    -0.794717226900     1.007825032230

  Nuclear repulsion =  220.421114779769624

  ==> Basis Set <==

  Basis Set: 6-31G*
    Blend: 6-31G*
    Number of shells: 48
    Number of basis functions: 102
    Number of Cartesian functions: 102
    Spherical Harmonics?: false
    Max angular momentum: 2

  ==> DFJKGrad: Density-Fitted SCF Gradients <==

    Gradient:                    1
    J tasked:                  Yes
    K tasked:                  Yes
    wK tasked:                 Yes
    Omega:               2.000E-01
    OpenMP threads:              4
    Integrals threads:           4
    Memory [MiB]:             4291
    Schwarz Cutoff:          1E-12
    Fitting Condition:       1E-10

   => Auxiliary Basis Set <=

  Basis Set: (6-31G* AUX)
    Blend: CC-PVDZ-JKFIT
    Number of shells: 198
    Number of basis functions: 636
    Number of Cartesian functions: 636
    Spherical Harmonics?: false
    Max angular momentum: 3

  ==> DFT Potential <==

   => LibXC <=

    Version 7.0.0
    S. Lehtola, C. Steigemann, M. J.T. Oliveira, and M. A.L. Marques.,  SoftwareX 7, 1–5 (2018) (10.1016/j.softx.2017.11.002)

   => Composite Functional: WB97X-D <= 

    wB97X-D Hyb-GGA Exchange-Correlation Functional

    J.-D. Chai and M. Head-Gordon.,  Phys. Chem. Chem. Phys. 10, 6615-6620 (2008) (10.1039/B810189B)

    Deriv               =              1
    GGA                 =           TRUE
    Meta                =          FALSE

    Exchange Hybrid     =           TRUE
    MP2 Hybrid          =          FALSE

   => Exchange-Correlation Functionals <=

    1.0000   wB97X-D range-separated functional

   => Exact (HF) Exchange <=

    0.7780            HF,LR [omega = 0.2000]
    0.2220               HF 

   => LibXC Density Thresholds  <==

    XC_HYB_GGA_XC_WB97X_D:  1.00E-14 

   => Molecular Quadrature <=

    Radial Scheme          =       TREUTLER
    Pruning Scheme         =           NONE
    Nuclear Scheme         =       TREUTLER

    Blocking Scheme        =         OCTREE
    BS radius alpha        =              1
    Pruning alpha          =              1
    Radial Points          =             75
    Spherical Points       =            302
    Total Points           =         254733
    Total Blocks           =           1916
    Max Points             =            256
    Max Functions          =            100
    Weights Tolerance      =       1.00E-15


  -Total Gradient:
     Atom            X                  Y                   Z
    ------   -----------------  -----------------  -----------------
       1        0.011462155435     0.033312344066     0.011825557769
       2        0.078969956229    -0.035082845166    -0.013061906254
       3       -0.003791288822     0.021708026014     0.002026266657
       4        0.050812649534    -0.007317775784    -0.024977652147
       5       -0.031706557901    -0.007038481302     0.021513105230
       6       -0.089242402231     0.000462957334    -0.008866518217
       7       -0.039726140925     0.016516569194     0.001650349730
       8        0.015145675629    -0.033851854927     0.008350437631
       9       -0.025709293481     0.001085112050    -0.017195549991
      10       -0.002071892105    -0.019115038139     0.000921958142
      11        0.007770151042     0.017841387448    -0.040083836225
      12        0.028320743800     0.011253043819     0.057888868731


*** tstop() called on cst14372 at Tue Apr 21 11:20:47 2026
Module time:
	user time   =       3.75 seconds =       0.06 minutes
	system time =       0.06 seconds =       0.00 minutes
	total time  =          1 seconds =       0.02 minutes
Total time:
	user time   =    2481.44 seconds =      41.36 minutes
	system time =      36.62 seconds =       0.61 minutes
	total time  =       1200 seconds =      20.00 minutes

Scratch directory: /tmp/
   => Libint2 <=

    Primary   basis highest AM E, G, H:  6, 6, 3
    Auxiliary basis highest AM E, G, H:  7, 7, 4
    Onebody   basis highest AM E, G, H:  -, -, -
    Solid Harmonics ordering:            Gaussian

*** tstart() called on cst14372
*** at Tue Apr 21 11:20:48 2026

   => Loading Basis Set <=

    Name: 6-31G*
    Role: ORBITAL
    Keyword: BASIS
    atoms 1, 4-6 entry C          line   111 file /Users/jmsmith1/anaconda3/envs/jupyterenv/share/psi4/basis/6-31gs.gbs 
    atoms 2-3    entry O          line   145 file /Users/jmsmith1/anaconda3/envs/jupyterenv/share/psi4/basis/6-31gs.gbs 
    atoms 7-12   entry H          line    44 file /Users/jmsmith1/anaconda3/envs/jupyterenv/share/psi4/basis/6-31gs.gbs 

   => WB97X-D: Empirical Dispersion <=

    Chai and Head-Gordon Dispersion Correction
    Chai, J.-D.; Head-Gordon, M. (2010), J. Chem. Phys., 132: 6615-6620

        s6 =       1.000000


         ---------------------------------------------------------
                                   SCF
               by Justin Turney, Rob Parrish, Andy Simmonett
                          and Daniel G. A. Smith
                              RKS Reference
                        4 Threads,   5722 MiB Core
         ---------------------------------------------------------

  ==> Geometry <==

    Molecular point group: c1
    Full point group: C1

    Geometry (in Angstrom), charge = 0, multiplicity = 1:

       Center              X                  Y                   Z               Mass       
    ------------   -----------------  -----------------  -----------------  -----------------
         C            0.066157532900     0.346076521800     0.129087693900    12.000000000000
         O            1.412920512600     0.345269237300     0.028871840200    15.994914619570
         O            2.092814828500    -0.757049615500    -0.003013897400    15.994914619570
         C           -0.721654275700    -0.939240510600     0.019645170300    12.000000000000
         C           -2.088352663200    -1.013438628800    -0.191621157900    12.000000000000
         C           -0.663416225000     1.709044181000     0.052119789600    12.000000000000
         H           -0.484276307400    -1.840115448400     0.503553800300     1.007825032230
         H           -2.592306475600    -0.164258805900    -0.527139972300     1.007825032230
         H           -2.774011049400    -1.871967576400    -0.357561958100     1.007825032230
         H            0.262360138400     2.263514145100    -0.094686049200     1.007825032230
         H           -1.178792913400     2.324332984700     0.740084235000     1.007825032230
         H           -1.163957198400     1.955634815800    -0.781232979700     1.007825032230

  Running in c1 symmetry.

  Rotational constants: A =      0.17952  B =      0.09056  C =      0.06112 [cm^-1]
  Rotational constants: A =   5381.80280  B =   2714.77188  C =   1832.27172 [MHz]
  Nuclear repulsion =  220.394407715925382

  Charge       = 0
  Multiplicity = 1
  Electrons    = 46
  Nalpha       = 23
  Nbeta        = 23

  ==> Algorithm <==

  SCF Algorithm Type is DF.
  DIIS enabled.
  MOM disabled.
  Fractional occupation disabled.
  Guess Type is SAD.
  Energy threshold   = 1.00e-07
  Density threshold  = 1.00e-07
  Integral threshold = 1.00e-12

  ==> Primary Basis <==

  Basis Set: 6-31G*
    Blend: 6-31G*
    Number of shells: 48
    Number of basis functions: 102
    Number of Cartesian functions: 102
    Spherical Harmonics?: false
    Max angular momentum: 2

  ==> DFT Potential <==

   => LibXC <=

    Version 7.0.0
    S. Lehtola, C. Steigemann, M. J.T. Oliveira, and M. A.L. Marques.,  SoftwareX 7, 1–5 (2018) (10.1016/j.softx.2017.11.002)

   => Composite Functional: WB97X-D <= 

    wB97X-D Hyb-GGA Exchange-Correlation Functional

    J.-D. Chai and M. Head-Gordon.,  Phys. Chem. Chem. Phys. 10, 6615-6620 (2008) (10.1039/B810189B)

    Deriv               =              1
    GGA                 =           TRUE
    Meta                =          FALSE

    Exchange Hybrid     =           TRUE
    MP2 Hybrid          =          FALSE

   => Exchange-Correlation Functionals <=

    1.0000   wB97X-D range-separated functional

   => Exact (HF) Exchange <=

    0.7780            HF,LR [omega = 0.2000]
    0.2220               HF 

   => LibXC Density Thresholds  <==

    XC_HYB_GGA_XC_WB97X_D:  1.00E-14 

   => Molecular Quadrature <=

    Radial Scheme          =       TREUTLER
    Pruning Scheme         =           NONE
    Nuclear Scheme         =       TREUTLER

    Blocking Scheme        =         OCTREE
    BS radius alpha        =              1
    Pruning alpha          =              1
    Radial Points          =             75
    Spherical Points       =            302
    Total Points           =         254703
    Total Blocks           =           1917
    Max Points             =            256
    Max Functions          =            100
    Weights Tolerance      =       1.00E-15

   => Loading Basis Set <=

    Name: (6-31G* AUX)
    Role: JKFIT
    Keyword: DF_BASIS_SCF
    atoms 1, 4-6 entry C          line   121 file /Users/jmsmith1/anaconda3/envs/jupyterenv/share/psi4/basis/cc-pvdz-jkfit.gbs 
    atoms 2-3    entry O          line   221 file /Users/jmsmith1/anaconda3/envs/jupyterenv/share/psi4/basis/cc-pvdz-jkfit.gbs 
    atoms 7-12   entry H          line    51 file /Users/jmsmith1/anaconda3/envs/jupyterenv/share/psi4/basis/cc-pvdz-jkfit.gbs 

  ==> Integral Setup <==

  DFHelper Memory: AOs need 0.151 GiB; user supplied 3.610 GiB. 
  SCF_SUBTYPE=INCORE selected. In-core MEM_DF algorithm will be used.
  Using in-core AOs.

  ==> MemDFJK: Density-Fitted J/K Matrices <==

    J tasked:                   Yes
    K tasked:                   Yes
    wK tasked:                  Yes
    Omega:                2.000E-01
    OpenMP threads:               4
    Memory [MiB]:              3696
    Algorithm:                 Core
    Schwarz Cutoff:           1E-12
    Mask sparsity (%):       1.9992
    Fitting Condition:        1E-10

   => Auxiliary Basis Set <=

  Basis Set: (6-31G* AUX)
    Blend: CC-PVDZ-JKFIT
    Number of shells: 198
    Number of basis functions: 636
    Number of Cartesian functions: 636
    Spherical Harmonics?: false
    Max angular momentum: 3

  Cached 100.0% of DFT collocation blocks in 0.581 [GiB].

  Minimum eigenvalue in the overlap matrix is 3.8019232767E-03.
  Reciprocal condition number of the overlap matrix is 5.6391645287E-04.
    Using symmetric orthogonalization.

  ==> Pre-Iterations <==

  SCF Guess: Superposition of Atomic Densities via on-the-fly atomic UHF (no occupation information).

   -------------------------
    Irrep   Nso     Nmo    
   -------------------------
     A        102     102 
   -------------------------
    Total     102     102
   -------------------------

  ==> Iterations <==

                           Total Energy        Delta E     RMS |[F,P]|

   @DF-RKS iter SAD:  -300.22404203198931   -3.00224e+02   0.00000e+00 
   @DF-RKS iter   1:  -296.64343941982565    3.58060e+00   3.38749e-02 ADIIS/DIIS
   @DF-RKS iter   2:  -275.11264879722586    2.15308e+01   6.23950e-02 ADIIS/DIIS
   @DF-RKS iter   3:  -304.59594438017029   -2.94833e+01   1.73351e-02 ADIIS/DIIS
   @DF-RKS iter   4:  -303.29443091991800    1.30151e+00   2.26805e-02 ADIIS/DIIS
   @DF-RKS iter   5:  -306.04196194158715   -2.74753e+00   3.67502e-03 ADIIS/DIIS
   @DF-RKS iter   6:  -306.10003754787243   -5.80756e-02   2.43016e-03 ADIIS/DIIS
   @DF-RKS iter   7:  -306.12971134365102   -2.96738e-02   3.37129e-04 ADIIS/DIIS
   @DF-RKS iter   8:  -306.13060282798023   -8.91484e-04   1.86390e-04 ADIIS/DIIS
   @DF-RKS iter   9:  -306.13079946483327   -1.96637e-04   1.17173e-04 ADIIS/DIIS
   @DF-RKS iter  10:  -306.13086376315960   -6.42983e-05   4.89305e-05 DIIS
   @DF-RKS iter  11:  -306.13087218518308   -8.42202e-06   3.79224e-05 DIIS
   @DF-RKS iter  12:  -306.13088036125379   -8.17607e-06   8.69038e-06 DIIS
   @DF-RKS iter  13:  -306.13088092446839   -5.63215e-07   1.29566e-06 DIIS
   @DF-RKS iter  14:  -306.13088096173135   -3.72630e-08   7.29265e-07 DIIS
   @DF-RKS iter  15:  -306.13088098805162   -2.63203e-08   3.29456e-07 DIIS
   @DF-RKS iter  16:  -306.13088099368576   -5.63415e-09   1.39498e-07 DIIS
   @DF-RKS iter  17:  -306.13088099456746   -8.81698e-10   5.01690e-08 DIIS
  Energy and wave function converged.


  ==> Post-Iterations <==

   Electrons on quadrature grid:
      Ntotal   =   45.9999653804 ; deviation = -3.462e-05 

    Orbital Energies [Eh]
    ---------------------

    Doubly Occupied:                                                      

       1A    -19.430024     2A    -19.264356     3A    -10.426485  
       4A    -10.338206     5A    -10.333690     6A    -10.318665  
       7A     -1.298915     8A     -0.992822     9A     -0.897354  
      10A     -0.852932    11A     -0.748256    12A     -0.663940  
      13A     -0.614702    14A     -0.603034    15A     -0.577870  
      16A     -0.535821    17A     -0.514761    18A     -0.505147  
      19A     -0.478325    20A     -0.449531    21A     -0.383100  
      22A     -0.314519    23A     -0.296827  

    Virtual:                                                              

      24A     -0.030830    25A      0.084403    26A      0.162269  
      27A      0.177545    28A      0.207662    29A      0.230613  
      30A      0.242444    31A      0.258463    32A      0.276126  
      33A      0.294760    34A      0.336322    35A      0.411466  
      36A      0.431256    37A      0.564114    38A      0.575710  
      39A      0.594905    40A      0.621277    41A      0.646774  
      42A      0.688524    43A      0.693898    44A      0.703496  
      45A      0.745056    46A      0.792833    47A      0.840696  
      48A      0.880356    49A      0.901137    50A      0.923144  
      51A      0.942723    52A      0.961716    53A      0.982008  
      54A      1.004910    55A      1.030810    56A      1.051127  
      57A      1.068117    58A      1.109695    59A      1.135606  
      60A      1.153233    61A      1.178597    62A      1.192103  
      63A      1.339123    64A      1.362212    65A      1.409202  
      66A      1.447581    67A      1.516062    68A      1.601049  
      69A      1.614659    70A      1.707876    71A      1.741431  
      72A      1.768278    73A      1.792720    74A      1.833612  
      75A      1.881882    76A      1.905426    77A      1.943057  
      78A      1.973988    79A      2.050622    80A      2.150848  
      81A      2.174532    82A      2.257283    83A      2.310564  
      84A      2.336180    85A      2.362009    86A      2.407746  
      87A      2.474691    88A      2.511094    89A      2.539836  
      90A      2.616985    91A      2.701285    92A      2.761957  
      93A      2.886284    94A      2.895952    95A      3.076453  
      96A      3.190830    97A      3.582266    98A      4.086998  
      99A      4.111790   100A      4.244766   101A      4.345951  
     102A      4.577106  

    Final Occupation by Irrep:
              A 
    DOCC [    23 ]
    NA   [    23 ]
    NB   [    23 ]

  @DF-RKS Final Energy:  -306.13088099456746

   => Energetics <=

    Nuclear Repulsion Energy =            220.3944077159253823
    One-Electron Energy =                -852.1735215556016101
    Two-Electron Energy =                 353.9061248867091081
    DFT Exchange-Correlation Energy =     -28.2537587643646440
    Empirical Dispersion Energy =          -0.0041332772356475
    VV10 Nonlocal Energy =                  0.0000000000000000
    Total Energy =                       -306.1308809945674625

Computation Completed


Properties will be evaluated at   0.000000,   0.000000,   0.000000 [a0]

Properties computed using the SCF density matrix


 Multipole Moments:

 ------------------------------------------------------------------------------------
     Multipole            Electronic (a.u.)      Nuclear  (a.u.)        Total (a.u.)
 ------------------------------------------------------------------------------------

 L = 1.  Multiply by 2.5417464519 to convert [e a0] to [Debye]
 Dipole X            :         -1.1924845           -0.6211433           -1.8136278
 Dipole Y            :          0.7286561           -0.0235338            0.7051223
 Dipole Z            :          0.4711686           -0.4813707           -0.0102021
 Magnitude           :                                                    1.9459053

 ------------------------------------------------------------------------------------

*** tstop() called on cst14372 at Tue Apr 21 11:21:01 2026
Module time:
	user time   =      27.98 seconds =       0.47 minutes
	system time =       0.29 seconds =       0.00 minutes
	total time  =         13 seconds =       0.22 minutes
Total time:
	user time   =    2509.44 seconds =      41.82 minutes
	system time =      36.91 seconds =       0.62 minutes
	total time  =       1214 seconds =      20.23 minutes

Scratch directory: /tmp/
gradient() will perform analytic gradient computation.

*** tstart() called on cst14372
*** at Tue Apr 21 11:21:01 2026


         ------------------------------------------------------------
                                   SCF GRAD                          
                          Rob Parrish, Justin Turney,                
                       Andy Simmonett, and Alex Sokolov              
         ------------------------------------------------------------

  ==> Geometry <==

    Molecular point group: c1
    Full point group: C1

    Geometry (in Angstrom), charge = 0, multiplicity = 1:

       Center              X                  Y                   Z               Mass       
    ------------   -----------------  -----------------  -----------------  -----------------
         C            0.066157532900     0.346076521800     0.129087693900    12.000000000000
         O            1.412920512600     0.345269237300     0.028871840200    15.994914619570
         O            2.092814828500    -0.757049615500    -0.003013897400    15.994914619570
         C           -0.721654275700    -0.939240510600     0.019645170300    12.000000000000
         C           -2.088352663200    -1.013438628800    -0.191621157900    12.000000000000
         C           -0.663416225000     1.709044181000     0.052119789600    12.000000000000
         H           -0.484276307400    -1.840115448400     0.503553800300     1.007825032230
         H           -2.592306475600    -0.164258805900    -0.527139972300     1.007825032230
         H           -2.774011049400    -1.871967576400    -0.357561958100     1.007825032230
         H            0.262360138400     2.263514145100    -0.094686049200     1.007825032230
         H           -1.178792913400     2.324332984700     0.740084235000     1.007825032230
         H           -1.163957198400     1.955634815800    -0.781232979700     1.007825032230

  Nuclear repulsion =  220.394407715925382

  ==> Basis Set <==

  Basis Set: 6-31G*
    Blend: 6-31G*
    Number of shells: 48
    Number of basis functions: 102
    Number of Cartesian functions: 102
    Spherical Harmonics?: false
    Max angular momentum: 2

  ==> DFJKGrad: Density-Fitted SCF Gradients <==

    Gradient:                    1
    J tasked:                  Yes
    K tasked:                  Yes
    wK tasked:                 Yes
    Omega:               2.000E-01
    OpenMP threads:              4
    Integrals threads:           4
    Memory [MiB]:             4291
    Schwarz Cutoff:          1E-12
    Fitting Condition:       1E-10

   => Auxiliary Basis Set <=

  Basis Set: (6-31G* AUX)
    Blend: CC-PVDZ-JKFIT
    Number of shells: 198
    Number of basis functions: 636
    Number of Cartesian functions: 636
    Spherical Harmonics?: false
    Max angular momentum: 3

  ==> DFT Potential <==

   => LibXC <=

    Version 7.0.0
    S. Lehtola, C. Steigemann, M. J.T. Oliveira, and M. A.L. Marques.,  SoftwareX 7, 1–5 (2018) (10.1016/j.softx.2017.11.002)

   => Composite Functional: WB97X-D <= 

    wB97X-D Hyb-GGA Exchange-Correlation Functional

    J.-D. Chai and M. Head-Gordon.,  Phys. Chem. Chem. Phys. 10, 6615-6620 (2008) (10.1039/B810189B)

    Deriv               =              1
    GGA                 =           TRUE
    Meta                =          FALSE

    Exchange Hybrid     =           TRUE
    MP2 Hybrid          =          FALSE

   => Exchange-Correlation Functionals <=

    1.0000   wB97X-D range-separated functional

   => Exact (HF) Exchange <=

    0.7780            HF,LR [omega = 0.2000]
    0.2220               HF 

   => LibXC Density Thresholds  <==

    XC_HYB_GGA_XC_WB97X_D:  1.00E-14 

   => Molecular Quadrature <=

    Radial Scheme          =       TREUTLER
    Pruning Scheme         =           NONE
    Nuclear Scheme         =       TREUTLER

    Blocking Scheme        =         OCTREE
    BS radius alpha        =              1
    Pruning alpha          =              1
    Radial Points          =             75
    Spherical Points       =            302
    Total Points           =         254703
    Total Blocks           =           1917
    Max Points             =            256
    Max Functions          =            100
    Weights Tolerance      =       1.00E-15


  -Total Gradient:
     Atom            X                  Y                   Z
    ------   -----------------  -----------------  -----------------
       1        0.011844864050     0.031825377414     0.012617938310
       2        0.079807303535    -0.033789753432    -0.013426030072
       3       -0.003339659978     0.021039149034     0.002027838469
       4        0.052127528607    -0.015815950893    -0.021691286070
       5       -0.035410110730    -0.004263636121     0.019929289261
       6       -0.104184519195     0.011704170135    -0.021293340165
       7       -0.041083295909     0.023692054518    -0.001934970381
       8        0.016603933674    -0.036268456442     0.009698547420
       9       -0.024654932747     0.001466268570    -0.017184730132
      10       -0.003176377059    -0.019731674005     0.000891585740
      11        0.011916583542     0.013202568115    -0.045432055204
      12        0.039705432744     0.006637851674     0.075786601913


*** tstop() called on cst14372 at Tue Apr 21 11:21:03 2026
Module time:
	user time   =       3.79 seconds =       0.06 minutes
	system time =       0.06 seconds =       0.00 minutes
	total time  =          2 seconds =       0.03 minutes
Total time:
	user time   =    2513.25 seconds =      41.89 minutes
	system time =      36.97 seconds =       0.62 minutes
	total time  =       1216 seconds =      20.27 minutes

Scratch directory: /tmp/
   => Libint2 <=

    Primary   basis highest AM E, G, H:  6, 6, 3
    Auxiliary basis highest AM E, G, H:  7, 7, 4
    Onebody   basis highest AM E, G, H:  -, -, -
    Solid Harmonics ordering:            Gaussian

*** tstart() called on cst14372
*** at Tue Apr 21 11:21:03 2026

   => Loading Basis Set <=

    Name: 6-31G*
    Role: ORBITAL
    Keyword: BASIS
    atoms 1, 4-6 entry C          line   111 file /Users/jmsmith1/anaconda3/envs/jupyterenv/share/psi4/basis/6-31gs.gbs 
    atoms 2-3    entry O          line   145 file /Users/jmsmith1/anaconda3/envs/jupyterenv/share/psi4/basis/6-31gs.gbs 
    atoms 7-12   entry H          line    44 file /Users/jmsmith1/anaconda3/envs/jupyterenv/share/psi4/basis/6-31gs.gbs 

   => WB97X-D: Empirical Dispersion <=

    Chai and Head-Gordon Dispersion Correction
    Chai, J.-D.; Head-Gordon, M. (2010), J. Chem. Phys., 132: 6615-6620

        s6 =       1.000000


         ---------------------------------------------------------
                                   SCF
               by Justin Turney, Rob Parrish, Andy Simmonett
                          and Daniel G. A. Smith
                              RKS Reference
                        4 Threads,   5722 MiB Core
         ---------------------------------------------------------

  ==> Geometry <==

    Molecular point group: c1
    Full point group: C1

    Geometry (in Angstrom), charge = 0, multiplicity = 1:

       Center              X                  Y                   Z               Mass       
    ------------   -----------------  -----------------  -----------------  -----------------
         C            0.065894766500     0.344443008500     0.133238071500    12.000000000000
         O            1.413342936400     0.347827633400     0.030192071400    15.994914619570
         O            2.096968859000    -0.753463381000    -0.003176602500    15.994914619570
         C           -0.723496833900    -0.943180272900     0.021776211300    12.000000000000
         C           -2.089394173100    -1.016220545500    -0.199366137600    12.000000000000
         C           -0.667939843200     1.710610940400     0.052774438900    12.000000000000
         H           -0.484341672300    -1.829455059100     0.513335577600     1.007825032230
         H           -2.588212082700    -0.170696892800    -0.544903496900     1.007825032230
         H           -2.769064586900    -1.877025782600    -0.362969112400     1.007825032230
         H            0.257413979800     2.261926976000    -0.098558632600     1.007825032230
         H           -1.173014180800     2.321370362200     0.737859358200     1.007825032230
         H           -1.155111165800     1.944476028900    -0.770323260500     1.007825032230

  Running in c1 symmetry.

  Rotational constants: A =      0.17934  B =      0.09034  C =      0.06102 [cm^-1]
  Rotational constants: A =   5376.58828  B =   2708.26779  C =   1829.21167 [MHz]
  Nuclear repulsion =  220.346830096321497

  Charge       = 0
  Multiplicity = 1
  Electrons    = 46
  Nalpha       = 23
  Nbeta        = 23

  ==> Algorithm <==

  SCF Algorithm Type is DF.
  DIIS enabled.
  MOM disabled.
  Fractional occupation disabled.
  Guess Type is SAD.
  Energy threshold   = 1.00e-07
  Density threshold  = 1.00e-07
  Integral threshold = 1.00e-12

  ==> Primary Basis <==

  Basis Set: 6-31G*
    Blend: 6-31G*
    Number of shells: 48
    Number of basis functions: 102
    Number of Cartesian functions: 102
    Spherical Harmonics?: false
    Max angular momentum: 2

  ==> DFT Potential <==

   => LibXC <=

    Version 7.0.0
    S. Lehtola, C. Steigemann, M. J.T. Oliveira, and M. A.L. Marques.,  SoftwareX 7, 1–5 (2018) (10.1016/j.softx.2017.11.002)

   => Composite Functional: WB97X-D <= 

    wB97X-D Hyb-GGA Exchange-Correlation Functional

    J.-D. Chai and M. Head-Gordon.,  Phys. Chem. Chem. Phys. 10, 6615-6620 (2008) (10.1039/B810189B)

    Deriv               =              1
    GGA                 =           TRUE
    Meta                =          FALSE

    Exchange Hybrid     =           TRUE
    MP2 Hybrid          =          FALSE

   => Exchange-Correlation Functionals <=

    1.0000   wB97X-D range-separated functional

   => Exact (HF) Exchange <=

    0.7780            HF,LR [omega = 0.2000]
    0.2220               HF 

   => LibXC Density Thresholds  <==

    XC_HYB_GGA_XC_WB97X_D:  1.00E-14 

   => Molecular Quadrature <=

    Radial Scheme          =       TREUTLER
    Pruning Scheme         =           NONE
    Nuclear Scheme         =       TREUTLER

    Blocking Scheme        =         OCTREE
    BS radius alpha        =              1
    Pruning alpha          =              1
    Radial Points          =             75
    Spherical Points       =            302
    Total Points           =         254679
    Total Blocks           =           1915
    Max Points             =            256
    Max Functions          =            100
    Weights Tolerance      =       1.00E-15

   => Loading Basis Set <=

    Name: (6-31G* AUX)
    Role: JKFIT
    Keyword: DF_BASIS_SCF
    atoms 1, 4-6 entry C          line   121 file /Users/jmsmith1/anaconda3/envs/jupyterenv/share/psi4/basis/cc-pvdz-jkfit.gbs 
    atoms 2-3    entry O          line   221 file /Users/jmsmith1/anaconda3/envs/jupyterenv/share/psi4/basis/cc-pvdz-jkfit.gbs 
    atoms 7-12   entry H          line    51 file /Users/jmsmith1/anaconda3/envs/jupyterenv/share/psi4/basis/cc-pvdz-jkfit.gbs 

  ==> Integral Setup <==

  DFHelper Memory: AOs need 0.151 GiB; user supplied 3.610 GiB. 
  SCF_SUBTYPE=INCORE selected. In-core MEM_DF algorithm will be used.
  Using in-core AOs.

  ==> MemDFJK: Density-Fitted J/K Matrices <==

    J tasked:                   Yes
    K tasked:                   Yes
    wK tasked:                  Yes
    Omega:                2.000E-01
    OpenMP threads:               4
    Memory [MiB]:              3696
    Algorithm:                 Core
    Schwarz Cutoff:           1E-12
    Mask sparsity (%):       2.0185
    Fitting Condition:        1E-10

   => Auxiliary Basis Set <=

  Basis Set: (6-31G* AUX)
    Blend: CC-PVDZ-JKFIT
    Number of shells: 198
    Number of basis functions: 636
    Number of Cartesian functions: 636
    Spherical Harmonics?: false
    Max angular momentum: 3

  Cached 100.0% of DFT collocation blocks in 0.581 [GiB].

  Minimum eigenvalue in the overlap matrix is 3.8492840078E-03.
  Reciprocal condition number of the overlap matrix is 5.7070002635E-04.
    Using symmetric orthogonalization.

  ==> Pre-Iterations <==

  SCF Guess: Superposition of Atomic Densities via on-the-fly atomic UHF (no occupation information).

   -------------------------
    Irrep   Nso     Nmo    
   -------------------------
     A        102     102 
   -------------------------
    Total     102     102
   -------------------------

  ==> Iterations <==

                           Total Energy        Delta E     RMS |[F,P]|

   @DF-RKS iter SAD:  -300.23441651729121   -3.00234e+02   0.00000e+00 
   @DF-RKS iter   1:  -296.69610051277391    3.53832e+00   3.37876e-02 ADIIS/DIIS
   @DF-RKS iter   2:  -275.28804852029191    2.14081e+01   6.21702e-02 ADIIS/DIIS
   @DF-RKS iter   3:  -304.60822384912518   -2.93202e+01   1.72754e-02 ADIIS/DIIS
   @DF-RKS iter   4:  -303.42274251663213    1.18548e+00   2.22853e-02 ADIIS/DIIS
   @DF-RKS iter   5:  -306.04116720412691   -2.61842e+00   3.62278e-03 ADIIS/DIIS
   @DF-RKS iter   6:  -306.09696458927442   -5.57974e-02   2.39533e-03 ADIIS/DIIS
   @DF-RKS iter   7:  -306.12570156324102   -2.87370e-02   3.30944e-04 ADIIS/DIIS
   @DF-RKS iter   8:  -306.12651557062230   -8.14007e-04   1.96710e-04 ADIIS/DIIS
   @DF-RKS iter   9:  -306.12673220213333   -2.16632e-04   1.10693e-04 ADIIS/DIIS
   @DF-RKS iter  10:  -306.12679199223061   -5.97901e-05   4.63641e-05 DIIS
   @DF-RKS iter  11:  -306.12679965158145   -7.65935e-06   3.56220e-05 DIIS
   @DF-RKS iter  12:  -306.12680686555137   -7.21397e-06   9.01271e-06 DIIS
   @DF-RKS iter  13:  -306.12680745948859   -5.93937e-07   1.17207e-06 DIIS
   @DF-RKS iter  14:  -306.12680749450294   -3.50144e-08   7.22880e-07 DIIS
   @DF-RKS iter  15:  -306.12680751722775   -2.27248e-08   3.81203e-07 DIIS
   @DF-RKS iter  16:  -306.12680752422233   -6.99458e-09   1.40578e-07 DIIS
   @DF-RKS iter  17:  -306.12680752533993   -1.11760e-09   4.46058e-08 DIIS
  Energy and wave function converged.


  ==> Post-Iterations <==

   Electrons on quadrature grid:
      Ntotal   =   45.9999670033 ; deviation = -3.300e-05 

    Orbital Energies [Eh]
    ---------------------

    Doubly Occupied:                                                      

       1A    -19.429974     2A    -19.264215     3A    -10.426755  
       4A    -10.337869     5A    -10.333514     6A    -10.315897  
       7A     -1.297962     8A     -0.992177     9A     -0.897492  
      10A     -0.854813    11A     -0.748631    12A     -0.664821  
      13A     -0.614432    14A     -0.602646    15A     -0.577605  
      16A     -0.536159    17A     -0.518401    18A     -0.505212  
      19A     -0.479214    20A     -0.449969    21A     -0.382917  
      22A     -0.314468    23A     -0.296955  

    Virtual:                                                              

      24A     -0.030712    25A      0.083762    26A      0.163186  
      27A      0.178606    28A      0.208177    29A      0.231424  
      30A      0.243684    31A      0.259424    32A      0.279623  
      33A      0.293609    34A      0.336016    35A      0.410235  
      36A      0.430041    37A      0.564474    38A      0.574984  
      39A      0.593338    40A      0.620277    41A      0.646240  
      42A      0.686935    43A      0.693019    44A      0.702739  
      45A      0.743687    46A      0.791532    47A      0.839578  
      48A      0.881113    49A      0.901280    50A      0.924053  
      51A      0.943389    52A      0.967202    53A      0.987863  
      54A      1.008258    55A      1.032535    56A      1.053015  
      57A      1.071033    58A      1.115093    59A      1.140068  
      60A      1.155877    61A      1.178562    62A      1.193891  
      63A      1.338540    64A      1.361041    65A      1.410351  
      66A      1.448424    67A      1.518379    68A      1.599308  
      69A      1.614558    70A      1.705212    71A      1.742801  
      72A      1.767924    73A      1.791536    74A      1.832004  
      75A      1.882217    76A      1.905777    77A      1.943496  
      78A      1.976467    79A      2.050341    80A      2.152178  
      81A      2.172382    82A      2.263297    83A      2.310150  
      84A      2.338485    85A      2.359723    86A      2.413357  
      87A      2.476922    88A      2.511073    89A      2.538782  
      90A      2.622719    91A      2.701030    92A      2.760230  
      93A      2.885107    94A      2.893808    95A      3.074139  
      96A      3.188731    97A      3.581207    98A      4.085316  
      99A      4.111489   100A      4.245864   101A      4.348937  
     102A      4.576143  

    Final Occupation by Irrep:
              A 
    DOCC [    23 ]
    NA   [    23 ]
    NB   [    23 ]

  @DF-RKS Final Energy:  -306.12680752533993

   => Energetics <=

    Nuclear Repulsion Energy =            220.3468300963214972
    One-Electron Energy =                -852.0582185559642312
    Two-Electron Energy =                 353.8517281046262610
    DFT Exchange-Correlation Energy =     -28.2630141963437822
    Empirical Dispersion Energy =          -0.0041329739796741
    VV10 Nonlocal Energy =                  0.0000000000000000
    Total Energy =                       -306.1268075253399275

Computation Completed


Properties will be evaluated at   0.000000,   0.000000,   0.000000 [a0]

Properties computed using the SCF density matrix


 Multipole Moments:

 ------------------------------------------------------------------------------------
     Multipole            Electronic (a.u.)      Nuclear  (a.u.)        Total (a.u.)
 ------------------------------------------------------------------------------------

 L = 1.  Multiply by 2.5417464519 to convert [e a0] to [Debye]
 Dipole X            :         -1.2132478           -0.6036765           -1.8169244
 Dipole Y            :          0.7390665           -0.0388746            0.7001919
 Dipole Z            :          0.4782631           -0.4892507           -0.0109876
 Magnitude           :                                                    1.9472040

 ------------------------------------------------------------------------------------

*** tstop() called on cst14372 at Tue Apr 21 11:21:16 2026
Module time:
	user time   =      28.03 seconds =       0.47 minutes
	system time =       0.36 seconds =       0.01 minutes
	total time  =         13 seconds =       0.22 minutes
Total time:
	user time   =    2541.31 seconds =      42.36 minutes
	system time =      37.33 seconds =       0.62 minutes
	total time  =       1229 seconds =      20.48 minutes

Scratch directory: /tmp/
gradient() will perform analytic gradient computation.

*** tstart() called on cst14372
*** at Tue Apr 21 11:21:16 2026


         ------------------------------------------------------------
                                   SCF GRAD                          
                          Rob Parrish, Justin Turney,                
                       Andy Simmonett, and Alex Sokolov              
         ------------------------------------------------------------

  ==> Geometry <==

    Molecular point group: c1
    Full point group: C1

    Geometry (in Angstrom), charge = 0, multiplicity = 1:

       Center              X                  Y                   Z               Mass       
    ------------   -----------------  -----------------  -----------------  -----------------
         C            0.065894766500     0.344443008500     0.133238071500    12.000000000000
         O            1.413342936400     0.347827633400     0.030192071400    15.994914619570
         O            2.096968859000    -0.753463381000    -0.003176602500    15.994914619570
         C           -0.723496833900    -0.943180272900     0.021776211300    12.000000000000
         C           -2.089394173100    -1.016220545500    -0.199366137600    12.000000000000
         C           -0.667939843200     1.710610940400     0.052774438900    12.000000000000
         H           -0.484341672300    -1.829455059100     0.513335577600     1.007825032230
         H           -2.588212082700    -0.170696892800    -0.544903496900     1.007825032230
         H           -2.769064586900    -1.877025782600    -0.362969112400     1.007825032230
         H            0.257413979800     2.261926976000    -0.098558632600     1.007825032230
         H           -1.173014180800     2.321370362200     0.737859358200     1.007825032230
         H           -1.155111165800     1.944476028900    -0.770323260500     1.007825032230

  Nuclear repulsion =  220.346830096321497

  ==> Basis Set <==

  Basis Set: 6-31G*
    Blend: 6-31G*
    Number of shells: 48
    Number of basis functions: 102
    Number of Cartesian functions: 102
    Spherical Harmonics?: false
    Max angular momentum: 2

  ==> DFJKGrad: Density-Fitted SCF Gradients <==

    Gradient:                    1
    J tasked:                  Yes
    K tasked:                  Yes
    wK tasked:                 Yes
    Omega:               2.000E-01
    OpenMP threads:              4
    Integrals threads:           4
    Memory [MiB]:             4291
    Schwarz Cutoff:          1E-12
    Fitting Condition:       1E-10

   => Auxiliary Basis Set <=

  Basis Set: (6-31G* AUX)
    Blend: CC-PVDZ-JKFIT
    Number of shells: 198
    Number of basis functions: 636
    Number of Cartesian functions: 636
    Spherical Harmonics?: false
    Max angular momentum: 3

  ==> DFT Potential <==

   => LibXC <=

    Version 7.0.0
    S. Lehtola, C. Steigemann, M. J.T. Oliveira, and M. A.L. Marques.,  SoftwareX 7, 1–5 (2018) (10.1016/j.softx.2017.11.002)

   => Composite Functional: WB97X-D <= 

    wB97X-D Hyb-GGA Exchange-Correlation Functional

    J.-D. Chai and M. Head-Gordon.,  Phys. Chem. Chem. Phys. 10, 6615-6620 (2008) (10.1039/B810189B)

    Deriv               =              1
    GGA                 =           TRUE
    Meta                =          FALSE

    Exchange Hybrid     =           TRUE
    MP2 Hybrid          =          FALSE

   => Exchange-Correlation Functionals <=

    1.0000   wB97X-D range-separated functional

   => Exact (HF) Exchange <=

    0.7780            HF,LR [omega = 0.2000]
    0.2220               HF 

   => LibXC Density Thresholds  <==

    XC_HYB_GGA_XC_WB97X_D:  1.00E-14 

   => Molecular Quadrature <=

    Radial Scheme          =       TREUTLER
    Pruning Scheme         =           NONE
    Nuclear Scheme         =       TREUTLER

    Blocking Scheme        =         OCTREE
    BS radius alpha        =              1
    Pruning alpha          =              1
    Radial Points          =             75
    Spherical Points       =            302
    Total Points           =         254679
    Total Blocks           =           1915
    Max Points             =            256
    Max Functions          =            100
    Weights Tolerance      =       1.00E-15


  -Total Gradient:
     Atom            X                  Y                   Z
    ------   -----------------  -----------------  -----------------
       1        0.012136087727     0.030201331605     0.013431594616
       2        0.080468301024    -0.032281152753    -0.013779376092
       3       -0.002814951468     0.020228907322     0.002025577254
       4        0.053125403183    -0.023754167835    -0.018468136214
       5       -0.038661472307    -0.002576466758     0.018507345369
       6       -0.118354619061     0.022252369616    -0.033487911189
       7       -0.042122576041     0.030200260812    -0.005367902574
       8        0.017421923224    -0.037555789728     0.010678119560
       9       -0.023367986932     0.001993403621    -0.017077024758
      10       -0.004122989690    -0.020200390418     0.000859174511
      11        0.015846151314     0.008733401832    -0.050251890525
      12        0.050539477614     0.002386947434     0.092921650578


*** tstop() called on cst14372 at Tue Apr 21 11:21:18 2026
Module time:
	user time   =       3.74 seconds =       0.06 minutes
	system time =       0.07 seconds =       0.00 minutes
	total time  =          2 seconds =       0.03 minutes
Total time:
	user time   =    2545.06 seconds =      42.42 minutes
	system time =      37.40 seconds =       0.62 minutes
	total time  =       1231 seconds =      20.52 minutes

Scratch directory: /tmp/
   => Libint2 <=

    Primary   basis highest AM E, G, H:  6, 6, 3
    Auxiliary basis highest AM E, G, H:  7, 7, 4
    Onebody   basis highest AM E, G, H:  -, -, -
    Solid Harmonics ordering:            Gaussian

*** tstart() called on cst14372
*** at Tue Apr 21 11:21:18 2026

   => Loading Basis Set <=

    Name: 6-31G*
    Role: ORBITAL
    Keyword: BASIS
    atoms 1, 4-6 entry C          line   111 file /Users/jmsmith1/anaconda3/envs/jupyterenv/share/psi4/basis/6-31gs.gbs 
    atoms 2-3    entry O          line   145 file /Users/jmsmith1/anaconda3/envs/jupyterenv/share/psi4/basis/6-31gs.gbs 
    atoms 7-12   entry H          line    44 file /Users/jmsmith1/anaconda3/envs/jupyterenv/share/psi4/basis/6-31gs.gbs 

   => WB97X-D: Empirical Dispersion <=

    Chai and Head-Gordon Dispersion Correction
    Chai, J.-D.; Head-Gordon, M. (2010), J. Chem. Phys., 132: 6615-6620

        s6 =       1.000000


         ---------------------------------------------------------
                                   SCF
               by Justin Turney, Rob Parrish, Andy Simmonett
                          and Daniel G. A. Smith
                              RKS Reference
                        4 Threads,   5722 MiB Core
         ---------------------------------------------------------

  ==> Geometry <==

    Molecular point group: c1
    Full point group: C1

    Geometry (in Angstrom), charge = 0, multiplicity = 1:

       Center              X                  Y                   Z               Mass       
    ------------   -----------------  -----------------  -----------------  -----------------
         C            0.065595993400     0.342716706400     0.137363034300    12.000000000000
         O            1.413591752400     0.350464541500     0.031546557400    15.994914619570
         O            2.101142512800    -0.749909478200    -0.003344241100    15.994914619570
         C           -0.725499260900    -0.947064036000     0.023967672600    12.000000000000
         C           -2.090327083800    -1.019004041600    -0.207189898700    12.000000000000
         C           -0.672135346400     1.712118337600     0.053528215200    12.000000000000
         H           -0.482953422500    -1.819802357300     0.523334418400     1.007825032230
         H           -2.584705685200    -0.175859697800    -0.563093306500     1.007825032230
         H           -2.763295519200    -1.882169230600    -0.367804442100     1.007825032230
         H            0.252594046000     2.261031848400    -0.102473457000     1.007825032230
         H           -1.167763582300     2.318096683600     0.737361653700     1.007825032230
         H           -1.147980709900     1.933198588200    -0.762585197200     1.007825032230

  Running in c1 symmetry.

  Rotational constants: A =      0.17914  B =      0.09012  C =      0.06092 [cm^-1]
  Rotational constants: A =   5370.58815  B =   2701.77769  C =   1826.19969 [MHz]
  Nuclear repulsion =  220.271135008630779

  Charge       = 0
  Multiplicity = 1
  Electrons    = 46
  Nalpha       = 23
  Nbeta        = 23

  ==> Algorithm <==

  SCF Algorithm Type is DF.
  DIIS enabled.
  MOM disabled.
  Fractional occupation disabled.
  Guess Type is SAD.
  Energy threshold   = 1.00e-07
  Density threshold  = 1.00e-07
  Integral threshold = 1.00e-12

  ==> Primary Basis <==

  Basis Set: 6-31G*
    Blend: 6-31G*
    Number of shells: 48
    Number of basis functions: 102
    Number of Cartesian functions: 102
    Spherical Harmonics?: false
    Max angular momentum: 2

  ==> DFT Potential <==

   => LibXC <=

    Version 7.0.0
    S. Lehtola, C. Steigemann, M. J.T. Oliveira, and M. A.L. Marques.,  SoftwareX 7, 1–5 (2018) (10.1016/j.softx.2017.11.002)

   => Composite Functional: WB97X-D <= 

    wB97X-D Hyb-GGA Exchange-Correlation Functional

    J.-D. Chai and M. Head-Gordon.,  Phys. Chem. Chem. Phys. 10, 6615-6620 (2008) (10.1039/B810189B)

    Deriv               =              1
    GGA                 =           TRUE
    Meta                =          FALSE

    Exchange Hybrid     =           TRUE
    MP2 Hybrid          =          FALSE

   => Exchange-Correlation Functionals <=

    1.0000   wB97X-D range-separated functional

   => Exact (HF) Exchange <=

    0.7780            HF,LR [omega = 0.2000]
    0.2220               HF 

   => LibXC Density Thresholds  <==

    XC_HYB_GGA_XC_WB97X_D:  1.00E-14 

   => Molecular Quadrature <=

    Radial Scheme          =       TREUTLER
    Pruning Scheme         =           NONE
    Nuclear Scheme         =       TREUTLER

    Blocking Scheme        =         OCTREE
    BS radius alpha        =              1
    Pruning alpha          =              1
    Radial Points          =             75
    Spherical Points       =            302
    Total Points           =         254668
    Total Blocks           =           1902
    Max Points             =            256
    Max Functions          =            100
    Weights Tolerance      =       1.00E-15

   => Loading Basis Set <=

    Name: (6-31G* AUX)
    Role: JKFIT
    Keyword: DF_BASIS_SCF
    atoms 1, 4-6 entry C          line   121 file /Users/jmsmith1/anaconda3/envs/jupyterenv/share/psi4/basis/cc-pvdz-jkfit.gbs 
    atoms 2-3    entry O          line   221 file /Users/jmsmith1/anaconda3/envs/jupyterenv/share/psi4/basis/cc-pvdz-jkfit.gbs 
    atoms 7-12   entry H          line    51 file /Users/jmsmith1/anaconda3/envs/jupyterenv/share/psi4/basis/cc-pvdz-jkfit.gbs 

  ==> Integral Setup <==

  DFHelper Memory: AOs need 0.151 GiB; user supplied 3.610 GiB. 
  SCF_SUBTYPE=INCORE selected. In-core MEM_DF algorithm will be used.
  Using in-core AOs.

  ==> MemDFJK: Density-Fitted J/K Matrices <==

    J tasked:                   Yes
    K tasked:                   Yes
    wK tasked:                  Yes
    Omega:                2.000E-01
    OpenMP threads:               4
    Memory [MiB]:              3696
    Algorithm:                 Core
    Schwarz Cutoff:           1E-12
    Mask sparsity (%):       2.0185
    Fitting Condition:        1E-10

   => Auxiliary Basis Set <=

  Basis Set: (6-31G* AUX)
    Blend: CC-PVDZ-JKFIT
    Number of shells: 198
    Number of basis functions: 636
    Number of Cartesian functions: 636
    Spherical Harmonics?: false
    Max angular momentum: 3

  Cached 100.0% of DFT collocation blocks in 0.581 [GiB].

  Minimum eigenvalue in the overlap matrix is 3.8970005722E-03.
  Reciprocal condition number of the overlap matrix is 5.7767071066E-04.
    Using symmetric orthogonalization.

  ==> Pre-Iterations <==

  SCF Guess: Superposition of Atomic Densities via on-the-fly atomic UHF (no occupation information).

   -------------------------
    Irrep   Nso     Nmo    
   -------------------------
     A        102     102 
   -------------------------
    Total     102     102
   -------------------------

  ==> Iterations <==

                           Total Energy        Delta E     RMS |[F,P]|

   @DF-RKS iter SAD:  -300.23801644656334   -3.00238e+02   0.00000e+00 
   @DF-RKS iter   1:  -296.74804193800884    3.48997e+00   3.36987e-02 ADIIS/DIIS
   @DF-RKS iter   2:  -275.44466063459129    2.13034e+01   6.19637e-02 ADIIS/DIIS
   @DF-RKS iter   3:  -304.61983927777089   -2.91752e+01   1.72187e-02 ADIIS/DIIS
   @DF-RKS iter   4:  -303.52431135915498    1.09553e+00   2.19400e-02 ADIIS/DIIS
   @DF-RKS iter   5:  -306.04018655121803   -2.51588e+00   3.58312e-03 ADIIS/DIIS
   @DF-RKS iter   6:  -306.09438535361403   -5.41988e-02   2.36106e-03 ADIIS/DIIS
   @DF-RKS iter   7:  -306.12223204364284   -2.78467e-02   3.27691e-04 ADIIS/DIIS
   @DF-RKS iter   8:  -306.12298265662020   -7.50613e-04   2.07024e-04 ADIIS/DIIS
   @DF-RKS iter   9:  -306.12322085587732   -2.38199e-04   1.04228e-04 ADIIS/DIIS
   @DF-RKS iter  10:  -306.12327621240183   -5.53565e-05   4.42941e-05 DIIS
   @DF-RKS iter  11:  -306.12328328959330   -7.07719e-06   3.37311e-05 DIIS
   @DF-RKS iter  12:  -306.12328975485173   -6.46526e-06   9.23619e-06 DIIS
   @DF-RKS iter  13:  -306.12329037141438   -6.16563e-07   1.08876e-06 DIIS
   @DF-RKS iter  14:  -306.12329040496718   -3.35528e-08   7.25736e-07 DIIS
   @DF-RKS iter  15:  -306.12329042433913   -1.93720e-08   4.08533e-07 DIIS
   @DF-RKS iter  16:  -306.12329043333358   -8.99445e-09   1.34344e-07 DIIS
   @DF-RKS iter  17:  -306.12329043441866   -1.08508e-09   4.19589e-08 DIIS
  Energy and wave function converged.


  ==> Post-Iterations <==

   Electrons on quadrature grid:
      Ntotal   =   45.9999690409 ; deviation = -3.096e-05 

    Orbital Energies [Eh]
    ---------------------

    Doubly Occupied:                                                      

       1A    -19.429878     2A    -19.264040     3A    -10.426981  
       4A    -10.337686     5A    -10.333485     6A    -10.313673  
       7A     -1.296893     8A     -0.991516     9A     -0.897562  
      10A     -0.856269    11A     -0.748898    12A     -0.665345  
      13A     -0.614082    14A     -0.601953    15A     -0.577331  
      16A     -0.536495    17A     -0.521776    18A     -0.505192  
      19A     -0.480146    20A     -0.450241    21A     -0.382756  
      22A     -0.314399    23A     -0.297074  

    Virtual:                                                              

      24A     -0.030609    25A      0.083118    26A      0.163938  
      27A      0.179426    28A      0.208739    29A      0.231845  
      30A      0.244517    31A      0.260226    32A      0.282121  
      33A      0.292601    34A      0.335707    35A      0.409005  
      36A      0.428837    37A      0.564741    38A      0.574492  
      39A      0.591892    40A      0.619383    41A      0.645911  
      42A      0.685033    43A      0.692401    44A      0.702195  
      45A      0.742259    46A      0.790323    47A      0.838403  
      48A      0.881731    49A      0.901389    50A      0.924898  
      51A      0.943868    52A      0.970363    53A      0.993639  
      54A      1.011786    55A      1.034201    56A      1.053698  
      57A      1.073021    58A      1.118262    59A      1.143448  
      60A      1.159740    61A      1.178905    62A      1.195708  
      63A      1.338025    64A      1.359878    65A      1.411486  
      66A      1.449338    67A      1.520282    68A      1.597645  
      69A      1.614455    70A      1.703031    71A      1.743986  
      72A      1.767560    73A      1.790843    74A      1.830248  
      75A      1.882720    76A      1.905857    77A      1.943924  
      78A      1.979179    79A      2.050104    80A      2.152617  
      81A      2.170389    82A      2.268185    83A      2.309688  
      84A      2.340247    85A      2.357377    86A      2.417367  
      87A      2.478301    88A      2.510842    89A      2.537509  
      90A      2.627236    91A      2.700605    92A      2.758050  
      93A      2.883497    94A      2.892139    95A      3.071962  
      96A      3.186842    97A      3.580149    98A      4.083338  
      99A      4.111345   100A      4.246664   101A      4.351393  
     102A      4.575071  

    Final Occupation by Irrep:
              A 
    DOCC [    23 ]
    NA   [    23 ]
    NB   [    23 ]

  @DF-RKS Final Energy:  -306.12329043441866

   => Energetics <=

    Nuclear Repulsion Energy =            220.2711350086307789
    One-Electron Energy =                -851.8917425930656009
    Two-Electron Energy =                 353.7715508692873527
    DFT Exchange-Correlation Energy =     -28.2700994326614250
    Empirical Dispersion Energy =          -0.0041342866098195
    VV10 Nonlocal Energy =                  0.0000000000000000
    Total Energy =                       -306.1232904344186636

Computation Completed


Properties will be evaluated at   0.000000,   0.000000,   0.000000 [a0]

Properties computed using the SCF density matrix


 Multipole Moments:

 ------------------------------------------------------------------------------------
     Multipole            Electronic (a.u.)      Nuclear  (a.u.)        Total (a.u.)
 ------------------------------------------------------------------------------------

 L = 1.  Multiply by 2.5417464519 to convert [e a0] to [Debye]
 Dipole X            :         -1.2337626           -0.5866181           -1.8203808
 Dipole Y            :          0.7483488           -0.0537851            0.6945637
 Dipole Z            :          0.4870437           -0.4981841           -0.0111404
 Magnitude           :                                                    1.9484170

 ------------------------------------------------------------------------------------

*** tstop() called on cst14372 at Tue Apr 21 11:21:32 2026
Module time:
	user time   =      28.02 seconds =       0.47 minutes
	system time =       0.39 seconds =       0.01 minutes
	total time  =         14 seconds =       0.23 minutes
Total time:
	user time   =    2573.11 seconds =      42.89 minutes
	system time =      37.80 seconds =       0.63 minutes
	total time  =       1245 seconds =      20.75 minutes

Scratch directory: /tmp/
gradient() will perform analytic gradient computation.

*** tstart() called on cst14372
*** at Tue Apr 21 11:21:32 2026


         ------------------------------------------------------------
                                   SCF GRAD                          
                          Rob Parrish, Justin Turney,                
                       Andy Simmonett, and Alex Sokolov              
         ------------------------------------------------------------

  ==> Geometry <==

    Molecular point group: c1
    Full point group: C1

    Geometry (in Angstrom), charge = 0, multiplicity = 1:

       Center              X                  Y                   Z               Mass       
    ------------   -----------------  -----------------  -----------------  -----------------
         C            0.065595993400     0.342716706400     0.137363034300    12.000000000000
         O            1.413591752400     0.350464541500     0.031546557400    15.994914619570
         O            2.101142512800    -0.749909478200    -0.003344241100    15.994914619570
         C           -0.725499260900    -0.947064036000     0.023967672600    12.000000000000
         C           -2.090327083800    -1.019004041600    -0.207189898700    12.000000000000
         C           -0.672135346400     1.712118337600     0.053528215200    12.000000000000
         H           -0.482953422500    -1.819802357300     0.523334418400     1.007825032230
         H           -2.584705685200    -0.175859697800    -0.563093306500     1.007825032230
         H           -2.763295519200    -1.882169230600    -0.367804442100     1.007825032230
         H            0.252594046000     2.261031848400    -0.102473457000     1.007825032230
         H           -1.167763582300     2.318096683600     0.737361653700     1.007825032230
         H           -1.147980709900     1.933198588200    -0.762585197200     1.007825032230

  Nuclear repulsion =  220.271135008630779

  ==> Basis Set <==

  Basis Set: 6-31G*
    Blend: 6-31G*
    Number of shells: 48
    Number of basis functions: 102
    Number of Cartesian functions: 102
    Spherical Harmonics?: false
    Max angular momentum: 2

  ==> DFJKGrad: Density-Fitted SCF Gradients <==

    Gradient:                    1
    J tasked:                  Yes
    K tasked:                  Yes
    wK tasked:                 Yes
    Omega:               2.000E-01
    OpenMP threads:              4
    Integrals threads:           4
    Memory [MiB]:             4291
    Schwarz Cutoff:          1E-12
    Fitting Condition:       1E-10

   => Auxiliary Basis Set <=

  Basis Set: (6-31G* AUX)
    Blend: CC-PVDZ-JKFIT
    Number of shells: 198
    Number of basis functions: 636
    Number of Cartesian functions: 636
    Spherical Harmonics?: false
    Max angular momentum: 3

  ==> DFT Potential <==

   => LibXC <=

    Version 7.0.0
    S. Lehtola, C. Steigemann, M. J.T. Oliveira, and M. A.L. Marques.,  SoftwareX 7, 1–5 (2018) (10.1016/j.softx.2017.11.002)

   => Composite Functional: WB97X-D <= 

    wB97X-D Hyb-GGA Exchange-Correlation Functional

    J.-D. Chai and M. Head-Gordon.,  Phys. Chem. Chem. Phys. 10, 6615-6620 (2008) (10.1039/B810189B)

    Deriv               =              1
    GGA                 =           TRUE
    Meta                =          FALSE

    Exchange Hybrid     =           TRUE
    MP2 Hybrid          =          FALSE

   => Exchange-Correlation Functionals <=

    1.0000   wB97X-D range-separated functional

   => Exact (HF) Exchange <=

    0.7780            HF,LR [omega = 0.2000]
    0.2220               HF 

   => LibXC Density Thresholds  <==

    XC_HYB_GGA_XC_WB97X_D:  1.00E-14 

   => Molecular Quadrature <=

    Radial Scheme          =       TREUTLER
    Pruning Scheme         =           NONE
    Nuclear Scheme         =       TREUTLER

    Blocking Scheme        =         OCTREE
    BS radius alpha        =              1
    Pruning alpha          =              1
    Radial Points          =             75
    Spherical Points       =            302
    Total Points           =         254668
    Total Blocks           =           1902
    Max Points             =            256
    Max Functions          =            100
    Weights Tolerance      =       1.00E-15


  -Total Gradient:
     Atom            X                  Y                   Z
    ------   -----------------  -----------------  -----------------
       1        0.012327833764     0.028452964944     0.014261268484
       2        0.080953470802    -0.030564642134    -0.014121619253
       3       -0.002218943496     0.019283814507     0.002019691991
       4        0.053715308326    -0.030787767887    -0.015519551279
       5       -0.041391173540    -0.002058143430     0.017324436388
       6       -0.130671133330     0.031423973194    -0.044072930505
       7       -0.042758863129     0.035709612619    -0.008425858102
       8        0.017562630375    -0.037627662984     0.011206909836
       9       -0.021866140977     0.002656521759    -0.016873006721
      10       -0.004898774155    -0.020520514772     0.000822004782
      11        0.019396915595     0.004657484403    -0.054303441581
      12        0.059889256128    -0.001051350277     0.107672117789


*** tstop() called on cst14372 at Tue Apr 21 11:21:33 2026
Module time:
	user time   =       3.92 seconds =       0.07 minutes
	system time =       0.07 seconds =       0.00 minutes
	total time  =          1 seconds =       0.02 minutes
Total time:
	user time   =    2577.04 seconds =      42.95 minutes
	system time =      37.87 seconds =       0.63 minutes
	total time  =       1246 seconds =      20.77 minutes

Scratch directory: /tmp/
   => Libint2 <=

    Primary   basis highest AM E, G, H:  6, 6, 3
    Auxiliary basis highest AM E, G, H:  7, 7, 4
    Onebody   basis highest AM E, G, H:  -, -, -
    Solid Harmonics ordering:            Gaussian

*** tstart() called on cst14372
*** at Tue Apr 21 11:21:34 2026

   => Loading Basis Set <=

    Name: 6-31G*
    Role: ORBITAL
    Keyword: BASIS
    atoms 1, 4-6 entry C          line   111 file /Users/jmsmith1/anaconda3/envs/jupyterenv/share/psi4/basis/6-31gs.gbs 
    atoms 2-3    entry O          line   145 file /Users/jmsmith1/anaconda3/envs/jupyterenv/share/psi4/basis/6-31gs.gbs 
    atoms 7-12   entry H          line    44 file /Users/jmsmith1/anaconda3/envs/jupyterenv/share/psi4/basis/6-31gs.gbs 

   => WB97X-D: Empirical Dispersion <=

    Chai and Head-Gordon Dispersion Correction
    Chai, J.-D.; Head-Gordon, M. (2010), J. Chem. Phys., 132: 6615-6620

        s6 =       1.000000


         ---------------------------------------------------------
                                   SCF
               by Justin Turney, Rob Parrish, Andy Simmonett
                          and Daniel G. A. Smith
                              RKS Reference
                        4 Threads,   5722 MiB Core
         ---------------------------------------------------------

  ==> Geometry <==

    Molecular point group: c1
    Full point group: C1

    Geometry (in Angstrom), charge = 0, multiplicity = 1:

       Center              X                  Y                   Z               Mass       
    ------------   -----------------  -----------------  -----------------  -----------------
         C            0.065260479600     0.340902034400     0.141460894500    12.000000000000
         O            1.413665372700     0.353177003500     0.032936420200    15.994914619570
         O            2.105335369700    -0.746385270300    -0.003516849500    15.994914619570
         C           -0.727664189400    -0.950871991400     0.026211640400    12.000000000000
         C           -2.091143305500    -1.021791164300    -0.215090796800    12.000000000000
         C           -0.675966771500     1.713539897900     0.054412259300    12.000000000000
         H           -0.480084459200    -1.811349012400     0.533658543100     1.007825032230
         H           -2.581793427900    -0.179741472800    -0.581732611500     1.007825032230
         H           -2.756751812500    -1.887422093400    -0.372074013700     1.007825032230
         H            0.247926602200     2.260841955200    -0.106430140800     1.007825032230
         H           -1.163164430700     2.314650962900     0.738736656500     1.007825032230
         H           -1.142892921500     1.921918589000    -0.758537055800     1.007825032230

  Running in c1 symmetry.

  Rotational constants: A =      0.17891  B =      0.08990  C =      0.06082 [cm^-1]
  Rotational constants: A =   5363.72672  B =   2695.28359  C =   1823.23221 [MHz]
  Nuclear repulsion =  220.160761894841471

  Charge       = 0
  Multiplicity = 1
  Electrons    = 46
  Nalpha       = 23
  Nbeta        = 23

  ==> Algorithm <==

  SCF Algorithm Type is DF.
  DIIS enabled.
  MOM disabled.
  Fractional occupation disabled.
  Guess Type is SAD.
  Energy threshold   = 1.00e-07
  Density threshold  = 1.00e-07
  Integral threshold = 1.00e-12

  ==> Primary Basis <==

  Basis Set: 6-31G*
    Blend: 6-31G*
    Number of shells: 48
    Number of basis functions: 102
    Number of Cartesian functions: 102
    Spherical Harmonics?: false
    Max angular momentum: 2

  ==> DFT Potential <==

   => LibXC <=

    Version 7.0.0
    S. Lehtola, C. Steigemann, M. J.T. Oliveira, and M. A.L. Marques.,  SoftwareX 7, 1–5 (2018) (10.1016/j.softx.2017.11.002)

   => Composite Functional: WB97X-D <= 

    wB97X-D Hyb-GGA Exchange-Correlation Functional

    J.-D. Chai and M. Head-Gordon.,  Phys. Chem. Chem. Phys. 10, 6615-6620 (2008) (10.1039/B810189B)

    Deriv               =              1
    GGA                 =           TRUE
    Meta                =          FALSE

    Exchange Hybrid     =           TRUE
    MP2 Hybrid          =          FALSE

   => Exchange-Correlation Functionals <=

    1.0000   wB97X-D range-separated functional

   => Exact (HF) Exchange <=

    0.7780            HF,LR [omega = 0.2000]
    0.2220               HF 

   => LibXC Density Thresholds  <==

    XC_HYB_GGA_XC_WB97X_D:  1.00E-14 

   => Molecular Quadrature <=

    Radial Scheme          =       TREUTLER
    Pruning Scheme         =           NONE
    Nuclear Scheme         =       TREUTLER

    Blocking Scheme        =         OCTREE
    BS radius alpha        =              1
    Pruning alpha          =              1
    Radial Points          =             75
    Spherical Points       =            302
    Total Points           =         254661
    Total Blocks           =           1916
    Max Points             =            256
    Max Functions          =            100
    Weights Tolerance      =       1.00E-15

   => Loading Basis Set <=

    Name: (6-31G* AUX)
    Role: JKFIT
    Keyword: DF_BASIS_SCF
    atoms 1, 4-6 entry C          line   121 file /Users/jmsmith1/anaconda3/envs/jupyterenv/share/psi4/basis/cc-pvdz-jkfit.gbs 
    atoms 2-3    entry O          line   221 file /Users/jmsmith1/anaconda3/envs/jupyterenv/share/psi4/basis/cc-pvdz-jkfit.gbs 
    atoms 7-12   entry H          line    51 file /Users/jmsmith1/anaconda3/envs/jupyterenv/share/psi4/basis/cc-pvdz-jkfit.gbs 

  ==> Integral Setup <==

  DFHelper Memory: AOs need 0.151 GiB; user supplied 3.609 GiB. 
  SCF_SUBTYPE=INCORE selected. In-core MEM_DF algorithm will be used.
  Using in-core AOs.

  ==> MemDFJK: Density-Fitted J/K Matrices <==

    J tasked:                   Yes
    K tasked:                   Yes
    wK tasked:                  Yes
    Omega:                2.000E-01
    OpenMP threads:               4
    Memory [MiB]:              3695
    Algorithm:                 Core
    Schwarz Cutoff:           1E-12
    Mask sparsity (%):       2.0185
    Fitting Condition:        1E-10

   => Auxiliary Basis Set <=

  Basis Set: (6-31G* AUX)
    Blend: CC-PVDZ-JKFIT
    Number of shells: 198
    Number of basis functions: 636
    Number of Cartesian functions: 636
    Spherical Harmonics?: false
    Max angular momentum: 3

  Cached 100.0% of DFT collocation blocks in 0.582 [GiB].

  Minimum eigenvalue in the overlap matrix is 3.9450659889E-03.
  Reciprocal condition number of the overlap matrix is 5.8488250179E-04.
    Using symmetric orthogonalization.

  ==> Pre-Iterations <==

  SCF Guess: Superposition of Atomic Densities via on-the-fly atomic UHF (no occupation information).

   -------------------------
    Irrep   Nso     Nmo    
   -------------------------
     A        102     102 
   -------------------------
    Total     102     102
   -------------------------

  ==> Iterations <==

                           Total Energy        Delta E     RMS |[F,P]|

   @DF-RKS iter SAD:  -300.23427501967899   -3.00234e+02   0.00000e+00 
   @DF-RKS iter   1:  -296.79853574761938    3.43574e+00   3.36100e-02 ADIIS/DIIS
   @DF-RKS iter   2:  -275.57976460439716    2.12188e+01   6.17794e-02 ADIIS/DIIS
   @DF-RKS iter   3:  -304.63145529956574   -2.90517e+01   1.71649e-02 ADIIS/DIIS
   @DF-RKS iter   4:  -303.60439517633688    1.02706e+00   2.16485e-02 ADIIS/DIIS
   @DF-RKS iter   5:  -306.03990989036578   -2.43551e+00   3.55121e-03 ADIIS/DIIS
   @DF-RKS iter   6:  -306.09293302967041   -5.30231e-02   2.32844e-03 ADIIS/DIIS
   @DF-RKS iter   7:  -306.11995580516350   -2.70228e-02   3.26827e-04 ADIIS/DIIS
   @DF-RKS iter   8:  -306.12065420573396   -6.98401e-04   2.17239e-04 ADIIS/DIIS
   @DF-RKS iter   9:  -306.12091492816592   -2.60722e-04   9.82630e-05 DIIS
   @DF-RKS iter  10:  -306.12096633492871   -5.14068e-05   4.26548e-05 DIIS
   @DF-RKS iter  11:  -306.12097298408611   -6.64916e-06   3.21886e-05 DIIS
   @DF-RKS iter  12:  -306.12097887121877   -5.88713e-06   9.37145e-06 DIIS
   @DF-RKS iter  13:  -306.12097950259562   -6.31377e-07   1.04115e-06 DIIS
   @DF-RKS iter  14:  -306.12097953534180   -3.27462e-08   7.32409e-07 DIIS
   @DF-RKS iter  15:  -306.12097955240660   -1.70648e-08   4.17014e-07 DIIS
   @DF-RKS iter  16:  -306.12097956293223   -1.05256e-08   1.28582e-07 DIIS
   @DF-RKS iter  17:  -306.12097956394683   -1.01460e-09   4.06515e-08 DIIS
  Energy and wave function converged.


  ==> Post-Iterations <==

   Electrons on quadrature grid:
      Ntotal   =   45.9999715461 ; deviation = -2.845e-05 

    Orbital Energies [Eh]
    ---------------------

    Doubly Occupied:                                                      

       1A    -19.429731     2A    -19.263828     3A    -10.427163  
       4A    -10.337681     5A    -10.333606     6A    -10.312096  
       7A     -1.295708     8A     -0.990833     9A     -0.897542  
      10A     -0.857173    11A     -0.749044    12A     -0.665476  
      13A     -0.613654    14A     -0.600947    15A     -0.577036  
      16A     -0.536822    17A     -0.524757    18A     -0.505083  
      19A     -0.481072    20A     -0.450353    21A     -0.382616  
      22A     -0.314309    23A     -0.297178  

    Virtual:                                                              

      24A     -0.030519    25A      0.082484    26A      0.164557  
      27A      0.179968    28A      0.209335    29A      0.231911  
      30A      0.244868    31A      0.260831    32A      0.283331  
      33A      0.291846    34A      0.335369    35A      0.407782  
      36A      0.427640    37A      0.564910    38A      0.574308  
      39A      0.590608    40A      0.618621    41A      0.645785  
      42A      0.682979    43A      0.691928    44A      0.701830  
      45A      0.740781    46A      0.789224    47A      0.837219  
      48A      0.882241    49A      0.901416    50A      0.925691  
      51A      0.944204    52A      0.971977    53A      0.998269  
      54A      1.015275    55A      1.035705    56A      1.053703  
      57A      1.074023    58A      1.119932    59A      1.145321  
      60A      1.162948    61A      1.179617    62A      1.197236  
      63A      1.337574    64A      1.358698    65A      1.412509  
      66A      1.450257    67A      1.521724    68A      1.596053  
      69A      1.614354    70A      1.701432    71A      1.745004  
      72A      1.767171    73A      1.790681    74A      1.828370  
      75A      1.883399    76A      1.905649    77A      1.944344  
      78A      1.982012    79A      2.049913    80A      2.152186  
      81A      2.168585    82A      2.271790    83A      2.309084  
      84A      2.341339    85A      2.355270    86A      2.419989  
      87A      2.478402    88A      2.510024    89A      2.535991  
      90A      2.629720    91A      2.699790    92A      2.755398  
      93A      2.881292    94A      2.891062    95A      3.069924  
      96A      3.185189    97A      3.579095    98A      4.081164  
      99A      4.111243   100A      4.247153   101A      4.353164  
     102A      4.573862  

    Final Occupation by Irrep:
              A 
    DOCC [    23 ]
    NA   [    23 ]
    NB   [    23 ]

  @DF-RKS Final Energy:  -306.12097956394683

   => Energetics <=

    Nuclear Repulsion Energy =            220.1607618948414711
    One-Electron Energy =                -851.6632079621132334
    Two-Electron Energy =                 353.6601067059039565
    DFT Exchange-Correlation Energy =     -28.2745030410200116
    Empirical Dispersion Energy =          -0.0041371615590332
    VV10 Nonlocal Energy =                  0.0000000000000000
    Total Energy =                       -306.1209795639468325

Computation Completed


Properties will be evaluated at   0.000000,   0.000000,   0.000000 [a0]

Properties computed using the SCF density matrix


 Multipole Moments:

 ------------------------------------------------------------------------------------
     Multipole            Electronic (a.u.)      Nuclear  (a.u.)        Total (a.u.)
 ------------------------------------------------------------------------------------

 L = 1.  Multiply by 2.5417464519 to convert [e a0] to [Debye]
 Dipole X            :         -1.2537040           -0.5703897           -1.8240937
 Dipole Y            :          0.7565875           -0.0682088            0.6883787
 Dipole Z            :          0.4977284           -0.5084461           -0.0107177
 Magnitude           :                                                    1.9496917

 ------------------------------------------------------------------------------------

*** tstop() called on cst14372 at Tue Apr 21 11:21:47 2026
Module time:
	user time   =      28.05 seconds =       0.47 minutes
	system time =       0.38 seconds =       0.01 minutes
	total time  =         13 seconds =       0.22 minutes
Total time:
	user time   =    2605.11 seconds =      43.42 minutes
	system time =      38.26 seconds =       0.64 minutes
	total time  =       1260 seconds =      21.00 minutes

Scratch directory: /tmp/
gradient() will perform analytic gradient computation.

*** tstart() called on cst14372
*** at Tue Apr 21 11:21:47 2026


         ------------------------------------------------------------
                                   SCF GRAD                          
                          Rob Parrish, Justin Turney,                
                       Andy Simmonett, and Alex Sokolov              
         ------------------------------------------------------------

  ==> Geometry <==

    Molecular point group: c1
    Full point group: C1

    Geometry (in Angstrom), charge = 0, multiplicity = 1:

       Center              X                  Y                   Z               Mass       
    ------------   -----------------  -----------------  -----------------  -----------------
         C            0.065260479600     0.340902034400     0.141460894500    12.000000000000
         O            1.413665372700     0.353177003500     0.032936420200    15.994914619570
         O            2.105335369700    -0.746385270300    -0.003516849500    15.994914619570
         C           -0.727664189400    -0.950871991400     0.026211640400    12.000000000000
         C           -2.091143305500    -1.021791164300    -0.215090796800    12.000000000000
         C           -0.675966771500     1.713539897900     0.054412259300    12.000000000000
         H           -0.480084459200    -1.811349012400     0.533658543100     1.007825032230
         H           -2.581793427900    -0.179741472800    -0.581732611500     1.007825032230
         H           -2.756751812500    -1.887422093400    -0.372074013700     1.007825032230
         H            0.247926602200     2.260841955200    -0.106430140800     1.007825032230
         H           -1.163164430700     2.314650962900     0.738736656500     1.007825032230
         H           -1.142892921500     1.921918589000    -0.758537055800     1.007825032230

  Nuclear repulsion =  220.160761894841471

  ==> Basis Set <==

  Basis Set: 6-31G*
    Blend: 6-31G*
    Number of shells: 48
    Number of basis functions: 102
    Number of Cartesian functions: 102
    Spherical Harmonics?: false
    Max angular momentum: 2

  ==> DFJKGrad: Density-Fitted SCF Gradients <==

    Gradient:                    1
    J tasked:                  Yes
    K tasked:                  Yes
    wK tasked:                 Yes
    Omega:               2.000E-01
    OpenMP threads:              4
    Integrals threads:           4
    Memory [MiB]:             4291
    Schwarz Cutoff:          1E-12
    Fitting Condition:       1E-10

   => Auxiliary Basis Set <=

  Basis Set: (6-31G* AUX)
    Blend: CC-PVDZ-JKFIT
    Number of shells: 198
    Number of basis functions: 636
    Number of Cartesian functions: 636
    Spherical Harmonics?: false
    Max angular momentum: 3

  ==> DFT Potential <==

   => LibXC <=

    Version 7.0.0
    S. Lehtola, C. Steigemann, M. J.T. Oliveira, and M. A.L. Marques.,  SoftwareX 7, 1–5 (2018) (10.1016/j.softx.2017.11.002)

   => Composite Functional: WB97X-D <= 

    wB97X-D Hyb-GGA Exchange-Correlation Functional

    J.-D. Chai and M. Head-Gordon.,  Phys. Chem. Chem. Phys. 10, 6615-6620 (2008) (10.1039/B810189B)

    Deriv               =              1
    GGA                 =           TRUE
    Meta                =          FALSE

    Exchange Hybrid     =           TRUE
    MP2 Hybrid          =          FALSE

   => Exchange-Correlation Functionals <=

    1.0000   wB97X-D range-separated functional

   => Exact (HF) Exchange <=

    0.7780            HF,LR [omega = 0.2000]
    0.2220               HF 

   => LibXC Density Thresholds  <==

    XC_HYB_GGA_XC_WB97X_D:  1.00E-14 

   => Molecular Quadrature <=

    Radial Scheme          =       TREUTLER
    Pruning Scheme         =           NONE
    Nuclear Scheme         =       TREUTLER

    Blocking Scheme        =         OCTREE
    BS radius alpha        =              1
    Pruning alpha          =              1
    Radial Points          =             75
    Spherical Points       =            302
    Total Points           =         254661
    Total Blocks           =           1916
    Max Points             =            256
    Max Functions          =            100
    Weights Tolerance      =       1.00E-15


  -Total Gradient:
     Atom            X                  Y                   Z
    ------   -----------------  -----------------  -----------------
       1        0.012415406746     0.026592834387     0.015103236067
       2        0.081263947777    -0.028650178599    -0.014452946846
       3       -0.001553814035     0.018212021867     0.002010511378
       4        0.053800268194    -0.036596476231    -0.013067355961
       5       -0.043566827265    -0.002718277965     0.016436521730
       6       -0.140027225571     0.038593856894    -0.051543123842
       7       -0.042902370334     0.039913358024    -0.010876923292
       8        0.017030168925    -0.036468157753     0.011228998073
       9       -0.020171753321     0.003441205466    -0.016575065250
      10       -0.005495283287    -0.020693551858     0.000776376486
      11        0.022408014200     0.001200281737    -0.057347094278
      12        0.066801638594    -0.003285378872     0.118293437855


*** tstop() called on cst14372 at Tue Apr 21 11:21:49 2026
Module time:
	user time   =       3.79 seconds =       0.06 minutes
	system time =       0.06 seconds =       0.00 minutes
	total time  =          2 seconds =       0.03 minutes
Total time:
	user time   =    2608.92 seconds =      43.48 minutes
	system time =      38.32 seconds =       0.64 minutes
	total time  =       1262 seconds =      21.03 minutes

Scratch directory: /tmp/
   => Libint2 <=

    Primary   basis highest AM E, G, H:  6, 6, 3
    Auxiliary basis highest AM E, G, H:  7, 7, 4
    Onebody   basis highest AM E, G, H:  -, -, -
    Solid Harmonics ordering:            Gaussian

*** tstart() called on cst14372
*** at Tue Apr 21 11:21:49 2026

   => Loading Basis Set <=

    Name: 6-31G*
    Role: ORBITAL
    Keyword: BASIS
    atoms 1, 4-6 entry C          line   111 file /Users/jmsmith1/anaconda3/envs/jupyterenv/share/psi4/basis/6-31gs.gbs 
    atoms 2-3    entry O          line   145 file /Users/jmsmith1/anaconda3/envs/jupyterenv/share/psi4/basis/6-31gs.gbs 
    atoms 7-12   entry H          line    44 file /Users/jmsmith1/anaconda3/envs/jupyterenv/share/psi4/basis/6-31gs.gbs 

   => WB97X-D: Empirical Dispersion <=

    Chai and Head-Gordon Dispersion Correction
    Chai, J.-D.; Head-Gordon, M. (2010), J. Chem. Phys., 132: 6615-6620

        s6 =       1.000000


         ---------------------------------------------------------
                                   SCF
               by Justin Turney, Rob Parrish, Andy Simmonett
                          and Daniel G. A. Smith
                              RKS Reference
                        4 Threads,   5722 MiB Core
         ---------------------------------------------------------

  ==> Geometry <==

    Molecular point group: c1
    Full point group: C1

    Geometry (in Angstrom), charge = 0, multiplicity = 1:

       Center              X                  Y                   Z               Mass       
    ------------   -----------------  -----------------  -----------------  -----------------
         C            0.064887802700     0.339003855900     0.145529605200    12.000000000000
         O            1.413562516700     0.355961443000     0.034362669700    15.994914619570
         O            2.109546549000    -0.742888111200    -0.003694445700    15.994914619570
         C           -0.729992692400    -0.954587498300     0.028501461500    12.000000000000
         C           -2.091836223500    -1.024580345300    -0.223067469600    12.000000000000
         C           -0.679406194000     1.714854718500     0.055448774100    12.000000000000
         H           -0.475724298300    -1.804243333600     0.544394929300     1.007825032230
         H           -2.579458666200    -0.182378215800    -0.600825966100     1.007825032230
         H           -2.749488463600    -1.892812466100    -0.375786637100     1.007825032230
         H            0.243432218900     2.261365718500    -0.110427726200     1.007825032230
         H           -1.159322403700     2.311151528600     0.742096158800     1.007825032230
         H           -1.140092966700     1.910711798700    -0.758557929700     1.007825032230

  Running in c1 symmetry.

  Rotational constants: A =      0.17866  B =      0.08969  C =      0.06072 [cm^-1]
  Rotational constants: A =   5355.95457  B =   2688.77249  C =   1820.30781 [MHz]
  Nuclear repulsion =  220.010660608834201

  Charge       = 0
  Multiplicity = 1
  Electrons    = 46
  Nalpha       = 23
  Nbeta        = 23

  ==> Algorithm <==

  SCF Algorithm Type is DF.
  DIIS enabled.
  MOM disabled.
  Fractional occupation disabled.
  Guess Type is SAD.
  Energy threshold   = 1.00e-07
  Density threshold  = 1.00e-07
  Integral threshold = 1.00e-12

  ==> Primary Basis <==

  Basis Set: 6-31G*
    Blend: 6-31G*
    Number of shells: 48
    Number of basis functions: 102
    Number of Cartesian functions: 102
    Spherical Harmonics?: false
    Max angular momentum: 2

  ==> DFT Potential <==

   => LibXC <=

    Version 7.0.0
    S. Lehtola, C. Steigemann, M. J.T. Oliveira, and M. A.L. Marques.,  SoftwareX 7, 1–5 (2018) (10.1016/j.softx.2017.11.002)

   => Composite Functional: WB97X-D <= 

    wB97X-D Hyb-GGA Exchange-Correlation Functional

    J.-D. Chai and M. Head-Gordon.,  Phys. Chem. Chem. Phys. 10, 6615-6620 (2008) (10.1039/B810189B)

    Deriv               =              1
    GGA                 =           TRUE
    Meta                =          FALSE

    Exchange Hybrid     =           TRUE
    MP2 Hybrid          =          FALSE

   => Exchange-Correlation Functionals <=

    1.0000   wB97X-D range-separated functional

   => Exact (HF) Exchange <=

    0.7780            HF,LR [omega = 0.2000]
    0.2220               HF 

   => LibXC Density Thresholds  <==

    XC_HYB_GGA_XC_WB97X_D:  1.00E-14 

   => Molecular Quadrature <=

    Radial Scheme          =       TREUTLER
    Pruning Scheme         =           NONE
    Nuclear Scheme         =       TREUTLER

    Blocking Scheme        =         OCTREE
    BS radius alpha        =              1
    Pruning alpha          =              1
    Radial Points          =             75
    Spherical Points       =            302
    Total Points           =         254670
    Total Blocks           =           1917
    Max Points             =            256
    Max Functions          =            100
    Weights Tolerance      =       1.00E-15

   => Loading Basis Set <=

    Name: (6-31G* AUX)
    Role: JKFIT
    Keyword: DF_BASIS_SCF
    atoms 1, 4-6 entry C          line   121 file /Users/jmsmith1/anaconda3/envs/jupyterenv/share/psi4/basis/cc-pvdz-jkfit.gbs 
    atoms 2-3    entry O          line   221 file /Users/jmsmith1/anaconda3/envs/jupyterenv/share/psi4/basis/cc-pvdz-jkfit.gbs 
    atoms 7-12   entry H          line    51 file /Users/jmsmith1/anaconda3/envs/jupyterenv/share/psi4/basis/cc-pvdz-jkfit.gbs 

  ==> Integral Setup <==

  DFHelper Memory: AOs need 0.151 GiB; user supplied 3.609 GiB. 
  SCF_SUBTYPE=INCORE selected. In-core MEM_DF algorithm will be used.
  Using in-core AOs.

  ==> MemDFJK: Density-Fitted J/K Matrices <==

    J tasked:                   Yes
    K tasked:                   Yes
    wK tasked:                  Yes
    Omega:                2.000E-01
    OpenMP threads:               4
    Memory [MiB]:              3695
    Algorithm:                 Core
    Schwarz Cutoff:           1E-12
    Mask sparsity (%):       2.0185
    Fitting Condition:        1E-10

   => Auxiliary Basis Set <=

  Basis Set: (6-31G* AUX)
    Blend: CC-PVDZ-JKFIT
    Number of shells: 198
    Number of basis functions: 636
    Number of Cartesian functions: 636
    Spherical Harmonics?: false
    Max angular momentum: 3

  Cached 100.0% of DFT collocation blocks in 0.582 [GiB].

  Minimum eigenvalue in the overlap matrix is 3.9935096224E-03.
  Reciprocal condition number of the overlap matrix is 5.9238865816E-04.
    Using symmetric orthogonalization.

  ==> Pre-Iterations <==

  SCF Guess: Superposition of Atomic Densities via on-the-fly atomic UHF (no occupation information).

   -------------------------
    Irrep   Nso     Nmo    
   -------------------------
     A        102     102 
   -------------------------
    Total     102     102
   -------------------------

  ==> Iterations <==

                           Total Energy        Delta E     RMS |[F,P]|

   @DF-RKS iter SAD:  -300.22286645567601   -3.00223e+02   0.00000e+00 
   @DF-RKS iter   1:  -296.84686476100268    3.37600e+00   3.35231e-02 ADIIS/DIIS
   @DF-RKS iter   2:  -275.69138244422322    2.11555e+01   6.16204e-02 ADIIS/DIIS
   @DF-RKS iter   3:  -304.64360555048950   -2.89522e+01   1.71140e-02 ADIIS/DIIS
   @DF-RKS iter   4:  -303.66721414604598    9.76391e-01   2.14102e-02 ADIIS/DIIS
   @DF-RKS iter   5:  -306.04102475339425   -2.37381e+00   3.52426e-03 ADIIS/DIIS
   @DF-RKS iter   6:  -306.09314311059836   -5.21184e-02   2.29824e-03 ADIIS/DIIS
   @DF-RKS iter   7:  -306.11942052909052   -2.62774e-02   3.28007e-04 ADIIS/DIIS
   @DF-RKS iter   8:  -306.12007615669239   -6.55628e-04   2.27298e-04 ADIIS/DIIS
   @DF-RKS iter   9:  -306.12036007862696   -2.83922e-04   9.29941e-05 DIIS
   @DF-RKS iter  10:  -306.12040813833147   -4.80597e-05   4.13969e-05 DIIS
   @DF-RKS iter  11:  -306.12041448677672   -6.34845e-06   3.09529e-05 DIIS
   @DF-RKS iter  12:  -306.12041993537423   -5.44860e-06   9.43819e-06 DIIS
   @DF-RKS iter  13:  -306.12042057546012   -6.40086e-07   1.01996e-06 DIIS
   @DF-RKS iter  14:  -306.12042060797353   -3.25134e-08   7.39469e-07 DIIS
   @DF-RKS iter  15:  -306.12042062371108   -1.57376e-08   4.19001e-07 DIIS
   @DF-RKS iter  16:  -306.12042063520255   -1.14915e-08   1.24017e-07 DIIS
   @DF-RKS iter  17:  -306.12042063616758   -9.65031e-10   3.99868e-08 DIIS
  Energy and wave function converged.


  ==> Post-Iterations <==

   Electrons on quadrature grid:
      Ntotal   =   45.9999746031 ; deviation = -2.540e-05 

    Orbital Energies [Eh]
    ---------------------

    Doubly Occupied:                                                      

       1A    -19.429531     2A    -19.263577     3A    -10.427303  
       4A    -10.337872     5A    -10.333877     6A    -10.311243  
       7A     -1.294408     8A     -0.990122     9A     -0.897413  
      10A     -0.857434    11A     -0.749062    12A     -0.665200  
      13A     -0.613147    14A     -0.599633    15A     -0.576697  
      16A     -0.537132    17A     -0.527232    18A     -0.504880  
      19A     -0.481945    20A     -0.450313    21A     -0.382501  
      22A     -0.314195    23A     -0.297263  

    Virtual:                                                              

      24A     -0.030437    25A      0.081872    26A      0.165063  
      27A      0.180209    28A      0.209941    29A      0.231661  
      30A      0.244688    31A      0.261190    32A      0.283164  
      33A      0.291324    34A      0.334974    35A      0.406574  
      36A      0.426441    37A      0.564977    38A      0.574483  
      39A      0.589530    40A      0.618001    41A      0.645855  
      42A      0.680872    43A      0.691538    44A      0.701624  
      45A      0.739266    46A      0.788244    47A      0.836063  
      48A      0.882667    49A      0.901331    50A      0.926430  
      51A      0.944403    52A      0.972654    53A      1.001098  
      54A      1.018425    55A      1.036904    56A      1.053245  
      57A      1.074142    58A      1.120644    59A      1.146294  
      60A      1.164101    61A      1.180074    62A      1.198038  
      63A      1.337184    64A      1.357473    65A      1.413354  
      66A      1.451110    67A      1.522693    68A      1.594525  
      69A      1.614258    70A      1.700475    71A      1.745874  
      72A      1.766725    73A      1.791080    74A      1.826389  
      75A      1.884246    76A      1.905161    77A      1.944763  
      78A      1.984841    79A      2.049767    80A      2.150925  
      81A      2.166984    82A      2.274079    83A      2.308113  
      84A      2.341596    85A      2.353659    86A      2.421533  
      87A      2.477096    88A      2.508073    89A      2.534239  
      90A      2.629486    91A      2.698343    92A      2.752293  
      93A      2.878570    94A      2.890444    95A      3.068021  
      96A      3.183793    97A      3.578045    98A      4.078881  
      99A      4.111083   100A      4.247326   101A      4.354140  
     102A      4.572503  

    Final Occupation by Irrep:
              A 
    DOCC [    23 ]
    NA   [    23 ]
    NB   [    23 ]

  @DF-RKS Final Energy:  -306.12042063616758

   => Energetics <=

    Nuclear Repulsion Energy =            220.0106606088342005
    One-Electron Energy =                -851.3643315774567100
    Two-Electron Energy =                 353.5132190646878598
    DFT Exchange-Correlation Energy =     -28.2758271527758822
    Empirical Dispersion Energy =          -0.0041415794570494
    VV10 Nonlocal Energy =                  0.0000000000000000
    Total Energy =                       -306.1204206361675801

Computation Completed


Properties will be evaluated at   0.000000,   0.000000,   0.000000 [a0]

Properties computed using the SCF density matrix


 Multipole Moments:

 ------------------------------------------------------------------------------------
     Multipole            Electronic (a.u.)      Nuclear  (a.u.)        Total (a.u.)
 ------------------------------------------------------------------------------------

 L = 1.  Multiply by 2.5417464519 to convert [e a0] to [Debye]
 Dipole X            :         -1.2728229           -0.5553261           -1.8281490
 Dipole Y            :          0.7639241           -0.0821538            0.6817703
 Dipole Z            :          0.5104339           -0.5202173           -0.0097835
 Magnitude           :                                                    1.9511625

 ------------------------------------------------------------------------------------

*** tstop() called on cst14372 at Tue Apr 21 11:22:02 2026
Module time:
	user time   =      27.95 seconds =       0.47 minutes
	system time =       0.29 seconds =       0.00 minutes
	total time  =         13 seconds =       0.22 minutes
Total time:
	user time   =    2636.89 seconds =      43.95 minutes
	system time =      38.62 seconds =       0.64 minutes
	total time  =       1275 seconds =      21.25 minutes

Scratch directory: /tmp/
gradient() will perform analytic gradient computation.

*** tstart() called on cst14372
*** at Tue Apr 21 11:22:02 2026


         ------------------------------------------------------------
                                   SCF GRAD                          
                          Rob Parrish, Justin Turney,                
                       Andy Simmonett, and Alex Sokolov              
         ------------------------------------------------------------

  ==> Geometry <==

    Molecular point group: c1
    Full point group: C1

    Geometry (in Angstrom), charge = 0, multiplicity = 1:

       Center              X                  Y                   Z               Mass       
    ------------   -----------------  -----------------  -----------------  -----------------
         C            0.064887802700     0.339003855900     0.145529605200    12.000000000000
         O            1.413562516700     0.355961443000     0.034362669700    15.994914619570
         O            2.109546549000    -0.742888111200    -0.003694445700    15.994914619570
         C           -0.729992692400    -0.954587498300     0.028501461500    12.000000000000
         C           -2.091836223500    -1.024580345300    -0.223067469600    12.000000000000
         C           -0.679406194000     1.714854718500     0.055448774100    12.000000000000
         H           -0.475724298300    -1.804243333600     0.544394929300     1.007825032230
         H           -2.579458666200    -0.182378215800    -0.600825966100     1.007825032230
         H           -2.749488463600    -1.892812466100    -0.375786637100     1.007825032230
         H            0.243432218900     2.261365718500    -0.110427726200     1.007825032230
         H           -1.159322403700     2.311151528600     0.742096158800     1.007825032230
         H           -1.140092966700     1.910711798700    -0.758557929700     1.007825032230

  Nuclear repulsion =  220.010660608834201

  ==> Basis Set <==

  Basis Set: 6-31G*
    Blend: 6-31G*
    Number of shells: 48
    Number of basis functions: 102
    Number of Cartesian functions: 102
    Spherical Harmonics?: false
    Max angular momentum: 2

  ==> DFJKGrad: Density-Fitted SCF Gradients <==

    Gradient:                    1
    J tasked:                  Yes
    K tasked:                  Yes
    wK tasked:                 Yes
    Omega:               2.000E-01
    OpenMP threads:              4
    Integrals threads:           4
    Memory [MiB]:             4291
    Schwarz Cutoff:          1E-12
    Fitting Condition:       1E-10

   => Auxiliary Basis Set <=

  Basis Set: (6-31G* AUX)
    Blend: CC-PVDZ-JKFIT
    Number of shells: 198
    Number of basis functions: 636
    Number of Cartesian functions: 636
    Spherical Harmonics?: false
    Max angular momentum: 3

  ==> DFT Potential <==

   => LibXC <=

    Version 7.0.0
    S. Lehtola, C. Steigemann, M. J.T. Oliveira, and M. A.L. Marques.,  SoftwareX 7, 1–5 (2018) (10.1016/j.softx.2017.11.002)

   => Composite Functional: WB97X-D <= 

    wB97X-D Hyb-GGA Exchange-Correlation Functional

    J.-D. Chai and M. Head-Gordon.,  Phys. Chem. Chem. Phys. 10, 6615-6620 (2008) (10.1039/B810189B)

    Deriv               =              1
    GGA                 =           TRUE
    Meta                =          FALSE

    Exchange Hybrid     =           TRUE
    MP2 Hybrid          =          FALSE

   => Exchange-Correlation Functionals <=

    1.0000   wB97X-D range-separated functional

   => Exact (HF) Exchange <=

    0.7780            HF,LR [omega = 0.2000]
    0.2220               HF 

   => LibXC Density Thresholds  <==

    XC_HYB_GGA_XC_WB97X_D:  1.00E-14 

   => Molecular Quadrature <=

    Radial Scheme          =       TREUTLER
    Pruning Scheme         =           NONE
    Nuclear Scheme         =       TREUTLER

    Blocking Scheme        =         OCTREE
    BS radius alpha        =              1
    Pruning alpha          =              1
    Radial Points          =             75
    Spherical Points       =            302
    Total Points           =         254670
    Total Blocks           =           1917
    Max Points             =            256
    Max Functions          =            100
    Weights Tolerance      =       1.00E-15


  -Total Gradient:
     Atom            X                  Y                   Z
    ------   -----------------  -----------------  -----------------
       1        0.012398854248     0.024632561590     0.015956331178
       2        0.081401824273    -0.026550233099    -0.014773173950
       3       -0.000822203559     0.017022969960     0.001998012121
       4        0.053283907964    -0.040923872919    -0.011319312137
       5       -0.045192657551    -0.004490724864     0.015872309347
       6       -0.145516011932     0.043329638977    -0.054602437425
       7       -0.042466416130     0.042568342970    -0.012506754611
       8        0.015869896892    -0.034134499816     0.010721030673
       9       -0.018311781494     0.004327893802    -0.016187299385
      10       -0.005906042735    -0.020721598156     0.000717823164
      11        0.024735033350    -0.001433979921    -0.059164688717
      12        0.070505437192    -0.004092180223     0.123275004845


*** tstop() called on cst14372 at Tue Apr 21 11:22:04 2026
Module time:
	user time   =       3.85 seconds =       0.06 minutes
	system time =       0.06 seconds =       0.00 minutes
	total time  =          2 seconds =       0.03 minutes
Total time:
	user time   =    2640.75 seconds =      44.01 minutes
	system time =      38.68 seconds =       0.64 minutes
	total time  =       1277 seconds =      21.28 minutes

Scratch directory: /tmp/
   => Libint2 <=

    Primary   basis highest AM E, G, H:  6, 6, 3
    Auxiliary basis highest AM E, G, H:  7, 7, 4
    Onebody   basis highest AM E, G, H:  -, -, -
    Solid Harmonics ordering:            Gaussian

*** tstart() called on cst14372
*** at Tue Apr 21 11:22:04 2026

   => Loading Basis Set <=

    Name: 6-31G*
    Role: ORBITAL
    Keyword: BASIS
    atoms 1, 4-6 entry C          line   111 file /Users/jmsmith1/anaconda3/envs/jupyterenv/share/psi4/basis/6-31gs.gbs 
    atoms 2-3    entry O          line   145 file /Users/jmsmith1/anaconda3/envs/jupyterenv/share/psi4/basis/6-31gs.gbs 
    atoms 7-12   entry H          line    44 file /Users/jmsmith1/anaconda3/envs/jupyterenv/share/psi4/basis/6-31gs.gbs 

   => WB97X-D: Empirical Dispersion <=

    Chai and Head-Gordon Dispersion Correction
    Chai, J.-D.; Head-Gordon, M. (2010), J. Chem. Phys., 132: 6615-6620

        s6 =       1.000000


         ---------------------------------------------------------
                                   SCF
               by Justin Turney, Rob Parrish, Andy Simmonett
                          and Daniel G. A. Smith
                              RKS Reference
                        4 Threads,   5722 MiB Core
         ---------------------------------------------------------

  ==> Geometry <==

    Molecular point group: c1
    Full point group: C1

    Geometry (in Angstrom), charge = 0, multiplicity = 1:

       Center              X                  Y                   Z               Mass       
    ------------   -----------------  -----------------  -----------------  -----------------
         C            0.064477879900     0.337027560300     0.149566573900    12.000000000000
         O            1.413282256600     0.358813537300     0.035826125900    15.994914619570
         O            2.113774506800    -0.739415526000    -0.003877019500    15.994914619570
         C           -0.732483846800    -0.958197675400     0.030832225600    12.000000000000
         C           -2.092400685500    -1.027366445300    -0.231118518600    12.000000000000
         C           -0.682436302000     1.716048694100     0.056647161000    12.000000000000
         H           -0.469882695900    -1.798581800200     0.555601260900     1.007825032230
         H           -2.577663414900    -0.183846037800    -0.620357371800     1.007825032230
         H           -2.741567145400    -1.898371423600    -0.378953698200     1.007825032230
         H            0.239125710900     2.262606646000    -0.114464320600     1.007825032230
         H           -1.156320542200     2.307689137800     0.747509957000     1.007825032230
         H           -1.139716859600     1.899606376000    -0.762834273200     1.007825032230

  Running in c1 symmetry.

  Rotational constants: A =      0.17837  B =      0.08947  C =      0.06062 [cm^-1]
  Rotational constants: A =   5347.25350  B =   2682.23766  C =   1817.42737 [MHz]
  Nuclear repulsion =  219.818051919164986

  Charge       = 0
  Multiplicity = 1
  Electrons    = 46
  Nalpha       = 23
  Nbeta        = 23

  ==> Algorithm <==

  SCF Algorithm Type is DF.
  DIIS enabled.
  MOM disabled.
  Fractional occupation disabled.
  Guess Type is SAD.
  Energy threshold   = 1.00e-07
  Density threshold  = 1.00e-07
  Integral threshold = 1.00e-12

  ==> Primary Basis <==

  Basis Set: 6-31G*
    Blend: 6-31G*
    Number of shells: 48
    Number of basis functions: 102
    Number of Cartesian functions: 102
    Spherical Harmonics?: false
    Max angular momentum: 2

  ==> DFT Potential <==

   => LibXC <=

    Version 7.0.0
    S. Lehtola, C. Steigemann, M. J.T. Oliveira, and M. A.L. Marques.,  SoftwareX 7, 1–5 (2018) (10.1016/j.softx.2017.11.002)

   => Composite Functional: WB97X-D <= 

    wB97X-D Hyb-GGA Exchange-Correlation Functional

    J.-D. Chai and M. Head-Gordon.,  Phys. Chem. Chem. Phys. 10, 6615-6620 (2008) (10.1039/B810189B)

    Deriv               =              1
    GGA                 =           TRUE
    Meta                =          FALSE

    Exchange Hybrid     =           TRUE
    MP2 Hybrid          =          FALSE

   => Exchange-Correlation Functionals <=

    1.0000   wB97X-D range-separated functional

   => Exact (HF) Exchange <=

    0.7780            HF,LR [omega = 0.2000]
    0.2220               HF 

   => LibXC Density Thresholds  <==

    XC_HYB_GGA_XC_WB97X_D:  1.00E-14 

   => Molecular Quadrature <=

    Radial Scheme          =       TREUTLER
    Pruning Scheme         =           NONE
    Nuclear Scheme         =       TREUTLER

    Blocking Scheme        =         OCTREE
    BS radius alpha        =              1
    Pruning alpha          =              1
    Radial Points          =             75
    Spherical Points       =            302
    Total Points           =         254680
    Total Blocks           =           1932
    Max Points             =            256
    Max Functions          =            100
    Weights Tolerance      =       1.00E-15

   => Loading Basis Set <=

    Name: (6-31G* AUX)
    Role: JKFIT
    Keyword: DF_BASIS_SCF
    atoms 1, 4-6 entry C          line   121 file /Users/jmsmith1/anaconda3/envs/jupyterenv/share/psi4/basis/cc-pvdz-jkfit.gbs 
    atoms 2-3    entry O          line   221 file /Users/jmsmith1/anaconda3/envs/jupyterenv/share/psi4/basis/cc-pvdz-jkfit.gbs 
    atoms 7-12   entry H          line    51 file /Users/jmsmith1/anaconda3/envs/jupyterenv/share/psi4/basis/cc-pvdz-jkfit.gbs 

  ==> Integral Setup <==

  DFHelper Memory: AOs need 0.151 GiB; user supplied 3.610 GiB. 
  SCF_SUBTYPE=INCORE selected. In-core MEM_DF algorithm will be used.
  Using in-core AOs.

  ==> MemDFJK: Density-Fitted J/K Matrices <==

    J tasked:                   Yes
    K tasked:                   Yes
    wK tasked:                  Yes
    Omega:                2.000E-01
    OpenMP threads:               4
    Memory [MiB]:              3696
    Algorithm:                 Core
    Schwarz Cutoff:           1E-12
    Mask sparsity (%):       2.0185
    Fitting Condition:        1E-10

   => Auxiliary Basis Set <=

  Basis Set: (6-31G* AUX)
    Blend: CC-PVDZ-JKFIT
    Number of shells: 198
    Number of basis functions: 636
    Number of Cartesian functions: 636
    Spherical Harmonics?: false
    Max angular momentum: 3

  Cached 100.0% of DFT collocation blocks in 0.581 [GiB].

  Minimum eigenvalue in the overlap matrix is 4.0423923833E-03.
  Reciprocal condition number of the overlap matrix is 6.0023424426E-04.
    Using symmetric orthogonalization.

  ==> Pre-Iterations <==

  SCF Guess: Superposition of Atomic Densities via on-the-fly atomic UHF (no occupation information).

   -------------------------
    Irrep   Nso     Nmo    
   -------------------------
     A        102     102 
   -------------------------
    Total     102     102
   -------------------------

  ==> Iterations <==

                           Total Energy        Delta E     RMS |[F,P]|

   @DF-RKS iter SAD:  -300.20366525900988   -3.00204e+02   0.00000e+00 
   @DF-RKS iter   1:  -296.89230662635180    3.31136e+00   3.34393e-02 ADIIS/DIIS
   @DF-RKS iter   2:  -275.77831009253913    2.11140e+01   6.14886e-02 ADIIS/DIIS
   @DF-RKS iter   3:  -304.65652306860432   -2.88782e+01   1.70663e-02 ADIIS/DIIS
   @DF-RKS iter   4:  -303.71583146874138    9.40692e-01   2.12230e-02 ADIIS/DIIS
   @DF-RKS iter   5:  -306.04389841675663   -2.32807e+00   3.50078e-03 ADIIS/DIIS
   @DF-RKS iter   6:  -306.09529542644361   -5.13970e-02   2.27102e-03 ADIIS/DIIS
   @DF-RKS iter   7:  -306.12091379598456   -2.56184e-02   3.30989e-04 ADIIS/DIIS
   @DF-RKS iter   8:  -306.12153503957194   -6.21244e-04   2.37142e-04 ADIIS/DIIS
   @DF-RKS iter   9:  -306.12184266375851   -3.07624e-04   8.84769e-05 DIIS
   @DF-RKS iter  10:  -306.12188797368498   -4.53099e-05   4.04780e-05 DIIS
   @DF-RKS iter  11:  -306.12189412466472   -6.15098e-06   2.99931e-05 DIIS
   @DF-RKS iter  12:  -306.12189925107492   -5.12641e-06   9.45690e-06 DIIS
   @DF-RKS iter  13:  -306.12189989593566   -6.44861e-07   1.01496e-06 DIIS
   @DF-RKS iter  14:  -306.12189992864160   -3.27059e-08   7.45792e-07 DIIS
   @DF-RKS iter  15:  -306.12189994375962   -1.51180e-08   4.20081e-07 DIIS
   @DF-RKS iter  16:  -306.12189995587761   -1.21180e-08   1.20751e-07 DIIS
   @DF-RKS iter  17:  -306.12189995679330   -9.15691e-10   3.96760e-08 DIIS
  Energy and wave function converged.


  ==> Post-Iterations <==

   Electrons on quadrature grid:
      Ntotal   =   45.9999782999 ; deviation = -2.170e-05 

    Orbital Energies [Eh]
    ---------------------

    Doubly Occupied:                                                      

       1A    -19.429278     2A    -19.263286     3A    -10.427406  
       4A    -10.338270     5A    -10.334294     6A    -10.311159  
       7A     -1.292998     8A     -0.989381     9A     -0.897170  
      10A     -0.857006    11A     -0.748953    12A     -0.664524  
      13A     -0.612561    14A     -0.598039    15A     -0.576287  
      16A     -0.537424    17A     -0.529108    18A     -0.504577  
      19A     -0.482720    20A     -0.450133    21A     -0.382412  
      22A     -0.314055    23A     -0.297325  

    Virtual:                                                              

      24A     -0.030363    25A      0.081294    26A      0.165456  
      27A      0.180143    28A      0.210521    29A      0.231134  
      30A      0.243960    31A      0.261242    32A      0.281843  
      33A      0.290766    34A      0.334493    35A      0.405382  
      36A      0.425234    37A      0.564945    38A      0.575026  
      39A      0.588712    40A      0.617528    41A      0.646111  
      42A      0.678755    43A      0.691215    44A      0.701565  
      45A      0.737729    46A      0.787390    47A      0.834967  
      48A      0.883024    49A      0.901118    50A      0.927104  
      51A      0.944455    52A      0.972694    53A      1.002031  
      54A      1.020790    55A      1.037650    56A      1.052384  
      57A      1.073511    58A      1.120595    59A      1.146685  
      60A      1.163221    61A      1.179246    62A      1.197977  
      63A      1.336853    64A      1.356196    65A      1.413996  
      66A      1.451842    67A      1.523218    68A      1.593050  
      69A      1.614166    70A      1.700181    71A      1.746609  
      72A      1.766169    73A      1.792062    74A      1.824319  
      75A      1.885241    76A      1.904418    77A      1.945188  
      78A      1.987544    79A      2.049664    80A      2.148892  
      81A      2.165578    82A      2.275170    83A      2.306418  
      84A      2.340906    85A      2.352689    86A      2.422244  
      87A      2.474482    88A      2.504435    89A      2.532290  
      90A      2.626114    91A      2.696152    92A      2.748790  
      93A      2.875515    94A      2.890052    95A      3.066248  
      96A      3.182673    97A      3.576999    98A      4.076554  
      99A      4.110784   100A      4.247178   101A      4.354251  
     102A      4.570994  

    Final Occupation by Irrep:
              A 
    DOCC [    23 ]
    NA   [    23 ]
    NB   [    23 ]

  @DF-RKS Final Energy:  -306.12189995679330

   => Energetics <=

    Nuclear Repulsion Energy =            219.8180519191649864
    One-Electron Energy =                -850.9905348705177630
    Two-Electron Energy =                 353.3285703939834548
    DFT Exchange-Correlation Energy =     -28.2738398337506140
    Empirical Dispersion Energy =          -0.0041475656733532
    VV10 Nonlocal Energy =                  0.0000000000000000
    Total Energy =                       -306.1218999567932997

Computation Completed


Properties will be evaluated at   0.000000,   0.000000,   0.000000 [a0]

Properties computed using the SCF density matrix


 Multipole Moments:

 ------------------------------------------------------------------------------------
     Multipole            Electronic (a.u.)      Nuclear  (a.u.)        Total (a.u.)
 ------------------------------------------------------------------------------------

 L = 1.  Multiply by 2.5417464519 to convert [e a0] to [Debye]
 Dipole X            :         -1.2909546           -0.5416495           -1.8326041
 Dipole Y            :          0.7705476           -0.0956961            0.6748515
 Dipole Z            :          0.5251564           -0.5335471           -0.0083907
 Magnitude           :                                                    1.9529293

 ------------------------------------------------------------------------------------

*** tstop() called on cst14372 at Tue Apr 21 11:22:18 2026
Module time:
	user time   =      28.02 seconds =       0.47 minutes
	system time =       0.30 seconds =       0.00 minutes
	total time  =         14 seconds =       0.23 minutes
Total time:
	user time   =    2668.79 seconds =      44.48 minutes
	system time =      38.99 seconds =       0.65 minutes
	total time  =       1291 seconds =      21.52 minutes

Scratch directory: /tmp/
gradient() will perform analytic gradient computation.

*** tstart() called on cst14372
*** at Tue Apr 21 11:22:18 2026


         ------------------------------------------------------------
                                   SCF GRAD                          
                          Rob Parrish, Justin Turney,                
                       Andy Simmonett, and Alex Sokolov              
         ------------------------------------------------------------

  ==> Geometry <==

    Molecular point group: c1
    Full point group: C1

    Geometry (in Angstrom), charge = 0, multiplicity = 1:

       Center              X                  Y                   Z               Mass       
    ------------   -----------------  -----------------  -----------------  -----------------
         C            0.064477879900     0.337027560300     0.149566573900    12.000000000000
         O            1.413282256600     0.358813537300     0.035826125900    15.994914619570
         O            2.113774506800    -0.739415526000    -0.003877019500    15.994914619570
         C           -0.732483846800    -0.958197675400     0.030832225600    12.000000000000
         C           -2.092400685500    -1.027366445300    -0.231118518600    12.000000000000
         C           -0.682436302000     1.716048694100     0.056647161000    12.000000000000
         H           -0.469882695900    -1.798581800200     0.555601260900     1.007825032230
         H           -2.577663414900    -0.183846037800    -0.620357371800     1.007825032230
         H           -2.741567145400    -1.898371423600    -0.378953698200     1.007825032230
         H            0.239125710900     2.262606646000    -0.114464320600     1.007825032230
         H           -1.156320542200     2.307689137800     0.747509957000     1.007825032230
         H           -1.139716859600     1.899606376000    -0.762834273200     1.007825032230

  Nuclear repulsion =  219.818051919164986

  ==> Basis Set <==

  Basis Set: 6-31G*
    Blend: 6-31G*
    Number of shells: 48
    Number of basis functions: 102
    Number of Cartesian functions: 102
    Spherical Harmonics?: false
    Max angular momentum: 2

  ==> DFJKGrad: Density-Fitted SCF Gradients <==

    Gradient:                    1
    J tasked:                  Yes
    K tasked:                  Yes
    wK tasked:                 Yes
    Omega:               2.000E-01
    OpenMP threads:              4
    Integrals threads:           4
    Memory [MiB]:             4291
    Schwarz Cutoff:          1E-12
    Fitting Condition:       1E-10

   => Auxiliary Basis Set <=

  Basis Set: (6-31G* AUX)
    Blend: CC-PVDZ-JKFIT
    Number of shells: 198
    Number of basis functions: 636
    Number of Cartesian functions: 636
    Spherical Harmonics?: false
    Max angular momentum: 3

  ==> DFT Potential <==

   => LibXC <=

    Version 7.0.0
    S. Lehtola, C. Steigemann, M. J.T. Oliveira, and M. A.L. Marques.,  SoftwareX 7, 1–5 (2018) (10.1016/j.softx.2017.11.002)

   => Composite Functional: WB97X-D <= 

    wB97X-D Hyb-GGA Exchange-Correlation Functional

    J.-D. Chai and M. Head-Gordon.,  Phys. Chem. Chem. Phys. 10, 6615-6620 (2008) (10.1039/B810189B)

    Deriv               =              1
    GGA                 =           TRUE
    Meta                =          FALSE

    Exchange Hybrid     =           TRUE
    MP2 Hybrid          =          FALSE

   => Exchange-Correlation Functionals <=

    1.0000   wB97X-D range-separated functional

   => Exact (HF) Exchange <=

    0.7780            HF,LR [omega = 0.2000]
    0.2220               HF 

   => LibXC Density Thresholds  <==

    XC_HYB_GGA_XC_WB97X_D:  1.00E-14 

   => Molecular Quadrature <=

    Radial Scheme          =       TREUTLER
    Pruning Scheme         =           NONE
    Nuclear Scheme         =       TREUTLER

    Blocking Scheme        =         OCTREE
    BS radius alpha        =              1
    Pruning alpha          =              1
    Radial Points          =             75
    Spherical Points       =            302
    Total Points           =         254680
    Total Blocks           =           1932
    Max Points             =            256
    Max Functions          =            100
    Weights Tolerance      =       1.00E-15


  -Total Gradient:
     Atom            X                  Y                   Z
    ------   -----------------  -----------------  -----------------
       1        0.012284315813     0.022582495404     0.016822896604
       2        0.081370367667    -0.024279761315    -0.015081535833
       3       -0.000027001480     0.015727098606     0.001981645174
       4        0.052081810692    -0.043612510930    -0.010442039367
       5       -0.046304858140    -0.007238865274     0.015631498616
       6       -0.146648866820     0.045496832039    -0.052538238695
       7       -0.041377903135     0.043529569191    -0.013147146993
       8        0.014162921128    -0.030750472277     0.009694065410
       9       -0.016318461366     0.005290538087    -0.015715670149
      10       -0.006123998271    -0.020605709461     0.000641362523
      11        0.026265605467    -0.003086257510    -0.059582433368
      12        0.070609016445    -0.003497504490     0.121727964636


*** tstop() called on cst14372 at Tue Apr 21 11:22:19 2026
Module time:
	user time   =       3.69 seconds =       0.06 minutes
	system time =       0.07 seconds =       0.00 minutes
	total time  =          1 seconds =       0.02 minutes
Total time:
	user time   =    2672.49 seconds =      44.54 minutes
	system time =      39.06 seconds =       0.65 minutes
	total time  =       1292 seconds =      21.53 minutes

Scratch directory: /tmp/
   => Libint2 <=

    Primary   basis highest AM E, G, H:  6, 6, 3
    Auxiliary basis highest AM E, G, H:  7, 7, 4
    Onebody   basis highest AM E, G, H:  -, -, -
    Solid Harmonics ordering:            Gaussian

*** tstart() called on cst14372
*** at Tue Apr 21 11:22:19 2026

   => Loading Basis Set <=

    Name: 6-31G*
    Role: ORBITAL
    Keyword: BASIS
    atoms 1, 4-6 entry C          line   111 file /Users/jmsmith1/anaconda3/envs/jupyterenv/share/psi4/basis/6-31gs.gbs 
    atoms 2-3    entry O          line   145 file /Users/jmsmith1/anaconda3/envs/jupyterenv/share/psi4/basis/6-31gs.gbs 
    atoms 7-12   entry H          line    44 file /Users/jmsmith1/anaconda3/envs/jupyterenv/share/psi4/basis/6-31gs.gbs 

   => WB97X-D: Empirical Dispersion <=

    Chai and Head-Gordon Dispersion Correction
    Chai, J.-D.; Head-Gordon, M. (2010), J. Chem. Phys., 132: 6615-6620

        s6 =       1.000000


         ---------------------------------------------------------
                                   SCF
               by Justin Turney, Rob Parrish, Andy Simmonett
                          and Daniel G. A. Smith
                              RKS Reference
                        4 Threads,   5722 MiB Core
         ---------------------------------------------------------

  ==> Geometry <==

    Molecular point group: c1
    Full point group: C1

    Geometry (in Angstrom), charge = 0, multiplicity = 1:

       Center              X                  Y                   Z               Mass       
    ------------   -----------------  -----------------  -----------------  -----------------
         C            0.064030972800     0.334979101400     0.153568592200    12.000000000000
         O            1.412824082800     0.361728169800     0.037327376100    15.994914619570
         O            2.118016957200    -0.735965287600    -0.004064526100    15.994914619570
         C           -0.735134375000    -0.961693841700     0.033201194800    12.000000000000
         C           -2.092832939900    -1.030141087300    -0.239242333900    12.000000000000
         C           -0.685051945700     1.717114951800     0.058001830500    12.000000000000
         H           -0.462592909100    -1.794403449900     0.567299649900     1.007825032230
         H           -2.576350896700    -0.184257456200    -0.640290065800     1.007825032230
         H           -2.733055520100    -1.904131972300    -0.381589113200     1.007825032230
         H            0.235015883200     2.264563057600    -0.118536833400     1.007825032230
         H           -1.154215043100     2.304321455100     0.754998845400     1.007825032230
         H           -1.141776681300     1.888583764000    -0.771326902200     1.007825032230

  Running in c1 symmetry.

  Rotational constants: A =      0.17804  B =      0.08925  C =      0.06053 [cm^-1]
  Rotational constants: A =   5337.63943  B =   2675.67951  C =   1814.59405 [MHz]
  Nuclear repulsion =  219.582902405156432

  Charge       = 0
  Multiplicity = 1
  Electrons    = 46
  Nalpha       = 23
  Nbeta        = 23

  ==> Algorithm <==

  SCF Algorithm Type is DF.
  DIIS enabled.
  MOM disabled.
  Fractional occupation disabled.
  Guess Type is SAD.
  Energy threshold   = 1.00e-07
  Density threshold  = 1.00e-07
  Integral threshold = 1.00e-12

  ==> Primary Basis <==

  Basis Set: 6-31G*
    Blend: 6-31G*
    Number of shells: 48
    Number of basis functions: 102
    Number of Cartesian functions: 102
    Spherical Harmonics?: false
    Max angular momentum: 2

  ==> DFT Potential <==

   => LibXC <=

    Version 7.0.0
    S. Lehtola, C. Steigemann, M. J.T. Oliveira, and M. A.L. Marques.,  SoftwareX 7, 1–5 (2018) (10.1016/j.softx.2017.11.002)

   => Composite Functional: WB97X-D <= 

    wB97X-D Hyb-GGA Exchange-Correlation Functional

    J.-D. Chai and M. Head-Gordon.,  Phys. Chem. Chem. Phys. 10, 6615-6620 (2008) (10.1039/B810189B)

    Deriv               =              1
    GGA                 =           TRUE
    Meta                =          FALSE

    Exchange Hybrid     =           TRUE
    MP2 Hybrid          =          FALSE

   => Exchange-Correlation Functionals <=

    1.0000   wB97X-D range-separated functional

   => Exact (HF) Exchange <=

    0.7780            HF,LR [omega = 0.2000]
    0.2220               HF 

   => LibXC Density Thresholds  <==

    XC_HYB_GGA_XC_WB97X_D:  1.00E-14 

   => Molecular Quadrature <=

    Radial Scheme          =       TREUTLER
    Pruning Scheme         =           NONE
    Nuclear Scheme         =       TREUTLER

    Blocking Scheme        =         OCTREE
    BS radius alpha        =              1
    Pruning alpha          =              1
    Radial Points          =             75
    Spherical Points       =            302
    Total Points           =         254711
    Total Blocks           =           1928
    Max Points             =            256
    Max Functions          =            100
    Weights Tolerance      =       1.00E-15

   => Loading Basis Set <=

    Name: (6-31G* AUX)
    Role: JKFIT
    Keyword: DF_BASIS_SCF
    atoms 1, 4-6 entry C          line   121 file /Users/jmsmith1/anaconda3/envs/jupyterenv/share/psi4/basis/cc-pvdz-jkfit.gbs 
    atoms 2-3    entry O          line   221 file /Users/jmsmith1/anaconda3/envs/jupyterenv/share/psi4/basis/cc-pvdz-jkfit.gbs 
    atoms 7-12   entry H          line    51 file /Users/jmsmith1/anaconda3/envs/jupyterenv/share/psi4/basis/cc-pvdz-jkfit.gbs 

  ==> Integral Setup <==

  DFHelper Memory: AOs need 0.151 GiB; user supplied 3.610 GiB. 
  SCF_SUBTYPE=INCORE selected. In-core MEM_DF algorithm will be used.
  Using in-core AOs.

  ==> MemDFJK: Density-Fitted J/K Matrices <==

    J tasked:                   Yes
    K tasked:                   Yes
    wK tasked:                  Yes
    Omega:                2.000E-01
    OpenMP threads:               4
    Memory [MiB]:              3696
    Algorithm:                 Core
    Schwarz Cutoff:           1E-12
    Mask sparsity (%):       1.9992
    Fitting Condition:        1E-10

   => Auxiliary Basis Set <=

  Basis Set: (6-31G* AUX)
    Blend: CC-PVDZ-JKFIT
    Number of shells: 198
    Number of basis functions: 636
    Number of Cartesian functions: 636
    Spherical Harmonics?: false
    Max angular momentum: 3

  Cached 100.0% of DFT collocation blocks in 0.581 [GiB].

  Minimum eigenvalue in the overlap matrix is 4.0917940543E-03.
  Reciprocal condition number of the overlap matrix is 6.0844895934E-04.
    Using symmetric orthogonalization.

  ==> Pre-Iterations <==

  SCF Guess: Superposition of Atomic Densities via on-the-fly atomic UHF (no occupation information).

   -------------------------
    Irrep   Nso     Nmo    
   -------------------------
     A        102     102 
   -------------------------
    Total     102     102
   -------------------------

  ==> Iterations <==

                           Total Energy        Delta E     RMS |[F,P]|

   @DF-RKS iter SAD:  -300.17671553204934   -3.00177e+02   0.00000e+00 
   @DF-RKS iter   1:  -296.93414851641813    3.24257e+00   3.33591e-02 ADIIS/DIIS
   @DF-RKS iter   2:  -275.84012273094277    2.10940e+01   6.13850e-02 ADIIS/DIIS
   @DF-RKS iter   3:  -304.67004539689185   -2.88299e+01   1.70224e-02 ADIIS/DIIS
   @DF-RKS iter   4:  -303.75219973405427    9.17846e-01   2.10844e-02 ADIIS/DIIS
   @DF-RKS iter   5:  -306.04850329748001   -2.29630e+00   3.48009e-03 ADIIS/DIIS
   @DF-RKS iter   6:  -306.09931517538882   -5.08119e-02   2.24723e-03 ADIIS/DIIS
   @DF-RKS iter   7:  -306.12436600093156   -2.50508e-02   3.35581e-04 ADIIS/DIIS
   @DF-RKS iter   8:  -306.12496062390727   -5.94623e-04   2.46714e-04 ADIIS/DIIS
   @DF-RKS iter   9:  -306.12529229940549   -3.31675e-04   8.47020e-05 DIIS
   @DF-RKS iter  10:  -306.12533540367502   -4.31043e-05   3.98689e-05 DIIS
   @DF-RKS iter  11:  -306.12534144273457   -6.03906e-06   2.92897e-05 DIIS
   @DF-RKS iter  12:  -306.12534634750756   -4.90477e-06   9.44518e-06 DIIS
   @DF-RKS iter  13:  -306.12534699515351   -6.47646e-07   1.01779e-06 DIIS
   @DF-RKS iter  14:  -306.12534702843635   -3.32828e-08   7.51520e-07 DIIS
   @DF-RKS iter  15:  -306.12534704340686   -1.49705e-08   4.22200e-07 DIIS
   @DF-RKS iter  16:  -306.12534705596215   -1.25553e-08   1.18772e-07 DIIS
   @DF-RKS iter  17:  -306.12534705685334   -8.91191e-10   3.95946e-08 DIIS
  Energy and wave function converged.


  ==> Post-Iterations <==

   Electrons on quadrature grid:
      Ntotal   =   45.9999826846 ; deviation = -1.732e-05 

    Orbital Energies [Eh]
    ---------------------

    Doubly Occupied:                                                      

       1A    -19.428973     2A    -19.262957     3A    -10.427480  
       4A    -10.338881     5A    -10.334847     6A    -10.311858  
       7A     -1.291484     8A     -0.988610     9A     -0.896819  
      10A     -0.855894    11A     -0.748723    12A     -0.663478  
      13A     -0.611893    14A     -0.596209    15A     -0.575774  
      16A     -0.537708    17A     -0.530314    18A     -0.504176  
      19A     -0.483359    20A     -0.449822    21A     -0.382354  
      22A     -0.313890    23A     -0.297364  

    Virtual:                                                              

      24A     -0.030295    25A      0.080757    26A      0.165714  
      27A      0.179778    28A      0.211027    29A      0.230364  
      30A      0.242706    31A      0.260924    32A      0.279642  
      33A      0.289920    34A      0.333908    35A      0.404208  
      36A      0.424014    37A      0.564820    38A      0.575885  
      39A      0.588229    40A      0.617194    41A      0.646540  
      42A      0.676642    43A      0.690968    44A      0.701652  
      45A      0.736187    46A      0.786663    47A      0.833952  
      48A      0.883322    49A      0.900778    50A      0.927689  
      51A      0.944349    52A      0.972210    53A      1.001182  
      54A      1.021983    55A      1.037849    56A      1.051092  
      57A      1.072258    58A      1.119716    59A      1.146400  
      60A      1.160500    61A      1.176773    62A      1.197497  
      63A      1.336583    64A      1.354892    65A      1.414447  
      66A      1.452440    67A      1.523365    68A      1.591619  
      69A      1.614077    70A      1.700523    71A      1.747214  
      72A      1.765434    73A      1.793638    74A      1.822174  
      75A      1.886354    76A      1.903458    77A      1.945625  
      78A      1.990015    79A      2.049598    80A      2.146160  
      81A      2.164342    82A      2.275295    83A      2.303578  
      84A      2.339366    85A      2.352238    86A      2.422221  
      87A      2.470735    88A      2.498754    89A      2.530163  
      90A      2.619551    91A      2.693332    92A      2.744982  
      93A      2.872280    94A      2.889690    95A      3.064597  
      96A      3.181839    97A      3.575955    98A      4.074234  
      99A      4.110278   100A      4.246707   101A      4.353466  
     102A      4.569344  

    Final Occupation by Irrep:
              A 
    DOCC [    23 ]
    NA   [    23 ]
    NB   [    23 ]

  @DF-RKS Final Energy:  -306.12534705685334

   => Energetics <=

    Nuclear Repulsion Energy =            219.5829024051564318
    One-Electron Energy =                -850.5416308119176847
    Two-Electron Energy =                 353.1060442267644817
    DFT Exchange-Correlation Energy =     -28.2685076853621808
    Empirical Dispersion Energy =          -0.0041551914944058
    VV10 Nonlocal Energy =                  0.0000000000000000
    Total Energy =                       -306.1253470568533430

Computation Completed


Properties will be evaluated at   0.000000,   0.000000,   0.000000 [a0]

Properties computed using the SCF density matrix


 Multipole Moments:

 ------------------------------------------------------------------------------------
     Multipole            Electronic (a.u.)      Nuclear  (a.u.)        Total (a.u.)
 ------------------------------------------------------------------------------------

 L = 1.  Multiply by 2.5417464519 to convert [e a0] to [Debye]
 Dipole X            :         -1.3080211           -0.5294570           -1.8374781
 Dipole Y            :          0.7766809           -0.1089745            0.6677064
 Dipole Z            :          0.5417657           -0.5483341           -0.0065684
 Magnitude           :                                                    1.9550449

 ------------------------------------------------------------------------------------

*** tstop() called on cst14372 at Tue Apr 21 11:22:33 2026
Module time:
	user time   =      27.99 seconds =       0.47 minutes
	system time =       0.33 seconds =       0.01 minutes
	total time  =         14 seconds =       0.23 minutes
Total time:
	user time   =    2700.50 seconds =      45.01 minutes
	system time =      39.40 seconds =       0.66 minutes
	total time  =       1306 seconds =      21.77 minutes

Scratch directory: /tmp/
gradient() will perform analytic gradient computation.

*** tstart() called on cst14372
*** at Tue Apr 21 11:22:33 2026


         ------------------------------------------------------------
                                   SCF GRAD                          
                          Rob Parrish, Justin Turney,                
                       Andy Simmonett, and Alex Sokolov              
         ------------------------------------------------------------

  ==> Geometry <==

    Molecular point group: c1
    Full point group: C1

    Geometry (in Angstrom), charge = 0, multiplicity = 1:

       Center              X                  Y                   Z               Mass       
    ------------   -----------------  -----------------  -----------------  -----------------
         C            0.064030972800     0.334979101400     0.153568592200    12.000000000000
         O            1.412824082800     0.361728169800     0.037327376100    15.994914619570
         O            2.118016957200    -0.735965287600    -0.004064526100    15.994914619570
         C           -0.735134375000    -0.961693841700     0.033201194800    12.000000000000
         C           -2.092832939900    -1.030141087300    -0.239242333900    12.000000000000
         C           -0.685051945700     1.717114951800     0.058001830500    12.000000000000
         H           -0.462592909100    -1.794403449900     0.567299649900     1.007825032230
         H           -2.576350896700    -0.184257456200    -0.640290065800     1.007825032230
         H           -2.733055520100    -1.904131972300    -0.381589113200     1.007825032230
         H            0.235015883200     2.264563057600    -0.118536833400     1.007825032230
         H           -1.154215043100     2.304321455100     0.754998845400     1.007825032230
         H           -1.141776681300     1.888583764000    -0.771326902200     1.007825032230

  Nuclear repulsion =  219.582902405156432

  ==> Basis Set <==

  Basis Set: 6-31G*
    Blend: 6-31G*
    Number of shells: 48
    Number of basis functions: 102
    Number of Cartesian functions: 102
    Spherical Harmonics?: false
    Max angular momentum: 2

  ==> DFJKGrad: Density-Fitted SCF Gradients <==

    Gradient:                    1
    J tasked:                  Yes
    K tasked:                  Yes
    wK tasked:                 Yes
    Omega:               2.000E-01
    OpenMP threads:              4
    Integrals threads:           4
    Memory [MiB]:             4291
    Schwarz Cutoff:          1E-12
    Fitting Condition:       1E-10

   => Auxiliary Basis Set <=

  Basis Set: (6-31G* AUX)
    Blend: CC-PVDZ-JKFIT
    Number of shells: 198
    Number of basis functions: 636
    Number of Cartesian functions: 636
    Spherical Harmonics?: false
    Max angular momentum: 3

  ==> DFT Potential <==

   => LibXC <=

    Version 7.0.0
    S. Lehtola, C. Steigemann, M. J.T. Oliveira, and M. A.L. Marques.,  SoftwareX 7, 1–5 (2018) (10.1016/j.softx.2017.11.002)

   => Composite Functional: WB97X-D <= 

    wB97X-D Hyb-GGA Exchange-Correlation Functional

    J.-D. Chai and M. Head-Gordon.,  Phys. Chem. Chem. Phys. 10, 6615-6620 (2008) (10.1039/B810189B)

    Deriv               =              1
    GGA                 =           TRUE
    Meta                =          FALSE

    Exchange Hybrid     =           TRUE
    MP2 Hybrid          =          FALSE

   => Exchange-Correlation Functionals <=

    1.0000   wB97X-D range-separated functional

   => Exact (HF) Exchange <=

    0.7780            HF,LR [omega = 0.2000]
    0.2220               HF 

   => LibXC Density Thresholds  <==

    XC_HYB_GGA_XC_WB97X_D:  1.00E-14 

   => Molecular Quadrature <=

    Radial Scheme          =       TREUTLER
    Pruning Scheme         =           NONE
    Nuclear Scheme         =       TREUTLER

    Blocking Scheme        =         OCTREE
    BS radius alpha        =              1
    Pruning alpha          =              1
    Radial Points          =             75
    Spherical Points       =            302
    Total Points           =         254711
    Total Blocks           =           1928
    Max Points             =            256
    Max Functions          =            100
    Weights Tolerance      =       1.00E-15


  -Total Gradient:
     Atom            X                  Y                   Z
    ------   -----------------  -----------------  -----------------
       1        0.012084123221     0.020451129025     0.017708692729
       2        0.081173480227    -0.021856057951    -0.015376543881
       3        0.000828769816     0.014335546428     0.001960261179
       4        0.050132699311    -0.044629564980    -0.010535260557
       5       -0.046962635058    -0.010768274362     0.015686575331
       6       -0.143480641888     0.045285685256    -0.045461772862
       7       -0.039588907440     0.042774429456    -0.012701936833
       8        0.012016936133    -0.026492789402     0.008191339336
       9       -0.014228825646     0.006296129426    -0.015167722480
      10       -0.006140325433    -0.020345082514     0.000541824980
      11        0.026932929164    -0.003664226488    -0.058492653223
      12        0.067211843462    -0.001781186948     0.113649003065


*** tstop() called on cst14372 at Tue Apr 21 11:22:35 2026
Module time:
	user time   =       3.89 seconds =       0.06 minutes
	system time =       0.06 seconds =       0.00 minutes
	total time  =          2 seconds =       0.03 minutes
Total time:
	user time   =    2704.41 seconds =      45.07 minutes
	system time =      39.46 seconds =       0.66 minutes
	total time  =       1308 seconds =      21.80 minutes

Scratch directory: /tmp/
   => Libint2 <=

    Primary   basis highest AM E, G, H:  6, 6, 3
    Auxiliary basis highest AM E, G, H:  7, 7, 4
    Onebody   basis highest AM E, G, H:  -, -, -
    Solid Harmonics ordering:            Gaussian

*** tstart() called on cst14372
*** at Tue Apr 21 11:22:35 2026

   => Loading Basis Set <=

    Name: 6-31G*
    Role: ORBITAL
    Keyword: BASIS
    atoms 1, 4-6 entry C          line   111 file /Users/jmsmith1/anaconda3/envs/jupyterenv/share/psi4/basis/6-31gs.gbs 
    atoms 2-3    entry O          line   145 file /Users/jmsmith1/anaconda3/envs/jupyterenv/share/psi4/basis/6-31gs.gbs 
    atoms 7-12   entry H          line    44 file /Users/jmsmith1/anaconda3/envs/jupyterenv/share/psi4/basis/6-31gs.gbs 

   => WB97X-D: Empirical Dispersion <=

    Chai and Head-Gordon Dispersion Correction
    Chai, J.-D.; Head-Gordon, M. (2010), J. Chem. Phys., 132: 6615-6620

        s6 =       1.000000


         ---------------------------------------------------------
                                   SCF
               by Justin Turney, Rob Parrish, Andy Simmonett
                          and Daniel G. A. Smith
                              RKS Reference
                        4 Threads,   5722 MiB Core
         ---------------------------------------------------------

  ==> Geometry <==

    Molecular point group: c1
    Full point group: C1

    Geometry (in Angstrom), charge = 0, multiplicity = 1:

       Center              X                  Y                   Z               Mass       
    ------------   -----------------  -----------------  -----------------  -----------------
         C            0.063547657100     0.332864953200     0.157531929900    12.000000000000
         O            1.412187959800     0.364699510800     0.038866791900    15.994914619570
         O            2.122270973700    -0.732535348800    -0.004256885900    15.994914619570
         C           -0.737938459300    -0.965071759800     0.035608143100    12.000000000000
         C           -2.093130534000    -1.032893283300    -0.247437182400    12.000000000000
         C           -0.687260255100     1.718053404100     0.059492443900    12.000000000000
         H           -0.453913839700    -1.791688185400     0.579473277000     1.007825032230
         H           -2.575448977000    -0.183755838800    -0.660568272800     1.007825032230
         H           -2.724026001800    -1.910127968200    -0.383709356700     1.007825032230
         H            0.231105023000     2.267227793500    -0.122640878800     1.007825032230
         H           -1.153032431800     2.301069622300     0.764530059000     1.007825032230
         H           -1.146162641900     1.877587892200    -0.783768602300     1.007825032230

  Running in c1 symmetry.

  Rotational constants: A =      0.17770  B =      0.08903  C =      0.06044 [cm^-1]
  Rotational constants: A =   5327.16283  B =   2669.10569  C =   1811.81307 [MHz]
  Nuclear repulsion =  219.307951540260206

  Charge       = 0
  Multiplicity = 1
  Electrons    = 46
  Nalpha       = 23
  Nbeta        = 23

  ==> Algorithm <==

  SCF Algorithm Type is DF.
  DIIS enabled.
  MOM disabled.
  Fractional occupation disabled.
  Guess Type is SAD.
  Energy threshold   = 1.00e-07
  Density threshold  = 1.00e-07
  Integral threshold = 1.00e-12

  ==> Primary Basis <==

  Basis Set: 6-31G*
    Blend: 6-31G*
    Number of shells: 48
    Number of basis functions: 102
    Number of Cartesian functions: 102
    Spherical Harmonics?: false
    Max angular momentum: 2

  ==> DFT Potential <==

   => LibXC <=

    Version 7.0.0
    S. Lehtola, C. Steigemann, M. J.T. Oliveira, and M. A.L. Marques.,  SoftwareX 7, 1–5 (2018) (10.1016/j.softx.2017.11.002)

   => Composite Functional: WB97X-D <= 

    wB97X-D Hyb-GGA Exchange-Correlation Functional

    J.-D. Chai and M. Head-Gordon.,  Phys. Chem. Chem. Phys. 10, 6615-6620 (2008) (10.1039/B810189B)

    Deriv               =              1
    GGA                 =           TRUE
    Meta                =          FALSE

    Exchange Hybrid     =           TRUE
    MP2 Hybrid          =          FALSE

   => Exchange-Correlation Functionals <=

    1.0000   wB97X-D range-separated functional

   => Exact (HF) Exchange <=

    0.7780            HF,LR [omega = 0.2000]
    0.2220               HF 

   => LibXC Density Thresholds  <==

    XC_HYB_GGA_XC_WB97X_D:  1.00E-14 

   => Molecular Quadrature <=

    Radial Scheme          =       TREUTLER
    Pruning Scheme         =           NONE
    Nuclear Scheme         =       TREUTLER

    Blocking Scheme        =         OCTREE
    BS radius alpha        =              1
    Pruning alpha          =              1
    Radial Points          =             75
    Spherical Points       =            302
    Total Points           =         254738
    Total Blocks           =           1932
    Max Points             =            256
    Max Functions          =            100
    Weights Tolerance      =       1.00E-15

   => Loading Basis Set <=

    Name: (6-31G* AUX)
    Role: JKFIT
    Keyword: DF_BASIS_SCF
    atoms 1, 4-6 entry C          line   121 file /Users/jmsmith1/anaconda3/envs/jupyterenv/share/psi4/basis/cc-pvdz-jkfit.gbs 
    atoms 2-3    entry O          line   221 file /Users/jmsmith1/anaconda3/envs/jupyterenv/share/psi4/basis/cc-pvdz-jkfit.gbs 
    atoms 7-12   entry H          line    51 file /Users/jmsmith1/anaconda3/envs/jupyterenv/share/psi4/basis/cc-pvdz-jkfit.gbs 

  ==> Integral Setup <==

  DFHelper Memory: AOs need 0.151 GiB; user supplied 3.610 GiB. 
  SCF_SUBTYPE=INCORE selected. In-core MEM_DF algorithm will be used.
  Using in-core AOs.

  ==> MemDFJK: Density-Fitted J/K Matrices <==

    J tasked:                   Yes
    K tasked:                   Yes
    wK tasked:                  Yes
    Omega:                2.000E-01
    OpenMP threads:               4
    Memory [MiB]:              3696
    Algorithm:                 Core
    Schwarz Cutoff:           1E-12
    Mask sparsity (%):       1.9992
    Fitting Condition:        1E-10

   => Auxiliary Basis Set <=

  Basis Set: (6-31G* AUX)
    Blend: CC-PVDZ-JKFIT
    Number of shells: 198
    Number of basis functions: 636
    Number of Cartesian functions: 636
    Spherical Harmonics?: false
    Max angular momentum: 3

  Cached 100.0% of DFT collocation blocks in 0.581 [GiB].

  Minimum eigenvalue in the overlap matrix is 4.1417991154E-03.
  Reciprocal condition number of the overlap matrix is 6.1704265804E-04.
    Using symmetric orthogonalization.

  ==> Pre-Iterations <==

  SCF Guess: Superposition of Atomic Densities via on-the-fly atomic UHF (no occupation information).

   -------------------------
    Irrep   Nso     Nmo    
   -------------------------
     A        102     102 
   -------------------------
    Total     102     102
   -------------------------

  ==> Iterations <==

                           Total Energy        Delta E     RMS |[F,P]|

   @DF-RKS iter SAD:  -300.14223541803665   -3.00142e+02   0.00000e+00 
   @DF-RKS iter   1:  -296.97174890871986    3.17049e+00   3.32828e-02 ADIIS/DIIS
   @DF-RKS iter   2:  -275.87716469948987    2.10946e+01   6.13092e-02 ADIIS/DIIS
   @DF-RKS iter   3:  -304.68363441708379   -2.88065e+01   1.69829e-02 ADIIS/DIIS
   @DF-RKS iter   4:  -303.77732462837179    9.06310e-01   2.09922e-02 ADIIS/DIIS
   @DF-RKS iter   5:  -306.05443671681240   -2.27711e+00   3.46203e-03 ADIIS/DIIS
   @DF-RKS iter   6:  -306.10477776371016   -5.03410e-02   2.22723e-03 ADIIS/DIIS
   @DF-RKS iter   7:  -306.12935614752342   -2.45784e-02   3.41619e-04 ADIIS/DIIS
   @DF-RKS iter   8:  -306.12993154095813   -5.75393e-04   2.55966e-04 ADIIS/DIIS
   @DF-RKS iter   9:  -306.13028747099554   -3.55930e-04   8.16354e-05 DIIS
   @DF-RKS iter  10:  -306.13032885112108   -4.13801e-05   3.95484e-05 DIIS
   @DF-RKS iter  11:  -306.13033485142432   -6.00030e-06   2.88301e-05 DIIS
   @DF-RKS iter  12:  -306.13033962466244   -4.77324e-06   9.41614e-06 DIIS
   @DF-RKS iter  13:  -306.13034027461401   -6.49952e-07   1.02305e-06 DIIS
   @DF-RKS iter  14:  -306.13034030878708   -3.41731e-08   7.57149e-07 DIIS
   @DF-RKS iter  15:  -306.13034032398826   -1.52012e-08   4.25965e-07 DIIS
   @DF-RKS iter  16:  -306.13034033689445   -1.29062e-08   1.18054e-07 DIIS
   @DF-RKS iter  17:  -306.13034033776535   -8.70898e-10   3.96863e-08 DIIS
  Energy and wave function converged.


  ==> Post-Iterations <==

   Electrons on quadrature grid:
      Ntotal   =   45.9999877120 ; deviation = -1.229e-05 

    Orbital Energies [Eh]
    ---------------------

    Doubly Occupied:                                                      

       1A    -19.428618     2A    -19.262592     3A    -10.427535  
       4A    -10.339702     5A    -10.335524     6A    -10.313319  
       7A     -1.289875     8A     -0.987815     9A     -0.896380  
      10A     -0.854155    11A     -0.748382    12A     -0.662108  
      13A     -0.611139    14A     -0.594203    15A     -0.575132  
      16A     -0.537998    17A     -0.530812    18A     -0.503685  
      19A     -0.483830    20A     -0.449389    21A     -0.382331  
      22A     -0.313702    23A     -0.297380  

    Virtual:                                                              

      24A     -0.030233    25A      0.080267    26A      0.165793  
      27A      0.179137    28A      0.211398    29A      0.229385  
      30A      0.240979    31A      0.260168    32A      0.276710  
      33A      0.288726    34A      0.333213    35A      0.403049  
      36A      0.422779    37A      0.564613    38A      0.576932  
      39A      0.588182    40A      0.616987    41A      0.647129  
      42A      0.674531    43A      0.690822    44A      0.701887  
      45A      0.734659    46A      0.786054    47A      0.833032  
      48A      0.883558    49A      0.900323    50A      0.928149  
      51A      0.944080    52A      0.971205    53A      0.998618  
      54A      1.021804    55A      1.037506    56A      1.049256  
      57A      1.070478    58A      1.117592    59A      1.144792  
      60A      1.156419    61A      1.173618    62A      1.197105  
      63A      1.336373    64A      1.353617    65A      1.414739  
      66A      1.452932    67A      1.523212    68A      1.590220  
      69A      1.613989    70A      1.701443    71A      1.747688  
      72A      1.764441    73A      1.795801    74A      1.819969  
      75A      1.887560    76A      1.902329    77A      1.946080  
      78A      1.992171    79A      2.049557    80A      2.142818  
      81A      2.163231    82A      2.274717    83A      2.299224  
      84A      2.337210    85A      2.351964    86A      2.421356  
      87A      2.466015    88A      2.491036    89A      2.527855  
      90A      2.610224    91A      2.690162    92A      2.740992  
      93A      2.868973    94A      2.889219    95A      3.063060  
      96A      3.181292    97A      3.574912    98A      4.071957  
      99A      4.109513   100A      4.245910   101A      4.351789  
     102A      4.567572  

    Final Occupation by Irrep:
              A 
    DOCC [    23 ]
    NA   [    23 ]
    NB   [    23 ]

  @DF-RKS Final Energy:  -306.13034033776535

   => Energetics <=

    Nuclear Repulsion Energy =            219.3079515402602055
    One-Electron Energy =                -850.0218912212126270
    Two-Electron Energy =                 352.8477633126968840
    DFT Exchange-Correlation Energy =     -28.2599994040167140
    Empirical Dispersion Energy =          -0.0041645654931386
    VV10 Nonlocal Energy =                  0.0000000000000000
    Total Energy =                       -306.1303403377653467

Computation Completed


Properties will be evaluated at   0.000000,   0.000000,   0.000000 [a0]

Properties computed using the SCF density matrix


 Multipole Moments:

 ------------------------------------------------------------------------------------
     Multipole            Electronic (a.u.)      Nuclear  (a.u.)        Total (a.u.)
 ------------------------------------------------------------------------------------

 L = 1.  Multiply by 2.5417464519 to convert [e a0] to [Debye]
 Dipole X            :         -1.3240281           -0.5187241           -1.8427521
 Dipole Y            :          0.7825683           -0.1221774            0.6603909
 Dipole Z            :          0.5600122           -0.5643337           -0.0043215
 Magnitude           :                                                    1.9575163

 ------------------------------------------------------------------------------------

*** tstop() called on cst14372 at Tue Apr 21 11:22:48 2026
Module time:
	user time   =      28.02 seconds =       0.47 minutes
	system time =       0.41 seconds =       0.01 minutes
	total time  =         13 seconds =       0.22 minutes
Total time:
	user time   =    2732.46 seconds =      45.54 minutes
	system time =      39.88 seconds =       0.66 minutes
	total time  =       1321 seconds =      22.02 minutes

Scratch directory: /tmp/
gradient() will perform analytic gradient computation.

*** tstart() called on cst14372
*** at Tue Apr 21 11:22:48 2026


         ------------------------------------------------------------
                                   SCF GRAD                          
                          Rob Parrish, Justin Turney,                
                       Andy Simmonett, and Alex Sokolov              
         ------------------------------------------------------------

  ==> Geometry <==

    Molecular point group: c1
    Full point group: C1

    Geometry (in Angstrom), charge = 0, multiplicity = 1:

       Center              X                  Y                   Z               Mass       
    ------------   -----------------  -----------------  -----------------  -----------------
         C            0.063547657100     0.332864953200     0.157531929900    12.000000000000
         O            1.412187959800     0.364699510800     0.038866791900    15.994914619570
         O            2.122270973700    -0.732535348800    -0.004256885900    15.994914619570
         C           -0.737938459300    -0.965071759800     0.035608143100    12.000000000000
         C           -2.093130534000    -1.032893283300    -0.247437182400    12.000000000000
         C           -0.687260255100     1.718053404100     0.059492443900    12.000000000000
         H           -0.453913839700    -1.791688185400     0.579473277000     1.007825032230
         H           -2.575448977000    -0.183755838800    -0.660568272800     1.007825032230
         H           -2.724026001800    -1.910127968200    -0.383709356700     1.007825032230
         H            0.231105023000     2.267227793500    -0.122640878800     1.007825032230
         H           -1.153032431800     2.301069622300     0.764530059000     1.007825032230
         H           -1.146162641900     1.877587892200    -0.783768602300     1.007825032230

  Nuclear repulsion =  219.307951540260206

  ==> Basis Set <==

  Basis Set: 6-31G*
    Blend: 6-31G*
    Number of shells: 48
    Number of basis functions: 102
    Number of Cartesian functions: 102
    Spherical Harmonics?: false
    Max angular momentum: 2

  ==> DFJKGrad: Density-Fitted SCF Gradients <==

    Gradient:                    1
    J tasked:                  Yes
    K tasked:                  Yes
    wK tasked:                 Yes
    Omega:               2.000E-01
    OpenMP threads:              4
    Integrals threads:           4
    Memory [MiB]:             4291
    Schwarz Cutoff:          1E-12
    Fitting Condition:       1E-10

   => Auxiliary Basis Set <=

  Basis Set: (6-31G* AUX)
    Blend: CC-PVDZ-JKFIT
    Number of shells: 198
    Number of basis functions: 636
    Number of Cartesian functions: 636
    Spherical Harmonics?: false
    Max angular momentum: 3

  ==> DFT Potential <==

   => LibXC <=

    Version 7.0.0
    S. Lehtola, C. Steigemann, M. J.T. Oliveira, and M. A.L. Marques.,  SoftwareX 7, 1–5 (2018) (10.1016/j.softx.2017.11.002)

   => Composite Functional: WB97X-D <= 

    wB97X-D Hyb-GGA Exchange-Correlation Functional

    J.-D. Chai and M. Head-Gordon.,  Phys. Chem. Chem. Phys. 10, 6615-6620 (2008) (10.1039/B810189B)

    Deriv               =              1
    GGA                 =           TRUE
    Meta                =          FALSE

    Exchange Hybrid     =           TRUE
    MP2 Hybrid          =          FALSE

   => Exchange-Correlation Functionals <=

    1.0000   wB97X-D range-separated functional

   => Exact (HF) Exchange <=

    0.7780            HF,LR [omega = 0.2000]
    0.2220               HF 

   => LibXC Density Thresholds  <==

    XC_HYB_GGA_XC_WB97X_D:  1.00E-14 

   => Molecular Quadrature <=

    Radial Scheme          =       TREUTLER
    Pruning Scheme         =           NONE
    Nuclear Scheme         =       TREUTLER

    Blocking Scheme        =         OCTREE
    BS radius alpha        =              1
    Pruning alpha          =              1
    Radial Points          =             75
    Spherical Points       =            302
    Total Points           =         254738
    Total Blocks           =           1932
    Max Points             =            256
    Max Functions          =            100
    Weights Tolerance      =       1.00E-15


  -Total Gradient:
     Atom            X                  Y                   Z
    ------   -----------------  -----------------  -----------------
       1        0.011815811365     0.018245882806     0.018622016693
       2        0.080816036114    -0.019298230210    -0.015656087187
       3        0.001741977844     0.012859930543     0.001932171203
       4        0.047409414150    -0.044073638975    -0.011615757413
       5       -0.047238018498    -0.014845053127     0.015988200719
       6       -0.136588442014     0.043144468852    -0.034306063738
       7       -0.037086862238     0.040407744903    -0.011162395985
       8        0.009554224351    -0.021571808837     0.006281982996
       9       -0.012084419375     0.007304169321    -0.014552295592
      10       -0.005945140491    -0.019937058694     0.000414072926
      11        0.026724400516    -0.003156166320    -0.055870359899
      12        0.060874442853     0.000602666620     0.099933129259


*** tstop() called on cst14372 at Tue Apr 21 11:22:50 2026
Module time:
	user time   =       3.88 seconds =       0.06 minutes
	system time =       0.08 seconds =       0.00 minutes
	total time  =          2 seconds =       0.03 minutes
Total time:
	user time   =    2736.36 seconds =      45.61 minutes
	system time =      39.96 seconds =       0.67 minutes
	total time  =       1323 seconds =      22.05 minutes

Scratch directory: /tmp/
   => Libint2 <=

    Primary   basis highest AM E, G, H:  6, 6, 3
    Auxiliary basis highest AM E, G, H:  7, 7, 4
    Onebody   basis highest AM E, G, H:  -, -, -
    Solid Harmonics ordering:            Gaussian

*** tstart() called on cst14372
*** at Tue Apr 21 11:22:50 2026

   => Loading Basis Set <=

    Name: 6-31G*
    Role: ORBITAL
    Keyword: BASIS
    atoms 1, 4-6 entry C          line   111 file /Users/jmsmith1/anaconda3/envs/jupyterenv/share/psi4/basis/6-31gs.gbs 
    atoms 2-3    entry O          line   145 file /Users/jmsmith1/anaconda3/envs/jupyterenv/share/psi4/basis/6-31gs.gbs 
    atoms 7-12   entry H          line    44 file /Users/jmsmith1/anaconda3/envs/jupyterenv/share/psi4/basis/6-31gs.gbs 

   => WB97X-D: Empirical Dispersion <=

    Chai and Head-Gordon Dispersion Correction
    Chai, J.-D.; Head-Gordon, M. (2010), J. Chem. Phys., 132: 6615-6620

        s6 =       1.000000


         ---------------------------------------------------------
                                   SCF
               by Justin Turney, Rob Parrish, Andy Simmonett
                          and Daniel G. A. Smith
                              RKS Reference
                        4 Threads,   5722 MiB Core
         ---------------------------------------------------------

  ==> Geometry <==

    Molecular point group: c1
    Full point group: C1

    Geometry (in Angstrom), charge = 0, multiplicity = 1:

       Center              X                  Y                   Z               Mass       
    ------------   -----------------  -----------------  -----------------  -----------------
         C            0.063028758200     0.330691993400     0.161452536900    12.000000000000
         O            1.411374340000     0.367721202200     0.040444594400    15.994914619570
         O            2.126533221600    -0.729123678000    -0.004453989900    15.994914619570
         C           -0.740887759700    -0.968331587400     0.038055529900    12.000000000000
         C           -2.093292171200    -1.035610264700    -0.255701483700    12.000000000000
         C           -0.689079253700     1.718869564700     0.061086616200    12.000000000000
         H           -0.443930498400    -1.790359594800     0.592066476500     1.007825032230
         H           -2.574874195600    -0.182508428500    -0.681120541500     1.007825032230
         H           -2.714553977600    -1.916392948000    -0.385333436000     1.007825032230
         H            0.227388262000     2.270588023400    -0.126770807200     1.007825032230
         H           -1.152768655000     2.297917511800     0.776016111900     1.007825032230
         H           -1.152661580500     1.866540158600    -0.799693833000     1.007825032230

  Running in c1 symmetry.

  Rotational constants: A =      0.17732  B =      0.08881  C =      0.06034 [cm^-1]
  Rotational constants: A =   5315.90629  B =   2662.53042  C =   1809.09133 [MHz]
  Nuclear repulsion =  218.998282252331421

  Charge       = 0
  Multiplicity = 1
  Electrons    = 46
  Nalpha       = 23
  Nbeta        = 23

  ==> Algorithm <==

  SCF Algorithm Type is DF.
  DIIS enabled.
  MOM disabled.
  Fractional occupation disabled.
  Guess Type is SAD.
  Energy threshold   = 1.00e-07
  Density threshold  = 1.00e-07
  Integral threshold = 1.00e-12

  ==> Primary Basis <==

  Basis Set: 6-31G*
    Blend: 6-31G*
    Number of shells: 48
    Number of basis functions: 102
    Number of Cartesian functions: 102
    Spherical Harmonics?: false
    Max angular momentum: 2

  ==> DFT Potential <==

   => LibXC <=

    Version 7.0.0
    S. Lehtola, C. Steigemann, M. J.T. Oliveira, and M. A.L. Marques.,  SoftwareX 7, 1–5 (2018) (10.1016/j.softx.2017.11.002)

   => Composite Functional: WB97X-D <= 

    wB97X-D Hyb-GGA Exchange-Correlation Functional

    J.-D. Chai and M. Head-Gordon.,  Phys. Chem. Chem. Phys. 10, 6615-6620 (2008) (10.1039/B810189B)

    Deriv               =              1
    GGA                 =           TRUE
    Meta                =          FALSE

    Exchange Hybrid     =           TRUE
    MP2 Hybrid          =          FALSE

   => Exchange-Correlation Functionals <=

    1.0000   wB97X-D range-separated functional

   => Exact (HF) Exchange <=

    0.7780            HF,LR [omega = 0.2000]
    0.2220               HF 

   => LibXC Density Thresholds  <==

    XC_HYB_GGA_XC_WB97X_D:  1.00E-14 

   => Molecular Quadrature <=

    Radial Scheme          =       TREUTLER
    Pruning Scheme         =           NONE
    Nuclear Scheme         =       TREUTLER

    Blocking Scheme        =         OCTREE
    BS radius alpha        =              1
    Pruning alpha          =              1
    Radial Points          =             75
    Spherical Points       =            302
    Total Points           =         254799
    Total Blocks           =           1932
    Max Points             =            256
    Max Functions          =            100
    Weights Tolerance      =       1.00E-15

   => Loading Basis Set <=

    Name: (6-31G* AUX)
    Role: JKFIT
    Keyword: DF_BASIS_SCF
    atoms 1, 4-6 entry C          line   121 file /Users/jmsmith1/anaconda3/envs/jupyterenv/share/psi4/basis/cc-pvdz-jkfit.gbs 
    atoms 2-3    entry O          line   221 file /Users/jmsmith1/anaconda3/envs/jupyterenv/share/psi4/basis/cc-pvdz-jkfit.gbs 
    atoms 7-12   entry H          line    51 file /Users/jmsmith1/anaconda3/envs/jupyterenv/share/psi4/basis/cc-pvdz-jkfit.gbs 

  ==> Integral Setup <==

  DFHelper Memory: AOs need 0.151 GiB; user supplied 3.610 GiB. 
  SCF_SUBTYPE=INCORE selected. In-core MEM_DF algorithm will be used.
  Using in-core AOs.

  ==> MemDFJK: Density-Fitted J/K Matrices <==

    J tasked:                   Yes
    K tasked:                   Yes
    wK tasked:                  Yes
    Omega:                2.000E-01
    OpenMP threads:               4
    Memory [MiB]:              3696
    Algorithm:                 Core
    Schwarz Cutoff:           1E-12
    Mask sparsity (%):       1.9992
    Fitting Condition:        1E-10

   => Auxiliary Basis Set <=

  Basis Set: (6-31G* AUX)
    Blend: CC-PVDZ-JKFIT
    Number of shells: 198
    Number of basis functions: 636
    Number of Cartesian functions: 636
    Spherical Harmonics?: false
    Max angular momentum: 3

  Cached 100.0% of DFT collocation blocks in 0.581 [GiB].

  Minimum eigenvalue in the overlap matrix is 4.1924879867E-03.
  Reciprocal condition number of the overlap matrix is 6.2600517539E-04.
    Using symmetric orthogonalization.

  ==> Pre-Iterations <==

  SCF Guess: Superposition of Atomic Densities via on-the-fly atomic UHF (no occupation information).

   -------------------------
    Irrep   Nso     Nmo    
   -------------------------
     A        102     102 
   -------------------------
    Total     102     102
   -------------------------

  ==> Iterations <==

                           Total Energy        Delta E     RMS |[F,P]|

   @DF-RKS iter SAD:  -300.10065501374299   -3.00101e+02   0.00000e+00 
   @DF-RKS iter   1:  -297.00463377355169    3.09602e+00   3.32099e-02 ADIIS/DIIS
   @DF-RKS iter   2:  -275.89051609641149    2.11141e+01   6.12600e-02 ADIIS/DIIS
   @DF-RKS iter   3:  -304.69650189283811   -2.88060e+01   1.69486e-02 ADIIS/DIIS
   @DF-RKS iter   4:  -303.79148933610270    9.05013e-01   2.09449e-02 ADIIS/DIIS
   @DF-RKS iter   5:  -306.06103829299252   -2.26955e+00   3.44676e-03 ADIIS/DIIS
   @DF-RKS iter   6:  -306.11101706799246   -4.99788e-02   2.21126e-03 ADIIS/DIIS
   @DF-RKS iter   7:  -306.13522055345436   -2.42035e-02   3.48956e-04 ADIIS/DIIS
   @DF-RKS iter   8:  -306.13578388025002   -5.63327e-04   2.64874e-04 ADIIS/DIIS
   @DF-RKS iter   9:  -306.13616414165642   -3.80261e-04   7.92396e-05 DIIS
   @DF-RKS iter  10:  -306.13620422255224   -4.00809e-05   3.95029e-05 DIIS
   @DF-RKS iter  11:  -306.13621024979363   -6.02724e-06   2.86075e-05 DIIS
   @DF-RKS iter  12:  -306.13621497559052   -4.72580e-06   9.37804e-06 DIIS
   @DF-RKS iter  13:  -306.13621562837704   -6.52787e-07   1.02831e-06 DIIS
   @DF-RKS iter  14:  -306.13621566372893   -3.53519e-08   7.63005e-07 DIIS
   @DF-RKS iter  15:  -306.13621567952345   -1.57945e-08   4.31436e-07 DIIS
   @DF-RKS iter  16:  -306.13621569269884   -1.31754e-08   1.18598e-07 DIIS
   @DF-RKS iter  17:  -306.13621569357088   -8.72035e-10   3.99293e-08 DIIS
  Energy and wave function converged.


  ==> Post-Iterations <==

   Electrons on quadrature grid:
      Ntotal   =   45.9999932087 ; deviation = -6.791e-06 

    Orbital Energies [Eh]
    ---------------------

    Doubly Occupied:                                                      

       1A    -19.428219     2A    -19.262197     3A    -10.427581  
       4A    -10.340721     5A    -10.336310     6A    -10.315489  
       7A     -1.288183     8A     -0.987001     9A     -0.895879  
      10A     -0.851886    11A     -0.747942    12A     -0.660476  
      13A     -0.610296    14A     -0.592092    15A     -0.574344  
      16A     -0.538299    17A     -0.530609    18A     -0.503122  
      19A     -0.484110    20A     -0.448842    21A     -0.382347  
      22A     -0.313493    23A     -0.297374  

    Virtual:                                                              

      24A     -0.030178    25A      0.079827    26A      0.165612  
      27A      0.178266    28A      0.211559    29A      0.228234  
      30A      0.238858    31A      0.258891    32A      0.273149  
      33A      0.287257    34A      0.332415    35A      0.401904  
      36A      0.421533    37A      0.564338    38A      0.577985  
      39A      0.588685    40A      0.616894    41A      0.647862  
      42A      0.672417    43A      0.690811    44A      0.702278  
      45A      0.733165    46A      0.785543    47A      0.832215  
      48A      0.883722    49A      0.899769    50A      0.928430  
      51A      0.943662    52A      0.969620    53A      0.994329  
      54A      1.020218    55A      1.036729    56A      1.046713  
      57A      1.068187    58A      1.113301    59A      1.141012  
      60A      1.153056    61A      1.170959    62A      1.196940  
      63A      1.336212    64A      1.352437    65A      1.414910  
      66A      1.453365    67A      1.522824    68A      1.588836  
      69A      1.613895    70A      1.702855    71A      1.748015  
      72A      1.763111    73A      1.798513    74A      1.817733  
      75A      1.888833    76A      1.901085    77A      1.946554  
      78A      1.993941    79A      2.049523    80A      2.138970  
      81A      2.162182    82A      2.273664    83A      2.293116  
      84A      2.334631    85A      2.351495    86A      2.419184  
      87A      2.460437    88A      2.481840    89A      2.525350  
      90A      2.599041    91A      2.686904    92A      2.736937  
      93A      2.865670    94A      2.888540    95A      3.061629  
      96A      3.181028    97A      3.573867    98A      4.069745  
      99A      4.108454   100A      4.244789   101A      4.349270  
     102A      4.565703  

    Final Occupation by Irrep:
              A 
    DOCC [    23 ]
    NA   [    23 ]
    NB   [    23 ]

  @DF-RKS Final Energy:  -306.13621569357088

   => Energetics <=

    Nuclear Repulsion Energy =            218.9982822523314212
    One-Electron Energy =                -849.4394707708140686
    Two-Electron Energy =                 352.5578074878933990
    DFT Exchange-Correlation Energy =     -28.2486588469107893
    Empirical Dispersion Energy =          -0.0041758160707784
    VV10 Nonlocal Energy =                  0.0000000000000000
    Total Energy =                       -306.1362156935708754

Computation Completed


Properties will be evaluated at   0.000000,   0.000000,   0.000000 [a0]

Properties computed using the SCF density matrix


 Multipole Moments:

 ------------------------------------------------------------------------------------
     Multipole            Electronic (a.u.)      Nuclear  (a.u.)        Total (a.u.)
 ------------------------------------------------------------------------------------

 L = 1.  Multiply by 2.5417464519 to convert [e a0] to [Debye]
 Dipole X            :         -1.3390556           -0.5093241           -1.8483797
 Dipole Y            :          0.7884650           -0.1355252            0.6529398
 Dipole Z            :          0.5795480           -0.5811890           -0.0016411
 Magnitude           :                                                    1.9603164

 ------------------------------------------------------------------------------------

*** tstop() called on cst14372 at Tue Apr 21 11:23:04 2026
Module time:
	user time   =      28.02 seconds =       0.47 minutes
	system time =       0.43 seconds =       0.01 minutes
	total time  =         14 seconds =       0.23 minutes
Total time:
	user time   =    2764.41 seconds =      46.07 minutes
	system time =      40.40 seconds =       0.67 minutes
	total time  =       1337 seconds =      22.28 minutes

Scratch directory: /tmp/
gradient() will perform analytic gradient computation.

*** tstart() called on cst14372
*** at Tue Apr 21 11:23:04 2026


         ------------------------------------------------------------
                                   SCF GRAD                          
                          Rob Parrish, Justin Turney,                
                       Andy Simmonett, and Alex Sokolov              
         ------------------------------------------------------------

  ==> Geometry <==

    Molecular point group: c1
    Full point group: C1

    Geometry (in Angstrom), charge = 0, multiplicity = 1:

       Center              X                  Y                   Z               Mass       
    ------------   -----------------  -----------------  -----------------  -----------------
         C            0.063028758200     0.330691993400     0.161452536900    12.000000000000
         O            1.411374340000     0.367721202200     0.040444594400    15.994914619570
         O            2.126533221600    -0.729123678000    -0.004453989900    15.994914619570
         C           -0.740887759700    -0.968331587400     0.038055529900    12.000000000000
         C           -2.093292171200    -1.035610264700    -0.255701483700    12.000000000000
         C           -0.689079253700     1.718869564700     0.061086616200    12.000000000000
         H           -0.443930498400    -1.790359594800     0.592066476500     1.007825032230
         H           -2.574874195600    -0.182508428500    -0.681120541500     1.007825032230
         H           -2.714553977600    -1.916392948000    -0.385333436000     1.007825032230
         H            0.227388262000     2.270588023400    -0.126770807200     1.007825032230
         H           -1.152768655000     2.297917511800     0.776016111900     1.007825032230
         H           -1.152661580500     1.866540158600    -0.799693833000     1.007825032230

  Nuclear repulsion =  218.998282252331421

  ==> Basis Set <==

  Basis Set: 6-31G*
    Blend: 6-31G*
    Number of shells: 48
    Number of basis functions: 102
    Number of Cartesian functions: 102
    Spherical Harmonics?: false
    Max angular momentum: 2

  ==> DFJKGrad: Density-Fitted SCF Gradients <==

    Gradient:                    1
    J tasked:                  Yes
    K tasked:                  Yes
    wK tasked:                 Yes
    Omega:               2.000E-01
    OpenMP threads:              4
    Integrals threads:           4
    Memory [MiB]:             4291
    Schwarz Cutoff:          1E-12
    Fitting Condition:       1E-10

   => Auxiliary Basis Set <=

  Basis Set: (6-31G* AUX)
    Blend: CC-PVDZ-JKFIT
    Number of shells: 198
    Number of basis functions: 636
    Number of Cartesian functions: 636
    Spherical Harmonics?: false
    Max angular momentum: 3

  ==> DFT Potential <==

   => LibXC <=

    Version 7.0.0
    S. Lehtola, C. Steigemann, M. J.T. Oliveira, and M. A.L. Marques.,  SoftwareX 7, 1–5 (2018) (10.1016/j.softx.2017.11.002)

   => Composite Functional: WB97X-D <= 

    wB97X-D Hyb-GGA Exchange-Correlation Functional

    J.-D. Chai and M. Head-Gordon.,  Phys. Chem. Chem. Phys. 10, 6615-6620 (2008) (10.1039/B810189B)

    Deriv               =              1
    GGA                 =           TRUE
    Meta                =          FALSE

    Exchange Hybrid     =           TRUE
    MP2 Hybrid          =          FALSE

   => Exchange-Correlation Functionals <=

    1.0000   wB97X-D range-separated functional

   => Exact (HF) Exchange <=

    0.7780            HF,LR [omega = 0.2000]
    0.2220               HF 

   => LibXC Density Thresholds  <==

    XC_HYB_GGA_XC_WB97X_D:  1.00E-14 

   => Molecular Quadrature <=

    Radial Scheme          =       TREUTLER
    Pruning Scheme         =           NONE
    Nuclear Scheme         =       TREUTLER

    Blocking Scheme        =         OCTREE
    BS radius alpha        =              1
    Pruning alpha          =              1
    Radial Points          =             75
    Spherical Points       =            302
    Total Points           =         254799
    Total Blocks           =           1932
    Max Points             =            256
    Max Functions          =            100
    Weights Tolerance      =       1.00E-15


  -Total Gradient:
     Atom            X                  Y                   Z
    ------   -----------------  -----------------  -----------------
       1        0.011499507791     0.015973741579     0.019571775399
       2        0.080303427774    -0.016626528512    -0.015917616988
       3        0.002709363538     0.011312101913     0.001895326628
       4        0.043924962853    -0.042160874699    -0.013614073379
       5       -0.047204767929    -0.019215669125     0.016472223074
       6       -0.126906916908     0.039652484151    -0.020564826639
       7       -0.033900495202     0.036647564984    -0.008609372507
       8        0.006900113756    -0.016210213233     0.004052464693
       9       -0.009929846709     0.008267295244    -0.013878857046
      10       -0.005530136715    -0.019378254115     0.000253258177
      11        0.025683412123    -0.001634342436    -0.051780770110
      12        0.052461041700     0.003154420602     0.082128401140


*** tstop() called on cst14372 at Tue Apr 21 11:23:06 2026
Module time:
	user time   =       3.83 seconds =       0.06 minutes
	system time =       0.06 seconds =       0.00 minutes
	total time  =          2 seconds =       0.03 minutes
Total time:
	user time   =    2768.26 seconds =      46.14 minutes
	system time =      40.46 seconds =       0.67 minutes
	total time  =       1339 seconds =      22.32 minutes

Scratch directory: /tmp/
   => Libint2 <=

    Primary   basis highest AM E, G, H:  6, 6, 3
    Auxiliary basis highest AM E, G, H:  7, 7, 4
    Onebody   basis highest AM E, G, H:  -, -, -
    Solid Harmonics ordering:            Gaussian

*** tstart() called on cst14372
*** at Tue Apr 21 11:23:06 2026

   => Loading Basis Set <=

    Name: 6-31G*
    Role: ORBITAL
    Keyword: BASIS
    atoms 1, 4-6 entry C          line   111 file /Users/jmsmith1/anaconda3/envs/jupyterenv/share/psi4/basis/6-31gs.gbs 
    atoms 2-3    entry O          line   145 file /Users/jmsmith1/anaconda3/envs/jupyterenv/share/psi4/basis/6-31gs.gbs 
    atoms 7-12   entry H          line    44 file /Users/jmsmith1/anaconda3/envs/jupyterenv/share/psi4/basis/6-31gs.gbs 

   => WB97X-D: Empirical Dispersion <=

    Chai and Head-Gordon Dispersion Correction
    Chai, J.-D.; Head-Gordon, M. (2010), J. Chem. Phys., 132: 6615-6620

        s6 =       1.000000


         ---------------------------------------------------------
                                   SCF
               by Justin Turney, Rob Parrish, Andy Simmonett
                          and Daniel G. A. Smith
                              RKS Reference
                        4 Threads,   5722 MiB Core
         ---------------------------------------------------------

  ==> Geometry <==

    Molecular point group: c1
    Full point group: C1

    Geometry (in Angstrom), charge = 0, multiplicity = 1:

       Center              X                  Y                   Z               Mass       
    ------------   -----------------  -----------------  -----------------  -----------------
         C            0.062475269600     0.328467365500     0.165326248700    12.000000000000
         O            1.410384135700     0.370786567600     0.042060930400    15.994914619570
         O            2.130800205500    -0.725728091500    -0.004655705100    15.994914619570
         C           -0.743971594700    -0.971477467100     0.040548436600    12.000000000000
         C           -2.093317532600    -1.038278381400    -0.264034081700    12.000000000000
         C           -0.690535335300     1.719572948400     0.062744307000    12.000000000000
         H           -0.432752663200    -1.790292075300     0.604988103100     1.007825032230
         H           -2.574536043300    -0.180698637500    -0.701863860200     1.007825032230
         H           -2.704715749200    -1.922958777100    -0.386482727600     1.007825032230
         H            0.223853031500     2.274625202200    -0.130919769000     1.007825032230
         H           -1.153390327900     2.294813930000     0.789317294800     1.007825032230
         H           -1.160986686900     1.855356052600    -0.818492288500     1.007825032230

  Running in c1 symmetry.

  Rotational constants: A =      0.17692  B =      0.08859  C =      0.06026 [cm^-1]
  Rotational constants: A =   5303.97990  B =   2655.97353  C =   1806.43693 [MHz]
  Nuclear repulsion =  218.660585225851776

  Charge       = 0
  Multiplicity = 1
  Electrons    = 46
  Nalpha       = 23
  Nbeta        = 23

  ==> Algorithm <==

  SCF Algorithm Type is DF.
  DIIS enabled.
  MOM disabled.
  Fractional occupation disabled.
  Guess Type is SAD.
  Energy threshold   = 1.00e-07
  Density threshold  = 1.00e-07
  Integral threshold = 1.00e-12

  ==> Primary Basis <==

  Basis Set: 6-31G*
    Blend: 6-31G*
    Number of shells: 48
    Number of basis functions: 102
    Number of Cartesian functions: 102
    Spherical Harmonics?: false
    Max angular momentum: 2

  ==> DFT Potential <==

   => LibXC <=

    Version 7.0.0
    S. Lehtola, C. Steigemann, M. J.T. Oliveira, and M. A.L. Marques.,  SoftwareX 7, 1–5 (2018) (10.1016/j.softx.2017.11.002)

   => Composite Functional: WB97X-D <= 

    wB97X-D Hyb-GGA Exchange-Correlation Functional

    J.-D. Chai and M. Head-Gordon.,  Phys. Chem. Chem. Phys. 10, 6615-6620 (2008) (10.1039/B810189B)

    Deriv               =              1
    GGA                 =           TRUE
    Meta                =          FALSE

    Exchange Hybrid     =           TRUE
    MP2 Hybrid          =          FALSE

   => Exchange-Correlation Functionals <=

    1.0000   wB97X-D range-separated functional

   => Exact (HF) Exchange <=

    0.7780            HF,LR [omega = 0.2000]
    0.2220               HF 

   => LibXC Density Thresholds  <==

    XC_HYB_GGA_XC_WB97X_D:  1.00E-14 

   => Molecular Quadrature <=

    Radial Scheme          =       TREUTLER
    Pruning Scheme         =           NONE
    Nuclear Scheme         =       TREUTLER

    Blocking Scheme        =         OCTREE
    BS radius alpha        =              1
    Pruning alpha          =              1
    Radial Points          =             75
    Spherical Points       =            302
    Total Points           =         254849
    Total Blocks           =           1928
    Max Points             =            256
    Max Functions          =            100
    Weights Tolerance      =       1.00E-15

   => Loading Basis Set <=

    Name: (6-31G* AUX)
    Role: JKFIT
    Keyword: DF_BASIS_SCF
    atoms 1, 4-6 entry C          line   121 file /Users/jmsmith1/anaconda3/envs/jupyterenv/share/psi4/basis/cc-pvdz-jkfit.gbs 
    atoms 2-3    entry O          line   221 file /Users/jmsmith1/anaconda3/envs/jupyterenv/share/psi4/basis/cc-pvdz-jkfit.gbs 
    atoms 7-12   entry H          line    51 file /Users/jmsmith1/anaconda3/envs/jupyterenv/share/psi4/basis/cc-pvdz-jkfit.gbs 

  ==> Integral Setup <==

  DFHelper Memory: AOs need 0.151 GiB; user supplied 3.610 GiB. 
  SCF_SUBTYPE=INCORE selected. In-core MEM_DF algorithm will be used.
  Using in-core AOs.

  ==> MemDFJK: Density-Fitted J/K Matrices <==

    J tasked:                   Yes
    K tasked:                   Yes
    wK tasked:                  Yes
    Omega:                2.000E-01
    OpenMP threads:               4
    Memory [MiB]:              3696
    Algorithm:                 Core
    Schwarz Cutoff:           1E-12
    Mask sparsity (%):       2.0185
    Fitting Condition:        1E-10

   => Auxiliary Basis Set <=

  Basis Set: (6-31G* AUX)
    Blend: CC-PVDZ-JKFIT
    Number of shells: 198
    Number of basis functions: 636
    Number of Cartesian functions: 636
    Spherical Harmonics?: false
    Max angular momentum: 3

  Cached 100.0% of DFT collocation blocks in 0.581 [GiB].

  Minimum eigenvalue in the overlap matrix is 4.2439339023E-03.
  Reciprocal condition number of the overlap matrix is 6.3530995262E-04.
    Using symmetric orthogonalization.

  ==> Pre-Iterations <==

  SCF Guess: Superposition of Atomic Densities via on-the-fly atomic UHF (no occupation information).

   -------------------------
    Irrep   Nso     Nmo    
   -------------------------
     A        102     102 
   -------------------------
    Total     102     102
   -------------------------

  ==> Iterations <==

                           Total Energy        Delta E     RMS |[F,P]|

   @DF-RKS iter SAD:  -300.05265570804937   -3.00053e+02   0.00000e+00 
   @DF-RKS iter   1:  -297.03258690414168    3.02007e+00   3.31399e-02 ADIIS/DIIS
   @DF-RKS iter   2:  -275.88193029267848    2.11507e+01   6.12350e-02 ADIIS/DIIS
   @DF-RKS iter   3:  -304.70778463012135   -2.88259e+01   1.69203e-02 ADIIS/DIIS
   @DF-RKS iter   4:  -303.79447097397116    9.13314e-01   2.09413e-02 ADIIS/DIIS
   @DF-RKS iter   5:  -306.06755692734328   -2.27309e+00   3.43461e-03 ADIIS/DIIS
   @DF-RKS iter   6:  -306.11728703085606   -4.97301e-02   2.19952e-03 ADIIS/DIIS
   @DF-RKS iter   7:  -306.14121462301000   -2.39276e-02   3.57455e-04 ADIIS/DIIS
   @DF-RKS iter   8:  -306.14177289455245   -5.58272e-04   2.73439e-04 ADIIS/DIIS
   @DF-RKS iter   9:  -306.14217746917194   -4.04575e-04   7.74866e-05 DIIS
   @DF-RKS iter  10:  -306.14221663298781   -3.91638e-05   3.97247e-05 DIIS
   @DF-RKS iter  11:  -306.14222274965033   -6.11666e-06   2.86189e-05 DIIS
   @DF-RKS iter  12:  -306.14222750992695   -4.76028e-06   9.33420e-06 DIIS
   @DF-RKS iter  13:  -306.14222816645815   -6.56531e-07   1.03379e-06 DIIS
   @DF-RKS iter  14:  -306.14222820328405   -3.68259e-08   7.69105e-07 DIIS
   @DF-RKS iter  15:  -306.14222822010640   -1.68224e-08   4.38249e-07 DIIS
   @DF-RKS iter  16:  -306.14222823341947   -1.33131e-08   1.20434e-07 DIIS
   @DF-RKS iter  17:  -306.14222823428850   -8.69022e-10   4.03264e-08 DIIS
  Energy and wave function converged.


  ==> Post-Iterations <==

   Electrons on quadrature grid:
      Ntotal   =   45.9999989024 ; deviation = -1.098e-06 

    Orbital Energies [Eh]
    ---------------------

    Doubly Occupied:                                                      

       1A    -19.427781     2A    -19.261775     3A    -10.427630  
       4A    -10.341919     5A    -10.337187     6A    -10.318281  
       7A     -1.286420     8A     -0.986179     9A     -0.895344  
      10A     -0.849207    11A     -0.747420    12A     -0.658648  
      13A     -0.609363    14A     -0.589941    15A     -0.573410  
      16A     -0.538587    17A     -0.529769    18A     -0.502513  
      19A     -0.484179    20A     -0.448187    21A     -0.382406  
      22A     -0.313267    23A     -0.297351  

    Virtual:                                                              

      24A     -0.030130    25A      0.079435    26A      0.165057  
      27A      0.177241    28A      0.211419    29A      0.226951  
      30A      0.236451    31A      0.256968    32A      0.269147  
      33A      0.285608    34A      0.331525    35A      0.400771  
      36A      0.420284    37A      0.564008    38A      0.578882  
      39A      0.589793    40A      0.616902    41A      0.648716  
      42A      0.670301    43A      0.690965    44A      0.702829  
      45A      0.731722    46A      0.785094    47A      0.831505  
      48A      0.883794    49A      0.899132    50A      0.928454  
      51A      0.943139    52A      0.967363    53A      0.988282  
      54A      1.017343    55A      1.035582    56A      1.043356  
      57A      1.065237    58A      1.106154    59A      1.136843  
      60A      1.151340    61A      1.169047    62A      1.196958  
      63A      1.336079    64A      1.351410    65A      1.414990  
      66A      1.453788    67A      1.522239    68A      1.587450  
      69A      1.613788    70A      1.704657    71A      1.748175  
      72A      1.761375    73A      1.801695    74A      1.815509  
      75A      1.890158    76A      1.899778    77A      1.947049  
      78A      1.995266    79A      2.049478    80A      2.134735  
      81A      2.161126    82A      2.272271    83A      2.285198  
      84A      2.331729    85A      2.350482    86A      2.414669  
      87A      2.454280    88A      2.472388    89A      2.522647  
      90A      2.587164    91A      2.683708    92A      2.732914  
      93A      2.862426    94A      2.887575    95A      3.060301  
      96A      3.181036    97A      3.572819    98A      4.067615  
      99A      4.107084   100A      4.243355   101A      4.346006  
     102A      4.563772  

    Final Occupation by Irrep:
              A 
    DOCC [    23 ]
    NA   [    23 ]
    NB   [    23 ]

  @DF-RKS Final Energy:  -306.14222823428850

   => Energetics <=

    Nuclear Repulsion Energy =            218.6605852258517757
    One-Electron Energy =                -848.8053667662314865
    Two-Electron Energy =                 352.2416971183023975
    DFT Exchange-Correlation Energy =     -28.2349547452985803
    Empirical Dispersion Energy =          -0.0041890669126626
    VV10 Nonlocal Energy =                  0.0000000000000000
    Total Energy =                       -306.1422282342884955

Computation Completed


Properties will be evaluated at   0.000000,   0.000000,   0.000000 [a0]

Properties computed using the SCF density matrix


 Multipole Moments:

 ------------------------------------------------------------------------------------
     Multipole            Electronic (a.u.)      Nuclear  (a.u.)        Total (a.u.)
 ------------------------------------------------------------------------------------

 L = 1.  Multiply by 2.5417464519 to convert [e a0] to [Debye]
 Dipole X            :         -1.3532428           -0.5010587           -1.8543015
 Dipole Y            :          0.7946261           -0.1492500            0.6453761
 Dipole Z            :          0.5999584           -0.5984800            0.0014784
 Magnitude           :                                                    1.9634018

 ------------------------------------------------------------------------------------

*** tstop() called on cst14372 at Tue Apr 21 11:23:19 2026
Module time:
	user time   =      27.83 seconds =       0.46 minutes
	system time =       0.34 seconds =       0.01 minutes
	total time  =         13 seconds =       0.22 minutes
Total time:
	user time   =    2796.12 seconds =      46.60 minutes
	system time =      40.81 seconds =       0.68 minutes
	total time  =       1352 seconds =      22.53 minutes

Scratch directory: /tmp/
gradient() will perform analytic gradient computation.

*** tstart() called on cst14372
*** at Tue Apr 21 11:23:19 2026


         ------------------------------------------------------------
                                   SCF GRAD                          
                          Rob Parrish, Justin Turney,                
                       Andy Simmonett, and Alex Sokolov              
         ------------------------------------------------------------

  ==> Geometry <==

    Molecular point group: c1
    Full point group: C1

    Geometry (in Angstrom), charge = 0, multiplicity = 1:

       Center              X                  Y                   Z               Mass       
    ------------   -----------------  -----------------  -----------------  -----------------
         C            0.062475269600     0.328467365500     0.165326248700    12.000000000000
         O            1.410384135700     0.370786567600     0.042060930400    15.994914619570
         O            2.130800205500    -0.725728091500    -0.004655705100    15.994914619570
         C           -0.743971594700    -0.971477467100     0.040548436600    12.000000000000
         C           -2.093317532600    -1.038278381400    -0.264034081700    12.000000000000
         C           -0.690535335300     1.719572948400     0.062744307000    12.000000000000
         H           -0.432752663200    -1.790292075300     0.604988103100     1.007825032230
         H           -2.574536043300    -0.180698637500    -0.701863860200     1.007825032230
         H           -2.704715749200    -1.922958777100    -0.386482727600     1.007825032230
         H            0.223853031500     2.274625202200    -0.130919769000     1.007825032230
         H           -1.153390327900     2.294813930000     0.789317294800     1.007825032230
         H           -1.160986686900     1.855356052600    -0.818492288500     1.007825032230

  Nuclear repulsion =  218.660585225851776

  ==> Basis Set <==

  Basis Set: 6-31G*
    Blend: 6-31G*
    Number of shells: 48
    Number of basis functions: 102
    Number of Cartesian functions: 102
    Spherical Harmonics?: false
    Max angular momentum: 2

  ==> DFJKGrad: Density-Fitted SCF Gradients <==

    Gradient:                    1
    J tasked:                  Yes
    K tasked:                  Yes
    wK tasked:                 Yes
    Omega:               2.000E-01
    OpenMP threads:              4
    Integrals threads:           4
    Memory [MiB]:             4291
    Schwarz Cutoff:          1E-12
    Fitting Condition:       1E-10

   => Auxiliary Basis Set <=

  Basis Set: (6-31G* AUX)
    Blend: CC-PVDZ-JKFIT
    Number of shells: 198
    Number of basis functions: 636
    Number of Cartesian functions: 636
    Spherical Harmonics?: false
    Max angular momentum: 3

  ==> DFT Potential <==

   => LibXC <=

    Version 7.0.0
    S. Lehtola, C. Steigemann, M. J.T. Oliveira, and M. A.L. Marques.,  SoftwareX 7, 1–5 (2018) (10.1016/j.softx.2017.11.002)

   => Composite Functional: WB97X-D <= 

    wB97X-D Hyb-GGA Exchange-Correlation Functional

    J.-D. Chai and M. Head-Gordon.,  Phys. Chem. Chem. Phys. 10, 6615-6620 (2008) (10.1039/B810189B)

    Deriv               =              1
    GGA                 =           TRUE
    Meta                =          FALSE

    Exchange Hybrid     =           TRUE
    MP2 Hybrid          =          FALSE

   => Exchange-Correlation Functionals <=

    1.0000   wB97X-D range-separated functional

   => Exact (HF) Exchange <=

    0.7780            HF,LR [omega = 0.2000]
    0.2220               HF 

   => LibXC Density Thresholds  <==

    XC_HYB_GGA_XC_WB97X_D:  1.00E-14 

   => Molecular Quadrature <=

    Radial Scheme          =       TREUTLER
    Pruning Scheme         =           NONE
    Nuclear Scheme         =       TREUTLER

    Blocking Scheme        =         OCTREE
    BS radius alpha        =              1
    Pruning alpha          =              1
    Radial Points          =             75
    Spherical Points       =            302
    Total Points           =         254849
    Total Blocks           =           1928
    Max Points             =            256
    Max Functions          =            100
    Weights Tolerance      =       1.00E-15


  -Total Gradient:
     Atom            X                  Y                   Z
    ------   -----------------  -----------------  -----------------
       1        0.011155481355     0.013642460459     0.020565560281
       2        0.079641334914    -0.013861566275    -0.016158400054
       3        0.003727438874     0.009704034765     0.001847554090
       4        0.039733206063    -0.039191969383    -0.016386715659
       5       -0.046929757997    -0.023626949811     0.017067634497
       6       -0.115497364750     0.035391413518    -0.005895745061
       7       -0.030099396361     0.031793557970    -0.005200168545
       8        0.004172786928    -0.010623669893     0.001597115684
       9       -0.007811222972     0.009132322876    -0.013156800583
      10       -0.004892302475    -0.018666335431     0.000055088685
      11        0.023903755528     0.000753796925    -0.046375534432
      12        0.042927495636     0.005448590782     0.062048997272


*** tstop() called on cst14372 at Tue Apr 21 11:23:21 2026
Module time:
	user time   =       3.86 seconds =       0.06 minutes
	system time =       0.08 seconds =       0.00 minutes
	total time  =          2 seconds =       0.03 minutes
Total time:
	user time   =    2800.00 seconds =      46.67 minutes
	system time =      40.89 seconds =       0.68 minutes
	total time  =       1354 seconds =      22.57 minutes

Scratch directory: /tmp/
   => Libint2 <=

    Primary   basis highest AM E, G, H:  6, 6, 3
    Auxiliary basis highest AM E, G, H:  7, 7, 4
    Onebody   basis highest AM E, G, H:  -, -, -
    Solid Harmonics ordering:            Gaussian

*** tstart() called on cst14372
*** at Tue Apr 21 11:23:21 2026

   => Loading Basis Set <=

    Name: 6-31G*
    Role: ORBITAL
    Keyword: BASIS
    atoms 1, 4-6 entry C          line   111 file /Users/jmsmith1/anaconda3/envs/jupyterenv/share/psi4/basis/6-31gs.gbs 
    atoms 2-3    entry O          line   145 file /Users/jmsmith1/anaconda3/envs/jupyterenv/share/psi4/basis/6-31gs.gbs 
    atoms 7-12   entry H          line    44 file /Users/jmsmith1/anaconda3/envs/jupyterenv/share/psi4/basis/6-31gs.gbs 

   => WB97X-D: Empirical Dispersion <=

    Chai and Head-Gordon Dispersion Correction
    Chai, J.-D.; Head-Gordon, M. (2010), J. Chem. Phys., 132: 6615-6620

        s6 =       1.000000


         ---------------------------------------------------------
                                   SCF
               by Justin Turney, Rob Parrish, Andy Simmonett
                          and Daniel G. A. Smith
                              RKS Reference
                        4 Threads,   5722 MiB Core
         ---------------------------------------------------------

  ==> Geometry <==

    Molecular point group: c1
    Full point group: C1

    Geometry (in Angstrom), charge = 0, multiplicity = 1:

       Center              X                  Y                   Z               Mass       
    ------------   -----------------  -----------------  -----------------  -----------------
         C            0.061888270900     0.326198359900     0.169148925200    12.000000000000
         O            1.409218666800     0.373888787600     0.043715932400    15.994914619570
         O            2.135068453600    -0.722346142800    -0.004861878500    15.994914619570
         C           -0.747177226300    -0.974516790200     0.043094254500    12.000000000000
         C           -2.093207087600    -1.040883954000    -0.272434379400    12.000000000000
         C           -0.691660246600     1.720175417400     0.064422704500    12.000000000000
         H           -0.420511985300    -1.791321158700     0.618117475800     1.007825032230
         H           -2.574341093200    -0.178518400000    -0.722707801200     1.007825032230
         H           -2.694586471500    -1.929854045900    -0.387180684400     1.007825032230
         H            0.220478806700     2.279315156200    -0.135079737400     1.007825032230
         H           -1.154837949700     2.291677533300     0.804247442900     1.007825032230
         H           -1.170810893100     1.843959444700    -0.839472446800     1.007825032230

  Running in c1 symmetry.

  Rotational constants: A =      0.17651  B =      0.08838  C =      0.06017 [cm^-1]
  Rotational constants: A =   5291.51523  B =   2649.45912  C =   1803.85879 [MHz]
  Nuclear repulsion =  218.302339876088297

  Charge       = 0
  Multiplicity = 1
  Electrons    = 46
  Nalpha       = 23
  Nbeta        = 23

  ==> Algorithm <==

  SCF Algorithm Type is DF.
  DIIS enabled.
  MOM disabled.
  Fractional occupation disabled.
  Guess Type is SAD.
  Energy threshold   = 1.00e-07
  Density threshold  = 1.00e-07
  Integral threshold = 1.00e-12

  ==> Primary Basis <==

  Basis Set: 6-31G*
    Blend: 6-31G*
    Number of shells: 48
    Number of basis functions: 102
    Number of Cartesian functions: 102
    Spherical Harmonics?: false
    Max angular momentum: 2

  ==> DFT Potential <==

   => LibXC <=

    Version 7.0.0
    S. Lehtola, C. Steigemann, M. J.T. Oliveira, and M. A.L. Marques.,  SoftwareX 7, 1–5 (2018) (10.1016/j.softx.2017.11.002)

   => Composite Functional: WB97X-D <= 

    wB97X-D Hyb-GGA Exchange-Correlation Functional

    J.-D. Chai and M. Head-Gordon.,  Phys. Chem. Chem. Phys. 10, 6615-6620 (2008) (10.1039/B810189B)

    Deriv               =              1
    GGA                 =           TRUE
    Meta                =          FALSE

    Exchange Hybrid     =           TRUE
    MP2 Hybrid          =          FALSE

   => Exchange-Correlation Functionals <=

    1.0000   wB97X-D range-separated functional

   => Exact (HF) Exchange <=

    0.7780            HF,LR [omega = 0.2000]
    0.2220               HF 

   => LibXC Density Thresholds  <==

    XC_HYB_GGA_XC_WB97X_D:  1.00E-14 

   => Molecular Quadrature <=

    Radial Scheme          =       TREUTLER
    Pruning Scheme         =           NONE
    Nuclear Scheme         =       TREUTLER

    Blocking Scheme        =         OCTREE
    BS radius alpha        =              1
    Pruning alpha          =              1
    Radial Points          =             75
    Spherical Points       =            302
    Total Points           =         254869
    Total Blocks           =           1923
    Max Points             =            256
    Max Functions          =            100
    Weights Tolerance      =       1.00E-15

   => Loading Basis Set <=

    Name: (6-31G* AUX)
    Role: JKFIT
    Keyword: DF_BASIS_SCF
    atoms 1, 4-6 entry C          line   121 file /Users/jmsmith1/anaconda3/envs/jupyterenv/share/psi4/basis/cc-pvdz-jkfit.gbs 
    atoms 2-3    entry O          line   221 file /Users/jmsmith1/anaconda3/envs/jupyterenv/share/psi4/basis/cc-pvdz-jkfit.gbs 
    atoms 7-12   entry H          line    51 file /Users/jmsmith1/anaconda3/envs/jupyterenv/share/psi4/basis/cc-pvdz-jkfit.gbs 

  ==> Integral Setup <==

  DFHelper Memory: AOs need 0.151 GiB; user supplied 3.610 GiB. 
  SCF_SUBTYPE=INCORE selected. In-core MEM_DF algorithm will be used.
  Using in-core AOs.

  ==> MemDFJK: Density-Fitted J/K Matrices <==

    J tasked:                   Yes
    K tasked:                   Yes
    wK tasked:                  Yes
    Omega:                2.000E-01
    OpenMP threads:               4
    Memory [MiB]:              3696
    Algorithm:                 Core
    Schwarz Cutoff:           1E-12
    Mask sparsity (%):       2.0185
    Fitting Condition:        1E-10

   => Auxiliary Basis Set <=

  Basis Set: (6-31G* AUX)
    Blend: CC-PVDZ-JKFIT
    Number of shells: 198
    Number of basis functions: 636
    Number of Cartesian functions: 636
    Spherical Harmonics?: false
    Max angular momentum: 3

  Cached 100.0% of DFT collocation blocks in 0.581 [GiB].

  Minimum eigenvalue in the overlap matrix is 4.2961954577E-03.
  Reciprocal condition number of the overlap matrix is 6.4491862591E-04.
    Using symmetric orthogonalization.

  ==> Pre-Iterations <==

  SCF Guess: Superposition of Atomic Densities via on-the-fly atomic UHF (no occupation information).

   -------------------------
    Irrep   Nso     Nmo    
   -------------------------
     A        102     102 
   -------------------------
    Total     102     102
   -------------------------

  ==> Iterations <==

                           Total Energy        Delta E     RMS |[F,P]|

   @DF-RKS iter SAD:  -299.99917591476895   -2.99999e+02   0.00000e+00 
   @DF-RKS iter   1:  -297.05568984394836    2.94349e+00   3.30722e-02 ADIIS/DIIS
   @DF-RKS iter   2:  -275.85375564470684    2.12019e+01   6.12312e-02 ADIIS/DIIS
   @DF-RKS iter   3:  -304.71670317024456   -2.88629e+01   1.68987e-02 ADIIS/DIIS
   @DF-RKS iter   4:  -303.78567080737008    9.31032e-01   2.09814e-02 ADIIS/DIIS
   @DF-RKS iter   5:  -306.07330552857650   -2.28763e+00   3.42601e-03 ADIIS/DIIS
   @DF-RKS iter   6:  -306.12291312956404   -4.96076e-02   2.19211e-03 ADIIS/DIIS
   @DF-RKS iter   7:  -306.14666510389378   -2.37520e-02   3.66997e-04 ADIIS/DIIS
   @DF-RKS iter   8:  -306.14722525239171   -5.60148e-04   2.81693e-04 ADIIS/DIIS
   @DF-RKS iter   9:  -306.14765407754203   -4.28825e-04   7.63708e-05 DIIS
   @DF-RKS iter  10:  -306.14769268435106   -3.86068e-05   4.02124e-05 DIIS
   @DF-RKS iter  11:  -306.14769895396205   -6.26961e-06   2.88655e-05 DIIS
   @DF-RKS iter  12:  -306.14770383193405   -4.87797e-06   9.28432e-06 DIIS
   @DF-RKS iter  13:  -306.14770449302426   -6.61090e-07   1.04213e-06 DIIS
   @DF-RKS iter  14:  -306.14770453164164   -3.86174e-08   7.75238e-07 DIIS
   @DF-RKS iter  15:  -306.14770455005424   -1.84126e-08   4.45324e-07 DIIS
   @DF-RKS iter  16:  -306.14770456322816   -1.31739e-08   1.23629e-07 DIIS
   @DF-RKS iter  17:  -306.14770456412845   -9.00286e-10   4.09073e-08 DIIS
  Energy and wave function converged.


  ==> Post-Iterations <==

   Electrons on quadrature grid:
      Ntotal   =   46.0000045251 ; deviation = 4.525e-06 

    Orbital Energies [Eh]
    ---------------------

    Doubly Occupied:                                                      

       1A    -19.427309     2A    -19.261334     3A    -10.427688  
       4A    -10.343272     5A    -10.338138     6A    -10.321579  
       7A     -1.284597     8A     -0.985357     9A     -0.894806  
      10A     -0.846249    11A     -0.746829    12A     -0.656696  
      13A     -0.608342    14A     -0.587809    15A     -0.572349  
      16A     -0.538829    17A     -0.528395    18A     -0.501893  
      19A     -0.484022    20A     -0.447431    21A     -0.382510  
      22A     -0.313028    23A     -0.297313  

    Virtual:                                                              

      24A     -0.030091    25A      0.079091    26A      0.163977  
      27A      0.176164    28A      0.210878    29A      0.225580  
      30A      0.233879    31A      0.254211    32A      0.265034  
      33A      0.283862    34A      0.330558    35A      0.399652  
      36A      0.419041    37A      0.563638    38A      0.579573  
      39A      0.591425    40A      0.617004    41A      0.649662  
      42A      0.668193    43A      0.691308    44A      0.703542  
      45A      0.730348    46A      0.784652    47A      0.830901  
      48A      0.883743    49A      0.898426    50A      0.928121  
      51A      0.942575    52A      0.964347    53A      0.980508  
      54A      1.013452    55A      1.033580    56A      1.039598  
      57A      1.061321    58A      1.097676    59A      1.134384  
      60A      1.150335    61A      1.167723    62A      1.197113  
      63A      1.335948    64A      1.350575    65A      1.415002  
      66A      1.454236    67A      1.521465    68A      1.586040  
      69A      1.613660    70A      1.706741    71A      1.748130  
      72A      1.759192    73A      1.805232    74A      1.813358  
      75A      1.891530    76A      1.898454    77A      1.947564  
      78A      1.996088    79A      2.049394    80A      2.130240  
      81A      2.159983    82A      2.270277    83A      2.275893  
      84A      2.328544    85A      2.348560    86A      2.406373  
      87A      2.448522    88A      2.464005    89A      2.519764  
      90A      2.575657    91A      2.680618    92A      2.728981  
      93A      2.859285    94A      2.886270    95A      3.059069  
      96A      3.181299    97A      3.571767    98A      4.065574  
      99A      4.105409   100A      4.241630   101A      4.342139  
     102A      4.561820  

    Final Occupation by Irrep:
              A 
    DOCC [    23 ]
    NA   [    23 ]
    NB   [    23 ]

  @DF-RKS Final Energy:  -306.14770456412845

   => Energetics <=

    Nuclear Repulsion Energy =            218.3023398760882969
    One-Electron Energy =                -848.1322053834935559
    Two-Electron Energy =                 351.9057898844732222
    DFT Exchange-Correlation Energy =     -28.2194245335973264
    Empirical Dispersion Energy =          -0.0042044075991659
    VV10 Nonlocal Energy =                  0.0000000000000000
    Total Energy =                       -306.1477045641284462

Computation Completed


Properties will be evaluated at   0.000000,   0.000000,   0.000000 [a0]

Properties computed using the SCF density matrix


 Multipole Moments:

 ------------------------------------------------------------------------------------
     Multipole            Electronic (a.u.)      Nuclear  (a.u.)        Total (a.u.)
 ------------------------------------------------------------------------------------

 L = 1.  Multiply by 2.5417464519 to convert [e a0] to [Debye]
 Dipole X            :         -1.3667703           -0.4936916           -1.8604620
 Dipole Y            :          0.8012820           -0.1635787            0.6377033
 Dipole Z            :          0.6207998           -0.6157754            0.0050245
 Magnitude           :                                                    1.9667256

 ------------------------------------------------------------------------------------

*** tstop() called on cst14372 at Tue Apr 21 11:23:35 2026
Module time:
	user time   =      28.00 seconds =       0.47 minutes
	system time =       0.38 seconds =       0.01 minutes
	total time  =         14 seconds =       0.23 minutes
Total time:
	user time   =    2828.03 seconds =      47.13 minutes
	system time =      41.28 seconds =       0.69 minutes
	total time  =       1368 seconds =      22.80 minutes

Scratch directory: /tmp/
gradient() will perform analytic gradient computation.

*** tstart() called on cst14372
*** at Tue Apr 21 11:23:35 2026


         ------------------------------------------------------------
                                   SCF GRAD                          
                          Rob Parrish, Justin Turney,                
                       Andy Simmonett, and Alex Sokolov              
         ------------------------------------------------------------

  ==> Geometry <==

    Molecular point group: c1
    Full point group: C1

    Geometry (in Angstrom), charge = 0, multiplicity = 1:

       Center              X                  Y                   Z               Mass       
    ------------   -----------------  -----------------  -----------------  -----------------
         C            0.061888270900     0.326198359900     0.169148925200    12.000000000000
         O            1.409218666800     0.373888787600     0.043715932400    15.994914619570
         O            2.135068453600    -0.722346142800    -0.004861878500    15.994914619570
         C           -0.747177226300    -0.974516790200     0.043094254500    12.000000000000
         C           -2.093207087600    -1.040883954000    -0.272434379400    12.000000000000
         C           -0.691660246600     1.720175417400     0.064422704500    12.000000000000
         H           -0.420511985300    -1.791321158700     0.618117475800     1.007825032230
         H           -2.574341093200    -0.178518400000    -0.722707801200     1.007825032230
         H           -2.694586471500    -1.929854045900    -0.387180684400     1.007825032230
         H            0.220478806700     2.279315156200    -0.135079737400     1.007825032230
         H           -1.154837949700     2.291677533300     0.804247442900     1.007825032230
         H           -1.170810893100     1.843959444700    -0.839472446800     1.007825032230

  Nuclear repulsion =  218.302339876088297

  ==> Basis Set <==

  Basis Set: 6-31G*
    Blend: 6-31G*
    Number of shells: 48
    Number of basis functions: 102
    Number of Cartesian functions: 102
    Spherical Harmonics?: false
    Max angular momentum: 2

  ==> DFJKGrad: Density-Fitted SCF Gradients <==

    Gradient:                    1
    J tasked:                  Yes
    K tasked:                  Yes
    wK tasked:                 Yes
    Omega:               2.000E-01
    OpenMP threads:              4
    Integrals threads:           4
    Memory [MiB]:             4291
    Schwarz Cutoff:          1E-12
    Fitting Condition:       1E-10

   => Auxiliary Basis Set <=

  Basis Set: (6-31G* AUX)
    Blend: CC-PVDZ-JKFIT
    Number of shells: 198
    Number of basis functions: 636
    Number of Cartesian functions: 636
    Spherical Harmonics?: false
    Max angular momentum: 3

  ==> DFT Potential <==

   => LibXC <=

    Version 7.0.0
    S. Lehtola, C. Steigemann, M. J.T. Oliveira, and M. A.L. Marques.,  SoftwareX 7, 1–5 (2018) (10.1016/j.softx.2017.11.002)

   => Composite Functional: WB97X-D <= 

    wB97X-D Hyb-GGA Exchange-Correlation Functional

    J.-D. Chai and M. Head-Gordon.,  Phys. Chem. Chem. Phys. 10, 6615-6620 (2008) (10.1039/B810189B)

    Deriv               =              1
    GGA                 =           TRUE
    Meta                =          FALSE

    Exchange Hybrid     =           TRUE
    MP2 Hybrid          =          FALSE

   => Exchange-Correlation Functionals <=

    1.0000   wB97X-D range-separated functional

   => Exact (HF) Exchange <=

    0.7780            HF,LR [omega = 0.2000]
    0.2220               HF 

   => LibXC Density Thresholds  <==

    XC_HYB_GGA_XC_WB97X_D:  1.00E-14 

   => Molecular Quadrature <=

    Radial Scheme          =       TREUTLER
    Pruning Scheme         =           NONE
    Nuclear Scheme         =       TREUTLER

    Blocking Scheme        =         OCTREE
    BS radius alpha        =              1
    Pruning alpha          =              1
    Radial Points          =             75
    Spherical Points       =            302
    Total Points           =         254869
    Total Blocks           =           1923
    Max Points             =            256
    Max Functions          =            100
    Weights Tolerance      =       1.00E-15


  -Total Gradient:
     Atom            X                  Y                   Z
    ------   -----------------  -----------------  -----------------
       1        0.010801359558     0.011260991651     0.021608005218
       2        0.078835866174    -0.011023462928    -0.016375832397
       3        0.004792486682     0.008047656810     0.001786797275
       4        0.034923840734    -0.035509858680    -0.019738637377
       5       -0.046468760841    -0.027843656636     0.017703576541
       6       -0.103365773835     0.030852783990     0.008203511066
       7       -0.025787187379     0.026186958758    -0.001144506229
       8        0.001474623170    -0.005010451295    -0.000989912898
       9       -0.005773735528     0.009842189205    -0.012394440206
      10       -0.004037029992    -0.017801786990    -0.000184313101
      11        0.021517364552     0.003805324485    -0.039877170869
      12        0.033131104671     0.007204045523     0.041395491550


*** tstop() called on cst14372 at Tue Apr 21 11:23:36 2026
Module time:
	user time   =       3.66 seconds =       0.06 minutes
	system time =       0.06 seconds =       0.00 minutes
	total time  =          1 seconds =       0.02 minutes
Total time:
	user time   =    2831.71 seconds =      47.20 minutes
	system time =      41.34 seconds =       0.69 minutes
	total time  =       1369 seconds =      22.82 minutes

Scratch directory: /tmp/
   => Libint2 <=

    Primary   basis highest AM E, G, H:  6, 6, 3
    Auxiliary basis highest AM E, G, H:  7, 7, 4
    Onebody   basis highest AM E, G, H:  -, -, -
    Solid Harmonics ordering:            Gaussian

*** tstart() called on cst14372
*** at Tue Apr 21 11:23:37 2026

   => Loading Basis Set <=

    Name: 6-31G*
    Role: ORBITAL
    Keyword: BASIS
    atoms 1, 4-6 entry C          line   111 file /Users/jmsmith1/anaconda3/envs/jupyterenv/share/psi4/basis/6-31gs.gbs 
    atoms 2-3    entry O          line   145 file /Users/jmsmith1/anaconda3/envs/jupyterenv/share/psi4/basis/6-31gs.gbs 
    atoms 7-12   entry H          line    44 file /Users/jmsmith1/anaconda3/envs/jupyterenv/share/psi4/basis/6-31gs.gbs 

   => WB97X-D: Empirical Dispersion <=

    Chai and Head-Gordon Dispersion Correction
    Chai, J.-D.; Head-Gordon, M. (2010), J. Chem. Phys., 132: 6615-6620

        s6 =       1.000000


         ---------------------------------------------------------
                                   SCF
               by Justin Turney, Rob Parrish, Andy Simmonett
                          and Daniel G. A. Smith
                              RKS Reference
                        4 Threads,   5722 MiB Core
         ---------------------------------------------------------

  ==> Geometry <==

    Molecular point group: c1
    Full point group: C1

    Geometry (in Angstrom), charge = 0, multiplicity = 1:

       Center              X                  Y                   Z               Mass       
    ------------   -----------------  -----------------  -----------------  -----------------
         C            0.061268860200     0.323892328700     0.172916515100    12.000000000000
         O            1.407879603100     0.377021017900     0.045409751500    15.994914619570
         O            2.139334618100    -0.718975081500    -0.005072337300    15.994914619570
         C           -0.750490207500    -0.977459256800     0.045702178200    12.000000000000
         C           -2.092961915600    -1.043414014300    -0.280902319100    12.000000000000
         C           -0.692488144700     1.720689754000     0.066080631500    12.000000000000
         H           -0.407357968000    -1.793255486900     0.631311951200     1.007825032230
         H           -2.574196625100    -0.176161087300    -0.743558282800     1.007825032230
         H           -2.684238276100    -1.937102248500    -0.387452496600     1.007825032230
         H            0.217237240500     2.284628280500    -0.139241468200     1.007825032230
         H           -1.157030570200     2.288403762300     0.820582169100     1.007825032230
         H           -1.181797027200     1.832292111600    -0.861921361600     1.007825032230

  Running in c1 symmetry.

  Rotational constants: A =      0.17608  B =      0.08816  C =      0.06009 [cm^-1]
  Rotational constants: A =   5278.65874  B =   2643.01426  C =   1801.36633 [MHz]
  Nuclear repulsion =  217.931102169168611

  Charge       = 0
  Multiplicity = 1
  Electrons    = 46
  Nalpha       = 23
  Nbeta        = 23

  ==> Algorithm <==

  SCF Algorithm Type is DF.
  DIIS enabled.
  MOM disabled.
  Fractional occupation disabled.
  Guess Type is SAD.
  Energy threshold   = 1.00e-07
  Density threshold  = 1.00e-07
  Integral threshold = 1.00e-12

  ==> Primary Basis <==

  Basis Set: 6-31G*
    Blend: 6-31G*
    Number of shells: 48
    Number of basis functions: 102
    Number of Cartesian functions: 102
    Spherical Harmonics?: false
    Max angular momentum: 2

  ==> DFT Potential <==

   => LibXC <=

    Version 7.0.0
    S. Lehtola, C. Steigemann, M. J.T. Oliveira, and M. A.L. Marques.,  SoftwareX 7, 1–5 (2018) (10.1016/j.softx.2017.11.002)

   => Composite Functional: WB97X-D <= 

    wB97X-D Hyb-GGA Exchange-Correlation Functional

    J.-D. Chai and M. Head-Gordon.,  Phys. Chem. Chem. Phys. 10, 6615-6620 (2008) (10.1039/B810189B)

    Deriv               =              1
    GGA                 =           TRUE
    Meta                =          FALSE

    Exchange Hybrid     =           TRUE
    MP2 Hybrid          =          FALSE

   => Exchange-Correlation Functionals <=

    1.0000   wB97X-D range-separated functional

   => Exact (HF) Exchange <=

    0.7780            HF,LR [omega = 0.2000]
    0.2220               HF 

   => LibXC Density Thresholds  <==

    XC_HYB_GGA_XC_WB97X_D:  1.00E-14 

   => Molecular Quadrature <=

    Radial Scheme          =       TREUTLER
    Pruning Scheme         =           NONE
    Nuclear Scheme         =       TREUTLER

    Blocking Scheme        =         OCTREE
    BS radius alpha        =              1
    Pruning alpha          =              1
    Radial Points          =             75
    Spherical Points       =            302
    Total Points           =         254894
    Total Blocks           =           1930
    Max Points             =            256
    Max Functions          =            100
    Weights Tolerance      =       1.00E-15

   => Loading Basis Set <=

    Name: (6-31G* AUX)
    Role: JKFIT
    Keyword: DF_BASIS_SCF
    atoms 1, 4-6 entry C          line   121 file /Users/jmsmith1/anaconda3/envs/jupyterenv/share/psi4/basis/cc-pvdz-jkfit.gbs 
    atoms 2-3    entry O          line   221 file /Users/jmsmith1/anaconda3/envs/jupyterenv/share/psi4/basis/cc-pvdz-jkfit.gbs 
    atoms 7-12   entry H          line    51 file /Users/jmsmith1/anaconda3/envs/jupyterenv/share/psi4/basis/cc-pvdz-jkfit.gbs 

  ==> Integral Setup <==

  DFHelper Memory: AOs need 0.151 GiB; user supplied 3.610 GiB. 
  SCF_SUBTYPE=INCORE selected. In-core MEM_DF algorithm will be used.
  Using in-core AOs.

  ==> MemDFJK: Density-Fitted J/K Matrices <==

    J tasked:                   Yes
    K tasked:                   Yes
    wK tasked:                  Yes
    Omega:                2.000E-01
    OpenMP threads:               4
    Memory [MiB]:              3696
    Algorithm:                 Core
    Schwarz Cutoff:           1E-12
    Mask sparsity (%):       2.0185
    Fitting Condition:        1E-10

   => Auxiliary Basis Set <=

  Basis Set: (6-31G* AUX)
    Blend: CC-PVDZ-JKFIT
    Number of shells: 198
    Number of basis functions: 636
    Number of Cartesian functions: 636
    Spherical Harmonics?: false
    Max angular momentum: 3

  Cached 100.0% of DFT collocation blocks in 0.581 [GiB].

  Minimum eigenvalue in the overlap matrix is 4.3492724137E-03.
  Reciprocal condition number of the overlap matrix is 6.5478014851E-04.
    Using symmetric orthogonalization.

  ==> Pre-Iterations <==

  SCF Guess: Superposition of Atomic Densities via on-the-fly atomic UHF (no occupation information).

   -------------------------
    Irrep   Nso     Nmo    
   -------------------------
     A        102     102 
   -------------------------
    Total     102     102
   -------------------------

  ==> Iterations <==

                           Total Energy        Delta E     RMS |[F,P]|

   @DF-RKS iter SAD:  -299.94136941542661   -2.99941e+02   0.00000e+00 
   @DF-RKS iter   1:  -297.07430713150717    2.86706e+00   3.30064e-02 ADIIS/DIIS
   @DF-RKS iter   2:  -275.80881448326937    2.12655e+01   6.12451e-02 ADIIS/DIIS
   @DF-RKS iter   3:  -304.72265611522522   -2.89138e+01   1.68847e-02 ADIIS/DIIS
   @DF-RKS iter   4:  -303.76407423946677    9.58582e-01   2.10666e-02 ADIIS/DIIS
   @DF-RKS iter   5:  -306.07776020535232   -2.31369e+00   3.42148e-03 ADIIS/DIIS
   @DF-RKS iter   6:  -306.12739047259458   -4.96303e-02   2.18917e-03 ADIIS/DIIS
   @DF-RKS iter   7:  -306.15106959187028   -2.36791e-02   3.77467e-04 ADIIS/DIIS
   @DF-RKS iter   8:  -306.15163857720938   -5.68985e-04   2.89683e-04 ADIIS/DIIS
   @DF-RKS iter   9:  -306.15209155233060   -4.52975e-04   7.59210e-05 DIIS
   @DF-RKS iter  10:  -306.15212996505545   -3.84127e-05   4.09741e-05 DIIS
   @DF-RKS iter  11:  -306.15213645687408   -6.49182e-06   2.93551e-05 DIIS
   @DF-RKS iter  12:  -306.15214154140085   -5.08453e-06   9.22404e-06 DIIS
   @DF-RKS iter  13:  -306.15214220724312   -6.65842e-07   1.05817e-06 DIIS
   @DF-RKS iter  14:  -306.15214224798518   -4.07421e-08   7.81339e-07 DIIS
   @DF-RKS iter  15:  -306.15214226884814   -2.08630e-08   4.49899e-07 DIIS
   @DF-RKS iter  16:  -306.15214228136034   -1.25122e-08   1.28278e-07 DIIS
   @DF-RKS iter  17:  -306.15214228229462   -9.34278e-10   4.17478e-08 DIIS
  Energy and wave function converged.


  ==> Post-Iterations <==

   Electrons on quadrature grid:
      Ntotal   =   46.0000099260 ; deviation = 9.926e-06 

    Orbital Energies [Eh]
    ---------------------

    Doubly Occupied:                                                      

       1A    -19.426808     2A    -19.260877     3A    -10.427762  
       4A    -10.344750     5A    -10.339147     6A    -10.325256  
       7A     -1.282727     8A     -0.984544     9A     -0.894290  
      10A     -0.843139    11A     -0.746187    12A     -0.654685  
      13A     -0.607239    14A     -0.585737    15A     -0.571192  
      16A     -0.538997    17A     -0.526604    18A     -0.501304  
      19A     -0.483625    20A     -0.446580    21A     -0.382659  
      22A     -0.312778    23A     -0.297265  

    Virtual:                                                              

      24A     -0.030060    25A      0.078789    26A      0.162222  
      27A      0.175142    28A      0.209845    29A      0.224164  
      30A      0.231263    31A      0.250463    32A      0.261196  
      33A      0.282072    34A      0.329527    35A      0.398551  
      36A      0.417812    37A      0.563241    38A      0.580110  
      39A      0.593385    40A      0.617200    41A      0.650652  
      42A      0.666124    43A      0.691855    44A      0.704415  
      45A      0.729055    46A      0.784140    47A      0.830399  
      48A      0.883524    49A      0.897658    50A      0.927318  
      51A      0.942027    52A      0.960538    53A      0.971247  
      54A      1.008882    55A      1.029131    56A      1.037059  
      57A      1.056326    58A      1.090595    59A      1.133478  
      60A      1.149538    61A      1.166842    62A      1.197386  
      63A      1.335791    64A      1.349947    65A      1.414958  
      66A      1.454731    67A      1.520493    68A      1.584584  
      69A      1.613502    70A      1.708999    71A      1.747794  
      72A      1.756588    73A      1.808919    74A      1.811415  
      75A      1.892954    76A      1.897150    77A      1.948097  
      78A      1.996353    79A      2.049243    80A      2.125620  
      81A      2.158677    82A      2.262814    83A      2.270282  
      84A      2.325075    85A      2.345249    86A      2.394084  
      87A      2.444404    88A      2.457045    89A      2.516738  
      90A      2.565232    91A      2.677629    92A      2.725163  
      93A      2.856273    94A      2.884592    95A      3.057930  
      96A      3.181801    97A      3.570711    98A      4.063627  
      99A      4.103456   100A      4.239647   101A      4.337849  
     102A      4.559888  

    Final Occupation by Irrep:
              A 
    DOCC [    23 ]
    NA   [    23 ]
    NB   [    23 ]

  @DF-RKS Final Energy:  -306.15214228229462

   => Energetics <=

    Nuclear Repulsion Energy =            217.9311021691686108
    One-Electron Energy =                -847.4330942744422828
    Two-Electron Energy =                 351.5566915614585355
    DFT Exchange-Correlation Energy =     -28.2026198762605027
    Empirical Dispersion Energy =          -0.0042218622190470
    VV10 Nonlocal Energy =                  0.0000000000000000
    Total Energy =                       -306.1521422822946192

Computation Completed


Properties will be evaluated at   0.000000,   0.000000,   0.000000 [a0]

Properties computed using the SCF density matrix


 Multipole Moments:

 ------------------------------------------------------------------------------------
     Multipole            Electronic (a.u.)      Nuclear  (a.u.)        Total (a.u.)
 ------------------------------------------------------------------------------------

 L = 1.  Multiply by 2.5417464519 to convert [e a0] to [Debye]
 Dipole X            :         -1.3798288           -0.4869785           -1.8668073
 Dipole Y            :          0.8086376           -0.1787195            0.6299181
 Dipole Z            :          0.6416470           -0.6326768            0.0089702
 Magnitude           :                                                    1.9702402

 ------------------------------------------------------------------------------------

*** tstop() called on cst14372 at Tue Apr 21 11:23:50 2026
Module time:
	user time   =      28.01 seconds =       0.47 minutes
	system time =       0.47 seconds =       0.01 minutes
	total time  =         13 seconds =       0.22 minutes
Total time:
	user time   =    2859.74 seconds =      47.66 minutes
	system time =      41.82 seconds =       0.70 minutes
	total time  =       1383 seconds =      23.05 minutes

Scratch directory: /tmp/
gradient() will perform analytic gradient computation.

*** tstart() called on cst14372
*** at Tue Apr 21 11:23:50 2026


         ------------------------------------------------------------
                                   SCF GRAD                          
                          Rob Parrish, Justin Turney,                
                       Andy Simmonett, and Alex Sokolov              
         ------------------------------------------------------------

  ==> Geometry <==

    Molecular point group: c1
    Full point group: C1

    Geometry (in Angstrom), charge = 0, multiplicity = 1:

       Center              X                  Y                   Z               Mass       
    ------------   -----------------  -----------------  -----------------  -----------------
         C            0.061268860200     0.323892328700     0.172916515100    12.000000000000
         O            1.407879603100     0.377021017900     0.045409751500    15.994914619570
         O            2.139334618100    -0.718975081500    -0.005072337300    15.994914619570
         C           -0.750490207500    -0.977459256800     0.045702178200    12.000000000000
         C           -2.092961915600    -1.043414014300    -0.280902319100    12.000000000000
         C           -0.692488144700     1.720689754000     0.066080631500    12.000000000000
         H           -0.407357968000    -1.793255486900     0.631311951200     1.007825032230
         H           -2.574196625100    -0.176161087300    -0.743558282800     1.007825032230
         H           -2.684238276100    -1.937102248500    -0.387452496600     1.007825032230
         H            0.217237240500     2.284628280500    -0.139241468200     1.007825032230
         H           -1.157030570200     2.288403762300     0.820582169100     1.007825032230
         H           -1.181797027200     1.832292111600    -0.861921361600     1.007825032230

  Nuclear repulsion =  217.931102169168611

  ==> Basis Set <==

  Basis Set: 6-31G*
    Blend: 6-31G*
    Number of shells: 48
    Number of basis functions: 102
    Number of Cartesian functions: 102
    Spherical Harmonics?: false
    Max angular momentum: 2

  ==> DFJKGrad: Density-Fitted SCF Gradients <==

    Gradient:                    1
    J tasked:                  Yes
    K tasked:                  Yes
    wK tasked:                 Yes
    Omega:               2.000E-01
    OpenMP threads:              4
    Integrals threads:           4
    Memory [MiB]:             4291
    Schwarz Cutoff:          1E-12
    Fitting Condition:       1E-10

   => Auxiliary Basis Set <=

  Basis Set: (6-31G* AUX)
    Blend: CC-PVDZ-JKFIT
    Number of shells: 198
    Number of basis functions: 636
    Number of Cartesian functions: 636
    Spherical Harmonics?: false
    Max angular momentum: 3

  ==> DFT Potential <==

   => LibXC <=

    Version 7.0.0
    S. Lehtola, C. Steigemann, M. J.T. Oliveira, and M. A.L. Marques.,  SoftwareX 7, 1–5 (2018) (10.1016/j.softx.2017.11.002)

   => Composite Functional: WB97X-D <= 

    wB97X-D Hyb-GGA Exchange-Correlation Functional

    J.-D. Chai and M. Head-Gordon.,  Phys. Chem. Chem. Phys. 10, 6615-6620 (2008) (10.1039/B810189B)

    Deriv               =              1
    GGA                 =           TRUE
    Meta                =          FALSE

    Exchange Hybrid     =           TRUE
    MP2 Hybrid          =          FALSE

   => Exchange-Correlation Functionals <=

    1.0000   wB97X-D range-separated functional

   => Exact (HF) Exchange <=

    0.7780            HF,LR [omega = 0.2000]
    0.2220               HF 

   => LibXC Density Thresholds  <==

    XC_HYB_GGA_XC_WB97X_D:  1.00E-14 

   => Molecular Quadrature <=

    Radial Scheme          =       TREUTLER
    Pruning Scheme         =           NONE
    Nuclear Scheme         =       TREUTLER

    Blocking Scheme        =         OCTREE
    BS radius alpha        =              1
    Pruning alpha          =              1
    Radial Points          =             75
    Spherical Points       =            302
    Total Points           =         254894
    Total Blocks           =           1930
    Max Points             =            256
    Max Functions          =            100
    Weights Tolerance      =       1.00E-15


  -Total Gradient:
     Atom            X                  Y                   Z
    ------   -----------------  -----------------  -----------------
       1        0.010450633799     0.008839765826     0.022699745097
       2        0.077893311307    -0.008131619335    -0.016567591744
       3        0.005900546177     0.006354881803     0.001711269850
       4        0.029614287023    -0.031459428902    -0.023448455780
       5       -0.045863356712    -0.031658701512     0.018314887813
       6       -0.091305566240     0.026401381987     0.020668579837
       7       -0.021089735630     0.020170637145     0.003324478384
       8       -0.001110720810     0.000460746579    -0.003621123318
       9       -0.003859641281     0.010339049607    -0.011598487436
      10       -0.002979645040    -0.016789133257    -0.000467659085
      11        0.018678452328     0.007287450988    -0.032555044702
      12        0.023723430106     0.008295199686     0.021512992049


*** tstop() called on cst14372 at Tue Apr 21 11:23:52 2026
Module time:
	user time   =       3.70 seconds =       0.06 minutes
	system time =       0.08 seconds =       0.00 minutes
	total time  =          2 seconds =       0.03 minutes
Total time:
	user time   =    2863.46 seconds =      47.72 minutes
	system time =      41.90 seconds =       0.70 minutes
	total time  =       1385 seconds =      23.08 minutes

Scratch directory: /tmp/
   => Libint2 <=

    Primary   basis highest AM E, G, H:  6, 6, 3
    Auxiliary basis highest AM E, G, H:  7, 7, 4
    Onebody   basis highest AM E, G, H:  -, -, -
    Solid Harmonics ordering:            Gaussian

*** tstart() called on cst14372
*** at Tue Apr 21 11:23:52 2026

   => Loading Basis Set <=

    Name: 6-31G*
    Role: ORBITAL
    Keyword: BASIS
    atoms 1, 4-6 entry C          line   111 file /Users/jmsmith1/anaconda3/envs/jupyterenv/share/psi4/basis/6-31gs.gbs 
    atoms 2-3    entry O          line   145 file /Users/jmsmith1/anaconda3/envs/jupyterenv/share/psi4/basis/6-31gs.gbs 
    atoms 7-12   entry H          line    44 file /Users/jmsmith1/anaconda3/envs/jupyterenv/share/psi4/basis/6-31gs.gbs 

   => WB97X-D: Empirical Dispersion <=

    Chai and Head-Gordon Dispersion Correction
    Chai, J.-D.; Head-Gordon, M. (2010), J. Chem. Phys., 132: 6615-6620

        s6 =       1.000000


         ---------------------------------------------------------
                                   SCF
               by Justin Turney, Rob Parrish, Andy Simmonett
                          and Daniel G. A. Smith
                              RKS Reference
                        4 Threads,   5722 MiB Core
         ---------------------------------------------------------

  ==> Geometry <==

    Molecular point group: c1
    Full point group: C1

    Geometry (in Angstrom), charge = 0, multiplicity = 1:

       Center              X                  Y                   Z               Mass       
    ------------   -----------------  -----------------  -----------------  -----------------
         C            0.060618104800     0.321556629700     0.176625072200    12.000000000000
         O            1.406368912900     0.380176462200     0.047142569000    15.994914619570
         O            2.143595513000    -0.715611861600    -0.005286887100    15.994914619570
         C           -0.753894768700    -0.980315875900     0.048382587500    12.000000000000
         C           -2.092583562900    -1.045856920400    -0.289438259000    12.000000000000
         C           -0.693053233800     1.721128584900     0.067681670200    12.000000000000
         H           -0.393453308300    -1.795888898200     0.644415126200     1.007825032230
         H           -2.574013593900    -0.173815492400    -0.764320785400     1.007825032230
         H           -2.673738648700    -1.944719861900    -0.387324773300     1.007825032230
         H            0.214092700200     2.290529845300    -0.143394437000     1.007825032230
         H           -1.159871267600     2.284872861400     0.838068591700     1.007825032230
         H           -1.193620798900     1.820318034600    -0.885151969900     1.007825032230

  Running in c1 symmetry.

  Rotational constants: A =      0.17564  B =      0.08795  C =      0.06001 [cm^-1]
  Rotational constants: A =   5265.56541  B =   2636.66775  C =   1798.96918 [MHz]
  Nuclear repulsion =  217.553995364737915

  Charge       = 0
  Multiplicity = 1
  Electrons    = 46
  Nalpha       = 23
  Nbeta        = 23

  ==> Algorithm <==

  SCF Algorithm Type is DF.
  DIIS enabled.
  MOM disabled.
  Fractional occupation disabled.
  Guess Type is SAD.
  Energy threshold   = 1.00e-07
  Density threshold  = 1.00e-07
  Integral threshold = 1.00e-12

  ==> Primary Basis <==

  Basis Set: 6-31G*
    Blend: 6-31G*
    Number of shells: 48
    Number of basis functions: 102
    Number of Cartesian functions: 102
    Spherical Harmonics?: false
    Max angular momentum: 2

  ==> DFT Potential <==

   => LibXC <=

    Version 7.0.0
    S. Lehtola, C. Steigemann, M. J.T. Oliveira, and M. A.L. Marques.,  SoftwareX 7, 1–5 (2018) (10.1016/j.softx.2017.11.002)

   => Composite Functional: WB97X-D <= 

    wB97X-D Hyb-GGA Exchange-Correlation Functional

    J.-D. Chai and M. Head-Gordon.,  Phys. Chem. Chem. Phys. 10, 6615-6620 (2008) (10.1039/B810189B)

    Deriv               =              1
    GGA                 =           TRUE
    Meta                =          FALSE

    Exchange Hybrid     =           TRUE
    MP2 Hybrid          =          FALSE

   => Exchange-Correlation Functionals <=

    1.0000   wB97X-D range-separated functional

   => Exact (HF) Exchange <=

    0.7780            HF,LR [omega = 0.2000]
    0.2220               HF 

   => LibXC Density Thresholds  <==

    XC_HYB_GGA_XC_WB97X_D:  1.00E-14 

   => Molecular Quadrature <=

    Radial Scheme          =       TREUTLER
    Pruning Scheme         =           NONE
    Nuclear Scheme         =       TREUTLER

    Blocking Scheme        =         OCTREE
    BS radius alpha        =              1
    Pruning alpha          =              1
    Radial Points          =             75
    Spherical Points       =            302
    Total Points           =         254957
    Total Blocks           =           1929
    Max Points             =            256
    Max Functions          =            100
    Weights Tolerance      =       1.00E-15

   => Loading Basis Set <=

    Name: (6-31G* AUX)
    Role: JKFIT
    Keyword: DF_BASIS_SCF
    atoms 1, 4-6 entry C          line   121 file /Users/jmsmith1/anaconda3/envs/jupyterenv/share/psi4/basis/cc-pvdz-jkfit.gbs 
    atoms 2-3    entry O          line   221 file /Users/jmsmith1/anaconda3/envs/jupyterenv/share/psi4/basis/cc-pvdz-jkfit.gbs 
    atoms 7-12   entry H          line    51 file /Users/jmsmith1/anaconda3/envs/jupyterenv/share/psi4/basis/cc-pvdz-jkfit.gbs 

  ==> Integral Setup <==

  DFHelper Memory: AOs need 0.151 GiB; user supplied 3.610 GiB. 
  SCF_SUBTYPE=INCORE selected. In-core MEM_DF algorithm will be used.
  Using in-core AOs.

  ==> MemDFJK: Density-Fitted J/K Matrices <==

    J tasked:                   Yes
    K tasked:                   Yes
    wK tasked:                  Yes
    Omega:                2.000E-01
    OpenMP threads:               4
    Memory [MiB]:              3696
    Algorithm:                 Core
    Schwarz Cutoff:           1E-12
    Mask sparsity (%):       2.0377
    Fitting Condition:        1E-10

   => Auxiliary Basis Set <=

  Basis Set: (6-31G* AUX)
    Blend: CC-PVDZ-JKFIT
    Number of shells: 198
    Number of basis functions: 636
    Number of Cartesian functions: 636
    Spherical Harmonics?: false
    Max angular momentum: 3

  Cached 100.0% of DFT collocation blocks in 0.581 [GiB].

  Minimum eigenvalue in the overlap matrix is 4.4027432441E-03.
  Reciprocal condition number of the overlap matrix is 6.6478069734E-04.
    Using symmetric orthogonalization.

  ==> Pre-Iterations <==

  SCF Guess: Superposition of Atomic Densities via on-the-fly atomic UHF (no occupation information).

   -------------------------
    Irrep   Nso     Nmo    
   -------------------------
     A        102     102 
   -------------------------
    Total     102     102
   -------------------------

  ==> Iterations <==

                           Total Energy        Delta E     RMS |[F,P]|

   @DF-RKS iter SAD:  -299.88052638169762   -2.99881e+02   0.00000e+00 
   @DF-RKS iter   1:  -297.08902404709249    2.79150e+00   3.29422e-02 ADIIS/DIIS
   @DF-RKS iter   2:  -275.75023108858164    2.13388e+01   6.12729e-02 ADIIS/DIIS
   @DF-RKS iter   3:  -304.72526194579137   -2.89750e+01   1.68790e-02 ADIIS/DIIS
   @DF-RKS iter   4:  -303.72810817277309    9.97154e-01   2.11999e-02 ADIIS/DIIS
   @DF-RKS iter   5:  -306.08059226165290   -2.35248e+00   3.42161e-03 ADIIS/DIIS
   @DF-RKS iter   6:  -306.13041896174479   -4.98267e-02   2.19079e-03 ADIIS/DIIS
   @DF-RKS iter   7:  -306.15413145531807   -2.37125e-02   3.88766e-04 ADIIS/DIIS
   @DF-RKS iter   8:  -306.15471639264740   -5.84937e-04   2.97461e-04 ADIIS/DIIS
   @DF-RKS iter   9:  -306.15519334288854   -4.76950e-04   7.62101e-05 DIIS
   @DF-RKS iter  10:  -306.15523195791855   -3.86150e-05   4.20276e-05 DIIS
   @DF-RKS iter  11:  -306.15523875283731   -6.79492e-06   3.01017e-05 DIIS
   @DF-RKS iter  12:  -306.15524414286529   -5.39003e-06   9.14378e-06 DIIS
   @DF-RKS iter  13:  -306.15524481217614   -6.69311e-07   1.08862e-06 DIIS
   @DF-RKS iter  14:  -306.15524485537014   -4.31940e-08   7.88213e-07 DIIS
   @DF-RKS iter  15:  -306.15524487992525   -2.45551e-08   4.45102e-07 DIIS
   @DF-RKS iter  16:  -306.15524489092240   -1.09972e-08   1.34486e-07 DIIS
   @DF-RKS iter  17:  -306.15524489190005   -9.77650e-10   4.30276e-08 DIIS
  Energy and wave function converged.


  ==> Post-Iterations <==

   Electrons on quadrature grid:
      Ntotal   =   46.0000150886 ; deviation = 1.509e-05 

    Orbital Energies [Eh]
    ---------------------

    Doubly Occupied:                                                      

       1A    -19.426283     2A    -19.260407     3A    -10.427855  
       4A    -10.346320     5A    -10.340196     6A    -10.329181  
       7A     -1.280821     8A     -0.983746     9A     -0.893816  
      10A     -0.839989    11A     -0.745507    12A     -0.652673  
      13A     -0.606069    14A     -0.583753    15A     -0.569980  
      16A     -0.539070    17A     -0.524515    18A     -0.500788  
      19A     -0.482986    20A     -0.445642    21A     -0.382852  
      22A     -0.312520    23A     -0.297209  

    Virtual:                                                              

      24A     -0.030037    25A      0.078527    26A      0.159701  
      27A      0.174238    28A      0.208264    29A      0.222726  
      30A      0.228700    31A      0.245842    32A      0.257801  
      33A      0.280272    34A      0.328441    35A      0.397474  
      36A      0.416607    37A      0.562824    38A      0.580569  
      39A      0.595460    40A      0.617493    41A      0.651610  
      42A      0.664154    43A      0.692605    44A      0.705436  
      45A      0.727856    46A      0.783468    47A      0.829991  
      48A      0.883075    49A      0.896838    50A      0.925958  
      51A      0.941459    52A      0.955930    53A      0.961199  
      54A      1.003844    55A      1.022500    56A      1.035926  
      57A      1.050816    58A      1.086039    59A      1.133550  
      60A      1.148816    61A      1.166307    62A      1.197766  
      63A      1.335583    64A      1.349524    65A      1.414865  
      66A      1.455281    67A      1.519305    68A      1.583057  
      69A      1.613305    70A      1.711326    71A      1.746926  
      72A      1.753778    73A      1.809360    74A      1.813000  
      75A      1.894443    76A      1.895898    77A      1.948646  
      78A      1.996011    79A      2.048996    80A      2.121021  
      81A      2.157135    82A      2.250254    83A      2.268238  
      84A      2.321294    85A      2.339796    86A      2.380080  
      87A      2.442008    88A      2.451098    89A      2.513631  
      90A      2.556214    91A      2.674717    92A      2.721455  
      93A      2.853411    94A      2.882537    95A      3.056878  
      96A      3.182525    97A      3.569653    98A      4.061774  
      99A      4.101271   100A      4.237453   101A      4.333327  
     102A      4.558015  

    Final Occupation by Irrep:
              A 
    DOCC [    23 ]
    NA   [    23 ]
    NB   [    23 ]

  @DF-RKS Final Energy:  -306.15524489190005

   => Energetics <=

    Nuclear Repulsion Energy =            217.5539953647379150
    One-Electron Energy =                -846.7207764810016215
    Two-Electron Energy =                 351.2008445185740015
    DFT Exchange-Correlation Energy =     -28.1850669344740687
    Empirical Dispersion Energy =          -0.0042413597362859
    VV10 Nonlocal Energy =                  0.0000000000000000
    Total Energy =                       -306.1552448919000540

Computation Completed


Properties will be evaluated at   0.000000,   0.000000,   0.000000 [a0]

Properties computed using the SCF density matrix


 Multipole Moments:

 ------------------------------------------------------------------------------------
     Multipole            Electronic (a.u.)      Nuclear  (a.u.)        Total (a.u.)
 ------------------------------------------------------------------------------------

 L = 1.  Multiply by 2.5417464519 to convert [e a0] to [Debye]
 Dipole X            :         -1.3926170           -0.4806902           -1.8733071
 Dipole Y            :          0.8168842           -0.1948538            0.6220303
 Dipole Z            :          0.6621010           -0.6488495            0.0132515
 Magnitude           :                                                    1.9739243

 ------------------------------------------------------------------------------------

*** tstop() called on cst14372 at Tue Apr 21 11:24:05 2026
Module time:
	user time   =      27.88 seconds =       0.46 minutes
	system time =       0.39 seconds =       0.01 minutes
	total time  =         13 seconds =       0.22 minutes
Total time:
	user time   =    2891.36 seconds =      48.19 minutes
	system time =      42.30 seconds =       0.71 minutes
	total time  =       1398 seconds =      23.30 minutes

Scratch directory: /tmp/
gradient() will perform analytic gradient computation.

*** tstart() called on cst14372
*** at Tue Apr 21 11:24:05 2026


         ------------------------------------------------------------
                                   SCF GRAD                          
                          Rob Parrish, Justin Turney,                
                       Andy Simmonett, and Alex Sokolov              
         ------------------------------------------------------------

  ==> Geometry <==

    Molecular point group: c1
    Full point group: C1

    Geometry (in Angstrom), charge = 0, multiplicity = 1:

       Center              X                  Y                   Z               Mass       
    ------------   -----------------  -----------------  -----------------  -----------------
         C            0.060618104800     0.321556629700     0.176625072200    12.000000000000
         O            1.406368912900     0.380176462200     0.047142569000    15.994914619570
         O            2.143595513000    -0.715611861600    -0.005286887100    15.994914619570
         C           -0.753894768700    -0.980315875900     0.048382587500    12.000000000000
         C           -2.092583562900    -1.045856920400    -0.289438259000    12.000000000000
         C           -0.693053233800     1.721128584900     0.067681670200    12.000000000000
         H           -0.393453308300    -1.795888898200     0.644415126200     1.007825032230
         H           -2.574013593900    -0.173815492400    -0.764320785400     1.007825032230
         H           -2.673738648700    -1.944719861900    -0.387324773300     1.007825032230
         H            0.214092700200     2.290529845300    -0.143394437000     1.007825032230
         H           -1.159871267600     2.284872861400     0.838068591700     1.007825032230
         H           -1.193620798900     1.820318034600    -0.885151969900     1.007825032230

  Nuclear repulsion =  217.553995364737915

  ==> Basis Set <==

  Basis Set: 6-31G*
    Blend: 6-31G*
    Number of shells: 48
    Number of basis functions: 102
    Number of Cartesian functions: 102
    Spherical Harmonics?: false
    Max angular momentum: 2

  ==> DFJKGrad: Density-Fitted SCF Gradients <==

    Gradient:                    1
    J tasked:                  Yes
    K tasked:                  Yes
    wK tasked:                 Yes
    Omega:               2.000E-01
    OpenMP threads:              4
    Integrals threads:           4
    Memory [MiB]:             4291
    Schwarz Cutoff:          1E-12
    Fitting Condition:       1E-10

   => Auxiliary Basis Set <=

  Basis Set: (6-31G* AUX)
    Blend: CC-PVDZ-JKFIT
    Number of shells: 198
    Number of basis functions: 636
    Number of Cartesian functions: 636
    Spherical Harmonics?: false
    Max angular momentum: 3

  ==> DFT Potential <==

   => LibXC <=

    Version 7.0.0
    S. Lehtola, C. Steigemann, M. J.T. Oliveira, and M. A.L. Marques.,  SoftwareX 7, 1–5 (2018) (10.1016/j.softx.2017.11.002)

   => Composite Functional: WB97X-D <= 

    wB97X-D Hyb-GGA Exchange-Correlation Functional

    J.-D. Chai and M. Head-Gordon.,  Phys. Chem. Chem. Phys. 10, 6615-6620 (2008) (10.1039/B810189B)

    Deriv               =              1
    GGA                 =           TRUE
    Meta                =          FALSE

    Exchange Hybrid     =           TRUE
    MP2 Hybrid          =          FALSE

   => Exchange-Correlation Functionals <=

    1.0000   wB97X-D range-separated functional

   => Exact (HF) Exchange <=

    0.7780            HF,LR [omega = 0.2000]
    0.2220               HF 

   => LibXC Density Thresholds  <==

    XC_HYB_GGA_XC_WB97X_D:  1.00E-14 

   => Molecular Quadrature <=

    Radial Scheme          =       TREUTLER
    Pruning Scheme         =           NONE
    Nuclear Scheme         =       TREUTLER

    Blocking Scheme        =         OCTREE
    BS radius alpha        =              1
    Pruning alpha          =              1
    Radial Points          =             75
    Spherical Points       =            302
    Total Points           =         254957
    Total Blocks           =           1929
    Max Points             =            256
    Max Functions          =            100
    Weights Tolerance      =       1.00E-15


  -Total Gradient:
     Atom            X                  Y                   Z
    ------   -----------------  -----------------  -----------------
       1        0.010112058033     0.006390692617     0.023837340173
       2        0.076819861001    -0.005204603917    -0.016731716463
       3        0.007047404472     0.004637590201     0.001619535762
       4        0.023939210638    -0.027354540576    -0.027293134102
       5       -0.045142402450    -0.034899285295     0.018844026009
       6       -0.079876245648     0.022285601452     0.030886998039
       7       -0.016141551462     0.014056742067     0.007977558630
       8       -0.003517999681     0.005659918711    -0.006220676322
       9       -0.002106066022     0.010568219649    -0.010773793250
      10       -0.001745451598    -0.015637357139    -0.000796119556
      11        0.015546621273     0.010964526419    -0.024697239515
      12        0.015118734559     0.008721256641     0.003297875349


*** tstop() called on cst14372 at Tue Apr 21 11:24:07 2026
Module time:
	user time   =       3.84 seconds =       0.06 minutes
	system time =       0.08 seconds =       0.00 minutes
	total time  =          2 seconds =       0.03 minutes
Total time:
	user time   =    2895.22 seconds =      48.25 minutes
	system time =      42.38 seconds =       0.71 minutes
	total time  =       1400 seconds =      23.33 minutes

Scratch directory: /tmp/
   => Libint2 <=

    Primary   basis highest AM E, G, H:  6, 6, 3
    Auxiliary basis highest AM E, G, H:  7, 7, 4
    Onebody   basis highest AM E, G, H:  -, -, -
    Solid Harmonics ordering:            Gaussian

*** tstart() called on cst14372
*** at Tue Apr 21 11:24:07 2026

   => Loading Basis Set <=

    Name: 6-31G*
    Role: ORBITAL
    Keyword: BASIS
    atoms 1, 4-6 entry C          line   111 file /Users/jmsmith1/anaconda3/envs/jupyterenv/share/psi4/basis/6-31gs.gbs 
    atoms 2-3    entry O          line   145 file /Users/jmsmith1/anaconda3/envs/jupyterenv/share/psi4/basis/6-31gs.gbs 
    atoms 7-12   entry H          line    44 file /Users/jmsmith1/anaconda3/envs/jupyterenv/share/psi4/basis/6-31gs.gbs 

   => WB97X-D: Empirical Dispersion <=

    Chai and Head-Gordon Dispersion Correction
    Chai, J.-D.; Head-Gordon, M. (2010), J. Chem. Phys., 132: 6615-6620

        s6 =       1.000000


         ---------------------------------------------------------
                                   SCF
               by Justin Turney, Rob Parrish, Andy Simmonett
                          and Daniel G. A. Smith
                              RKS Reference
                        4 Threads,   5722 MiB Core
         ---------------------------------------------------------

  ==> Geometry <==

    Molecular point group: c1
    Full point group: C1

    Geometry (in Angstrom), charge = 0, multiplicity = 1:

       Center              X                  Y                   Z               Mass       
    ------------   -----------------  -----------------  -----------------  -----------------
         C            0.059937010600     0.319198586100     0.180270749300    12.000000000000
         O            1.404688820000     0.383348414200     0.048914596100    15.994914619570
         O            2.147848115900    -0.712253176700    -0.005505309200    15.994914619570
         C           -0.757374225000    -0.983098031700     0.051146405500    12.000000000000
         C           -2.092073934800    -1.048202845400    -0.298042802200    12.000000000000
         C           -0.693388074400     1.721503639500     0.069195953200    12.000000000000
         H           -0.378969071200    -1.799011417500     0.657264772100     1.007825032230
         H           -2.573708937400    -0.171661223900    -0.784902967900     1.007825032230
         H           -2.663149090300    -1.952714488600    -0.386825288100     1.007825032230
         H            0.211003173400     2.296980413100    -0.147526793100     1.007825032230
         H           -1.163252795500     2.280958013600     0.856435549700     1.007825032230
         H           -1.205985445800     1.808023461800    -0.908534587100     1.007825032230

  Running in c1 symmetry.

  Rotational constants: A =      0.17520  B =      0.08774  C =      0.05993 [cm^-1]
  Rotational constants: A =   5252.39308  B =   2630.44906  C =   1796.67699 [MHz]
  Nuclear repulsion =  217.177415894145753

  Charge       = 0
  Multiplicity = 1
  Electrons    = 46
  Nalpha       = 23
  Nbeta        = 23

  ==> Algorithm <==

  SCF Algorithm Type is DF.
  DIIS enabled.
  MOM disabled.
  Fractional occupation disabled.
  Guess Type is SAD.
  Energy threshold   = 1.00e-07
  Density threshold  = 1.00e-07
  Integral threshold = 1.00e-12

  ==> Primary Basis <==

  Basis Set: 6-31G*
    Blend: 6-31G*
    Number of shells: 48
    Number of basis functions: 102
    Number of Cartesian functions: 102
    Spherical Harmonics?: false
    Max angular momentum: 2

  ==> DFT Potential <==

   => LibXC <=

    Version 7.0.0
    S. Lehtola, C. Steigemann, M. J.T. Oliveira, and M. A.L. Marques.,  SoftwareX 7, 1–5 (2018) (10.1016/j.softx.2017.11.002)

   => Composite Functional: WB97X-D <= 

    wB97X-D Hyb-GGA Exchange-Correlation Functional

    J.-D. Chai and M. Head-Gordon.,  Phys. Chem. Chem. Phys. 10, 6615-6620 (2008) (10.1039/B810189B)

    Deriv               =              1
    GGA                 =           TRUE
    Meta                =          FALSE

    Exchange Hybrid     =           TRUE
    MP2 Hybrid          =          FALSE

   => Exchange-Correlation Functionals <=

    1.0000   wB97X-D range-separated functional

   => Exact (HF) Exchange <=

    0.7780            HF,LR [omega = 0.2000]
    0.2220               HF 

   => LibXC Density Thresholds  <==

    XC_HYB_GGA_XC_WB97X_D:  1.00E-14 

   => Molecular Quadrature <=

    Radial Scheme          =       TREUTLER
    Pruning Scheme         =           NONE
    Nuclear Scheme         =       TREUTLER

    Blocking Scheme        =         OCTREE
    BS radius alpha        =              1
    Pruning alpha          =              1
    Radial Points          =             75
    Spherical Points       =            302
    Total Points           =         255014
    Total Blocks           =           1925
    Max Points             =            256
    Max Functions          =            100
    Weights Tolerance      =       1.00E-15

   => Loading Basis Set <=

    Name: (6-31G* AUX)
    Role: JKFIT
    Keyword: DF_BASIS_SCF
    atoms 1, 4-6 entry C          line   121 file /Users/jmsmith1/anaconda3/envs/jupyterenv/share/psi4/basis/cc-pvdz-jkfit.gbs 
    atoms 2-3    entry O          line   221 file /Users/jmsmith1/anaconda3/envs/jupyterenv/share/psi4/basis/cc-pvdz-jkfit.gbs 
    atoms 7-12   entry H          line    51 file /Users/jmsmith1/anaconda3/envs/jupyterenv/share/psi4/basis/cc-pvdz-jkfit.gbs 

  ==> Integral Setup <==

  DFHelper Memory: AOs need 0.151 GiB; user supplied 3.610 GiB. 
  SCF_SUBTYPE=INCORE selected. In-core MEM_DF algorithm will be used.
  Using in-core AOs.

  ==> MemDFJK: Density-Fitted J/K Matrices <==

    J tasked:                   Yes
    K tasked:                   Yes
    wK tasked:                  Yes
    Omega:                2.000E-01
    OpenMP threads:               4
    Memory [MiB]:              3696
    Algorithm:                 Core
    Schwarz Cutoff:           1E-12
    Mask sparsity (%):       2.0377
    Fitting Condition:        1E-10

   => Auxiliary Basis Set <=

  Basis Set: (6-31G* AUX)
    Blend: CC-PVDZ-JKFIT
    Number of shells: 198
    Number of basis functions: 636
    Number of Cartesian functions: 636
    Spherical Harmonics?: false
    Max angular momentum: 3

  Cached 100.0% of DFT collocation blocks in 0.581 [GiB].

  Minimum eigenvalue in the overlap matrix is 4.4422733361E-03.
  Reciprocal condition number of the overlap matrix is 6.7270285749E-04.
    Using symmetric orthogonalization.

  ==> Pre-Iterations <==

  SCF Guess: Superposition of Atomic Densities via on-the-fly atomic UHF (no occupation information).

   -------------------------
    Irrep   Nso     Nmo    
   -------------------------
     A        102     102 
   -------------------------
    Total     102     102
   -------------------------

  ==> Iterations <==

                           Total Energy        Delta E     RMS |[F,P]|

   @DF-RKS iter SAD:  -299.81798076086892   -2.99818e+02   0.00000e+00 
   @DF-RKS iter   1:  -297.10057371712969    2.71741e+00   3.28796e-02 ADIIS/DIIS
   @DF-RKS iter   2:  -275.68124537429861    2.14193e+01   6.13111e-02 ADIIS/DIIS
   @DF-RKS iter   3:  -304.72435328295347   -2.90431e+01   1.68825e-02 ADIIS/DIIS
   @DF-RKS iter   4:  -303.67517483109498    1.04918e+00   2.13874e-02 ADIIS/DIIS
   @DF-RKS iter   5:  -306.08164859913995   -2.40647e+00   3.42723e-03 ADIIS/DIIS
   @DF-RKS iter   6:  -306.13188880751835   -5.02402e-02   2.19719e-03 ADIIS/DIIS
   @DF-RKS iter   7:  -306.15574769434591   -2.38589e-02   4.00809e-04 ADIIS/DIIS
   @DF-RKS iter   8:  -306.15635606220206   -6.08368e-04   3.05081e-04 ADIIS/DIIS
   @DF-RKS iter   9:  -306.15685670076039   -5.00639e-04   7.73713e-05 DIIS
   @DF-RKS iter  10:  -306.15689599366164   -3.92929e-05   4.34041e-05 DIIS
   @DF-RKS iter  11:  -306.15690319127907   -7.19762e-06   3.11293e-05 DIIS
   @DF-RKS iter  12:  -306.15690900100986   -5.80973e-06   9.03145e-06 DIIS
   @DF-RKS iter  13:  -306.15690967042565   -6.69416e-07   1.14037e-06 DIIS
   @DF-RKS iter  14:  -306.15690971633018   -4.59045e-08   7.97929e-07 DIIS
   @DF-RKS iter  15:  -306.15690974586812   -2.95379e-08   4.17068e-07 DIIS
   @DF-RKS iter  16:  -306.15690975449968   -8.63156e-09   1.42021e-07 DIIS
   @DF-RKS iter  17:  -306.15690975547932   -9.79639e-10   4.51816e-08 DIIS
  Energy and wave function converged.


  ==> Post-Iterations <==

   Electrons on quadrature grid:
      Ntotal   =   46.0000200131 ; deviation = 2.001e-05 

    Orbital Energies [Eh]
    ---------------------

    Doubly Occupied:                                                      

       1A    -19.425736     2A    -19.259928     3A    -10.427967  
       4A    -10.347948     5A    -10.341270     6A    -10.333229  
       7A     -1.278889     8A     -0.982967     9A     -0.893402  
      10A     -0.836888    11A     -0.744802    12A     -0.650709  
      13A     -0.604849    14A     -0.581872    15A     -0.568749  
      16A     -0.539036    17A     -0.522244    18A     -0.500382  
      19A     -0.482111    20A     -0.444625    21A     -0.383087  
      22A     -0.312255    23A     -0.297146  

    Virtual:                                                              

      24A     -0.030020    25A      0.078300    26A      0.156426  
      27A      0.173449    28A      0.206148    29A      0.221250  
      30A      0.226244    31A      0.240775    32A      0.254751  
      33A      0.278486    34A      0.327309    35A      0.396429  
      36A      0.415432    37A      0.562393    38A      0.581002  
      39A      0.597476    40A      0.617893    41A      0.652416  
      42A      0.662393    43A      0.693549    44A      0.706586  
      45A      0.726759    46A      0.782542    47A      0.829658  
      48A      0.882325    49A      0.895979    50A      0.924004  
      51A      0.940540    52A      0.949185    53A      0.953061  
      54A      0.998312    55A      1.015547    56A      1.035319  
      57A      1.045569    58A      1.083519    59A      1.134241  
      60A      1.148145    61A      1.166045    62A      1.198250  
      63A      1.335308    64A      1.349294    65A      1.414726  
      66A      1.455893    67A      1.517886    68A      1.581438  
      69A      1.613062    70A      1.713622    71A      1.744922  
      72A      1.751382    73A      1.807839    74A      1.816747  
      75A      1.894658    76A      1.896083    77A      1.949208  
      78A      1.995025    79A      2.048623    80A      2.116588  
      81A      2.155289    82A      2.236379    83A      2.266214  
      84A      2.317135    85A      2.331346    86A      2.367595  
      87A      2.440704    88A      2.445743    89A      2.510535  
      90A      2.548636    91A      2.671860    92A      2.717836  
      93A      2.850706    94A      2.880124    95A      3.055908  
      96A      3.183453    97A      3.568595    98A      4.060016  
      99A      4.098914   100A      4.235101   101A      4.328755  
     102A      4.556232  

    Final Occupation by Irrep:
              A 
    DOCC [    23 ]
    NA   [    23 ]
    NB   [    23 ]

  @DF-RKS Final Energy:  -306.15690975547932

   => Energetics <=

    Nuclear Repulsion Energy =            217.1774158941457529
    One-Electron Energy =                -846.0070301664757153
    Two-Electron Energy =                 350.8442075992375067
    DFT Exchange-Correlation Energy =     -28.1672403714587745
    Empirical Dispersion Energy =          -0.0042627109280478
    VV10 Nonlocal Energy =                  0.0000000000000000
    Total Energy =                       -306.1569097554793188

Computation Completed


Properties will be evaluated at   0.000000,   0.000000,   0.000000 [a0]

Properties computed using the SCF density matrix


 Multipole Moments:

 ------------------------------------------------------------------------------------
     Multipole            Electronic (a.u.)      Nuclear  (a.u.)        Total (a.u.)
 ------------------------------------------------------------------------------------

 L = 1.  Multiply by 2.5417464519 to convert [e a0] to [Debye]
 Dipole X            :         -1.4053281           -0.4746274           -1.8799555
 Dipole Y            :          0.8261686           -0.2121317            0.6140369
 Dipole Z            :          0.6818241           -0.6640369            0.0177873
 Magnitude           :                                                    1.9777741

 ------------------------------------------------------------------------------------

*** tstop() called on cst14372 at Tue Apr 21 11:24:21 2026
Module time:
	user time   =      27.95 seconds =       0.47 minutes
	system time =       0.39 seconds =       0.01 minutes
	total time  =         14 seconds =       0.23 minutes
Total time:
	user time   =    2923.19 seconds =      48.72 minutes
	system time =      42.78 seconds =       0.71 minutes
	total time  =       1414 seconds =      23.57 minutes

Scratch directory: /tmp/
gradient() will perform analytic gradient computation.

*** tstart() called on cst14372
*** at Tue Apr 21 11:24:21 2026


         ------------------------------------------------------------
                                   SCF GRAD                          
                          Rob Parrish, Justin Turney,                
                       Andy Simmonett, and Alex Sokolov              
         ------------------------------------------------------------

  ==> Geometry <==

    Molecular point group: c1
    Full point group: C1

    Geometry (in Angstrom), charge = 0, multiplicity = 1:

       Center              X                  Y                   Z               Mass       
    ------------   -----------------  -----------------  -----------------  -----------------
         C            0.059937010600     0.319198586100     0.180270749300    12.000000000000
         O            1.404688820000     0.383348414200     0.048914596100    15.994914619570
         O            2.147848115900    -0.712253176700    -0.005505309200    15.994914619570
         C           -0.757374225000    -0.983098031700     0.051146405500    12.000000000000
         C           -2.092073934800    -1.048202845400    -0.298042802200    12.000000000000
         C           -0.693388074400     1.721503639500     0.069195953200    12.000000000000
         H           -0.378969071200    -1.799011417500     0.657264772100     1.007825032230
         H           -2.573708937400    -0.171661223900    -0.784902967900     1.007825032230
         H           -2.663149090300    -1.952714488600    -0.386825288100     1.007825032230
         H            0.211003173400     2.296980413100    -0.147526793100     1.007825032230
         H           -1.163252795500     2.280958013600     0.856435549700     1.007825032230
         H           -1.205985445800     1.808023461800    -0.908534587100     1.007825032230

  Nuclear repulsion =  217.177415894145753

  ==> Basis Set <==

  Basis Set: 6-31G*
    Blend: 6-31G*
    Number of shells: 48
    Number of basis functions: 102
    Number of Cartesian functions: 102
    Spherical Harmonics?: false
    Max angular momentum: 2

  ==> DFJKGrad: Density-Fitted SCF Gradients <==

    Gradient:                    1
    J tasked:                  Yes
    K tasked:                  Yes
    wK tasked:                 Yes
    Omega:               2.000E-01
    OpenMP threads:              4
    Integrals threads:           4
    Memory [MiB]:             4291
    Schwarz Cutoff:          1E-12
    Fitting Condition:       1E-10

   => Auxiliary Basis Set <=

  Basis Set: (6-31G* AUX)
    Blend: CC-PVDZ-JKFIT
    Number of shells: 198
    Number of basis functions: 636
    Number of Cartesian functions: 636
    Spherical Harmonics?: false
    Max angular momentum: 3

  ==> DFT Potential <==

   => LibXC <=

    Version 7.0.0
    S. Lehtola, C. Steigemann, M. J.T. Oliveira, and M. A.L. Marques.,  SoftwareX 7, 1–5 (2018) (10.1016/j.softx.2017.11.002)

   => Composite Functional: WB97X-D <= 

    wB97X-D Hyb-GGA Exchange-Correlation Functional

    J.-D. Chai and M. Head-Gordon.,  Phys. Chem. Chem. Phys. 10, 6615-6620 (2008) (10.1039/B810189B)

    Deriv               =              1
    GGA                 =           TRUE
    Meta                =          FALSE

    Exchange Hybrid     =           TRUE
    MP2 Hybrid          =          FALSE

   => Exchange-Correlation Functionals <=

    1.0000   wB97X-D range-separated functional

   => Exact (HF) Exchange <=

    0.7780            HF,LR [omega = 0.2000]
    0.2220               HF 

   => LibXC Density Thresholds  <==

    XC_HYB_GGA_XC_WB97X_D:  1.00E-14 

   => Molecular Quadrature <=

    Radial Scheme          =       TREUTLER
    Pruning Scheme         =           NONE
    Nuclear Scheme         =       TREUTLER

    Blocking Scheme        =         OCTREE
    BS radius alpha        =              1
    Pruning alpha          =              1
    Radial Points          =             75
    Spherical Points       =            302
    Total Points           =         255014
    Total Blocks           =           1925
    Max Points             =            256
    Max Functions          =            100
    Weights Tolerance      =       1.00E-15


  -Total Gradient:
     Atom            X                  Y                   Z
    ------   -----------------  -----------------  -----------------
       1        0.009789591932     0.003925894298     0.025013944080
       2        0.075621912204    -0.002259819983    -0.016866728167
       3        0.008228509390     0.002907505255     0.001510563362
       4        0.018037203279    -0.023451847877    -0.031071500517
       5       -0.044328775990    -0.037431086688     0.019240403391
       6       -0.069404350056     0.018652321666     0.038676553693
       7       -0.011073375308     0.008105867988     0.012610274063
       8       -0.005703493604     0.010486740085    -0.008725872572
       9       -0.000542603780     0.010481648572    -0.009922904922
      10       -0.000368412716    -0.014359884682    -0.001169490697
      11        0.012272488576     0.014621009650    -0.016584173678
      12        0.007521060681     0.008558369507    -0.012772250973


*** tstop() called on cst14372 at Tue Apr 21 11:24:23 2026
Module time:
	user time   =       3.75 seconds =       0.06 minutes
	system time =       0.06 seconds =       0.00 minutes
	total time  =          2 seconds =       0.03 minutes
Total time:
	user time   =    2926.95 seconds =      48.78 minutes
	system time =      42.84 seconds =       0.71 minutes
	total time  =       1416 seconds =      23.60 minutes

Scratch directory: /tmp/
   => Libint2 <=

    Primary   basis highest AM E, G, H:  6, 6, 3
    Auxiliary basis highest AM E, G, H:  7, 7, 4
    Onebody   basis highest AM E, G, H:  -, -, -
    Solid Harmonics ordering:            Gaussian

*** tstart() called on cst14372
*** at Tue Apr 21 11:24:23 2026

   => Loading Basis Set <=

    Name: 6-31G*
    Role: ORBITAL
    Keyword: BASIS
    atoms 1, 4-6 entry C          line   111 file /Users/jmsmith1/anaconda3/envs/jupyterenv/share/psi4/basis/6-31gs.gbs 
    atoms 2-3    entry O          line   145 file /Users/jmsmith1/anaconda3/envs/jupyterenv/share/psi4/basis/6-31gs.gbs 
    atoms 7-12   entry H          line    44 file /Users/jmsmith1/anaconda3/envs/jupyterenv/share/psi4/basis/6-31gs.gbs 

   => WB97X-D: Empirical Dispersion <=

    Chai and Head-Gordon Dispersion Correction
    Chai, J.-D.; Head-Gordon, M. (2010), J. Chem. Phys., 132: 6615-6620

        s6 =       1.000000


         ---------------------------------------------------------
                                   SCF
               by Justin Turney, Rob Parrish, Andy Simmonett
                          and Daniel G. A. Smith
                              RKS Reference
                        4 Threads,   5722 MiB Core
         ---------------------------------------------------------

  ==> Geometry <==

    Molecular point group: c1
    Full point group: C1

    Geometry (in Angstrom), charge = 0, multiplicity = 1:

       Center              X                  Y                   Z               Mass       
    ------------   -----------------  -----------------  -----------------  -----------------
         C            0.059226508900     0.316825457900     0.183849788300    12.000000000000
         O            1.402841769900     0.386530283600     0.050726067300    15.994914619570
         O            2.152089554000    -0.708895506800    -0.005727358300    15.994914619570
         C           -0.760911375900    -0.985816707000     0.054004511400    12.000000000000
         C           -2.091435209200    -1.050444143700    -0.306716613000    12.000000000000
         C           -0.693522579100     1.721825304100     0.070600692100    12.000000000000
         H           -0.364080098800    -1.802418400400     0.669699832900     1.007825032230
         H           -2.573207112700    -0.169865194100    -0.805216727400     1.007825032230
         H           -2.652524102700    -1.961083199800    -0.385982819000     1.007825032230
         H            0.207921474200     2.303936370400    -0.151625342400     1.007825032230
         H           -1.167062883300     2.276532774300     0.875403414700     1.007825032230
         H           -1.218628979100     1.795414341400    -0.931513661200     1.007825032230

  Running in c1 symmetry.

  Rotational constants: A =      0.17476  B =      0.08754  C =      0.05986 [cm^-1]
  Rotational constants: A =   5239.29762  B =   2624.38740  C =   1794.49923 [MHz]
  Nuclear repulsion =  216.806913558290688

  Charge       = 0
  Multiplicity = 1
  Electrons    = 46
  Nalpha       = 23
  Nbeta        = 23

  ==> Algorithm <==

  SCF Algorithm Type is DF.
  DIIS enabled.
  MOM disabled.
  Fractional occupation disabled.
  Guess Type is SAD.
  Energy threshold   = 1.00e-07
  Density threshold  = 1.00e-07
  Integral threshold = 1.00e-12

  ==> Primary Basis <==

  Basis Set: 6-31G*
    Blend: 6-31G*
    Number of shells: 48
    Number of basis functions: 102
    Number of Cartesian functions: 102
    Spherical Harmonics?: false
    Max angular momentum: 2

  ==> DFT Potential <==

   => LibXC <=

    Version 7.0.0
    S. Lehtola, C. Steigemann, M. J.T. Oliveira, and M. A.L. Marques.,  SoftwareX 7, 1–5 (2018) (10.1016/j.softx.2017.11.002)

   => Composite Functional: WB97X-D <= 

    wB97X-D Hyb-GGA Exchange-Correlation Functional

    J.-D. Chai and M. Head-Gordon.,  Phys. Chem. Chem. Phys. 10, 6615-6620 (2008) (10.1039/B810189B)

    Deriv               =              1
    GGA                 =           TRUE
    Meta                =          FALSE

    Exchange Hybrid     =           TRUE
    MP2 Hybrid          =          FALSE

   => Exchange-Correlation Functionals <=

    1.0000   wB97X-D range-separated functional

   => Exact (HF) Exchange <=

    0.7780            HF,LR [omega = 0.2000]
    0.2220               HF 

   => LibXC Density Thresholds  <==

    XC_HYB_GGA_XC_WB97X_D:  1.00E-14 

   => Molecular Quadrature <=

    Radial Scheme          =       TREUTLER
    Pruning Scheme         =           NONE
    Nuclear Scheme         =       TREUTLER

    Blocking Scheme        =         OCTREE
    BS radius alpha        =              1
    Pruning alpha          =              1
    Radial Points          =             75
    Spherical Points       =            302
    Total Points           =         255044
    Total Blocks           =           1931
    Max Points             =            256
    Max Functions          =            100
    Weights Tolerance      =       1.00E-15

   => Loading Basis Set <=

    Name: (6-31G* AUX)
    Role: JKFIT
    Keyword: DF_BASIS_SCF
    atoms 1, 4-6 entry C          line   121 file /Users/jmsmith1/anaconda3/envs/jupyterenv/share/psi4/basis/cc-pvdz-jkfit.gbs 
    atoms 2-3    entry O          line   221 file /Users/jmsmith1/anaconda3/envs/jupyterenv/share/psi4/basis/cc-pvdz-jkfit.gbs 
    atoms 7-12   entry H          line    51 file /Users/jmsmith1/anaconda3/envs/jupyterenv/share/psi4/basis/cc-pvdz-jkfit.gbs 

  ==> Integral Setup <==

  DFHelper Memory: AOs need 0.151 GiB; user supplied 3.610 GiB. 
  SCF_SUBTYPE=INCORE selected. In-core MEM_DF algorithm will be used.
  Using in-core AOs.

  ==> MemDFJK: Density-Fitted J/K Matrices <==

    J tasked:                   Yes
    K tasked:                   Yes
    wK tasked:                  Yes
    Omega:                2.000E-01
    OpenMP threads:               4
    Memory [MiB]:              3697
    Algorithm:                 Core
    Schwarz Cutoff:           1E-12
    Mask sparsity (%):       2.0569
    Fitting Condition:        1E-10

   => Auxiliary Basis Set <=

  Basis Set: (6-31G* AUX)
    Blend: CC-PVDZ-JKFIT
    Number of shells: 198
    Number of basis functions: 636
    Number of Cartesian functions: 636
    Spherical Harmonics?: false
    Max angular momentum: 3

  Cached 100.0% of DFT collocation blocks in 0.581 [GiB].

  Minimum eigenvalue in the overlap matrix is 4.4456961373E-03.
  Reciprocal condition number of the overlap matrix is 6.7512109755E-04.
    Using symmetric orthogonalization.

  ==> Pre-Iterations <==

  SCF Guess: Superposition of Atomic Densities via on-the-fly atomic UHF (no occupation information).

   -------------------------
    Irrep   Nso     Nmo    
   -------------------------
     A        102     102 
   -------------------------
    Total     102     102
   -------------------------

  ==> Iterations <==

                           Total Energy        Delta E     RMS |[F,P]|

   @DF-RKS iter SAD:  -299.75502705422838   -2.99755e+02   0.00000e+00 
   @DF-RKS iter   1:  -297.10976330605104    2.64526e+00   3.28189e-02 ADIIS/DIIS
   @DF-RKS iter   2:  -275.60516339119482    2.15046e+01   6.13560e-02 ADIIS/DIIS
   @DF-RKS iter   3:  -304.71994291807056   -2.91148e+01   1.68957e-02 ADIIS/DIIS
   @DF-RKS iter   4:  -303.60055402042701    1.11939e+00   2.16402e-02 ADIIS/DIIS
   @DF-RKS iter   5:  -306.08088729648807   -2.48033e+00   3.43975e-03 ADIIS/DIIS
   @DF-RKS iter   6:  -306.13183727849486   -5.09500e-02   2.20873e-03 ADIIS/DIIS
   @DF-RKS iter   7:  -306.15596872595103   -2.41314e-02   4.13533e-04 ADIIS/DIIS
   @DF-RKS iter   8:  -306.15660885820859   -6.40132e-04   3.12559e-04 ADIIS/DIIS
   @DF-RKS iter   9:  -306.15713253924889   -5.23681e-04   7.96513e-05 DIIS
   @DF-RKS iter  10:  -306.15717313994293   -4.06007e-05   4.51703e-05 DIIS
   @DF-RKS iter  11:  -306.15718087291634   -7.73297e-06   3.24880e-05 DIIS
   @DF-RKS iter  12:  -306.15718724347170   -6.37056e-06   8.86599e-06 DIIS
   @DF-RKS iter  13:  -306.15718790576841   -6.62297e-07   1.21825e-06 DIIS
   @DF-RKS iter  14:  -306.15718795439159   -4.86232e-08   8.13008e-07 DIIS
   @DF-RKS iter  15:  -306.15718798913969   -3.47481e-08   3.59218e-07 DIIS
   @DF-RKS iter  16:  -306.15718799571374   -6.57406e-09   1.44067e-07 DIIS
   @DF-RKS iter  17:  -306.15718799653058   -8.16840e-10   4.92774e-08 DIIS
  Energy and wave function converged.


  ==> Post-Iterations <==

   Electrons on quadrature grid:
      Ntotal   =   46.0000245885 ; deviation = 2.459e-05 

    Orbital Energies [Eh]
    ---------------------

    Doubly Occupied:                                                      

       1A    -19.425169     2A    -19.259440     3A    -10.428098  
       4A    -10.349601     5A    -10.342354     6A    -10.337292  
       7A     -1.276940     8A     -0.982210     9A     -0.893056  
      10A     -0.833906    11A     -0.744087    12A     -0.648830  
      13A     -0.603605    14A     -0.580100    15A     -0.567530  
      16A     -0.538887    17A     -0.519896    18A     -0.500115  
      19A     -0.481024    20A     -0.443540    21A     -0.383361  
      22A     -0.311984    23A     -0.297079  

    Virtual:                                                              

      24A     -0.030006    25A      0.078104    26A      0.152496  
      27A      0.172730    28A      0.203576    29A      0.219676  
      30A      0.223890    31A      0.235734    32A      0.251917  
      33A      0.276727    34A      0.326137    35A      0.395426  
      36A      0.414290    37A      0.561951    38A      0.581427  
      39A      0.599314    40A      0.618409    41A      0.652882  
      42A      0.661021    43A      0.694665    44A      0.707840  
      45A      0.725769    46A      0.781280    47A      0.829366  
      48A      0.881211    49A      0.895097    50A      0.921460  
      51A      0.938127    52A      0.940273    53A      0.949188  
      54A      0.992218    55A      1.009518    56A      1.034892  
      57A      1.040965    58A      1.082257    59A      1.135337  
      60A      1.147529    61A      1.166003    62A      1.198830  
      63A      1.334952    64A      1.349232    65A      1.414538  
      66A      1.456571    67A      1.516231    68A      1.579706  
      69A      1.612763    70A      1.715793    71A      1.741327  
      72A      1.749925    73A      1.806586    74A      1.820340  
      75A      1.893542    76A      1.897817    77A      1.949785  
      78A      1.993383    79A      2.048098    80A      2.112466  
      81A      2.153071    82A      2.221879    83A      2.263695  
      84A      2.312375    85A      2.320425    86A      2.358338  
      87A      2.439907    88A      2.440800    89A      2.507563  
      90A      2.542356    91A      2.669041    92A      2.714279  
      93A      2.848159    94A      2.877397    95A      3.055011  
      96A      3.184575    97A      3.567543    98A      4.058355  
      99A      4.096452   100A      4.232649   101A      4.324283  
     102A      4.554558  

    Final Occupation by Irrep:
              A 
    DOCC [    23 ]
    NA   [    23 ]
    NB   [    23 ]

  @DF-RKS Final Energy:  -306.15718799653058

   => Energetics <=

    Nuclear Repulsion Energy =            216.8069135582906881
    One-Electron Energy =                -845.3023623304509329
    Two-Electron Energy =                 350.4920949000918426
    DFT Exchange-Correlation Energy =     -28.1495485266584424
    Empirical Dispersion Energy =          -0.0042855978037484
    VV10 Nonlocal Energy =                  0.0000000000000000
    Total Energy =                       -306.1571879965305811

Computation Completed


Properties will be evaluated at   0.000000,   0.000000,   0.000000 [a0]

Properties computed using the SCF density matrix


 Multipole Moments:

 ------------------------------------------------------------------------------------
     Multipole            Electronic (a.u.)      Nuclear  (a.u.)        Total (a.u.)
 ------------------------------------------------------------------------------------

 L = 1.  Multiply by 2.5417464519 to convert [e a0] to [Debye]
 Dipole X            :         -1.4181248           -0.4686276           -1.8867524
 Dipole Y            :          0.8366173           -0.2306706            0.6059467
 Dipole Z            :          0.7005424           -0.6780628            0.0224797
 Magnitude           :                                                    1.9817950

 ------------------------------------------------------------------------------------

*** tstop() called on cst14372 at Tue Apr 21 11:24:36 2026
Module time:
	user time   =      27.95 seconds =       0.47 minutes
	system time =       0.33 seconds =       0.01 minutes
	total time  =         13 seconds =       0.22 minutes
Total time:
	user time   =    2954.92 seconds =      49.25 minutes
	system time =      43.18 seconds =       0.72 minutes
	total time  =       1429 seconds =      23.82 minutes

Scratch directory: /tmp/
gradient() will perform analytic gradient computation.

*** tstart() called on cst14372
*** at Tue Apr 21 11:24:36 2026


         ------------------------------------------------------------
                                   SCF GRAD                          
                          Rob Parrish, Justin Turney,                
                       Andy Simmonett, and Alex Sokolov              
         ------------------------------------------------------------

  ==> Geometry <==

    Molecular point group: c1
    Full point group: C1

    Geometry (in Angstrom), charge = 0, multiplicity = 1:

       Center              X                  Y                   Z               Mass       
    ------------   -----------------  -----------------  -----------------  -----------------
         C            0.059226508900     0.316825457900     0.183849788300    12.000000000000
         O            1.402841769900     0.386530283600     0.050726067300    15.994914619570
         O            2.152089554000    -0.708895506800    -0.005727358300    15.994914619570
         C           -0.760911375900    -0.985816707000     0.054004511400    12.000000000000
         C           -2.091435209200    -1.050444143700    -0.306716613000    12.000000000000
         C           -0.693522579100     1.721825304100     0.070600692100    12.000000000000
         H           -0.364080098800    -1.802418400400     0.669699832900     1.007825032230
         H           -2.573207112700    -0.169865194100    -0.805216727400     1.007825032230
         H           -2.652524102700    -1.961083199800    -0.385982819000     1.007825032230
         H            0.207921474200     2.303936370400    -0.151625342400     1.007825032230
         H           -1.167062883300     2.276532774300     0.875403414700     1.007825032230
         H           -1.218628979100     1.795414341400    -0.931513661200     1.007825032230

  Nuclear repulsion =  216.806913558290688

  ==> Basis Set <==

  Basis Set: 6-31G*
    Blend: 6-31G*
    Number of shells: 48
    Number of basis functions: 102
    Number of Cartesian functions: 102
    Spherical Harmonics?: false
    Max angular momentum: 2

  ==> DFJKGrad: Density-Fitted SCF Gradients <==

    Gradient:                    1
    J tasked:                  Yes
    K tasked:                  Yes
    wK tasked:                 Yes
    Omega:               2.000E-01
    OpenMP threads:              4
    Integrals threads:           4
    Memory [MiB]:             4291
    Schwarz Cutoff:          1E-12
    Fitting Condition:       1E-10

   => Auxiliary Basis Set <=

  Basis Set: (6-31G* AUX)
    Blend: CC-PVDZ-JKFIT
    Number of shells: 198
    Number of basis functions: 636
    Number of Cartesian functions: 636
    Spherical Harmonics?: false
    Max angular momentum: 3

  ==> DFT Potential <==

   => LibXC <=

    Version 7.0.0
    S. Lehtola, C. Steigemann, M. J.T. Oliveira, and M. A.L. Marques.,  SoftwareX 7, 1–5 (2018) (10.1016/j.softx.2017.11.002)

   => Composite Functional: WB97X-D <= 

    wB97X-D Hyb-GGA Exchange-Correlation Functional

    J.-D. Chai and M. Head-Gordon.,  Phys. Chem. Chem. Phys. 10, 6615-6620 (2008) (10.1039/B810189B)

    Deriv               =              1
    GGA                 =           TRUE
    Meta                =          FALSE

    Exchange Hybrid     =           TRUE
    MP2 Hybrid          =          FALSE

   => Exchange-Correlation Functionals <=

    1.0000   wB97X-D range-separated functional

   => Exact (HF) Exchange <=

    0.7780            HF,LR [omega = 0.2000]
    0.2220               HF 

   => LibXC Density Thresholds  <==

    XC_HYB_GGA_XC_WB97X_D:  1.00E-14 

   => Molecular Quadrature <=

    Radial Scheme          =       TREUTLER
    Pruning Scheme         =           NONE
    Nuclear Scheme         =       TREUTLER

    Blocking Scheme        =         OCTREE
    BS radius alpha        =              1
    Pruning alpha          =              1
    Radial Points          =             75
    Spherical Points       =            302
    Total Points           =         255044
    Total Blocks           =           1931
    Max Points             =            256
    Max Functions          =            100
    Weights Tolerance      =       1.00E-15


  -Total Gradient:
     Atom            X                  Y                   Z
    ------   -----------------  -----------------  -----------------
       1        0.009484180941     0.001457478967     0.026220339585
       2        0.074305545083     0.000686438612    -0.016971517648
       3        0.009438984658     0.001175976311     0.001383694519
       4        0.012039333126    -0.019939442360    -0.034618740824
       5       -0.043439578626    -0.039155752954     0.019460676851
       6       -0.060035658000     0.015580408627     0.044139361370
       7       -0.006003083814     0.002518186847     0.017055014331
       8       -0.007637453973     0.014872495355    -0.011086990493
       9        0.000809805912     0.010042346951    -0.009046698899
      10        0.001111415670    -0.012973824366    -0.001585144387
      11        0.008987711464     0.018076922749    -0.008468249894
      12        0.000980571726     0.007919273675    -0.026543272436


*** tstop() called on cst14372 at Tue Apr 21 11:24:38 2026
Module time:
	user time   =       3.60 seconds =       0.06 minutes
	system time =       0.06 seconds =       0.00 minutes
	total time  =          2 seconds =       0.03 minutes
Total time:
	user time   =    2958.54 seconds =      49.31 minutes
	system time =      43.24 seconds =       0.72 minutes
	total time  =       1431 seconds =      23.85 minutes

Scratch directory: /tmp/
   => Libint2 <=

    Primary   basis highest AM E, G, H:  6, 6, 3
    Auxiliary basis highest AM E, G, H:  7, 7, 4
    Onebody   basis highest AM E, G, H:  -, -, -
    Solid Harmonics ordering:            Gaussian

*** tstart() called on cst14372
*** at Tue Apr 21 11:24:38 2026

   => Loading Basis Set <=

    Name: 6-31G*
    Role: ORBITAL
    Keyword: BASIS
    atoms 1, 4-6 entry C          line   111 file /Users/jmsmith1/anaconda3/envs/jupyterenv/share/psi4/basis/6-31gs.gbs 
    atoms 2-3    entry O          line   145 file /Users/jmsmith1/anaconda3/envs/jupyterenv/share/psi4/basis/6-31gs.gbs 
    atoms 7-12   entry H          line    44 file /Users/jmsmith1/anaconda3/envs/jupyterenv/share/psi4/basis/6-31gs.gbs 

   => WB97X-D: Empirical Dispersion <=

    Chai and Head-Gordon Dispersion Correction
    Chai, J.-D.; Head-Gordon, M. (2010), J. Chem. Phys., 132: 6615-6620

        s6 =       1.000000


         ---------------------------------------------------------
                                   SCF
               by Justin Turney, Rob Parrish, Andy Simmonett
                          and Daniel G. A. Smith
                              RKS Reference
                        4 Threads,   5722 MiB Core
         ---------------------------------------------------------

  ==> Geometry <==

    Molecular point group: c1
    Full point group: C1

    Geometry (in Angstrom), charge = 0, multiplicity = 1:

       Center              X                  Y                   Z               Mass       
    ------------   -----------------  -----------------  -----------------  -----------------
         C            0.058487453500     0.314444418500     0.187358513300    12.000000000000
         O            1.400830402200     0.389715613400     0.052577231500    15.994914619570
         O            2.156317085000    -0.705535166400    -0.005952759200    15.994914619570
         C           -0.764488874500    -0.988481907000     0.056967255000    12.000000000000
         C           -2.090669771700    -1.052575609900    -0.315460243700    12.000000000000
         C           -0.693483544600     1.722102378100     0.071879873900    12.000000000000
         H           -0.348960938400    -1.805917525200     0.681566103700     1.007825032230
         H           -2.572441129200    -0.168579247300    -0.825179765800     1.007825032230
         H           -2.641910505800    -1.969811245600    -0.384827063300     1.007825032230
         H            0.204796651800     2.311350555700    -0.155675606500     1.007825032230
         H           -1.171188842000     2.271477265100     0.894692826700     1.007825032230
         H           -1.231326004300     1.782512501400    -0.953613152200     1.007825032230

  Running in c1 symmetry.

  Rotational constants: A =      0.17433  B =      0.08734  C =      0.05979 [cm^-1]
  Rotational constants: A =   5226.42923  B =   2618.51107  C =   1792.44509 [MHz]
  Nuclear repulsion =  216.447190060645823

  Charge       = 0
  Multiplicity = 1
  Electrons    = 46
  Nalpha       = 23
  Nbeta        = 23

  ==> Algorithm <==

  SCF Algorithm Type is DF.
  DIIS enabled.
  MOM disabled.
  Fractional occupation disabled.
  Guess Type is SAD.
  Energy threshold   = 1.00e-07
  Density threshold  = 1.00e-07
  Integral threshold = 1.00e-12

  ==> Primary Basis <==

  Basis Set: 6-31G*
    Blend: 6-31G*
    Number of shells: 48
    Number of basis functions: 102
    Number of Cartesian functions: 102
    Spherical Harmonics?: false
    Max angular momentum: 2

  ==> DFT Potential <==

   => LibXC <=

    Version 7.0.0
    S. Lehtola, C. Steigemann, M. J.T. Oliveira, and M. A.L. Marques.,  SoftwareX 7, 1–5 (2018) (10.1016/j.softx.2017.11.002)

   => Composite Functional: WB97X-D <= 

    wB97X-D Hyb-GGA Exchange-Correlation Functional

    J.-D. Chai and M. Head-Gordon.,  Phys. Chem. Chem. Phys. 10, 6615-6620 (2008) (10.1039/B810189B)

    Deriv               =              1
    GGA                 =           TRUE
    Meta                =          FALSE

    Exchange Hybrid     =           TRUE
    MP2 Hybrid          =          FALSE

   => Exchange-Correlation Functionals <=

    1.0000   wB97X-D range-separated functional

   => Exact (HF) Exchange <=

    0.7780            HF,LR [omega = 0.2000]
    0.2220               HF 

   => LibXC Density Thresholds  <==

    XC_HYB_GGA_XC_WB97X_D:  1.00E-14 

   => Molecular Quadrature <=

    Radial Scheme          =       TREUTLER
    Pruning Scheme         =           NONE
    Nuclear Scheme         =       TREUTLER

    Blocking Scheme        =         OCTREE
    BS radius alpha        =              1
    Pruning alpha          =              1
    Radial Points          =             75
    Spherical Points       =            302
    Total Points           =         255103
    Total Blocks           =           1934
    Max Points             =            256
    Max Functions          =            100
    Weights Tolerance      =       1.00E-15

   => Loading Basis Set <=

    Name: (6-31G* AUX)
    Role: JKFIT
    Keyword: DF_BASIS_SCF
    atoms 1, 4-6 entry C          line   121 file /Users/jmsmith1/anaconda3/envs/jupyterenv/share/psi4/basis/cc-pvdz-jkfit.gbs 
    atoms 2-3    entry O          line   221 file /Users/jmsmith1/anaconda3/envs/jupyterenv/share/psi4/basis/cc-pvdz-jkfit.gbs 
    atoms 7-12   entry H          line    51 file /Users/jmsmith1/anaconda3/envs/jupyterenv/share/psi4/basis/cc-pvdz-jkfit.gbs 

  ==> Integral Setup <==

  DFHelper Memory: AOs need 0.150 GiB; user supplied 3.610 GiB. 
  SCF_SUBTYPE=INCORE selected. In-core MEM_DF algorithm will be used.
  Using in-core AOs.

  ==> MemDFJK: Density-Fitted J/K Matrices <==

    J tasked:                   Yes
    K tasked:                   Yes
    wK tasked:                  Yes
    Omega:                2.000E-01
    OpenMP threads:               4
    Memory [MiB]:              3697
    Algorithm:                 Core
    Schwarz Cutoff:           1E-12
    Mask sparsity (%):       2.0761
    Fitting Condition:        1E-10

   => Auxiliary Basis Set <=

  Basis Set: (6-31G* AUX)
    Blend: CC-PVDZ-JKFIT
    Number of shells: 198
    Number of basis functions: 636
    Number of Cartesian functions: 636
    Spherical Harmonics?: false
    Max angular momentum: 3

  Cached 100.0% of DFT collocation blocks in 0.581 [GiB].

  Minimum eigenvalue in the overlap matrix is 4.4435020782E-03.
  Reciprocal condition number of the overlap matrix is 6.7659960298E-04.
    Using symmetric orthogonalization.

  ==> Pre-Iterations <==

  SCF Guess: Superposition of Atomic Densities via on-the-fly atomic UHF (no occupation information).

   -------------------------
    Irrep   Nso     Nmo    
   -------------------------
     A        102     102 
   -------------------------
    Total     102     102
   -------------------------

  ==> Iterations <==

                           Total Energy        Delta E     RMS |[F,P]|

   @DF-RKS iter SAD:  -299.69285854775808   -2.99693e+02   0.00000e+00 
   @DF-RKS iter   1:  -297.11742180972698    2.57544e+00   3.27601e-02 ADIIS/DIIS
   @DF-RKS iter   2:  -275.52525435335184    2.15922e+01   6.14046e-02 ADIIS/DIIS
   @DF-RKS iter   3:  -304.71218881798222   -2.91869e+01   1.69191e-02 ADIIS/DIIS
   @DF-RKS iter   4:  -303.49470679490753    1.21748e+00   2.19789e-02 ADIIS/DIIS
   @DF-RKS iter   5:  -306.07825314914231   -2.58355e+00   3.46258e-03 ADIIS/DIIS
   @DF-RKS iter   6:  -306.13039076272463   -5.21376e-02   2.22630e-03 ADIIS/DIIS
   @DF-RKS iter   7:  -306.15495136468513   -2.45606e-02   4.26904e-04 ADIIS/DIIS
   @DF-RKS iter   8:  -306.15563360216834   -6.82237e-04   3.19839e-04 ADIIS/DIIS
   @DF-RKS iter   9:  -306.15617884508930   -5.45243e-04   8.35398e-05 DIIS
   @DF-RKS iter  10:  -306.15622171293830   -4.28678e-05   4.74709e-05 DIIS
   @DF-RKS iter  11:  -306.15623017849975   -8.46556e-06   3.42891e-05 DIIS
   @DF-RKS iter  12:  -306.15623730386881   -7.12537e-06   8.61655e-06 DIIS
   @DF-RKS iter  13:  -306.15623794599782   -6.42129e-07   1.32255e-06 DIIS
   @DF-RKS iter  14:  -306.15623799691866   -5.09208e-08   8.33882e-07 DIIS
   @DF-RKS iter  15:  -306.15623803520435   -3.82857e-08   3.18571e-07 DIIS
   @DF-RKS iter  16:  -306.15623804163886   -6.43450e-09   1.05044e-07 DIIS
   @DF-RKS iter  17:  -306.15623804212254   -4.83681e-10   4.61394e-08 DIIS
  Energy and wave function converged.


  ==> Post-Iterations <==

   Electrons on quadrature grid:
      Ntotal   =   46.0000285806 ; deviation = 2.858e-05 

    Orbital Energies [Eh]
    ---------------------

    Doubly Occupied:                                                      

       1A    -19.424584     2A    -19.258944     3A    -10.428245  
       4A    -10.351250     5A    -10.343438     6A    -10.341278  
       7A     -1.274983     8A     -0.981476     9A     -0.892786  
      10A     -0.831091    11A     -0.743375    12A     -0.647065  
      13A     -0.602369    14A     -0.578443    15A     -0.566345  
      16A     -0.538621    17A     -0.517564    18A     -0.499998  
      19A     -0.479764    20A     -0.442400    21A     -0.383670  
      22A     -0.311705    23A     -0.297008  

    Virtual:                                                              

      24A     -0.029993    25A      0.077934    26A      0.148055  
      27A      0.172022    28A      0.200658    29A      0.217928  
      30A      0.221573    31A      0.231115    32A      0.249247  
      33A      0.275003    34A      0.324929    35A      0.394474  
      36A      0.413181    37A      0.561503    38A      0.581842  
      39A      0.600903    40A      0.619044    41A      0.652785  
      42A      0.660257    43A      0.695926    44A      0.709166  
      45A      0.724889    46A      0.779644    47A      0.829060  
      48A      0.879733    49A      0.894193    50A      0.918349  
      51A      0.931183    52A      0.935104    53A      0.947737  
      54A      0.985827    55A      1.004763    56A      1.034269  
      57A      1.037298    58A      1.081729    59A      1.136690  
      60A      1.146975    61A      1.166137    62A      1.199499  
      63A      1.334507    64A      1.349312    65A      1.414301  
      66A      1.457319    67A      1.514352    68A      1.577842  
      69A      1.612398    70A      1.717739    71A      1.736609  
      72A      1.749072    73A      1.805658    74A      1.823637  
      75A      1.892516    76A      1.899735    77A      1.950378  
      78A      1.991106    79A      2.047406    80A      2.108781  
      81A      2.150406    82A      2.207330    83A      2.260185  
      84A      2.305590    85A      2.310706    86A      2.351648  
      87A      2.435884    88A      2.439576    89A      2.504822  
      90A      2.537152    91A      2.666246    92A      2.710764  
      93A      2.845764    94A      2.874416    95A      3.054178  
      96A      3.185876    97A      3.566502    98A      4.056791  
      99A      4.093951   100A      4.230153   101A      4.320020  
     102A      4.553000  

    Final Occupation by Irrep:
              A 
    DOCC [    23 ]
    NA   [    23 ]
    NB   [    23 ]

  @DF-RKS Final Energy:  -306.15623804212254

   => Energetics <=

    Nuclear Repulsion Energy =            216.4471900606458235
    One-Electron Energy =                -844.6158886920484292
    Two-Electron Energy =                 350.1491009626674895
    DFT Exchange-Correlation Energy =     -28.1323307923158126
    Empirical Dispersion Energy =          -0.0043095810716317
    VV10 Nonlocal Energy =                  0.0000000000000000
    Total Energy =                       -306.1562380421225384

Computation Completed


Properties will be evaluated at   0.000000,   0.000000,   0.000000 [a0]

Properties computed using the SCF density matrix


 Multipole Moments:

 ------------------------------------------------------------------------------------
     Multipole            Electronic (a.u.)      Nuclear  (a.u.)        Total (a.u.)
 ------------------------------------------------------------------------------------

 L = 1.  Multiply by 2.5417464519 to convert [e a0] to [Debye]
 Dipole X            :         -1.4311271           -0.4625658           -1.8936929
 Dipole Y            :          0.8482901           -0.2505558            0.5977343
 Dipole Z            :          0.7180674           -0.6908243            0.0272431
 Magnitude           :                                                    1.9859761

 ------------------------------------------------------------------------------------

*** tstop() called on cst14372 at Tue Apr 21 11:24:51 2026
Module time:
	user time   =      27.82 seconds =       0.46 minutes
	system time =       0.31 seconds =       0.01 minutes
	total time  =         13 seconds =       0.22 minutes
Total time:
	user time   =    2986.39 seconds =      49.77 minutes
	system time =      43.56 seconds =       0.73 minutes
	total time  =       1444 seconds =      24.07 minutes

Scratch directory: /tmp/
gradient() will perform analytic gradient computation.

*** tstart() called on cst14372
*** at Tue Apr 21 11:24:51 2026


         ------------------------------------------------------------
                                   SCF GRAD                          
                          Rob Parrish, Justin Turney,                
                       Andy Simmonett, and Alex Sokolov              
         ------------------------------------------------------------

  ==> Geometry <==

    Molecular point group: c1
    Full point group: C1

    Geometry (in Angstrom), charge = 0, multiplicity = 1:

       Center              X                  Y                   Z               Mass       
    ------------   -----------------  -----------------  -----------------  -----------------
         C            0.058487453500     0.314444418500     0.187358513300    12.000000000000
         O            1.400830402200     0.389715613400     0.052577231500    15.994914619570
         O            2.156317085000    -0.705535166400    -0.005952759200    15.994914619570
         C           -0.764488874500    -0.988481907000     0.056967255000    12.000000000000
         C           -2.090669771700    -1.052575609900    -0.315460243700    12.000000000000
         C           -0.693483544600     1.722102378100     0.071879873900    12.000000000000
         H           -0.348960938400    -1.805917525200     0.681566103700     1.007825032230
         H           -2.572441129200    -0.168579247300    -0.825179765800     1.007825032230
         H           -2.641910505800    -1.969811245600    -0.384827063300     1.007825032230
         H            0.204796651800     2.311350555700    -0.155675606500     1.007825032230
         H           -1.171188842000     2.271477265100     0.894692826700     1.007825032230
         H           -1.231326004300     1.782512501400    -0.953613152200     1.007825032230

  Nuclear repulsion =  216.447190060645823

  ==> Basis Set <==

  Basis Set: 6-31G*
    Blend: 6-31G*
    Number of shells: 48
    Number of basis functions: 102
    Number of Cartesian functions: 102
    Spherical Harmonics?: false
    Max angular momentum: 2

  ==> DFJKGrad: Density-Fitted SCF Gradients <==

    Gradient:                    1
    J tasked:                  Yes
    K tasked:                  Yes
    wK tasked:                 Yes
    Omega:               2.000E-01
    OpenMP threads:              4
    Integrals threads:           4
    Memory [MiB]:             4291
    Schwarz Cutoff:          1E-12
    Fitting Condition:       1E-10

   => Auxiliary Basis Set <=

  Basis Set: (6-31G* AUX)
    Blend: CC-PVDZ-JKFIT
    Number of shells: 198
    Number of basis functions: 636
    Number of Cartesian functions: 636
    Spherical Harmonics?: false
    Max angular momentum: 3

  ==> DFT Potential <==

   => LibXC <=

    Version 7.0.0
    S. Lehtola, C. Steigemann, M. J.T. Oliveira, and M. A.L. Marques.,  SoftwareX 7, 1–5 (2018) (10.1016/j.softx.2017.11.002)

   => Composite Functional: WB97X-D <= 

    wB97X-D Hyb-GGA Exchange-Correlation Functional

    J.-D. Chai and M. Head-Gordon.,  Phys. Chem. Chem. Phys. 10, 6615-6620 (2008) (10.1039/B810189B)

    Deriv               =              1
    GGA                 =           TRUE
    Meta                =          FALSE

    Exchange Hybrid     =           TRUE
    MP2 Hybrid          =          FALSE

   => Exchange-Correlation Functionals <=

    1.0000   wB97X-D range-separated functional

   => Exact (HF) Exchange <=

    0.7780            HF,LR [omega = 0.2000]
    0.2220               HF 

   => LibXC Density Thresholds  <==

    XC_HYB_GGA_XC_WB97X_D:  1.00E-14 

   => Molecular Quadrature <=

    Radial Scheme          =       TREUTLER
    Pruning Scheme         =           NONE
    Nuclear Scheme         =       TREUTLER

    Blocking Scheme        =         OCTREE
    BS radius alpha        =              1
    Pruning alpha          =              1
    Radial Points          =             75
    Spherical Points       =            302
    Total Points           =         255103
    Total Blocks           =           1934
    Max Points             =            256
    Max Functions          =            100
    Weights Tolerance      =       1.00E-15


  -Total Gradient:
     Atom            X                  Y                   Z
    ------   -----------------  -----------------  -----------------
       1        0.009194244336    -0.001004174493     0.027446017280
       2        0.072876988215     0.003619323072    -0.017045427508
       3        0.010673623444    -0.000546134702     0.001238647884
       4        0.006065078870    -0.016942946912    -0.037807926556
       5       -0.042495005980    -0.040012602993     0.019466390237
       6       -0.051786139311     0.013096413104     0.047556310818
       7       -0.001030228044    -0.002566731859     0.021185585178
       8       -0.009306160955     0.018761980848    -0.013264330665
       9        0.001940473722     0.009227066898    -0.008144290049
      10        0.002650513414    -0.011499210368    -0.002038917940
      11        0.005799156157     0.021195872152    -0.000560997700
      12       -0.004552054775     0.006919347858    -0.038079145715


*** tstop() called on cst14372 at Tue Apr 21 11:24:53 2026
Module time:
	user time   =       3.80 seconds =       0.06 minutes
	system time =       0.07 seconds =       0.00 minutes
	total time  =          2 seconds =       0.03 minutes
Total time:
	user time   =    2990.20 seconds =      49.84 minutes
	system time =      43.63 seconds =       0.73 minutes
	total time  =       1446 seconds =      24.10 minutes

Scratch directory: /tmp/
   => Libint2 <=

    Primary   basis highest AM E, G, H:  6, 6, 3
    Auxiliary basis highest AM E, G, H:  7, 7, 4
    Onebody   basis highest AM E, G, H:  -, -, -
    Solid Harmonics ordering:            Gaussian

*** tstart() called on cst14372
*** at Tue Apr 21 11:24:53 2026

   => Loading Basis Set <=

    Name: 6-31G*
    Role: ORBITAL
    Keyword: BASIS
    atoms 1, 4-6 entry C          line   111 file /Users/jmsmith1/anaconda3/envs/jupyterenv/share/psi4/basis/6-31gs.gbs 
    atoms 2-3    entry O          line   145 file /Users/jmsmith1/anaconda3/envs/jupyterenv/share/psi4/basis/6-31gs.gbs 
    atoms 7-12   entry H          line    44 file /Users/jmsmith1/anaconda3/envs/jupyterenv/share/psi4/basis/6-31gs.gbs 

   => WB97X-D: Empirical Dispersion <=

    Chai and Head-Gordon Dispersion Correction
    Chai, J.-D.; Head-Gordon, M. (2010), J. Chem. Phys., 132: 6615-6620

        s6 =       1.000000


         ---------------------------------------------------------
                                   SCF
               by Justin Turney, Rob Parrish, Andy Simmonett
                          and Daniel G. A. Smith
                              RKS Reference
                        4 Threads,   5722 MiB Core
         ---------------------------------------------------------

  ==> Geometry <==

    Molecular point group: c1
    Full point group: C1

    Geometry (in Angstrom), charge = 0, multiplicity = 1:

       Center              X                  Y                   Z               Mass       
    ------------   -----------------  -----------------  -----------------  -----------------
         C            0.057720625700     0.312062538000     0.190793328400    12.000000000000
         O            1.398657528500     0.392898092400     0.054468343800    15.994914619570
         O            2.160528078400    -0.702168351000    -0.006181206100    15.994914619570
         C           -0.768089556300    -0.991102266400     0.060044081600    12.000000000000
         C           -2.089780144200    -1.054594629500    -0.324273972600    12.000000000000
         C           -0.693294573800     1.722341985800     0.073023435500    12.000000000000
         H           -0.333782456400    -1.809333642200     0.692720457600     1.007825032230
         H           -2.571353014400    -0.167938289600    -0.844716796700     1.007825032230
         H           -2.631347123500    -1.978871225500    -0.383388630300     1.007825032230
         H            0.201575507800     2.319172963100    -0.159661932000     1.007825032230
         H           -1.175521279800     2.265682853400     0.914031941900     1.007825032230
         H           -1.243886032500     1.769351741000    -0.974434251200     1.007825032230

  Running in c1 symmetry.

  Rotational constants: A =      0.17392  B =      0.08716  C =      0.05973 [cm^-1]
  Rotational constants: A =   5213.92948  B =   2612.84686  C =   1790.52330 [MHz]
  Nuclear repulsion =  216.102165991008775

  Charge       = 0
  Multiplicity = 1
  Electrons    = 46
  Nalpha       = 23
  Nbeta        = 23

  ==> Algorithm <==

  SCF Algorithm Type is DF.
  DIIS enabled.
  MOM disabled.
  Fractional occupation disabled.
  Guess Type is SAD.
  Energy threshold   = 1.00e-07
  Density threshold  = 1.00e-07
  Integral threshold = 1.00e-12

  ==> Primary Basis <==

  Basis Set: 6-31G*
    Blend: 6-31G*
    Number of shells: 48
    Number of basis functions: 102
    Number of Cartesian functions: 102
    Spherical Harmonics?: false
    Max angular momentum: 2

  ==> DFT Potential <==

   => LibXC <=

    Version 7.0.0
    S. Lehtola, C. Steigemann, M. J.T. Oliveira, and M. A.L. Marques.,  SoftwareX 7, 1–5 (2018) (10.1016/j.softx.2017.11.002)

   => Composite Functional: WB97X-D <= 

    wB97X-D Hyb-GGA Exchange-Correlation Functional

    J.-D. Chai and M. Head-Gordon.,  Phys. Chem. Chem. Phys. 10, 6615-6620 (2008) (10.1039/B810189B)

    Deriv               =              1
    GGA                 =           TRUE
    Meta                =          FALSE

    Exchange Hybrid     =           TRUE
    MP2 Hybrid          =          FALSE

   => Exchange-Correlation Functionals <=

    1.0000   wB97X-D range-separated functional

   => Exact (HF) Exchange <=

    0.7780            HF,LR [omega = 0.2000]
    0.2220               HF 

   => LibXC Density Thresholds  <==

    XC_HYB_GGA_XC_WB97X_D:  1.00E-14 

   => Molecular Quadrature <=

    Radial Scheme          =       TREUTLER
    Pruning Scheme         =           NONE
    Nuclear Scheme         =       TREUTLER

    Blocking Scheme        =         OCTREE
    BS radius alpha        =              1
    Pruning alpha          =              1
    Radial Points          =             75
    Spherical Points       =            302
    Total Points           =         255153
    Total Blocks           =           1924
    Max Points             =            256
    Max Functions          =            100
    Weights Tolerance      =       1.00E-15

   => Loading Basis Set <=

    Name: (6-31G* AUX)
    Role: JKFIT
    Keyword: DF_BASIS_SCF
    atoms 1, 4-6 entry C          line   121 file /Users/jmsmith1/anaconda3/envs/jupyterenv/share/psi4/basis/cc-pvdz-jkfit.gbs 
    atoms 2-3    entry O          line   221 file /Users/jmsmith1/anaconda3/envs/jupyterenv/share/psi4/basis/cc-pvdz-jkfit.gbs 
    atoms 7-12   entry H          line    51 file /Users/jmsmith1/anaconda3/envs/jupyterenv/share/psi4/basis/cc-pvdz-jkfit.gbs 

  ==> Integral Setup <==

  DFHelper Memory: AOs need 0.150 GiB; user supplied 3.610 GiB. 
  SCF_SUBTYPE=INCORE selected. In-core MEM_DF algorithm will be used.
  Using in-core AOs.

  ==> MemDFJK: Density-Fitted J/K Matrices <==

    J tasked:                   Yes
    K tasked:                   Yes
    wK tasked:                  Yes
    Omega:                2.000E-01
    OpenMP threads:               4
    Memory [MiB]:              3697
    Algorithm:                 Core
    Schwarz Cutoff:           1E-12
    Mask sparsity (%):       2.0761
    Fitting Condition:        1E-10

   => Auxiliary Basis Set <=

  Basis Set: (6-31G* AUX)
    Blend: CC-PVDZ-JKFIT
    Number of shells: 198
    Number of basis functions: 636
    Number of Cartesian functions: 636
    Spherical Harmonics?: false
    Max angular momentum: 3

  Cached 100.0% of DFT collocation blocks in 0.581 [GiB].

  Minimum eigenvalue in the overlap matrix is 4.4379341476E-03.
  Reciprocal condition number of the overlap matrix is 6.7744905065E-04.
    Using symmetric orthogonalization.

  ==> Pre-Iterations <==

  SCF Guess: Superposition of Atomic Densities via on-the-fly atomic UHF (no occupation information).

   -------------------------
    Irrep   Nso     Nmo    
   -------------------------
     A        102     102 
   -------------------------
    Total     102     102
   -------------------------

  ==> Iterations <==

                           Total Energy        Delta E     RMS |[F,P]|

   @DF-RKS iter SAD:  -299.63253097658207   -2.99633e+02   0.00000e+00 
   @DF-RKS iter   1:  -297.12436433979633    2.50817e+00   3.27037e-02 ADIIS/DIIS
   @DF-RKS iter   2:  -275.44461237891187    2.16798e+01   6.14538e-02 ADIIS/DIIS
   @DF-RKS iter   3:  -304.70138120351828   -2.92568e+01   1.69528e-02 ADIIS/DIIS
   @DF-RKS iter   4:  -303.33627467159340    1.36511e+00   2.24412e-02 ADIIS/DIIS
   @DF-RKS iter   5:  -306.07336456073222   -2.73709e+00   3.50621e-03 ADIIS/DIIS
   @DF-RKS iter   6:  -306.12769317734637   -5.43286e-02   2.25210e-03 ADIIS/DIIS
   @DF-RKS iter   7:  -306.15291398035055   -2.52208e-02   4.41001e-04 ADIIS/DIIS
   @DF-RKS iter   8:  -306.15365413517389   -7.40155e-04   3.26680e-04 ADIIS/DIIS
   @DF-RKS iter   9:  -306.15421734524620   -5.63210e-04   9.01320e-05 DIIS
   @DF-RKS iter  10:  -306.15426420801782   -4.68628e-05   5.06643e-05 DIIS
   @DF-RKS iter  11:  -306.15427375055526   -9.54254e-06   3.68146e-05 DIIS
   @DF-RKS iter  12:  -306.15428195185603   -8.20130e-06   8.23701e-06 DIIS
   @DF-RKS iter  13:  -306.15428255199748   -6.00141e-07   1.44758e-06 DIIS
   @DF-RKS iter  14:  -306.15428260403149   -5.20340e-08   8.55548e-07 DIIS
   @DF-RKS iter  15:  -306.15428264350521   -3.94737e-08   3.26430e-07 DIIS
   @DF-RKS iter  16:  -306.15428265085205   -7.34684e-09   1.09884e-07 DIIS
   @DF-RKS iter  17:  -306.15428265135046   -4.98403e-10   4.08473e-08 DIIS
  Energy and wave function converged.


  ==> Post-Iterations <==

   Electrons on quadrature grid:
      Ntotal   =   46.0000317497 ; deviation = 3.175e-05 

    Orbital Energies [Eh]
    ---------------------

    Doubly Occupied:                                                      

       1A    -19.423982     2A    -19.258438     3A    -10.428405  
       4A    -10.352871     5A    -10.345112     6A    -10.344510  
       7A     -1.273025     8A     -0.980764     9A     -0.892594  
      10A     -0.828475    11A     -0.742680    12A     -0.645429  
      13A     -0.601172    14A     -0.576901    15A     -0.565209  
      16A     -0.538240    17A     -0.515325    18A     -0.500030  
      19A     -0.478385    20A     -0.441215    21A     -0.384010  
      22A     -0.311419    23A     -0.296933  

    Virtual:                                                              

      24A     -0.029978    25A      0.077787    26A      0.143278  
      27A      0.171292    28A      0.197506    29A      0.215955  
      30A      0.219182    31A      0.227231    32A      0.246745  
      33A      0.273321    34A      0.323690    35A      0.393580  
      36A      0.412105    37A      0.561055    38A      0.582232  
      39A      0.602213    40A      0.619791    41A      0.652086  
      42A      0.660138    43A      0.697298    44A      0.710533  
      45A      0.724119    46A      0.777650    47A      0.828668  
      48A      0.878003    49A      0.893224    50A      0.914747  
      51A      0.924413    52A      0.930645    53A      0.947705  
      54A      0.979657    55A      1.001017    56A      1.032211  
      57A      1.035694    58A      1.081642    59A      1.138181  
      60A      1.146497    61A      1.166411    62A      1.200251  
      63A      1.333968    64A      1.349503    65A      1.414014  
      66A      1.458145    67A      1.512279    68A      1.575830  
      69A      1.611960    70A      1.719298    71A      1.731374  
      72A      1.748464    73A      1.805066    74A      1.826555  
      75A      1.891631    76A      1.901858    77A      1.950992  
      78A      1.988263    79A      2.046542    80A      2.105625  
      81A      2.147197    82A      2.193337    83A      2.255143  
      84A      2.296558    85A      2.304744    86A      2.346376  
      87A      2.431261    88A      2.439225    89A      2.502390  
      90A      2.532783    91A      2.663469    92A      2.707282  
      93A      2.843508    94A      2.871257    95A      3.053403  
      96A      3.187349    97A      3.565478    98A      4.055326  
      99A      4.091475   100A      4.227666   101A      4.316033  
     102A      4.551555  

    Final Occupation by Irrep:
              A 
    DOCC [    23 ]
    NA   [    23 ]
    NB   [    23 ]

  @DF-RKS Final Energy:  -306.15428265135046

   => Energetics <=

    Nuclear Repulsion Energy =            216.1021659910087749
    One-Electron Energy =                -843.9554502754565419
    Two-Electron Energy =                 349.8192034208613563
    DFT Exchange-Correlation Energy =     -28.1158676589577894
    Empirical Dispersion Energy =          -0.0043341288062249
    VV10 Nonlocal Energy =                  0.0000000000000000
    Total Energy =                       -306.1542826513504565

Computation Completed


Properties will be evaluated at   0.000000,   0.000000,   0.000000 [a0]

Properties computed using the SCF density matrix


 Multipole Moments:

 ------------------------------------------------------------------------------------
     Multipole            Electronic (a.u.)      Nuclear  (a.u.)        Total (a.u.)
 ------------------------------------------------------------------------------------

 L = 1.  Multiply by 2.5417464519 to convert [e a0] to [Debye]
 Dipole X            :         -1.4444498           -0.4563527           -1.9008024
 Dipole Y            :          0.8612341           -0.2718407            0.5893934
 Dipole Z            :          0.7342619           -0.7022806            0.0319813
 Magnitude           :                                                    1.9903410

 ------------------------------------------------------------------------------------

*** tstop() called on cst14372 at Tue Apr 21 11:25:07 2026
Module time:
	user time   =      27.97 seconds =       0.47 minutes
	system time =       0.34 seconds =       0.01 minutes
	total time  =         14 seconds =       0.23 minutes
Total time:
	user time   =    3018.19 seconds =      50.30 minutes
	system time =      43.98 seconds =       0.73 minutes
	total time  =       1460 seconds =      24.33 minutes

Scratch directory: /tmp/
gradient() will perform analytic gradient computation.

*** tstart() called on cst14372
*** at Tue Apr 21 11:25:07 2026


         ------------------------------------------------------------
                                   SCF GRAD                          
                          Rob Parrish, Justin Turney,                
                       Andy Simmonett, and Alex Sokolov              
         ------------------------------------------------------------

  ==> Geometry <==

    Molecular point group: c1
    Full point group: C1

    Geometry (in Angstrom), charge = 0, multiplicity = 1:

       Center              X                  Y                   Z               Mass       
    ------------   -----------------  -----------------  -----------------  -----------------
         C            0.057720625700     0.312062538000     0.190793328400    12.000000000000
         O            1.398657528500     0.392898092400     0.054468343800    15.994914619570
         O            2.160528078400    -0.702168351000    -0.006181206100    15.994914619570
         C           -0.768089556300    -0.991102266400     0.060044081600    12.000000000000
         C           -2.089780144200    -1.054594629500    -0.324273972600    12.000000000000
         C           -0.693294573800     1.722341985800     0.073023435500    12.000000000000
         H           -0.333782456400    -1.809333642200     0.692720457600     1.007825032230
         H           -2.571353014400    -0.167938289600    -0.844716796700     1.007825032230
         H           -2.631347123500    -1.978871225500    -0.383388630300     1.007825032230
         H            0.201575507800     2.319172963100    -0.159661932000     1.007825032230
         H           -1.175521279800     2.265682853400     0.914031941900     1.007825032230
         H           -1.243886032500     1.769351741000    -0.974434251200     1.007825032230

  Nuclear repulsion =  216.102165991008775

  ==> Basis Set <==

  Basis Set: 6-31G*
    Blend: 6-31G*
    Number of shells: 48
    Number of basis functions: 102
    Number of Cartesian functions: 102
    Spherical Harmonics?: false
    Max angular momentum: 2

  ==> DFJKGrad: Density-Fitted SCF Gradients <==

    Gradient:                    1
    J tasked:                  Yes
    K tasked:                  Yes
    wK tasked:                 Yes
    Omega:               2.000E-01
    OpenMP threads:              4
    Integrals threads:           4
    Memory [MiB]:             4291
    Schwarz Cutoff:          1E-12
    Fitting Condition:       1E-10

   => Auxiliary Basis Set <=

  Basis Set: (6-31G* AUX)
    Blend: CC-PVDZ-JKFIT
    Number of shells: 198
    Number of basis functions: 636
    Number of Cartesian functions: 636
    Spherical Harmonics?: false
    Max angular momentum: 3

  ==> DFT Potential <==

   => LibXC <=

    Version 7.0.0
    S. Lehtola, C. Steigemann, M. J.T. Oliveira, and M. A.L. Marques.,  SoftwareX 7, 1–5 (2018) (10.1016/j.softx.2017.11.002)

   => Composite Functional: WB97X-D <= 

    wB97X-D Hyb-GGA Exchange-Correlation Functional

    J.-D. Chai and M. Head-Gordon.,  Phys. Chem. Chem. Phys. 10, 6615-6620 (2008) (10.1039/B810189B)

    Deriv               =              1
    GGA                 =           TRUE
    Meta                =          FALSE

    Exchange Hybrid     =           TRUE
    MP2 Hybrid          =          FALSE

   => Exchange-Correlation Functionals <=

    1.0000   wB97X-D range-separated functional

   => Exact (HF) Exchange <=

    0.7780            HF,LR [omega = 0.2000]
    0.2220               HF 

   => LibXC Density Thresholds  <==

    XC_HYB_GGA_XC_WB97X_D:  1.00E-14 

   => Molecular Quadrature <=

    Radial Scheme          =       TREUTLER
    Pruning Scheme         =           NONE
    Nuclear Scheme         =       TREUTLER

    Blocking Scheme        =         OCTREE
    BS radius alpha        =              1
    Pruning alpha          =              1
    Radial Points          =             75
    Spherical Points       =            302
    Total Points           =         255153
    Total Blocks           =           1924
    Max Points             =            256
    Max Functions          =            100
    Weights Tolerance      =       1.00E-15


  -Total Gradient:
     Atom            X                  Y                   Z
    ------   -----------------  -----------------  -----------------
       1        0.008916583617    -0.003450421488     0.028679541033
       2        0.071341444421     0.006525022583    -0.017088119566
       3        0.011927175198    -0.002248320734     0.001075489919
       4        0.000219408927    -0.014533996974    -0.040548215473
       5       -0.041519252502    -0.039977621572     0.019225261378
       6       -0.044591549907     0.011198018567     0.049286800470
       7        0.003765592069    -0.007064008334     0.024915560840
       8       -0.010704480664     0.022126131029    -0.015227761572
       9        0.002848220906     0.008029478792    -0.007214196426
      10        0.004204562581    -0.009958155261    -0.002524440803
      11        0.002786958098     0.023886355350     0.006972548199
      12       -0.009175343047     0.005664626463    -0.047566945308


*** tstop() called on cst14372 at Tue Apr 21 11:25:08 2026
Module time:
	user time   =       3.84 seconds =       0.06 minutes
	system time =       0.08 seconds =       0.00 minutes
	total time  =          1 seconds =       0.02 minutes
Total time:
	user time   =    3022.05 seconds =      50.37 minutes
	system time =      44.06 seconds =       0.73 minutes
	total time  =       1461 seconds =      24.35 minutes

Scratch directory: /tmp/
   => Libint2 <=

    Primary   basis highest AM E, G, H:  6, 6, 3
    Auxiliary basis highest AM E, G, H:  7, 7, 4
    Onebody   basis highest AM E, G, H:  -, -, -
    Solid Harmonics ordering:            Gaussian

*** tstart() called on cst14372
*** at Tue Apr 21 11:25:08 2026

   => Loading Basis Set <=

    Name: 6-31G*
    Role: ORBITAL
    Keyword: BASIS
    atoms 1, 4-6 entry C          line   111 file /Users/jmsmith1/anaconda3/envs/jupyterenv/share/psi4/basis/6-31gs.gbs 
    atoms 2-3    entry O          line   145 file /Users/jmsmith1/anaconda3/envs/jupyterenv/share/psi4/basis/6-31gs.gbs 
    atoms 7-12   entry H          line    44 file /Users/jmsmith1/anaconda3/envs/jupyterenv/share/psi4/basis/6-31gs.gbs 

   => WB97X-D: Empirical Dispersion <=

    Chai and Head-Gordon Dispersion Correction
    Chai, J.-D.; Head-Gordon, M. (2010), J. Chem. Phys., 132: 6615-6620

        s6 =       1.000000


         ---------------------------------------------------------
                                   SCF
               by Justin Turney, Rob Parrish, Andy Simmonett
                          and Daniel G. A. Smith
                              RKS Reference
                        4 Threads,   5722 MiB Core
         ---------------------------------------------------------

  ==> Geometry <==

    Molecular point group: c1
    Full point group: C1

    Geometry (in Angstrom), charge = 0, multiplicity = 1:

       Center              X                  Y                   Z               Mass       
    ------------   -----------------  -----------------  -----------------  -----------------
         C            0.056926745900     0.309686774200     0.194150719500    12.000000000000
         O            1.396326116600     0.396071564200     0.056399656800    15.994914619570
         O            2.164719997800    -0.698791181000    -0.006412360900    15.994914619570
         C           -0.771696722500    -0.993684818700     0.063243260900    12.000000000000
         C           -2.088768906900    -1.056501226300    -0.333157661500    12.000000000000
         C           -0.692976239600     1.722549573500     0.074026209700    12.000000000000
         H           -0.318709176900    -1.812511698100     0.703033689600     1.007825032230
         H           -2.569893975100    -0.168059336600    -0.863760419100     1.007825032230
         H           -2.620864804700    -1.988222830100    -0.381699070300     1.007825032230
         H            0.198204131600     2.327351497200    -0.163567675200     1.007825032230
         H           -1.179956867400     2.259055278900     0.933162018000     1.007825032230
         H           -1.256150042600     1.755974248900    -0.993648772400     1.007825032230

  Running in c1 symmetry.

  Rotational constants: A =      0.17352  B =      0.08697  C =      0.05967 [cm^-1]
  Rotational constants: A =   5201.92940  B =   2607.41975  C =   1788.74212 [MHz]
  Nuclear repulsion =  215.775080528812396

  Charge       = 0
  Multiplicity = 1
  Electrons    = 46
  Nalpha       = 23
  Nbeta        = 23

  ==> Algorithm <==

  SCF Algorithm Type is DF.
  DIIS enabled.
  MOM disabled.
  Fractional occupation disabled.
  Guess Type is SAD.
  Energy threshold   = 1.00e-07
  Density threshold  = 1.00e-07
  Integral threshold = 1.00e-12

  ==> Primary Basis <==

  Basis Set: 6-31G*
    Blend: 6-31G*
    Number of shells: 48
    Number of basis functions: 102
    Number of Cartesian functions: 102
    Spherical Harmonics?: false
    Max angular momentum: 2

  ==> DFT Potential <==

   => LibXC <=

    Version 7.0.0
    S. Lehtola, C. Steigemann, M. J.T. Oliveira, and M. A.L. Marques.,  SoftwareX 7, 1–5 (2018) (10.1016/j.softx.2017.11.002)

   => Composite Functional: WB97X-D <= 

    wB97X-D Hyb-GGA Exchange-Correlation Functional

    J.-D. Chai and M. Head-Gordon.,  Phys. Chem. Chem. Phys. 10, 6615-6620 (2008) (10.1039/B810189B)

    Deriv               =              1
    GGA                 =           TRUE
    Meta                =          FALSE

    Exchange Hybrid     =           TRUE
    MP2 Hybrid          =          FALSE

   => Exchange-Correlation Functionals <=

    1.0000   wB97X-D range-separated functional

   => Exact (HF) Exchange <=

    0.7780            HF,LR [omega = 0.2000]
    0.2220               HF 

   => LibXC Density Thresholds  <==

    XC_HYB_GGA_XC_WB97X_D:  1.00E-14 

   => Molecular Quadrature <=

    Radial Scheme          =       TREUTLER
    Pruning Scheme         =           NONE
    Nuclear Scheme         =       TREUTLER

    Blocking Scheme        =         OCTREE
    BS radius alpha        =              1
    Pruning alpha          =              1
    Radial Points          =             75
    Spherical Points       =            302
    Total Points           =         255200
    Total Blocks           =           1935
    Max Points             =            256
    Max Functions          =            100
    Weights Tolerance      =       1.00E-15

   => Loading Basis Set <=

    Name: (6-31G* AUX)
    Role: JKFIT
    Keyword: DF_BASIS_SCF
    atoms 1, 4-6 entry C          line   121 file /Users/jmsmith1/anaconda3/envs/jupyterenv/share/psi4/basis/cc-pvdz-jkfit.gbs 
    atoms 2-3    entry O          line   221 file /Users/jmsmith1/anaconda3/envs/jupyterenv/share/psi4/basis/cc-pvdz-jkfit.gbs 
    atoms 7-12   entry H          line    51 file /Users/jmsmith1/anaconda3/envs/jupyterenv/share/psi4/basis/cc-pvdz-jkfit.gbs 

  ==> Integral Setup <==

  DFHelper Memory: AOs need 0.150 GiB; user supplied 3.611 GiB. 
  SCF_SUBTYPE=INCORE selected. In-core MEM_DF algorithm will be used.
  Using in-core AOs.

  ==> MemDFJK: Density-Fitted J/K Matrices <==

    J tasked:                   Yes
    K tasked:                   Yes
    wK tasked:                  Yes
    Omega:                2.000E-01
    OpenMP threads:               4
    Memory [MiB]:              3697
    Algorithm:                 Core
    Schwarz Cutoff:           1E-12
    Mask sparsity (%):       2.0761
    Fitting Condition:        1E-10

   => Auxiliary Basis Set <=

  Basis Set: (6-31G* AUX)
    Blend: CC-PVDZ-JKFIT
    Number of shells: 198
    Number of basis functions: 636
    Number of Cartesian functions: 636
    Spherical Harmonics?: false
    Max angular momentum: 3

  Cached 100.0% of DFT collocation blocks in 0.580 [GiB].

  Minimum eigenvalue in the overlap matrix is 4.4294496111E-03.
  Reciprocal condition number of the overlap matrix is 6.7771718488E-04.
    Using symmetric orthogonalization.

  ==> Pre-Iterations <==

  SCF Guess: Superposition of Atomic Densities via on-the-fly atomic UHF (no occupation information).

   -------------------------
    Irrep   Nso     Nmo    
   -------------------------
     A        102     102 
   -------------------------
    Total     102     102
   -------------------------

  ==> Iterations <==

                           Total Energy        Delta E     RMS |[F,P]|

   @DF-RKS iter SAD:  -299.57494751293291   -2.99575e+02   0.00000e+00 
   @DF-RKS iter   1:  -297.13136866790865    2.44358e+00   3.26496e-02 ADIIS/DIIS
   @DF-RKS iter   2:  -275.36613180902975    2.17652e+01   6.15013e-02 ADIIS/DIIS
   @DF-RKS iter   3:  -304.68793781097679   -2.93218e+01   1.69964e-02 ADIIS/DIIS
   @DF-RKS iter   4:  -303.07276365443141    1.61517e+00   2.30824e-02 ADIIS/DIIS
   @DF-RKS iter   5:  -306.06418017153106   -2.99142e+00   3.61456e-03 ADIIS/DIIS
   @DF-RKS iter   6:  -306.12377556082112   -5.95954e-02   2.29138e-03 ADIIS/DIIS
   @DF-RKS iter   7:  -306.15008778489585   -2.63122e-02   4.57498e-04 ADIIS/DIIS
   @DF-RKS iter   8:  -306.15092487287666   -8.37088e-04   3.32464e-04 ADIIS/DIIS
   @DF-RKS iter   9:  -306.15149751782934   -5.72645e-04   1.02406e-04 ADIIS/DIIS
   @DF-RKS iter  10:  -306.15155231733416   -5.47995e-05   5.59108e-05 DIIS
   @DF-RKS iter  11:  -306.15156372821764   -1.14109e-05   4.09821e-05 DIIS
   @DF-RKS iter  12:  -306.15157376133141   -1.00331e-05   7.72525e-06 DIIS
   @DF-RKS iter  13:  -306.15157429539107   -5.34060e-07   1.59148e-06 DIIS
   @DF-RKS iter  14:  -306.15157434646380   -5.10727e-08   8.78766e-07 DIIS
   @DF-RKS iter  15:  -306.15157438446261   -3.79988e-08   3.42313e-07 DIIS
   @DF-RKS iter  16:  -306.15157439267966   -8.21706e-09   1.06805e-07 DIIS
   @DF-RKS iter  17:  -306.15157439324588   -5.66217e-10   4.99921e-08 DIIS
  Energy and wave function converged.


  ==> Post-Iterations <==

   Electrons on quadrature grid:
      Ntotal   =   46.0000339813 ; deviation = 3.398e-05 

    Orbital Energies [Eh]
    ---------------------

    Doubly Occupied:                                                      

       1A    -19.423361     2A    -19.257920     3A    -10.428571  
       4A    -10.354439     5A    -10.348738     6A    -10.345561  
       7A     -1.271073     8A     -0.980073     9A     -0.892479  
      10A     -0.826078    11A     -0.742015    12A     -0.643933  
      13A     -0.600048    14A     -0.575475    15A     -0.564131  
      16A     -0.537748    17A     -0.513251    18A     -0.500187  
      19A     -0.476949    20A     -0.439998    21A     -0.384374  
      22A     -0.311123    23A     -0.296853  

    Virtual:                                                              

      24A     -0.029955    25A      0.077660    26A      0.138351  
      27A      0.170525    28A      0.194223    29A      0.213769  
      30A      0.216630    31A      0.224242    32A      0.244428  
      33A      0.271685    34A      0.322428    35A      0.392751  
      36A      0.411063    37A      0.560614    38A      0.582580  
      39A      0.603243    40A      0.620629    41A      0.651019  
      42A      0.660442    43A      0.698742    44A      0.711912  
      45A      0.723458    46A      0.775376    47A      0.828111  
      48A      0.876231    49A      0.892087    50A      0.910896  
      51A      0.918995    52A      0.926679    53A      0.948301  
      54A      0.974119    55A      0.997927    56A      1.029309  
      57A      1.035469    58A      1.081833    59A      1.139698  
      60A      1.146126    61A      1.166791    62A      1.201082  
      63A      1.333331    64A      1.349772    65A      1.413681  
      66A      1.459057    67A      1.510062    68A      1.573661  
      69A      1.611437    70A      1.719839    71A      1.726506  
      72A      1.747976    73A      1.804803    74A      1.829045  
      75A      1.890948    76A      1.904202    77A      1.951638  
      78A      1.984974    79A      2.045516    80A      2.103031  
      81A      2.143326    82A      2.180498    83A      2.248423  
      84A      2.289142    85A      2.299766    86A      2.341904  
      87A      2.426793    88A      2.438882    89A      2.500301  
      90A      2.529036    91A      2.660711    92A      2.703844  
      93A      2.841377    94A      2.868007    95A      3.052680  
      96A      3.188985    97A      3.564478    98A      4.053964  
      99A      4.089078   100A      4.225234   101A      4.312359  
     102A      4.550217  

    Final Occupation by Irrep:
              A 
    DOCC [    23 ]
    NA   [    23 ]
    NB   [    23 ]

  @DF-RKS Final Energy:  -306.15157439324588

   => Energetics <=

    Nuclear Repulsion Energy =            215.7750805288123956
    One-Electron Energy =                -843.3276601236732404
    Two-Electron Energy =                 349.5057445805823022
    DFT Exchange-Correlation Energy =     -28.1003807148333671
    Empirical Dispersion Energy =          -0.0043586641339547
    VV10 Nonlocal Energy =                  0.0000000000000000
    Total Energy =                       -306.1515743932458804

Computation Completed


Properties will be evaluated at   0.000000,   0.000000,   0.000000 [a0]

Properties computed using the SCF density matrix


 Multipole Moments:

 ------------------------------------------------------------------------------------
     Multipole            Electronic (a.u.)      Nuclear  (a.u.)        Total (a.u.)
 ------------------------------------------------------------------------------------

 L = 1.  Multiply by 2.5417464519 to convert [e a0] to [Debye]
 Dipole X            :         -1.4582024           -0.4499297           -1.9081321
 Dipole Y            :          0.8754873           -0.2945478            0.5809396
 Dipole Z            :          0.7490349           -0.7124394            0.0365955
 Magnitude           :                                                    1.9949432

 ------------------------------------------------------------------------------------

*** tstop() called on cst14372 at Tue Apr 21 11:25:22 2026
Module time:
	user time   =      28.01 seconds =       0.47 minutes
	system time =       0.40 seconds =       0.01 minutes
	total time  =         14 seconds =       0.23 minutes
Total time:
	user time   =    3050.08 seconds =      50.83 minutes
	system time =      44.47 seconds =       0.74 minutes
	total time  =       1475 seconds =      24.58 minutes

Scratch directory: /tmp/
gradient() will perform analytic gradient computation.

*** tstart() called on cst14372
*** at Tue Apr 21 11:25:22 2026


         ------------------------------------------------------------
                                   SCF GRAD                          
                          Rob Parrish, Justin Turney,                
                       Andy Simmonett, and Alex Sokolov              
         ------------------------------------------------------------

  ==> Geometry <==

    Molecular point group: c1
    Full point group: C1

    Geometry (in Angstrom), charge = 0, multiplicity = 1:

       Center              X                  Y                   Z               Mass       
    ------------   -----------------  -----------------  -----------------  -----------------
         C            0.056926745900     0.309686774200     0.194150719500    12.000000000000
         O            1.396326116600     0.396071564200     0.056399656800    15.994914619570
         O            2.164719997800    -0.698791181000    -0.006412360900    15.994914619570
         C           -0.771696722500    -0.993684818700     0.063243260900    12.000000000000
         C           -2.088768906900    -1.056501226300    -0.333157661500    12.000000000000
         C           -0.692976239600     1.722549573500     0.074026209700    12.000000000000
         H           -0.318709176900    -1.812511698100     0.703033689600     1.007825032230
         H           -2.569893975100    -0.168059336600    -0.863760419100     1.007825032230
         H           -2.620864804700    -1.988222830100    -0.381699070300     1.007825032230
         H            0.198204131600     2.327351497200    -0.163567675200     1.007825032230
         H           -1.179956867400     2.259055278900     0.933162018000     1.007825032230
         H           -1.256150042600     1.755974248900    -0.993648772400     1.007825032230

  Nuclear repulsion =  215.775080528812396

  ==> Basis Set <==

  Basis Set: 6-31G*
    Blend: 6-31G*
    Number of shells: 48
    Number of basis functions: 102
    Number of Cartesian functions: 102
    Spherical Harmonics?: false
    Max angular momentum: 2

  ==> DFJKGrad: Density-Fitted SCF Gradients <==

    Gradient:                    1
    J tasked:                  Yes
    K tasked:                  Yes
    wK tasked:                 Yes
    Omega:               2.000E-01
    OpenMP threads:              4
    Integrals threads:           4
    Memory [MiB]:             4291
    Schwarz Cutoff:          1E-12
    Fitting Condition:       1E-10

   => Auxiliary Basis Set <=

  Basis Set: (6-31G* AUX)
    Blend: CC-PVDZ-JKFIT
    Number of shells: 198
    Number of basis functions: 636
    Number of Cartesian functions: 636
    Spherical Harmonics?: false
    Max angular momentum: 3

  ==> DFT Potential <==

   => LibXC <=

    Version 7.0.0
    S. Lehtola, C. Steigemann, M. J.T. Oliveira, and M. A.L. Marques.,  SoftwareX 7, 1–5 (2018) (10.1016/j.softx.2017.11.002)

   => Composite Functional: WB97X-D <= 

    wB97X-D Hyb-GGA Exchange-Correlation Functional

    J.-D. Chai and M. Head-Gordon.,  Phys. Chem. Chem. Phys. 10, 6615-6620 (2008) (10.1039/B810189B)

    Deriv               =              1
    GGA                 =           TRUE
    Meta                =          FALSE

    Exchange Hybrid     =           TRUE
    MP2 Hybrid          =          FALSE

   => Exchange-Correlation Functionals <=

    1.0000   wB97X-D range-separated functional

   => Exact (HF) Exchange <=

    0.7780            HF,LR [omega = 0.2000]
    0.2220               HF 

   => LibXC Density Thresholds  <==

    XC_HYB_GGA_XC_WB97X_D:  1.00E-14 

   => Molecular Quadrature <=

    Radial Scheme          =       TREUTLER
    Pruning Scheme         =           NONE
    Nuclear Scheme         =       TREUTLER

    Blocking Scheme        =         OCTREE
    BS radius alpha        =              1
    Pruning alpha          =              1
    Radial Points          =             75
    Spherical Points       =            302
    Total Points           =         255200
    Total Blocks           =           1935
    Max Points             =            256
    Max Functions          =            100
    Weights Tolerance      =       1.00E-15


  -Total Gradient:
     Atom            X                  Y                   Z
    ------   -----------------  -----------------  -----------------
       1        0.008645448806    -0.005872665386     0.029910054755
       2        0.069705603644     0.009390528792    -0.017099667944
       3        0.013194535637    -0.003920550864     0.000894546797
       4       -0.005412779663    -0.012736989024    -0.042785649476
       5       -0.040543366425    -0.039056601170     0.018708998441
       6       -0.038343951259     0.009867852756     0.049694907392
       7        0.008323898714    -0.010933246850     0.028192824633
       8       -0.011832562415     0.024956435278    -0.016955283429
       9        0.003540918977     0.006460759504    -0.006254500986
      10        0.005730876201    -0.008373523963    -0.003033293410
      11        0.000006369080     0.026097323545     0.014012793382
      12       -0.013006527320     0.004245746027    -0.055249390945


*** tstop() called on cst14372 at Tue Apr 21 11:25:24 2026
Module time:
	user time   =       3.73 seconds =       0.06 minutes
	system time =       0.07 seconds =       0.00 minutes
	total time  =          2 seconds =       0.03 minutes
Total time:
	user time   =    3053.83 seconds =      50.90 minutes
	system time =      44.54 seconds =       0.74 minutes
	total time  =       1477 seconds =      24.62 minutes

Scratch directory: /tmp/
   => Libint2 <=

    Primary   basis highest AM E, G, H:  6, 6, 3
    Auxiliary basis highest AM E, G, H:  7, 7, 4
    Onebody   basis highest AM E, G, H:  -, -, -
    Solid Harmonics ordering:            Gaussian

*** tstart() called on cst14372
*** at Tue Apr 21 11:25:24 2026

   => Loading Basis Set <=

    Name: 6-31G*
    Role: ORBITAL
    Keyword: BASIS
    atoms 1, 4-6 entry C          line   111 file /Users/jmsmith1/anaconda3/envs/jupyterenv/share/psi4/basis/6-31gs.gbs 
    atoms 2-3    entry O          line   145 file /Users/jmsmith1/anaconda3/envs/jupyterenv/share/psi4/basis/6-31gs.gbs 
    atoms 7-12   entry H          line    44 file /Users/jmsmith1/anaconda3/envs/jupyterenv/share/psi4/basis/6-31gs.gbs 

   => WB97X-D: Empirical Dispersion <=

    Chai and Head-Gordon Dispersion Correction
    Chai, J.-D.; Head-Gordon, M. (2010), J. Chem. Phys., 132: 6615-6620

        s6 =       1.000000


         ---------------------------------------------------------
                                   SCF
               by Justin Turney, Rob Parrish, Andy Simmonett
                          and Daniel G. A. Smith
                              RKS Reference
                        4 Threads,   5722 MiB Core
         ---------------------------------------------------------

  ==> Geometry <==

    Molecular point group: c1
    Full point group: C1

    Geometry (in Angstrom), charge = 0, multiplicity = 1:

       Center              X                  Y                   Z               Mass       
    ------------   -----------------  -----------------  -----------------  -----------------
         C            0.056106492200     0.307323963400     0.197427257300    12.000000000000
         O            1.393839276100     0.399230034000     0.058371412500    15.994914619570
         O            2.168890383400    -0.695399743300    -0.006645852900    15.994914619570
         C           -0.775294363100    -0.996234902700     0.066571720600    12.000000000000
         C           -2.087638603600    -1.058298027400    -0.342110622600    12.000000000000
         C           -0.692546384700     1.722728954100     0.074886858900    12.000000000000
         H           -0.303897308800    -1.815318103500     0.712392177000     1.007825032230
         H           -2.568024376300    -0.169041275400    -0.882251713700     1.007825032230
         H           -2.610486759200    -1.997813169600    -0.379790931900     1.007825032230
         H            0.194629372500     2.335832735900    -0.167375456300     1.007825032230
         H           -1.184400225400     2.251516390100     0.951841392700     1.007825032230
         H           -1.267986366800     1.742427558800    -1.010990587700     1.007825032230

  Running in c1 symmetry.

  Rotational constants: A =      0.17314  B =      0.08680  C =      0.05961 [cm^-1]
  Rotational constants: A =   5190.54824  B =   2602.25259  C =   1787.10920 [MHz]
  Nuclear repulsion =  215.468600275906397

  Charge       = 0
  Multiplicity = 1
  Electrons    = 46
  Nalpha       = 23
  Nbeta        = 23

  ==> Algorithm <==

  SCF Algorithm Type is DF.
  DIIS enabled.
  MOM disabled.
  Fractional occupation disabled.
  Guess Type is SAD.
  Energy threshold   = 1.00e-07
  Density threshold  = 1.00e-07
  Integral threshold = 1.00e-12

  ==> Primary Basis <==

  Basis Set: 6-31G*
    Blend: 6-31G*
    Number of shells: 48
    Number of basis functions: 102
    Number of Cartesian functions: 102
    Spherical Harmonics?: false
    Max angular momentum: 2

  ==> DFT Potential <==

   => LibXC <=

    Version 7.0.0
    S. Lehtola, C. Steigemann, M. J.T. Oliveira, and M. A.L. Marques.,  SoftwareX 7, 1–5 (2018) (10.1016/j.softx.2017.11.002)

   => Composite Functional: WB97X-D <= 

    wB97X-D Hyb-GGA Exchange-Correlation Functional

    J.-D. Chai and M. Head-Gordon.,  Phys. Chem. Chem. Phys. 10, 6615-6620 (2008) (10.1039/B810189B)

    Deriv               =              1
    GGA                 =           TRUE
    Meta                =          FALSE

    Exchange Hybrid     =           TRUE
    MP2 Hybrid          =          FALSE

   => Exchange-Correlation Functionals <=

    1.0000   wB97X-D range-separated functional

   => Exact (HF) Exchange <=

    0.7780            HF,LR [omega = 0.2000]
    0.2220               HF 

   => LibXC Density Thresholds  <==

    XC_HYB_GGA_XC_WB97X_D:  1.00E-14 

   => Molecular Quadrature <=

    Radial Scheme          =       TREUTLER
    Pruning Scheme         =           NONE
    Nuclear Scheme         =       TREUTLER

    Blocking Scheme        =         OCTREE
    BS radius alpha        =              1
    Pruning alpha          =              1
    Radial Points          =             75
    Spherical Points       =            302
    Total Points           =         255235
    Total Blocks           =           1924
    Max Points             =            256
    Max Functions          =            100
    Weights Tolerance      =       1.00E-15

   => Loading Basis Set <=

    Name: (6-31G* AUX)
    Role: JKFIT
    Keyword: DF_BASIS_SCF
    atoms 1, 4-6 entry C          line   121 file /Users/jmsmith1/anaconda3/envs/jupyterenv/share/psi4/basis/cc-pvdz-jkfit.gbs 
    atoms 2-3    entry O          line   221 file /Users/jmsmith1/anaconda3/envs/jupyterenv/share/psi4/basis/cc-pvdz-jkfit.gbs 
    atoms 7-12   entry H          line    51 file /Users/jmsmith1/anaconda3/envs/jupyterenv/share/psi4/basis/cc-pvdz-jkfit.gbs 

  ==> Integral Setup <==

  DFHelper Memory: AOs need 0.150 GiB; user supplied 3.611 GiB. 
  SCF_SUBTYPE=INCORE selected. In-core MEM_DF algorithm will be used.
  Using in-core AOs.

  ==> MemDFJK: Density-Fitted J/K Matrices <==

    J tasked:                   Yes
    K tasked:                   Yes
    wK tasked:                  Yes
    Omega:                2.000E-01
    OpenMP threads:               4
    Memory [MiB]:              3697
    Algorithm:                 Core
    Schwarz Cutoff:           1E-12
    Mask sparsity (%):       2.0953
    Fitting Condition:        1E-10

   => Auxiliary Basis Set <=

  Basis Set: (6-31G* AUX)
    Blend: CC-PVDZ-JKFIT
    Number of shells: 198
    Number of basis functions: 636
    Number of Cartesian functions: 636
    Spherical Harmonics?: false
    Max angular momentum: 3

  Cached 100.0% of DFT collocation blocks in 0.580 [GiB].

  Minimum eigenvalue in the overlap matrix is 4.4184413909E-03.
  Reciprocal condition number of the overlap matrix is 6.7744814002E-04.
    Using symmetric orthogonalization.

  ==> Pre-Iterations <==

  SCF Guess: Superposition of Atomic Densities via on-the-fly atomic UHF (no occupation information).

   -------------------------
    Irrep   Nso     Nmo    
   -------------------------
     A        102     102 
   -------------------------
    Total     102     102
   -------------------------

  ==> Iterations <==

                           Total Energy        Delta E     RMS |[F,P]|

   @DF-RKS iter SAD:  -299.52086104494816   -2.99521e+02   0.00000e+00 
   @DF-RKS iter   1:  -297.13915911154328    2.38170e+00   3.25982e-02 ADIIS/DIIS
   @DF-RKS iter   2:  -275.29245225863724    2.18467e+01   6.15451e-02 ADIIS/DIIS
   @DF-RKS iter   3:  -304.67238549979510   -2.93799e+01   1.70491e-02 ADIIS/DIIS
   @DF-RKS iter   4:  -302.59759601382194    2.07479e+00   2.38152e-02 ADIIS/DIIS
   @DF-RKS iter   5:  -306.04383357422273   -3.44624e+00   3.91902e-03 ADIIS/DIIS
   @DF-RKS iter   6:  -306.11844496863705   -7.46114e-02   2.34978e-03 ADIIS/DIIS
   @DF-RKS iter   7:  -306.14663540998640   -2.81904e-02   4.86518e-04 ADIIS/DIIS
   @DF-RKS iter   8:  -306.14770525760537   -1.06985e-03   3.34536e-04 ADIIS/DIIS
   @DF-RKS iter   9:  -306.14826923071672   -5.63973e-04   1.25495e-04 ADIIS/DIIS
   @DF-RKS iter  10:  -306.14834066457439   -7.14339e-05   6.56351e-05 DIIS
   @DF-RKS iter  11:  -306.14835555579441   -1.48912e-05   4.90487e-05 DIIS
   @DF-RKS iter  12:  -306.14836946343468   -1.39076e-05   7.93993e-06 DIIS
   @DF-RKS iter  13:  -306.14837000753084   -5.44096e-07   1.77142e-06 DIIS
   @DF-RKS iter  14:  -306.14837005612588   -4.85950e-08   9.89464e-07 DIIS
   @DF-RKS iter  15:  -306.14837008661726   -3.04914e-08   4.44663e-07 DIIS
   @DF-RKS iter  16:  -306.14837009590843   -9.29117e-09   2.21418e-07 DIIS
   @DF-RKS iter  17:  -306.14837009896587   -3.05744e-09   8.02926e-08 DIIS
  Energy and wave function converged.


  ==> Post-Iterations <==

   Electrons on quadrature grid:
      Ntotal   =   46.0000353197 ; deviation = 3.532e-05 

    Orbital Energies [Eh]
    ---------------------

    Doubly Occupied:                                                      

       1A    -19.422719     2A    -19.257387     3A    -10.428738  
       4A    -10.355937     5A    -10.352103     6A    -10.346579  
       7A     -1.269131     8A     -0.979400     9A     -0.892438  
      10A     -0.823907    11A     -0.741393    12A     -0.642581  
      13A     -0.599027    14A     -0.574164    15A     -0.563115  
      16A     -0.537151    17A     -0.511410    18A     -0.500430  
      19A     -0.475519    20A     -0.438761    21A     -0.384756  
      22A     -0.310814    23A     -0.296766  

    Virtual:                                                              

      24A     -0.029920    25A      0.077552    26A      0.133460  
      27A      0.169724    28A      0.190905    29A      0.211469  
      30A      0.213948    31A      0.222072    32A      0.242311  
      33A      0.270105    34A      0.321151    35A      0.391990  
      36A      0.410055    37A      0.560182    38A      0.582869  
      39A      0.604014    40A      0.621523    41A      0.649836  
      42A      0.660925    43A      0.700220    44A      0.713277  
      45A      0.722905    46A      0.772944    47A      0.827324  
      48A      0.874633    49A      0.890647    50A      0.907166  
      51A      0.914687    52A      0.923605    53A      0.949164  
      54A      0.969422    55A      0.995250    56A      1.026574  
      57A      1.035545    58A      1.082209    59A      1.141103  
      60A      1.145937    61A      1.167247    62A      1.201985  
      63A      1.332591    64A      1.350086    65A      1.413311  
      66A      1.460061    67A      1.507769    68A      1.571327  
      69A      1.610817    70A      1.716982    71A      1.724571  
      72A      1.747577    73A      1.804848    74A      1.831097  
      75A      1.890546    76A      1.906778    77A      1.952325  
      78A      1.981403    79A      2.044350    80A      2.100949  
      81A      2.138698    82A      2.169322    83A      2.240605  
      84A      2.283629    85A      2.295276    86A      2.337999  
      87A      2.422493    88A      2.438476    89A      2.498546  
      90A      2.525733    91A      2.657977    92A      2.700475  
      93A      2.839349    94A      2.864750    95A      3.052007  
      96A      3.190777    97A      3.563513    98A      4.052710  
      99A      4.086805   100A      4.222900   101A      4.309014  
     102A      4.548977  

    Final Occupation by Irrep:
              A 
    DOCC [    23 ]
    NA   [    23 ]
    NB   [    23 ]

  @DF-RKS Final Energy:  -306.14837009896587

   => Energetics <=

    Nuclear Repulsion Energy =            215.4686002759063967
    One-Electron Energy =                -842.7381329488646315
    Two-Electron Energy =                 349.2115974308886734
    DFT Exchange-Correlation Energy =     -28.0860522334161402
    Empirical Dispersion Energy =          -0.0043826234801677
    VV10 Nonlocal Energy =                  0.0000000000000000
    Total Energy =                       -306.1483700989658701

Computation Completed


Properties will be evaluated at   0.000000,   0.000000,   0.000000 [a0]

Properties computed using the SCF density matrix


 Multipole Moments:

 ------------------------------------------------------------------------------------
     Multipole            Electronic (a.u.)      Nuclear  (a.u.)        Total (a.u.)
 ------------------------------------------------------------------------------------

 L = 1.  Multiply by 2.5417464519 to convert [e a0] to [Debye]
 Dipole X            :         -1.4724800           -0.4432646           -1.9157446
 Dipole Y            :          0.8910732           -0.3186713            0.5724018
 Dipole Z            :          0.7623088           -0.7213450            0.0409637
 Magnitude           :                                                    1.9998498

 ------------------------------------------------------------------------------------

*** tstop() called on cst14372 at Tue Apr 21 11:25:37 2026
Module time:
	user time   =      27.92 seconds =       0.47 minutes
	system time =       0.36 seconds =       0.01 minutes
	total time  =         13 seconds =       0.22 minutes
Total time:
	user time   =    3081.77 seconds =      51.36 minutes
	system time =      44.91 seconds =       0.75 minutes
	total time  =       1490 seconds =      24.83 minutes

Scratch directory: /tmp/
gradient() will perform analytic gradient computation.

*** tstart() called on cst14372
*** at Tue Apr 21 11:25:37 2026


         ------------------------------------------------------------
                                   SCF GRAD                          
                          Rob Parrish, Justin Turney,                
                       Andy Simmonett, and Alex Sokolov              
         ------------------------------------------------------------

  ==> Geometry <==

    Molecular point group: c1
    Full point group: C1

    Geometry (in Angstrom), charge = 0, multiplicity = 1:

       Center              X                  Y                   Z               Mass       
    ------------   -----------------  -----------------  -----------------  -----------------
         C            0.056106492200     0.307323963400     0.197427257300    12.000000000000
         O            1.393839276100     0.399230034000     0.058371412500    15.994914619570
         O            2.168890383400    -0.695399743300    -0.006645852900    15.994914619570
         C           -0.775294363100    -0.996234902700     0.066571720600    12.000000000000
         C           -2.087638603600    -1.058298027400    -0.342110622600    12.000000000000
         C           -0.692546384700     1.722728954100     0.074886858900    12.000000000000
         H           -0.303897308800    -1.815318103500     0.712392177000     1.007825032230
         H           -2.568024376300    -0.169041275400    -0.882251713700     1.007825032230
         H           -2.610486759200    -1.997813169600    -0.379790931900     1.007825032230
         H            0.194629372500     2.335832735900    -0.167375456300     1.007825032230
         H           -1.184400225400     2.251516390100     0.951841392700     1.007825032230
         H           -1.267986366800     1.742427558800    -1.010990587700     1.007825032230

  Nuclear repulsion =  215.468600275906397

  ==> Basis Set <==

  Basis Set: 6-31G*
    Blend: 6-31G*
    Number of shells: 48
    Number of basis functions: 102
    Number of Cartesian functions: 102
    Spherical Harmonics?: false
    Max angular momentum: 2

  ==> DFJKGrad: Density-Fitted SCF Gradients <==

    Gradient:                    1
    J tasked:                  Yes
    K tasked:                  Yes
    wK tasked:                 Yes
    Omega:               2.000E-01
    OpenMP threads:              4
    Integrals threads:           4
    Memory [MiB]:             4291
    Schwarz Cutoff:          1E-12
    Fitting Condition:       1E-10

   => Auxiliary Basis Set <=

  Basis Set: (6-31G* AUX)
    Blend: CC-PVDZ-JKFIT
    Number of shells: 198
    Number of basis functions: 636
    Number of Cartesian functions: 636
    Spherical Harmonics?: false
    Max angular momentum: 3

  ==> DFT Potential <==

   => LibXC <=

    Version 7.0.0
    S. Lehtola, C. Steigemann, M. J.T. Oliveira, and M. A.L. Marques.,  SoftwareX 7, 1–5 (2018) (10.1016/j.softx.2017.11.002)

   => Composite Functional: WB97X-D <= 

    wB97X-D Hyb-GGA Exchange-Correlation Functional

    J.-D. Chai and M. Head-Gordon.,  Phys. Chem. Chem. Phys. 10, 6615-6620 (2008) (10.1039/B810189B)

    Deriv               =              1
    GGA                 =           TRUE
    Meta                =          FALSE

    Exchange Hybrid     =           TRUE
    MP2 Hybrid          =          FALSE

   => Exchange-Correlation Functionals <=

    1.0000   wB97X-D range-separated functional

   => Exact (HF) Exchange <=

    0.7780            HF,LR [omega = 0.2000]
    0.2220               HF 

   => LibXC Density Thresholds  <==

    XC_HYB_GGA_XC_WB97X_D:  1.00E-14 

   => Molecular Quadrature <=

    Radial Scheme          =       TREUTLER
    Pruning Scheme         =           NONE
    Nuclear Scheme         =       TREUTLER

    Blocking Scheme        =         OCTREE
    BS radius alpha        =              1
    Pruning alpha          =              1
    Radial Points          =             75
    Spherical Points       =            302
    Total Points           =         255235
    Total Blocks           =           1924
    Max Points             =            256
    Max Functions          =            100
    Weights Tolerance      =       1.00E-15


  -Total Gradient:
     Atom            X                  Y                   Z
    ------   -----------------  -----------------  -----------------
       1        0.008378048468    -0.008265312986     0.031127246794
       2        0.067973256943     0.012204100256    -0.017080322194
       3        0.014470937202    -0.005553156328     0.000696446216
       4       -0.010764716033    -0.011541423047    -0.044494152531
       5       -0.039603877642    -0.037279961791     0.017889598878
       6       -0.032908583187     0.009077985369     0.049116913189
       7        0.012600985473    -0.014166967732     0.030991979420
       8       -0.012691298997     0.027253241046    -0.018433617732
       9        0.004035106098     0.004549088855    -0.005263373682
      10        0.007189390534    -0.006768218059    -0.003556163799
      11       -0.002509405512     0.027811619708     0.020480943735
      12       -0.016166788660     0.002729584537    -0.061383236708


*** tstop() called on cst14372 at Tue Apr 21 11:25:39 2026
Module time:
	user time   =       3.61 seconds =       0.06 minutes
	system time =       0.06 seconds =       0.00 minutes
	total time  =          2 seconds =       0.03 minutes
Total time:
	user time   =    3085.40 seconds =      51.42 minutes
	system time =      44.97 seconds =       0.75 minutes
	total time  =       1492 seconds =      24.87 minutes

Scratch directory: /tmp/
   => Libint2 <=

    Primary   basis highest AM E, G, H:  6, 6, 3
    Auxiliary basis highest AM E, G, H:  7, 7, 4
    Onebody   basis highest AM E, G, H:  -, -, -
    Solid Harmonics ordering:            Gaussian

*** tstart() called on cst14372
*** at Tue Apr 21 11:25:39 2026

   => Loading Basis Set <=

    Name: 6-31G*
    Role: ORBITAL
    Keyword: BASIS
    atoms 1, 4-6 entry C          line   111 file /Users/jmsmith1/anaconda3/envs/jupyterenv/share/psi4/basis/6-31gs.gbs 
    atoms 2-3    entry O          line   145 file /Users/jmsmith1/anaconda3/envs/jupyterenv/share/psi4/basis/6-31gs.gbs 
    atoms 7-12   entry H          line    44 file /Users/jmsmith1/anaconda3/envs/jupyterenv/share/psi4/basis/6-31gs.gbs 

   => WB97X-D: Empirical Dispersion <=

    Chai and Head-Gordon Dispersion Correction
    Chai, J.-D.; Head-Gordon, M. (2010), J. Chem. Phys., 132: 6615-6620

        s6 =       1.000000


         ---------------------------------------------------------
                                   SCF
               by Justin Turney, Rob Parrish, Andy Simmonett
                          and Daniel G. A. Smith
                              RKS Reference
                        4 Threads,   5722 MiB Core
         ---------------------------------------------------------

  ==> Geometry <==

    Molecular point group: c1
    Full point group: C1

    Geometry (in Angstrom), charge = 0, multiplicity = 1:

       Center              X                  Y                   Z               Mass       
    ------------   -----------------  -----------------  -----------------  -----------------
         C            0.055260511800     0.304980821500     0.200619598800    12.000000000000
         O            1.391200254800     0.402367672000     0.060383833400    15.994914619570
         O            2.173036833500    -0.691990132100    -0.006881278700    15.994914619570
         C           -0.778867323800    -0.998756172400     0.070034959300    12.000000000000
         C           -2.086391633900    -1.059990159000    -0.351131484900    12.000000000000
         C           -0.692020503800     1.722882382000     0.075606891800    12.000000000000
         H           -0.289493368600    -1.817640954300     0.720698626000     1.007825032230
         H           -2.565713698000    -0.170964925500    -0.900140542800     1.007825032230
         H           -2.600229194700    -2.007577672100    -0.377697828000     1.007825032230
         H            0.190800220200     2.344562676600    -0.171067444500     1.007825032230
         H           -1.188765036700     2.243004725500     0.969848029700     1.007825032230
         H           -1.279286423600     1.728762335200    -1.026246568500     1.007825032230

  Running in c1 symmetry.

  Rotational constants: A =      0.17278  B =      0.08664  C =      0.05956 [cm^-1]
  Rotational constants: A =   5179.89280  B =   2597.36595  C =   1785.63161 [MHz]
  Nuclear repulsion =  215.184922457057297

  Charge       = 0
  Multiplicity = 1
  Electrons    = 46
  Nalpha       = 23
  Nbeta        = 23

  ==> Algorithm <==

  SCF Algorithm Type is DF.
  DIIS enabled.
  MOM disabled.
  Fractional occupation disabled.
  Guess Type is SAD.
  Energy threshold   = 1.00e-07
  Density threshold  = 1.00e-07
  Integral threshold = 1.00e-12

  ==> Primary Basis <==

  Basis Set: 6-31G*
    Blend: 6-31G*
    Number of shells: 48
    Number of basis functions: 102
    Number of Cartesian functions: 102
    Spherical Harmonics?: false
    Max angular momentum: 2

  ==> DFT Potential <==

   => LibXC <=

    Version 7.0.0
    S. Lehtola, C. Steigemann, M. J.T. Oliveira, and M. A.L. Marques.,  SoftwareX 7, 1–5 (2018) (10.1016/j.softx.2017.11.002)

   => Composite Functional: WB97X-D <= 

    wB97X-D Hyb-GGA Exchange-Correlation Functional

    J.-D. Chai and M. Head-Gordon.,  Phys. Chem. Chem. Phys. 10, 6615-6620 (2008) (10.1039/B810189B)

    Deriv               =              1
    GGA                 =           TRUE
    Meta                =          FALSE

    Exchange Hybrid     =           TRUE
    MP2 Hybrid          =          FALSE

   => Exchange-Correlation Functionals <=

    1.0000   wB97X-D range-separated functional

   => Exact (HF) Exchange <=

    0.7780            HF,LR [omega = 0.2000]
    0.2220               HF 

   => LibXC Density Thresholds  <==

    XC_HYB_GGA_XC_WB97X_D:  1.00E-14 

   => Molecular Quadrature <=

    Radial Scheme          =       TREUTLER
    Pruning Scheme         =           NONE
    Nuclear Scheme         =       TREUTLER

    Blocking Scheme        =         OCTREE
    BS radius alpha        =              1
    Pruning alpha          =              1
    Radial Points          =             75
    Spherical Points       =            302
    Total Points           =         255287
    Total Blocks           =           1931
    Max Points             =            256
    Max Functions          =            100
    Weights Tolerance      =       1.00E-15

   => Loading Basis Set <=

    Name: (6-31G* AUX)
    Role: JKFIT
    Keyword: DF_BASIS_SCF
    atoms 1, 4-6 entry C          line   121 file /Users/jmsmith1/anaconda3/envs/jupyterenv/share/psi4/basis/cc-pvdz-jkfit.gbs 
    atoms 2-3    entry O          line   221 file /Users/jmsmith1/anaconda3/envs/jupyterenv/share/psi4/basis/cc-pvdz-jkfit.gbs 
    atoms 7-12   entry H          line    51 file /Users/jmsmith1/anaconda3/envs/jupyterenv/share/psi4/basis/cc-pvdz-jkfit.gbs 

  ==> Integral Setup <==

  DFHelper Memory: AOs need 0.150 GiB; user supplied 3.611 GiB. 
  SCF_SUBTYPE=INCORE selected. In-core MEM_DF algorithm will be used.
  Using in-core AOs.

  ==> MemDFJK: Density-Fitted J/K Matrices <==

    J tasked:                   Yes
    K tasked:                   Yes
    wK tasked:                  Yes
    Omega:                2.000E-01
    OpenMP threads:               4
    Memory [MiB]:              3697
    Algorithm:                 Core
    Schwarz Cutoff:           1E-12
    Mask sparsity (%):       2.1146
    Fitting Condition:        1E-10

   => Auxiliary Basis Set <=

  Basis Set: (6-31G* AUX)
    Blend: CC-PVDZ-JKFIT
    Number of shells: 198
    Number of basis functions: 636
    Number of Cartesian functions: 636
    Spherical Harmonics?: false
    Max angular momentum: 3

  Cached 100.0% of DFT collocation blocks in 0.580 [GiB].

  Minimum eigenvalue in the overlap matrix is 4.4053308837E-03.
  Reciprocal condition number of the overlap matrix is 6.7669536916E-04.
    Using symmetric orthogonalization.

  ==> Pre-Iterations <==

  SCF Guess: Superposition of Atomic Densities via on-the-fly atomic UHF (no occupation information).

   -------------------------
    Irrep   Nso     Nmo    
   -------------------------
     A        102     102 
   -------------------------
    Total     102     102
   -------------------------

  ==> Iterations <==

                           Total Energy        Delta E     RMS |[F,P]|

   @DF-RKS iter SAD:  -299.47088537781741   -2.99471e+02   0.00000e+00 
   @DF-RKS iter   1:  -297.14839277591523    2.32249e+00   3.25492e-02 ADIIS/DIIS
   @DF-RKS iter   2:  -275.22589137019111    2.19225e+01   6.15834e-02 ADIIS/DIIS
   @DF-RKS iter   3:  -304.65536573585831   -2.94295e+01   1.71092e-02 ADIIS/DIIS
   @DF-RKS iter   4:  -301.93173183519798    2.72363e+00   2.38940e-02 ADIIS/DIIS
   @DF-RKS iter   5:  -305.99564216105404   -4.06391e+00   4.70711e-03 ADIIS/DIIS
   @DF-RKS iter   6:  -306.11090019463143   -1.15258e-01   2.43446e-03 ADIIS/DIIS
   @DF-RKS iter   7:  -306.14213688784668   -3.12367e-02   6.14600e-04 ADIIS/DIIS
   @DF-RKS iter   8:  -306.14417363948598   -2.03675e-03   3.41681e-04 ADIIS/DIIS
   @DF-RKS iter   9:  -306.14476645820014   -5.92819e-04   1.63017e-04 ADIIS/DIIS
   @DF-RKS iter  10:  -306.14486925127153   -1.02793e-04   8.46560e-05 DIIS
   @DF-RKS iter  11:  -306.14489031459573   -2.10633e-05   6.50591e-05 DIIS
   @DF-RKS iter  12:  -306.14491301752724   -2.27029e-05   1.42998e-05 DIIS
   @DF-RKS iter  13:  -306.14491454684025   -1.52931e-06   1.83578e-06 DIIS
   @DF-RKS iter  14:  -306.14491460199366   -5.51534e-08   1.47062e-06 DIIS
   @DF-RKS iter  15:  -306.14491462780580   -2.58121e-08   5.34013e-07 DIIS
   @DF-RKS iter  16:  -306.14491463961991   -1.18141e-08   2.51106e-07 DIIS
   @DF-RKS iter  17:  -306.14491464469660   -5.07669e-09   1.21032e-07 DIIS
   @DF-RKS iter  18:  -306.14491464522405   -5.27450e-10   2.90661e-08 DIIS
  Energy and wave function converged.


  ==> Post-Iterations <==

   Electrons on quadrature grid:
      Ntotal   =   46.0000358806 ; deviation = 3.588e-05 

    Orbital Energies [Eh]
    ---------------------

    Doubly Occupied:                                                      

       1A    -19.422054     2A    -19.256834     3A    -10.428901  
       4A    -10.357350     5A    -10.355176     6A    -10.347552  
       7A     -1.267205     8A     -0.978742     9A     -0.892465  
      10A     -0.821965    11A     -0.740827    12A     -0.641374  
      13A     -0.598139    14A     -0.572966    15A     -0.562163  
      16A     -0.536458    17A     -0.509887    18A     -0.500689  
      19A     -0.474154    20A     -0.437513    21A     -0.385150  
      22A     -0.310489    23A     -0.296668  

    Virtual:                                                              

      24A     -0.029867    25A      0.077461    26A      0.128774  
      27A      0.168902    28A      0.187646    29A      0.209211  
      30A      0.211226    31A      0.220504    32A      0.240395  
      33A      0.268586    34A      0.319867    35A      0.391300  
      36A      0.409081    37A      0.559768    38A      0.583086  
      39A      0.604556    40A      0.622431    41A      0.648685  
      42A      0.661452    43A      0.701694    44A      0.714610  
      45A      0.722456    46A      0.770497    47A      0.826270  
      48A      0.873347    49A      0.888816    50A      0.903835  
      51A      0.911397    52A      0.921410    53A      0.950086  
      54A      0.965665    55A      0.992848    56A      1.024146  
      57A      1.035737    58A      1.082714    59A      1.142188  
      60A      1.146092    61A      1.167745    62A      1.202959  
      63A      1.331744    64A      1.350410    65A      1.412923  
      66A      1.461159    67A      1.505486    68A      1.568825  
      69A      1.610088    70A      1.711531    71A      1.724933  
      72A      1.747262    73A      1.805170    74A      1.832741  
      75A      1.890506    76A      1.909586    77A      1.953064  
      78A      1.977746    79A      2.043067    80A      2.099236  
      81A      2.133391    82A      2.160069    83A      2.232555  
      84A      2.279056    85A      2.291474    86A      2.334595  
      87A      2.418376    88A      2.437962    89A      2.497094  
      90A      2.522741    91A      2.655288    92A      2.697216  
      93A      2.837404    94A      2.861571    95A      3.051381  
      96A      3.192719    97A      3.562589    98A      4.051571  
      99A      4.084693   100A      4.220698   101A      4.305997  
     102A      4.547823  

    Final Occupation by Irrep:
              A 
    DOCC [    23 ]
    NA   [    23 ]
    NB   [    23 ]

  @DF-RKS Final Energy:  -306.14491464522405

   => Energetics <=

    Nuclear Repulsion Energy =            215.1849224570572972
    One-Electron Energy =                -842.1915264338002771
    Two-Electron Energy =                 348.9391196044019807
    DFT Exchange-Correlation Energy =     -28.0730247606687016
    Empirical Dispersion Energy =          -0.0044055122143111
    VV10 Nonlocal Energy =                  0.0000000000000000
    Total Energy =                       -306.1449146452240484

Computation Completed


Properties will be evaluated at   0.000000,   0.000000,   0.000000 [a0]

Properties computed using the SCF density matrix


 Multipole Moments:

 ------------------------------------------------------------------------------------
     Multipole            Electronic (a.u.)      Nuclear  (a.u.)        Total (a.u.)
 ------------------------------------------------------------------------------------

 L = 1.  Multiply by 2.5417464519 to convert [e a0] to [Debye]
 Dipole X            :         -1.4873541           -0.4363463           -1.9237003
 Dipole Y            :          0.9079704           -0.3441801            0.5637903
 Dipole Z            :          0.7740601           -0.7290667            0.0449933
 Magnitude           :                                                    2.0051201

 ------------------------------------------------------------------------------------

*** tstop() called on cst14372 at Tue Apr 21 11:25:53 2026
Module time:
	user time   =      29.28 seconds =       0.49 minutes
	system time =       0.35 seconds =       0.01 minutes
	total time  =         14 seconds =       0.23 minutes
Total time:
	user time   =    3114.71 seconds =      51.91 minutes
	system time =      45.34 seconds =       0.76 minutes
	total time  =       1506 seconds =      25.10 minutes

Scratch directory: /tmp/
gradient() will perform analytic gradient computation.

*** tstart() called on cst14372
*** at Tue Apr 21 11:25:53 2026


         ------------------------------------------------------------
                                   SCF GRAD                          
                          Rob Parrish, Justin Turney,                
                       Andy Simmonett, and Alex Sokolov              
         ------------------------------------------------------------

  ==> Geometry <==

    Molecular point group: c1
    Full point group: C1

    Geometry (in Angstrom), charge = 0, multiplicity = 1:

       Center              X                  Y                   Z               Mass       
    ------------   -----------------  -----------------  -----------------  -----------------
         C            0.055260511800     0.304980821500     0.200619598800    12.000000000000
         O            1.391200254800     0.402367672000     0.060383833400    15.994914619570
         O            2.173036833500    -0.691990132100    -0.006881278700    15.994914619570
         C           -0.778867323800    -0.998756172400     0.070034959300    12.000000000000
         C           -2.086391633900    -1.059990159000    -0.351131484900    12.000000000000
         C           -0.692020503800     1.722882382000     0.075606891800    12.000000000000
         H           -0.289493368600    -1.817640954300     0.720698626000     1.007825032230
         H           -2.565713698000    -0.170964925500    -0.900140542800     1.007825032230
         H           -2.600229194700    -2.007577672100    -0.377697828000     1.007825032230
         H            0.190800220200     2.344562676600    -0.171067444500     1.007825032230
         H           -1.188765036700     2.243004725500     0.969848029700     1.007825032230
         H           -1.279286423600     1.728762335200    -1.026246568500     1.007825032230

  Nuclear repulsion =  215.184922457057297

  ==> Basis Set <==

  Basis Set: 6-31G*
    Blend: 6-31G*
    Number of shells: 48
    Number of basis functions: 102
    Number of Cartesian functions: 102
    Spherical Harmonics?: false
    Max angular momentum: 2

  ==> DFJKGrad: Density-Fitted SCF Gradients <==

    Gradient:                    1
    J tasked:                  Yes
    K tasked:                  Yes
    wK tasked:                 Yes
    Omega:               2.000E-01
    OpenMP threads:              4
    Integrals threads:           4
    Memory [MiB]:             4291
    Schwarz Cutoff:          1E-12
    Fitting Condition:       1E-10

   => Auxiliary Basis Set <=

  Basis Set: (6-31G* AUX)
    Blend: CC-PVDZ-JKFIT
    Number of shells: 198
    Number of basis functions: 636
    Number of Cartesian functions: 636
    Spherical Harmonics?: false
    Max angular momentum: 3

  ==> DFT Potential <==

   => LibXC <=

    Version 7.0.0
    S. Lehtola, C. Steigemann, M. J.T. Oliveira, and M. A.L. Marques.,  SoftwareX 7, 1–5 (2018) (10.1016/j.softx.2017.11.002)

   => Composite Functional: WB97X-D <= 

    wB97X-D Hyb-GGA Exchange-Correlation Functional

    J.-D. Chai and M. Head-Gordon.,  Phys. Chem. Chem. Phys. 10, 6615-6620 (2008) (10.1039/B810189B)

    Deriv               =              1
    GGA                 =           TRUE
    Meta                =          FALSE

    Exchange Hybrid     =           TRUE
    MP2 Hybrid          =          FALSE

   => Exchange-Correlation Functionals <=

    1.0000   wB97X-D range-separated functional

   => Exact (HF) Exchange <=

    0.7780            HF,LR [omega = 0.2000]
    0.2220               HF 

   => LibXC Density Thresholds  <==

    XC_HYB_GGA_XC_WB97X_D:  1.00E-14 

   => Molecular Quadrature <=

    Radial Scheme          =       TREUTLER
    Pruning Scheme         =           NONE
    Nuclear Scheme         =       TREUTLER

    Blocking Scheme        =         OCTREE
    BS radius alpha        =              1
    Pruning alpha          =              1
    Radial Points          =             75
    Spherical Points       =            302
    Total Points           =         255287
    Total Blocks           =           1931
    Max Points             =            256
    Max Functions          =            100
    Weights Tolerance      =       1.00E-15


  -Total Gradient:
     Atom            X                  Y                   Z
    ------   -----------------  -----------------  -----------------
       1        0.008109737038    -0.010622798920     0.032321227490
       2        0.066149141045     0.014955774795    -0.017029203675
       3        0.015751626250    -0.007138064276     0.000481367856
       4       -0.015782418742    -0.010918233210    -0.045666342432
       5       -0.038745721271    -0.034696448042     0.016741603849
       6       -0.028150001278     0.008794868239     0.047836685720
       7        0.016567401165    -0.016780721166     0.033307743227
       8       -0.013286061084     0.029016306650    -0.019650232322
       9        0.004354598480     0.002337227075    -0.004237865884
      10        0.008544169565    -0.005164710168    -0.004082999791
      11       -0.004744067189     0.029036349627     0.026331225207
      12       -0.018767485594     0.001166524581    -0.066211050374


*** tstop() called on cst14372 at Tue Apr 21 11:25:55 2026
Module time:
	user time   =       3.70 seconds =       0.06 minutes
	system time =       0.07 seconds =       0.00 minutes
	total time  =          2 seconds =       0.03 minutes
Total time:
	user time   =    3118.42 seconds =      51.97 minutes
	system time =      45.41 seconds =       0.76 minutes
	total time  =       1508 seconds =      25.13 minutes

Scratch directory: /tmp/
   => Libint2 <=

    Primary   basis highest AM E, G, H:  6, 6, 3
    Auxiliary basis highest AM E, G, H:  7, 7, 4
    Onebody   basis highest AM E, G, H:  -, -, -
    Solid Harmonics ordering:            Gaussian

*** tstart() called on cst14372
*** at Tue Apr 21 11:25:55 2026

   => Loading Basis Set <=

    Name: 6-31G*
    Role: ORBITAL
    Keyword: BASIS
    atoms 1, 4-6 entry C          line   111 file /Users/jmsmith1/anaconda3/envs/jupyterenv/share/psi4/basis/6-31gs.gbs 
    atoms 2-3    entry O          line   145 file /Users/jmsmith1/anaconda3/envs/jupyterenv/share/psi4/basis/6-31gs.gbs 
    atoms 7-12   entry H          line    44 file /Users/jmsmith1/anaconda3/envs/jupyterenv/share/psi4/basis/6-31gs.gbs 

   => WB97X-D: Empirical Dispersion <=

    Chai and Head-Gordon Dispersion Correction
    Chai, J.-D.; Head-Gordon, M. (2010), J. Chem. Phys., 132: 6615-6620

        s6 =       1.000000


         ---------------------------------------------------------
                                   SCF
               by Justin Turney, Rob Parrish, Andy Simmonett
                          and Daniel G. A. Smith
                              RKS Reference
                        4 Threads,   5722 MiB Core
         ---------------------------------------------------------

  ==> Geometry <==

    Molecular point group: c1
    Full point group: C1

    Geometry (in Angstrom), charge = 0, multiplicity = 1:

       Center              X                  Y                   Z               Mass       
    ------------   -----------------  -----------------  -----------------  -----------------
         C            0.054389438800     0.302663946700     0.203724489200    12.000000000000
         O            1.388412438500     0.405478811300     0.062437109200    15.994914619570
         O            2.177156985100    -0.688558487700    -0.007118200800    15.994914619570
         C           -0.782401434700    -1.001250660500     0.073637008200    12.000000000000
         C           -2.085030125700    -1.061585094800    -0.360218061700    12.000000000000
         C           -0.691412134000     1.723010645700     0.076189833700    12.000000000000
         H           -0.275633306600    -1.819389461600     0.727872140400     1.007825032230
         H           -2.562940348400    -0.173893060900    -0.917385828700     1.007825032230
         H           -2.590102205500    -2.017441464900    -0.375454551700     1.007825032230
         H            0.186669045500     2.353487451900    -0.174625666900     1.007825032230
         H           -1.192974568300     2.233475283300     0.986980913900     1.007825032230
         H           -1.289960781900     1.715030739200    -1.039248034100     1.007825032230

  Running in c1 symmetry.

  Rotational constants: A =      0.17245  B =      0.08649  C =      0.05952 [cm^-1]
  Rotational constants: A =   5170.05714  B =   2592.77803  C =   1784.31574 [MHz]
  Nuclear repulsion =  214.925865514781066

  Charge       = 0
  Multiplicity = 1
  Electrons    = 46
  Nalpha       = 23
  Nbeta        = 23

  ==> Algorithm <==

  SCF Algorithm Type is DF.
  DIIS enabled.
  MOM disabled.
  Fractional occupation disabled.
  Guess Type is SAD.
  Energy threshold   = 1.00e-07
  Density threshold  = 1.00e-07
  Integral threshold = 1.00e-12

  ==> Primary Basis <==

  Basis Set: 6-31G*
    Blend: 6-31G*
    Number of shells: 48
    Number of basis functions: 102
    Number of Cartesian functions: 102
    Spherical Harmonics?: false
    Max angular momentum: 2

  ==> DFT Potential <==

   => LibXC <=

    Version 7.0.0
    S. Lehtola, C. Steigemann, M. J.T. Oliveira, and M. A.L. Marques.,  SoftwareX 7, 1–5 (2018) (10.1016/j.softx.2017.11.002)

   => Composite Functional: WB97X-D <= 

    wB97X-D Hyb-GGA Exchange-Correlation Functional

    J.-D. Chai and M. Head-Gordon.,  Phys. Chem. Chem. Phys. 10, 6615-6620 (2008) (10.1039/B810189B)

    Deriv               =              1
    GGA                 =           TRUE
    Meta                =          FALSE

    Exchange Hybrid     =           TRUE
    MP2 Hybrid          =          FALSE

   => Exchange-Correlation Functionals <=

    1.0000   wB97X-D range-separated functional

   => Exact (HF) Exchange <=

    0.7780            HF,LR [omega = 0.2000]
    0.2220               HF 

   => LibXC Density Thresholds  <==

    XC_HYB_GGA_XC_WB97X_D:  1.00E-14 

   => Molecular Quadrature <=

    Radial Scheme          =       TREUTLER
    Pruning Scheme         =           NONE
    Nuclear Scheme         =       TREUTLER

    Blocking Scheme        =         OCTREE
    BS radius alpha        =              1
    Pruning alpha          =              1
    Radial Points          =             75
    Spherical Points       =            302
    Total Points           =         255323
    Total Blocks           =           1926
    Max Points             =            256
    Max Functions          =            100
    Weights Tolerance      =       1.00E-15

   => Loading Basis Set <=

    Name: (6-31G* AUX)
    Role: JKFIT
    Keyword: DF_BASIS_SCF
    atoms 1, 4-6 entry C          line   121 file /Users/jmsmith1/anaconda3/envs/jupyterenv/share/psi4/basis/cc-pvdz-jkfit.gbs 
    atoms 2-3    entry O          line   221 file /Users/jmsmith1/anaconda3/envs/jupyterenv/share/psi4/basis/cc-pvdz-jkfit.gbs 
    atoms 7-12   entry H          line    51 file /Users/jmsmith1/anaconda3/envs/jupyterenv/share/psi4/basis/cc-pvdz-jkfit.gbs 

  ==> Integral Setup <==

  DFHelper Memory: AOs need 0.150 GiB; user supplied 3.611 GiB. 
  SCF_SUBTYPE=INCORE selected. In-core MEM_DF algorithm will be used.
  Using in-core AOs.

  ==> MemDFJK: Density-Fitted J/K Matrices <==

    J tasked:                   Yes
    K tasked:                   Yes
    wK tasked:                  Yes
    Omega:                2.000E-01
    OpenMP threads:               4
    Memory [MiB]:              3698
    Algorithm:                 Core
    Schwarz Cutoff:           1E-12
    Mask sparsity (%):       2.1146
    Fitting Condition:        1E-10

   => Auxiliary Basis Set <=

  Basis Set: (6-31G* AUX)
    Blend: CC-PVDZ-JKFIT
    Number of shells: 198
    Number of basis functions: 636
    Number of Cartesian functions: 636
    Spherical Harmonics?: false
    Max angular momentum: 3

  Cached 100.0% of DFT collocation blocks in 0.580 [GiB].

  Minimum eigenvalue in the overlap matrix is 4.3905738880E-03.
  Reciprocal condition number of the overlap matrix is 6.7552147596E-04.
    Using symmetric orthogonalization.

  ==> Pre-Iterations <==

  SCF Guess: Superposition of Atomic Densities via on-the-fly atomic UHF (no occupation information).

   -------------------------
    Irrep   Nso     Nmo    
   -------------------------
     A        102     102 
   -------------------------
    Total     102     102
   -------------------------

  ==> Iterations <==

                           Total Energy        Delta E     RMS |[F,P]|

   @DF-RKS iter SAD:  -299.42551267563590   -2.99426e+02   0.00000e+00 
   @DF-RKS iter   1:  -297.15964543444028    2.26587e+00   3.25025e-02 ADIIS/DIIS
   @DF-RKS iter   2:  -275.16843877066333    2.19912e+01   6.16150e-02 ADIIS/DIIS
   @DF-RKS iter   3:  -304.63764245747223   -2.94692e+01   1.71743e-02 ADIIS/DIIS
   @DF-RKS iter   4:  -301.44245485592097    3.19519e+00   2.32168e-02 ADIIS/DIIS
   @DF-RKS iter   5:  -305.93081156904526   -4.48836e+00   5.68250e-03 ADIIS/DIIS
   @DF-RKS iter   6:  -306.09617249703859   -1.65361e-01   2.72666e-03 ADIIS/DIIS
   @DF-RKS iter   7:  -306.13535733183744   -3.91848e-02   9.41790e-04 ADIIS/DIIS
   @DF-RKS iter   8:  -306.14024747348572   -4.89014e-03   4.21109e-04 ADIIS/DIIS
   @DF-RKS iter   9:  -306.14119075314562   -9.43280e-04   2.12620e-04 ADIIS/DIIS
   @DF-RKS iter  10:  -306.14135658599622   -1.65833e-04   1.12792e-04 ADIIS/DIIS
   @DF-RKS iter  11:  -306.14139242971254   -3.58437e-05   8.27549e-05 DIIS
   @DF-RKS iter  12:  -306.14142458086087   -3.21511e-05   2.98436e-05 DIIS
   @DF-RKS iter  13:  -306.14143010840894   -5.52755e-06   5.03438e-06 DIIS
   @DF-RKS iter  14:  -306.14143032762524   -2.19216e-07   2.16756e-06 DIIS
   @DF-RKS iter  15:  -306.14143036163938   -3.40141e-08   7.57818e-07 DIIS
   @DF-RKS iter  16:  -306.14143037673483   -1.50955e-08   2.70674e-07 DIIS
   @DF-RKS iter  17:  -306.14143038210977   -5.37494e-09   1.54192e-07 DIIS
   @DF-RKS iter  18:  -306.14143038330724   -1.19746e-09   3.95944e-08 DIIS
  Energy and wave function converged.


  ==> Post-Iterations <==

   Electrons on quadrature grid:
      Ntotal   =   46.0000357154 ; deviation = 3.572e-05 

    Orbital Energies [Eh]
    ---------------------

    Doubly Occupied:                                                      

       1A    -19.421366     2A    -19.256260     3A    -10.429053  
       4A    -10.358666     5A    -10.357926     6A    -10.348477  
       7A     -1.265299     8A     -0.978097     9A     -0.892556  
      10A     -0.820249    11A     -0.740333    12A     -0.640312  
      13A     -0.597404    14A     -0.571882    15A     -0.561278  
      16A     -0.535680    17A     -0.508795    18A     -0.500856  
      19A     -0.472907    20A     -0.436266    21A     -0.385551  
      22A     -0.310145    23A     -0.296560  

    Virtual:                                                              

      24A     -0.029793    25A      0.077386    26A      0.124430  
      27A      0.168077    28A      0.184532    29A      0.207138  
      30A      0.208522    31A      0.219360    32A      0.238670  
      33A      0.267142    34A      0.318587    35A      0.390684  
      36A      0.408143    37A      0.559384    38A      0.583221  
      39A      0.604902    40A      0.623312    41A      0.647637  
      42A      0.661962    43A      0.703127    44A      0.715893  
      45A      0.722108    46A      0.768170    47A      0.824946  
      48A      0.872402    49A      0.886664    50A      0.901034  
      51A      0.909096    52A      0.919904    53A      0.950857  
      54A      0.962936    55A      0.990652    56A      1.022047  
      57A      1.035995    58A      1.083310    59A      1.142755  
      60A      1.146761    61A      1.168254    62A      1.204003  
      63A      1.330782    64A      1.350704    65A      1.412543  
      66A      1.462344    67A      1.503311    68A      1.566158  
      69A      1.609232    70A      1.705657    71A      1.725582  
      72A      1.747037    73A      1.805731    74A      1.834043  
      75A      1.890895    76A      1.912624    77A      1.953855  
      78A      1.974218    79A      2.041692    80A      2.097643  
      81A      2.127836    82A      2.152600    83A      2.224901  
      84A      2.274676    85A      2.288482    86A      2.331688  
      87A      2.414450    88A      2.437307    89A      2.495897  
      90A      2.519963    91A      2.652671    92A      2.694113  
      93A      2.835516    94A      2.858550    95A      3.050806  
      96A      3.194800    97A      3.561715    98A      4.050556  
      99A      4.082766   100A      4.218659   101A      4.303304  
     102A      4.546746  

    Final Occupation by Irrep:
              A 
    DOCC [    23 ]
    NA   [    23 ]
    NB   [    23 ]

  @DF-RKS Final Energy:  -306.14143038330724

   => Energetics <=

    Nuclear Repulsion Energy =            214.9258655147810657
    One-Electron Energy =                -841.6917535198432461
    Two-Electron Energy =                 348.6902933415840948
    DFT Exchange-Correlation Energy =     -28.0614087750004977
    Empirical Dispersion Energy =          -0.0044269448286953
    VV10 Nonlocal Energy =                  0.0000000000000000
    Total Energy =                       -306.1414303833072381

Computation Completed


Properties will be evaluated at   0.000000,   0.000000,   0.000000 [a0]

Properties computed using the SCF density matrix


 Multipole Moments:

 ------------------------------------------------------------------------------------
     Multipole            Electronic (a.u.)      Nuclear  (a.u.)        Total (a.u.)
 ------------------------------------------------------------------------------------

 L = 1.  Multiply by 2.5417464519 to convert [e a0] to [Debye]
 Dipole X            :         -1.5028608           -0.4291801           -1.9320409
 Dipole Y            :          0.9261342           -0.3710192            0.5551150
 Dipole Z            :          0.7843090           -0.7356895            0.0486195
 Magnitude           :                                                    2.0107955

 ------------------------------------------------------------------------------------

*** tstop() called on cst14372 at Tue Apr 21 11:26:09 2026
Module time:
	user time   =      29.25 seconds =       0.49 minutes
	system time =       0.37 seconds =       0.01 minutes
	total time  =         14 seconds =       0.23 minutes
Total time:
	user time   =    3147.69 seconds =      52.46 minutes
	system time =      45.79 seconds =       0.76 minutes
	total time  =       1522 seconds =      25.37 minutes

Scratch directory: /tmp/
gradient() will perform analytic gradient computation.

*** tstart() called on cst14372
*** at Tue Apr 21 11:26:09 2026


         ------------------------------------------------------------
                                   SCF GRAD                          
                          Rob Parrish, Justin Turney,                
                       Andy Simmonett, and Alex Sokolov              
         ------------------------------------------------------------

  ==> Geometry <==

    Molecular point group: c1
    Full point group: C1

    Geometry (in Angstrom), charge = 0, multiplicity = 1:

       Center              X                  Y                   Z               Mass       
    ------------   -----------------  -----------------  -----------------  -----------------
         C            0.054389438800     0.302663946700     0.203724489200    12.000000000000
         O            1.388412438500     0.405478811300     0.062437109200    15.994914619570
         O            2.177156985100    -0.688558487700    -0.007118200800    15.994914619570
         C           -0.782401434700    -1.001250660500     0.073637008200    12.000000000000
         C           -2.085030125700    -1.061585094800    -0.360218061700    12.000000000000
         C           -0.691412134000     1.723010645700     0.076189833700    12.000000000000
         H           -0.275633306600    -1.819389461600     0.727872140400     1.007825032230
         H           -2.562940348400    -0.173893060900    -0.917385828700     1.007825032230
         H           -2.590102205500    -2.017441464900    -0.375454551700     1.007825032230
         H            0.186669045500     2.353487451900    -0.174625666900     1.007825032230
         H           -1.192974568300     2.233475283300     0.986980913900     1.007825032230
         H           -1.289960781900     1.715030739200    -1.039248034100     1.007825032230

  Nuclear repulsion =  214.925865514781066

  ==> Basis Set <==

  Basis Set: 6-31G*
    Blend: 6-31G*
    Number of shells: 48
    Number of basis functions: 102
    Number of Cartesian functions: 102
    Spherical Harmonics?: false
    Max angular momentum: 2

  ==> DFJKGrad: Density-Fitted SCF Gradients <==

    Gradient:                    1
    J tasked:                  Yes
    K tasked:                  Yes
    wK tasked:                 Yes
    Omega:               2.000E-01
    OpenMP threads:              4
    Integrals threads:           4
    Memory [MiB]:             4291
    Schwarz Cutoff:          1E-12
    Fitting Condition:       1E-10

   => Auxiliary Basis Set <=

  Basis Set: (6-31G* AUX)
    Blend: CC-PVDZ-JKFIT
    Number of shells: 198
    Number of basis functions: 636
    Number of Cartesian functions: 636
    Spherical Harmonics?: false
    Max angular momentum: 3

  ==> DFT Potential <==

   => LibXC <=

    Version 7.0.0
    S. Lehtola, C. Steigemann, M. J.T. Oliveira, and M. A.L. Marques.,  SoftwareX 7, 1–5 (2018) (10.1016/j.softx.2017.11.002)

   => Composite Functional: WB97X-D <= 

    wB97X-D Hyb-GGA Exchange-Correlation Functional

    J.-D. Chai and M. Head-Gordon.,  Phys. Chem. Chem. Phys. 10, 6615-6620 (2008) (10.1039/B810189B)

    Deriv               =              1
    GGA                 =           TRUE
    Meta                =          FALSE

    Exchange Hybrid     =           TRUE
    MP2 Hybrid          =          FALSE

   => Exchange-Correlation Functionals <=

    1.0000   wB97X-D range-separated functional

   => Exact (HF) Exchange <=

    0.7780            HF,LR [omega = 0.2000]
    0.2220               HF 

   => LibXC Density Thresholds  <==

    XC_HYB_GGA_XC_WB97X_D:  1.00E-14 

   => Molecular Quadrature <=

    Radial Scheme          =       TREUTLER
    Pruning Scheme         =           NONE
    Nuclear Scheme         =       TREUTLER

    Blocking Scheme        =         OCTREE
    BS radius alpha        =              1
    Pruning alpha          =              1
    Radial Points          =             75
    Spherical Points       =            302
    Total Points           =         255323
    Total Blocks           =           1926
    Max Points             =            256
    Max Functions          =            100
    Weights Tolerance      =       1.00E-15


  -Total Gradient:
     Atom            X                  Y                   Z
    ------   -----------------  -----------------  -----------------
       1        0.007836922890    -0.012941937064     0.033484333215
       2        0.064237067305     0.017635588161    -0.016947932418
       3        0.017032703454    -0.008666808779     0.000250576247
       4       -0.020424708440    -0.010826680107    -0.046307122258
       5       -0.038018358518    -0.031368862706     0.015241919019
       6       -0.023939624503     0.008982898053     0.046081954418
       7        0.020205102661    -0.018804117230     0.035148048349
       8       -0.013622728445     0.030244613568    -0.020590609589
       9        0.004529130063    -0.000119939880    -0.003174610204
      10        0.009764452498    -0.003584460441    -0.004603763975
      11       -0.006694584339     0.029795979264     0.031544401323
      12       -0.020905018991    -0.000409171136    -0.069948588796


*** tstop() called on cst14372 at Tue Apr 21 11:26:11 2026
Module time:
	user time   =       3.61 seconds =       0.06 minutes
	system time =       0.08 seconds =       0.00 minutes
	total time  =          2 seconds =       0.03 minutes
Total time:
	user time   =    3151.32 seconds =      52.52 minutes
	system time =      45.87 seconds =       0.76 minutes
	total time  =       1524 seconds =      25.40 minutes
